item,price_sgd
Intel 15th Gen Processor + U5 245K,471
Intel 15th Gen Processor + U5 245KF,447
Intel 15th Gen Processor + U7 265K,606
Intel 15th Gen Processor + U7 265KF,591
Intel 15th Gen Processor + U9 285K,894
Intel 15th Gen Processor + U5 225,375
Intel 15th Gen Processor + U5 225F,351
Intel 15th Gen Processor + U5 235,389
Intel 15th Gen Processor + U7 265,595
Intel 15th Gen Processor + U7 265F,575
Intel 15th Gen Processor + U9 285,862
Gigabyte Z890 AORUS MASTER,962
Gigabyte Z890 AORUS MASTER + U5 245K,1365
Gigabyte Z890 AORUS MASTER + U5 245KF,1343
Gigabyte Z890 AORUS MASTER + U7 265K,1490
Gigabyte Z890 AORUS MASTER + U7 265KF,1476
Gigabyte Z890 AORUS MASTER + U9 285K,1785
Gigabyte Z890 AORUS MASTER + U5 225,1277
Gigabyte Z890 AORUS MASTER + U5 225F,1255
Gigabyte Z890 AORUS MASTER + U5 235,1290
Gigabyte Z890 AORUS MASTER + U7 265,1480
Gigabyte Z890 AORUS MASTER + U7 265F,1461
Gigabyte Z890 AORUS MASTER + U9 285,1726
Gigabyte Z890 AORUS ELITE WIFI 7 ICE,480
Gigabyte Z890 AORUS ELITE WIFI 7 ICE + U5 245K,897
Gigabyte Z890 AORUS ELITE WIFI 7 ICE + U5 245KF,875
Gigabyte Z890 AORUS ELITE WIFI 7 ICE + U7 265K,1022
Gigabyte Z890 AORUS ELITE WIFI 7 ICE + U7 265KF,1007
Gigabyte Z890 AORUS ELITE WIFI 7 ICE + U9 285K,1316
Gigabyte Z890 AORUS ELITE WIFI 7 ICE + U5 225,808
Gigabyte Z890 AORUS ELITE WIFI 7 ICE + U5 225F,786
Gigabyte Z890 AORUS ELITE WIFI 7 ICE + U5 235,822
Gigabyte Z890 AORUS ELITE WIFI 7 ICE + U7 265,1011
Gigabyte Z890 AORUS ELITE WIFI 7 ICE + U7 265F,992
Gigabyte Z890 AORUS ELITE WIFI 7 ICE + U9 285,1257
Gigabyte Z890 AORUS ELITE WIFI 7,464
Gigabyte Z890 AORUS ELITE WIFI 7 + U5 245K,881
Gigabyte Z890 AORUS ELITE WIFI 7 + U5 245KF,859
Gigabyte Z890 AORUS ELITE WIFI 7 + U7 265K,1007
Gigabyte Z890 AORUS ELITE WIFI 7 + U7 265KF,992
Gigabyte Z890 AORUS ELITE WIFI 7 + U9 285K,1301
Gigabyte Z890 AORUS ELITE WIFI 7 + U5 225,793
Gigabyte Z890 AORUS ELITE WIFI 7 + U5 225F,771
Gigabyte Z890 AORUS ELITE WIFI 7 + U5 235,806
Gigabyte Z890 AORUS ELITE WIFI 7 + U7 265,996
Gigabyte Z890 AORUS ELITE WIFI 7 + U7 265F,977
Gigabyte Z890 AORUS ELITE WIFI 7 + U9 285,1242
Gigabyte Z890 EAGLE WIFI 7,390
Gigabyte Z890 EAGLE WIFI 7 + U5 245K,810
Gigabyte Z890 EAGLE WIFI 7 + U5 245KF,787
Gigabyte Z890 EAGLE WIFI 7 + U7 265K,935
Gigabyte Z890 EAGLE WIFI 7 + U7 265KF,920
Gigabyte Z890 EAGLE WIFI 7 + U9 285K,1229
Gigabyte Z890 EAGLE WIFI 7 + U5 225,721
Gigabyte Z890 EAGLE WIFI 7 + U5 225F,699
Gigabyte Z890 EAGLE WIFI 7 + U5 235,734
Gigabyte Z890 EAGLE WIFI 7 + U7 265,924
Gigabyte Z890 EAGLE WIFI 7 + U7 265F,905
Gigabyte Z890 EAGLE WIFI 7 + U9 285,1170
Gigabyte Z890 UD WIFI 6E,368
Gigabyte Z890 UD WIFI 6E + U5 245K,788
Gigabyte Z890 UD WIFI 6E + U5 245KF,766
Gigabyte Z890 UD WIFI 6E + U7 265K,913
Gigabyte Z890 UD WIFI 6E + U7 265KF,898
Gigabyte Z890 UD WIFI 6E + U9 285K,1207
Gigabyte Z890 UD WIFI 6E + U5 225,699
Gigabyte Z890 UD WIFI 6E + U5 225F,677
Gigabyte Z890 UD WIFI 6E + U5 235,713
Gigabyte Z890 UD WIFI 6E + U7 265,902
Gigabyte Z890 UD WIFI 6E + U7 265F,883
Gigabyte Z890 UD WIFI 6E + U9 285,1148
Gigabyte Z890M AORUS ELITE WIFI 7,386
Gigabyte Z890M AORUS ELITE WIFI 7 + U5 245K,805
Gigabyte Z890M AORUS ELITE WIFI 7 + U5 245KF,783
Gigabyte Z890M AORUS ELITE WIFI 7 + U7 265K,930
Gigabyte Z890M AORUS ELITE WIFI 7 + U7 265KF,916
Gigabyte Z890M AORUS ELITE WIFI 7 + U9 285K,1225
Gigabyte Z890M AORUS ELITE WIFI 7 + U5 225,717
Gigabyte Z890M AORUS ELITE WIFI 7 + U5 225F,695
Gigabyte Z890M AORUS ELITE WIFI 7 + U5 235,730
Gigabyte Z890M AORUS ELITE WIFI 7 + U7 265,920
Gigabyte Z890M AORUS ELITE WIFI 7 + U7 265F,901
Gigabyte Z890M AORUS ELITE WIFI 7 + U9 285,1166
Gigabyte B860 GAMING X WIFI6E,341
Gigabyte B860 GAMING X WIFI6E + U5 245K,762
Gigabyte B860 GAMING X WIFI6E + U5 245KF,739
Gigabyte B860 GAMING X WIFI6E + U7 265K,887
Gigabyte B860 GAMING X WIFI6E + U7 265KF,872
Gigabyte B860 GAMING X WIFI6E + U9 285K,1181
Gigabyte B860 GAMING X WIFI6E + U5 225,673
Gigabyte B860 GAMING X WIFI6E + U5 225F,651
Gigabyte B860 GAMING X WIFI6E + U5 235,686
Gigabyte B860 GAMING X WIFI6E + U7 265,876
Gigabyte B860 GAMING X WIFI6E + U7 265F,857
Gigabyte B860 GAMING X WIFI6E + U9 285,1122
Gigabyte B860 DS3H WIFI6E,274
Gigabyte B860 DS3H WIFI6E + U5 245K,696
Gigabyte B860 DS3H WIFI6E + U5 245KF,674
Gigabyte B860 DS3H WIFI6E + U7 265K,821
Gigabyte B860 DS3H WIFI6E + U7 265KF,807
Gigabyte B860 DS3H WIFI6E + U9 285K,1116
Gigabyte B860 DS3H WIFI6E + U5 225,608
Gigabyte B860 DS3H WIFI6E + U5 225F,586
Gigabyte B860 DS3H WIFI6E + U5 235,621
Gigabyte B860 DS3H WIFI6E + U7 265,811
Gigabyte B860 DS3H WIFI6E + U7 265F,792
Gigabyte B860 DS3H WIFI6E + U9 285,1057
Gigabyte B860M DS3H WIFI6E,256
Gigabyte B860M DS3H WIFI6E + U5 245K,679
Gigabyte B860M DS3H WIFI6E + U5 245KF,657
Gigabyte B860M DS3H WIFI6E + U7 265K,804
Gigabyte B860M DS3H WIFI6E + U7 265KF,789
Gigabyte B860M DS3H WIFI6E + U9 285K,1098
Gigabyte B860M DS3H WIFI6E + U5 225,590
Gigabyte B860M DS3H WIFI6E + U5 225F,568
Gigabyte B860M DS3H WIFI6E + U5 235,604
Gigabyte B860M DS3H WIFI6E + U7 265,793
Gigabyte B860M DS3H WIFI6E + U7 265F,774
Gigabyte B860M DS3H WIFI6E + U9 285,1039
Gigabyte B860M EAGLE WIFI6,222
Gigabyte B860M EAGLE WIFI6 + U5 245K,646
Gigabyte B860M EAGLE WIFI6 + U5 245KF,624
Gigabyte B860M EAGLE WIFI6 + U7 265K,771
Gigabyte B860M EAGLE WIFI6 + U7 265KF,756
Gigabyte B860M EAGLE WIFI6 + U9 285K,1065
Gigabyte B860M EAGLE WIFI6 + U5 225,558
Gigabyte B860M EAGLE WIFI6 + U5 225F,536
Gigabyte B860M EAGLE WIFI6 + U5 235,571
Gigabyte B860M EAGLE WIFI6 + U7 265,761
Gigabyte B860M EAGLE WIFI6 + U7 265F,742
Gigabyte B860M EAGLE WIFI6 + U9 285,1007
Gigabyte B860I AORUS PRO ICE,386
Gigabyte B860I AORUS PRO ICE + U5 245K,805
Gigabyte B860I AORUS PRO ICE + U5 245KF,783
Gigabyte B860I AORUS PRO ICE + U7 265K,930
Gigabyte B860I AORUS PRO ICE + U7 265KF,916
Gigabyte B860I AORUS PRO ICE + U9 285K,1225
Gigabyte B860I AORUS PRO ICE + U5 225,717
Gigabyte B860I AORUS PRO ICE + U5 225F,695
Gigabyte B860I AORUS PRO ICE + U5 235,730
Gigabyte B860I AORUS PRO ICE + U7 265,920
Gigabyte B860I AORUS PRO ICE + U7 265F,901
Gigabyte B860I AORUS PRO ICE + U9 285,1166
MSI MAG Z890 ACE,1053
MSI MAG Z890 ACE + U5 245K,1455
MSI MAG Z890 ACE + U5 245KF,1433
MSI MAG Z890 ACE + U7 265K,1580
MSI MAG Z890 ACE + U7 265KF,1565
MSI MAG Z890 ACE + U9 285K,1874
MSI MAG Z890 ACE + U5 225,1366
MSI MAG Z890 ACE + U5 225F,1344
MSI MAG Z890 ACE + U5 235,1380
MSI MAG Z890 ACE + U7 265,1570
MSI MAG Z890 ACE + U7 265F,1550
MSI MAG Z890 ACE + U9 285,1815
MSI MAG Z890 TOMAHAWK WIFI,554
MSI MAG Z890 TOMAHAWK WIFI + U5 245K,969
MSI MAG Z890 TOMAHAWK WIFI + U5 245KF,947
MSI MAG Z890 TOMAHAWK WIFI + U7 265K,1094
MSI MAG Z890 TOMAHAWK WIFI + U7 265KF,1079
MSI MAG Z890 TOMAHAWK WIFI + U9 285K,1388
MSI MAG Z890 TOMAHAWK WIFI + U5 225,880
MSI MAG Z890 TOMAHAWK WIFI + U5 225F,858
MSI MAG Z890 TOMAHAWK WIFI + U5 235,894
MSI MAG Z890 TOMAHAWK WIFI + U7 265,1083
MSI MAG Z890 TOMAHAWK WIFI + U7 265F,1064
MSI MAG Z890 TOMAHAWK WIFI + U9 285,1329
MSI MPG Z890 CARBON WIFI,913
MSI MPG Z890 CARBON WIFI + U5 245K,1319
MSI MPG Z890 CARBON WIFI + U5 245KF,1296
MSI MPG Z890 CARBON WIFI + U7 265K,1444
MSI MPG Z890 CARBON WIFI + U7 265KF,1429
MSI MPG Z890 CARBON WIFI + U9 285K,1738
MSI MPG Z890 CARBON WIFI + U5 225,1230
MSI MPG Z890 CARBON WIFI + U5 225F,1208
MSI MPG Z890 CARBON WIFI + U5 235,1243
MSI MPG Z890 CARBON WIFI + U7 265,1433
MSI MPG Z890 CARBON WIFI + U7 265F,1414
MSI MPG Z890 CARBON WIFI + U9 285,1679
MSI Z890 GAMING PLUS WIFI,439
MSI Z890 GAMING PLUS WIFI + U5 245K,856
MSI Z890 GAMING PLUS WIFI + U5 245KF,834
MSI Z890 GAMING PLUS WIFI + U7 265K,981
MSI Z890 GAMING PLUS WIFI + U7 265KF,967
MSI Z890 GAMING PLUS WIFI + U9 285K,1276
MSI Z890 GAMING PLUS WIFI + U5 225,768
MSI Z890 GAMING PLUS WIFI + U5 225F,746
MSI Z890 GAMING PLUS WIFI + U5 235,781
MSI Z890 GAMING PLUS WIFI + U7 265,971
MSI Z890 GAMING PLUS WIFI + U7 265F,952
MSI Z890 GAMING PLUS WIFI + U9 285,1217
MSI PRO Z890-P WIFI,387
MSI PRO Z890-P WIFI + U5 245K,806
MSI PRO Z890-P WIFI + U5 245KF,784
MSI PRO Z890-P WIFI + U7 265K,931
MSI PRO Z890-P WIFI + U7 265KF,917
MSI PRO Z890-P WIFI + U9 285K,1226
MSI PRO Z890-P WIFI + U5 225,718
MSI PRO Z890-P WIFI + U5 225F,696
MSI PRO Z890-P WIFI + U5 235,731
MSI PRO Z890-P WIFI + U7 265,921
MSI PRO Z890-P WIFI + U7 265F,902
MSI PRO Z890-P WIFI + U9 285,1167
ASROCK H810M-X WIFI,140
ASROCK H810M-X WIFI + U5 245K,565
ASROCK H810M-X WIFI + U5 245KF,543
ASROCK H810M-X WIFI + U7 265K,690
ASROCK H810M-X WIFI + U7 265KF,676
ASROCK H810M-X WIFI + U9 285K,985
ASROCK H810M-X WIFI + U5 225,477
ASROCK H810M-X WIFI + U5 225F,455
ASROCK H810M-X WIFI + U5 235,490
ASROCK H810M-X WIFI + U7 265,680
ASROCK H810M-X WIFI + U7 265F,661
ASROCK H810M-X WIFI + U9 285,926
Asrock B860M X WIFI,190
Asrock B860M X WIFI + U5 245K,614
Asrock B860M X WIFI + U5 245KF,592
Asrock B860M X WIFI + U7 265K,739
Asrock B860M X WIFI + U7 265KF,725
Asrock B860M X WIFI + U9 285K,1034
Asrock B860M X WIFI + U5 225,526
Asrock B860M X WIFI + U5 225F,504
Asrock B860M X WIFI + U5 235,539
Asrock B860M X WIFI + U7 265,729
Asrock B860M X WIFI + U7 265F,710
Asrock B860M X WIFI + U9 285,975
ASROCK Z890 PRO-A WIFI,316
ASROCK Z890 PRO-A WIFI + U5 245K,738
ASROCK Z890 PRO-A WIFI + U5 245KF,715
ASROCK Z890 PRO-A WIFI + U7 265K,863
ASROCK Z890 PRO-A WIFI + U7 265KF,848
ASROCK Z890 PRO-A WIFI + U9 285K,1157
ASROCK Z890 PRO-A WIFI + U5 225,649
ASROCK Z890 PRO-A WIFI + U5 225F,627
ASROCK Z890 PRO-A WIFI + U5 235,663
ASROCK Z890 PRO-A WIFI + U7 265,852
ASROCK Z890 PRO-A WIFI + U7 265F,833
ASROCK Z890 PRO-A WIFI + U9 285,1098
ASRock Z890I NOVA WIFI (ITX),480
ASRock Z890I NOVA WIFI (ITX) + U5 245K,897
ASRock Z890I NOVA WIFI (ITX) + U5 245KF,875
ASRock Z890I NOVA WIFI (ITX) + U7 265K,1022
ASRock Z890I NOVA WIFI (ITX) + U7 265KF,1007
ASRock Z890I NOVA WIFI (ITX) + U9 285K,1316
ASRock Z890I NOVA WIFI (ITX) + U5 225,808
ASRock Z890I NOVA WIFI (ITX) + U5 225F,786
ASRock Z890I NOVA WIFI (ITX) + U5 235,822
ASRock Z890I NOVA WIFI (ITX) + U7 265,1011
ASRock Z890I NOVA WIFI (ITX) + U7 265F,992
ASRock Z890I NOVA WIFI (ITX) + U9 285,1257
ASROCK Z890 NOVA WIFI,565
ASROCK Z890 NOVA WIFI + U5 245K,980
ASROCK Z890 NOVA WIFI + U5 245KF,957
ASROCK Z890 NOVA WIFI + U7 265K,1105
ASROCK Z890 NOVA WIFI + U7 265KF,1090
ASROCK Z890 NOVA WIFI + U9 285K,1399
ASROCK Z890 NOVA WIFI + U5 225,891
ASROCK Z890 NOVA WIFI + U5 225F,869
ASROCK Z890 NOVA WIFI + U5 235,904
ASROCK Z890 NOVA WIFI + U7 265,1094
ASROCK Z890 NOVA WIFI + U7 265F,1075
ASROCK Z890 NOVA WIFI + U9 285,1340
ASROCK Z890 PRO RS WIFI WHITE,368
ASROCK Z890 PRO RS WIFI WHITE + U5 245K,788
ASROCK Z890 PRO RS WIFI WHITE + U5 245KF,766
ASROCK Z890 PRO RS WIFI WHITE + U7 265K,913
ASROCK Z890 PRO RS WIFI WHITE + U7 265KF,898
ASROCK Z890 PRO RS WIFI WHITE + U9 285K,1207
ASROCK Z890 PRO RS WIFI WHITE + U5 225,699
ASROCK Z890 PRO RS WIFI WHITE + U5 225F,677
ASROCK Z890 PRO RS WIFI WHITE + U5 235,713
ASROCK Z890 PRO RS WIFI WHITE + U7 265,902
ASROCK Z890 PRO RS WIFI WHITE + U7 265F,883
ASROCK Z890 PRO RS WIFI WHITE + U9 285,1148
ASUS ROG STRIX Z890-F GAMING WIFI,736
ASUS ROG STRIX Z890-F GAMING WIFI + U5 245K,1146
ASUS ROG STRIX Z890-F GAMING WIFI + U5 245KF,1124
ASUS ROG STRIX Z890-F GAMING WIFI + U7 265K,1271
ASUS ROG STRIX Z890-F GAMING WIFI + U7 265KF,1257
ASUS ROG STRIX Z890-F GAMING WIFI + U9 285K,1566
ASUS ROG STRIX Z890-F GAMING WIFI + U5 225,1058
ASUS ROG STRIX Z890-F GAMING WIFI + U5 225F,1036
ASUS ROG STRIX Z890-F GAMING WIFI + U5 235,1071
ASUS ROG STRIX Z890-F GAMING WIFI + U7 265,1261
ASUS ROG STRIX Z890-F GAMING WIFI + U7 265F,1242
ASUS ROG STRIX Z890-F GAMING WIFI + U9 285,1507
ASUS PRIME Z890-P WIFI-CSM,424
ASUS PRIME Z890-P WIFI-CSM + U5 245K,842
ASUS PRIME Z890-P WIFI-CSM + U5 245KF,820
ASUS PRIME Z890-P WIFI-CSM + U7 265K,967
ASUS PRIME Z890-P WIFI-CSM + U7 265KF,953
ASUS PRIME Z890-P WIFI-CSM + U9 285K,1262
ASUS PRIME Z890-P WIFI-CSM + U5 225,754
ASUS PRIME Z890-P WIFI-CSM + U5 225F,732
ASUS PRIME Z890-P WIFI-CSM + U5 235,767
ASUS PRIME Z890-P WIFI-CSM + U7 265,957
ASUS PRIME Z890-P WIFI-CSM + U7 265F,938
ASUS PRIME Z890-P WIFI-CSM + U9 285,1203
ASUS ROG STRIX Z890-A GAMING WIFI,689
ASUS ROG STRIX Z890-A GAMING WIFI + U5 245K,1101
ASUS ROG STRIX Z890-A GAMING WIFI + U5 245KF,1078
ASUS ROG STRIX Z890-A GAMING WIFI + U7 265K,1226
ASUS ROG STRIX Z890-A GAMING WIFI + U7 265KF,1211
ASUS ROG STRIX Z890-A GAMING WIFI + U9 285K,1520
ASUS ROG STRIX Z890-A GAMING WIFI + U5 225,1012
ASUS ROG STRIX Z890-A GAMING WIFI + U5 225F,990
ASUS ROG STRIX Z890-A GAMING WIFI + U5 235,1025
ASUS ROG STRIX Z890-A GAMING WIFI + U7 265,1215
ASUS ROG STRIX Z890-A GAMING WIFI + U7 265F,1196
ASUS ROG STRIX Z890-A GAMING WIFI + U9 285,1461
ASUS ROG MAXIMUS Z890 EXTREME E-,1607
ASUS ROG MAXIMUS Z890 EXTREME E- + U5 245K,1993
ASUS ROG MAXIMUS Z890 EXTREME E- + U5 245KF,1971
ASUS ROG MAXIMUS Z890 EXTREME E- + U7 265K,2118
ASUS ROG MAXIMUS Z890 EXTREME E- + U7 265KF,2104
ASUS ROG MAXIMUS Z890 EXTREME E- + U9 285K,2413
ASUS ROG MAXIMUS Z890 EXTREME E- + U5 225,1905
ASUS ROG MAXIMUS Z890 EXTREME E- + U5 225F,1883
ASUS ROG MAXIMUS Z890 EXTREME E- + U5 235,1918
ASUS ROG MAXIMUS Z890 EXTREME E- + U7 265,2108
ASUS ROG MAXIMUS Z890 EXTREME E- + U7 265F,2089
ASUS ROG MAXIMUS Z890 EXTREME E- + U9 285,2354
ASUS ROG STRIX Z890-I GAMING WIFI,812
ASUS ROG STRIX Z890-I GAMING WIFI + U5 245K,1219
ASUS ROG STRIX Z890-I GAMING WIFI + U5 245KF,1197
ASUS ROG STRIX Z890-I GAMING WIFI + U7 265K,1344
ASUS ROG STRIX Z890-I GAMING WIFI + U7 265KF,1330
ASUS ROG STRIX Z890-I GAMING WIFI + U9 285K,1639
ASUS ROG STRIX Z890-I GAMING WIFI + U5 225,1131
ASUS ROG STRIX Z890-I GAMING WIFI + U5 225F,1109
ASUS ROG STRIX Z890-I GAMING WIFI + U5 235,1144
ASUS ROG STRIX Z890-I GAMING WIFI + U7 265,1334
ASUS ROG STRIX Z890-I GAMING WIFI + U7 265F,1315
ASUS ROG STRIX Z890-I GAMING WIFI + U9 285,1580
ASUS ROG MAXIMUS Z890 hero,1133
ASUS ROG MAXIMUS Z890 hero + U5 245K,1532
ASUS ROG MAXIMUS Z890 hero + U5 245KF,1510
ASUS ROG MAXIMUS Z890 hero + U7 265K,1657
ASUS ROG MAXIMUS Z890 hero + U7 265KF,1643
ASUS ROG MAXIMUS Z890 hero + U9 285K,1952
ASUS ROG MAXIMUS Z890 hero + U5 225,1444
ASUS ROG MAXIMUS Z890 hero + U5 225F,1422
ASUS ROG MAXIMUS Z890 hero + U5 235,1457
ASUS ROG MAXIMUS Z890 hero + U7 265,1647
ASUS ROG MAXIMUS Z890 hero + U7 265F,1628
ASUS ROG MAXIMUS Z890 hero + U9 285,1893
Asus ROG STRIX Z890-E GAMING WIFI,850
Asus ROG STRIX Z890-E GAMING WIFI + U5 245K,1256
Asus ROG STRIX Z890-E GAMING WIFI + U5 245KF,1234
Asus ROG STRIX Z890-E GAMING WIFI + U7 265K,1381
Asus ROG STRIX Z890-E GAMING WIFI + U7 265KF,1367
Asus ROG STRIX Z890-E GAMING WIFI + U9 285K,1676
Asus ROG STRIX Z890-E GAMING WIFI + U5 225,1168
Asus ROG STRIX Z890-E GAMING WIFI + U5 225F,1146
Asus ROG STRIX Z890-E GAMING WIFI + U5 235,1181
Asus ROG STRIX Z890-E GAMING WIFI + U7 265,1371
Asus ROG STRIX Z890-E GAMING WIFI + U7 265F,1352
Asus ROG STRIX Z890-E GAMING WIFI + U9 285,1617
ASUS ROG MAXIMUS Z890 APEX,1115
ASUS ROG MAXIMUS Z890 APEX + U5 245K,1515
ASUS ROG MAXIMUS Z890 APEX + U5 245KF,1493
ASUS ROG MAXIMUS Z890 APEX + U7 265K,1640
ASUS ROG MAXIMUS Z890 APEX + U7 265KF,1625
ASUS ROG MAXIMUS Z890 APEX + U9 285K,1934
ASUS ROG MAXIMUS Z890 APEX + U5 225,1426
ASUS ROG MAXIMUS Z890 APEX + U5 225F,1404
ASUS ROG MAXIMUS Z890 APEX + U5 235,1440
ASUS ROG MAXIMUS Z890 APEX + U7 265,1630
ASUS ROG MAXIMUS Z890 APEX + U7 265F,1610
ASUS ROG MAXIMUS Z890 APEX + U9 285,1875
ASUS TUF Gaming Z890-Plus WIFI,515
ASUS TUF Gaming Z890-Plus WIFI + U5 245K,930
ASUS TUF Gaming Z890-Plus WIFI + U5 245KF,908
ASUS TUF Gaming Z890-Plus WIFI + U7 265K,1056
ASUS TUF Gaming Z890-Plus WIFI + U7 265KF,1041
ASUS TUF Gaming Z890-Plus WIFI + U9 285K,1350
ASUS TUF Gaming Z890-Plus WIFI + U5 225,842
ASUS TUF Gaming Z890-Plus WIFI + U5 225F,820
ASUS TUF Gaming Z890-Plus WIFI + U5 235,855
ASUS TUF Gaming Z890-Plus WIFI + U7 265,1045
ASUS TUF Gaming Z890-Plus WIFI + U7 265F,1026
ASUS TUF Gaming Z890-Plus WIFI + U9 285,1291
ASUS TUF Gaming Z890-PRO WIFI,547
ASUS TUF Gaming Z890-PRO WIFI + U5 245K,962
ASUS TUF Gaming Z890-PRO WIFI + U5 245KF,940
ASUS TUF Gaming Z890-PRO WIFI + U7 265K,1087
ASUS TUF Gaming Z890-PRO WIFI + U7 265KF,1072
ASUS TUF Gaming Z890-PRO WIFI + U9 285K,1381
ASUS TUF Gaming Z890-PRO WIFI + U5 225,874
ASUS TUF Gaming Z890-PRO WIFI + U5 225F,852
ASUS TUF Gaming Z890-PRO WIFI + U5 235,887
ASUS TUF Gaming Z890-PRO WIFI + U7 265,1077
ASUS TUF Gaming Z890-PRO WIFI + U7 265F,1058
ASUS TUF Gaming Z890-PRO WIFI + U9 285,1323
ASUS PRIME Z890M-PLUS WIFI-CSM,396
ASUS PRIME Z890M-PLUS WIFI-CSM + U5 245K,815
ASUS PRIME Z890M-PLUS WIFI-CSM + U5 245KF,793
ASUS PRIME Z890M-PLUS WIFI-CSM + U7 265K,940
ASUS PRIME Z890M-PLUS WIFI-CSM + U7 265KF,925
ASUS PRIME Z890M-PLUS WIFI-CSM + U9 285K,1234
ASUS PRIME Z890M-PLUS WIFI-CSM + U5 225,727
ASUS PRIME Z890M-PLUS WIFI-CSM + U5 225F,705
ASUS PRIME Z890M-PLUS WIFI-CSM + U5 235,740
ASUS PRIME Z890M-PLUS WIFI-CSM + U7 265,930
ASUS PRIME Z890M-PLUS WIFI-CSM + U7 265F,911
ASUS PRIME Z890M-PLUS WIFI-CSM + U9 285,1175
ASUS ProArt Z890-CREATOR WIFI,850
ASUS ProArt Z890-CREATOR WIFI + U5 245K,1256
ASUS ProArt Z890-CREATOR WIFI + U5 245KF,1234
ASUS ProArt Z890-CREATOR WIFI + U7 265K,1381
ASUS ProArt Z890-CREATOR WIFI + U7 265KF,1367
ASUS ProArt Z890-CREATOR WIFI + U9 285K,1676
ASUS ProArt Z890-CREATOR WIFI + U5 225,1168
ASUS ProArt Z890-CREATOR WIFI + U5 225F,1146
ASUS ProArt Z890-CREATOR WIFI + U5 235,1181
ASUS ProArt Z890-CREATOR WIFI + U7 265,1371
ASUS ProArt Z890-CREATOR WIFI + U7 265F,1352
ASUS ProArt Z890-CREATOR WIFI + U9 285,1617
Asus ROG STRIX B860-F GAMING WIFI,472
Asus ROG STRIX B860-F GAMING WIFI + U5 245K,889
Asus ROG STRIX B860-F GAMING WIFI + U5 245KF,867
Asus ROG STRIX B860-F GAMING WIFI + U7 265K,1014
Asus ROG STRIX B860-F GAMING WIFI + U7 265KF,999
Asus ROG STRIX B860-F GAMING WIFI + U9 285K,1308
Asus ROG STRIX B860-F GAMING WIFI + U5 225,801
Asus ROG STRIX B860-F GAMING WIFI + U5 225F,779
Asus ROG STRIX B860-F GAMING WIFI + U5 235,814
Asus ROG STRIX B860-F GAMING WIFI + U7 265,1004
Asus ROG STRIX B860-F GAMING WIFI + U7 265F,985
Asus ROG STRIX B860-F GAMING WIFI + U9 285,1250
Asus ROG STRIX B860-A GAMING WIFI,443
Asus ROG STRIX B860-A GAMING WIFI + U5 245K,861
Asus ROG STRIX B860-A GAMING WIFI + U5 245KF,839
Asus ROG STRIX B860-A GAMING WIFI + U7 265K,986
Asus ROG STRIX B860-A GAMING WIFI + U7 265KF,971
Asus ROG STRIX B860-A GAMING WIFI + U9 285K,1280
Asus ROG STRIX B860-A GAMING WIFI + U5 225,772
Asus ROG STRIX B860-A GAMING WIFI + U5 225F,750
Asus ROG STRIX B860-A GAMING WIFI + U5 235,786
Asus ROG STRIX B860-A GAMING WIFI + U7 265,976
Asus ROG STRIX B860-A GAMING WIFI + U7 265F,956
Asus ROG STRIX B860-A GAMING WIFI + U9 285,1221
Asus ROG STRIX B860-G GAMING WIFI,424
Asus ROG STRIX B860-G GAMING WIFI + U5 245K,842
Asus ROG STRIX B860-G GAMING WIFI + U5 245KF,820
Asus ROG STRIX B860-G GAMING WIFI + U7 265K,967
Asus ROG STRIX B860-G GAMING WIFI + U7 265KF,953
Asus ROG STRIX B860-G GAMING WIFI + U9 285K,1262
Asus ROG STRIX B860-G GAMING WIFI + U5 225,754
Asus ROG STRIX B860-G GAMING WIFI + U5 225F,732
Asus ROG STRIX B860-G GAMING WIFI + U5 235,767
Asus ROG STRIX B860-G GAMING WIFI + U7 265,957
Asus ROG STRIX B860-G GAMING WIFI + U7 265F,938
Asus ROG STRIX B860-G GAMING WIFI + U9 285,1203
Asus ROG STRIX B860-I GAMING WIFI,396
Asus ROG STRIX B860-I GAMING WIFI + U5 245K,815
Asus ROG STRIX B860-I GAMING WIFI + U5 245KF,793
Asus ROG STRIX B860-I GAMING WIFI + U7 265K,940
Asus ROG STRIX B860-I GAMING WIFI + U7 265KF,925
Asus ROG STRIX B860-I GAMING WIFI + U9 285K,1234
Asus ROG STRIX B860-I GAMING WIFI + U5 225,727
Asus ROG STRIX B860-I GAMING WIFI + U5 225F,705
Asus ROG STRIX B860-I GAMING WIFI + U5 235,740
Asus ROG STRIX B860-I GAMING WIFI + U7 265,930
Asus ROG STRIX B860-I GAMING WIFI + U7 265F,911
Asus ROG STRIX B860-I GAMING WIFI + U9 285,1175
Asus TUF GAMING B860-PLUS WIFI,377
Asus TUF GAMING B860-PLUS WIFI + U5 245K,796
Asus TUF GAMING B860-PLUS WIFI + U5 245KF,774
Asus TUF GAMING B860-PLUS WIFI + U7 265K,922
Asus TUF GAMING B860-PLUS WIFI + U7 265KF,907
Asus TUF GAMING B860-PLUS WIFI + U9 285K,1216
Asus TUF GAMING B860-PLUS WIFI + U5 225,708
Asus TUF GAMING B860-PLUS WIFI + U5 225F,686
Asus TUF GAMING B860-PLUS WIFI + U5 235,721
Asus TUF GAMING B860-PLUS WIFI + U7 265,911
Asus TUF GAMING B860-PLUS WIFI + U7 265F,892
Asus TUF GAMING B860-PLUS WIFI + U9 285,1157
Asus TUF GAMING B860M-PLUS WIFI,372
Asus TUF GAMING B860M-PLUS WIFI + U5 245K,792
Asus TUF GAMING B860M-PLUS WIFI + U5 245KF,770
Asus TUF GAMING B860M-PLUS WIFI + U7 265K,917
Asus TUF GAMING B860M-PLUS WIFI + U7 265KF,902
Asus TUF GAMING B860M-PLUS WIFI + U9 285K,1211
Asus TUF GAMING B860M-PLUS WIFI + U5 225,704
Asus TUF GAMING B860M-PLUS WIFI + U5 225F,682
Asus TUF GAMING B860M-PLUS WIFI + U5 235,717
Asus TUF GAMING B860M-PLUS WIFI + U7 265,907
Asus TUF GAMING B860M-PLUS WIFI + U7 265F,888
Asus TUF GAMING B860M-PLUS WIFI + U9 285,1153
Asus TUF GAMING B860M-PLUS,344
Asus TUF GAMING B860M-PLUS + U5 245K,765
Asus TUF GAMING B860M-PLUS + U5 245KF,743
Asus TUF GAMING B860M-PLUS + U7 265K,890
Asus TUF GAMING B860M-PLUS + U7 265KF,875
Asus TUF GAMING B860M-PLUS + U9 285K,1184
Asus TUF GAMING B860M-PLUS + U5 225,677
Asus TUF GAMING B860M-PLUS + U5 225F,654
Asus TUF GAMING B860M-PLUS + U5 235,690
Asus TUF GAMING B860M-PLUS + U7 265,880
Asus TUF GAMING B860M-PLUS + U7 265F,860
Asus TUF GAMING B860M-PLUS + U9 285,1125
Asus PRIME B860-PLUS WIFI-CSM,311
Asus PRIME B860-PLUS WIFI-CSM + U5 245K,732
Asus PRIME B860-PLUS WIFI-CSM + U5 245KF,710
Asus PRIME B860-PLUS WIFI-CSM + U7 265K,857
Asus PRIME B860-PLUS WIFI-CSM + U7 265KF,842
Asus PRIME B860-PLUS WIFI-CSM + U9 285K,1151
Asus PRIME B860-PLUS WIFI-CSM + U5 225,644
Asus PRIME B860-PLUS WIFI-CSM + U5 225F,622
Asus PRIME B860-PLUS WIFI-CSM + U5 235,657
Asus PRIME B860-PLUS WIFI-CSM + U7 265,847
Asus PRIME B860-PLUS WIFI-CSM + U7 265F,828
Asus PRIME B860-PLUS WIFI-CSM + U9 285,1093
Asus PRIME B860-PLUS-CSM,283
Asus PRIME B860-PLUS-CSM + U5 245K,705
Asus PRIME B860-PLUS-CSM + U5 245KF,683
Asus PRIME B860-PLUS-CSM + U7 265K,830
Asus PRIME B860-PLUS-CSM + U7 265KF,815
Asus PRIME B860-PLUS-CSM + U9 285K,1124
Asus PRIME B860-PLUS-CSM + U5 225,617
Asus PRIME B860-PLUS-CSM + U5 225F,595
Asus PRIME B860-PLUS-CSM + U5 235,630
Asus PRIME B860-PLUS-CSM + U7 265,820
Asus PRIME B860-PLUS-CSM + U7 265F,801
Asus PRIME B860-PLUS-CSM + U9 285,1065
Asus PRIME B860M-A WIFI-CSM,302
Asus PRIME B860M-A WIFI-CSM + U5 245K,723
Asus PRIME B860M-A WIFI-CSM + U5 245KF,701
Asus PRIME B860M-A WIFI-CSM + U7 265K,848
Asus PRIME B860M-A WIFI-CSM + U7 265KF,834
Asus PRIME B860M-A WIFI-CSM + U9 285K,1143
Asus PRIME B860M-A WIFI-CSM + U5 225,635
Asus PRIME B860M-A WIFI-CSM + U5 225F,613
Asus PRIME B860M-A WIFI-CSM + U5 235,648
Asus PRIME B860M-A WIFI-CSM + U7 265,838
Asus PRIME B860M-A WIFI-CSM + U7 265F,819
Asus PRIME B860M-A WIFI-CSM + U9 285,1084
Asus PRIME B860M-A-CSM,278
Asus PRIME B860M-A-CSM + U5 245K,701
Asus PRIME B860M-A-CSM + U5 245KF,678
Asus PRIME B860M-A-CSM + U7 265K,826
Asus PRIME B860M-A-CSM + U7 265KF,811
Asus PRIME B860M-A-CSM + U9 285K,1120
Asus PRIME B860M-A-CSM + U5 225,612
Asus PRIME B860M-A-CSM + U5 225F,590
Asus PRIME B860M-A-CSM + U5 235,625
Asus PRIME B860M-A-CSM + U7 265,815
Asus PRIME B860M-A-CSM + U7 265F,796
Asus PRIME B860M-A-CSM + U9 285,1061
Asus PRIME B860M-K-CSM,236
Asus PRIME B860M-K-CSM + U5 245K,659
Asus PRIME B860M-K-CSM + U5 245KF,637
Asus PRIME B860M-K-CSM + U7 265K,784
Asus PRIME B860M-K-CSM + U7 265KF,769
Asus PRIME B860M-K-CSM + U9 285K,1078
Asus PRIME B860M-K-CSM + U5 225,571
Asus PRIME B860M-K-CSM + U5 225F,549
Asus PRIME B860M-K-CSM + U5 235,584
Asus PRIME B860M-K-CSM + U7 265,774
Asus PRIME B860M-K-CSM + U7 265F,755
Asus PRIME B860M-K-CSM + U9 285,1020
Toshiba X300 14TB,495
Toshiba X300 10T,385
Toshiba X300 12T,410
Toshiba X300 16T,545
Toshiba N300 NAS 7200r 14TB,440
Toshiba N300 NAS 7200r 10T,352
Toshiba N300 NAS 7200r 12T,389
Toshiba N300 NAS 7200r 16T,506
Toshiba N300 NAS 7200r 18TB,555
Toshiba N300 NAS 7200r 20TB,630
Toshiba N300 NAS 7200r 22TB,845
TOSHIBA Enterprise Nearline 14TB,450
TOSHIBA Enterprise Nearline 10T,360
TOSHIBA Enterprise Nearline 12T,399
TOSHIBA Enterprise Nearline 16T,545
TOSHIBA Enterprise Nearline 18TB,605
TOSHIBA Enterprise Nearline 20TB,645
Seagate Ironwolf Red NAS 10T,437
Seagate Ironwolf Red NAS 12T,488
Seagate Ironwolf Red NAS 16T,668
Seagate Ironwolf Red NAS 18TB,739
Seagate Ironwolf Pro 7200rpm 10T,479
Seagate Ironwolf Pro 7200rpm 12T,580
Seagate Ironwolf Pro 7200rpm 16T,695
Seagate Ironwolf Pro 7200rpm 18TB,848
Seagate Ironwolf Pro 7200rpm 20TB,955
Seagate Skyhawk CCTV DVR NVR SV35 10T,399
Seagate Skyhawk CCTV DVR NVR SV35 12T,505
Seagate Skyhawk CCTV DVR NVR SV35 18TB,709
Seagate EXOS Sata Enterprise 10T,415
Seagate EXOS Sata Enterprise 12T,558
Seagate EXOS Sata Enterprise 16T,569
Seagate EXOS Sata Enterprise 18TB,699
Seagate EXOS Sata Enterprise 20TB,729
Seagate EXOS Sata Enterprise 22TB,1209
HGST Ultrastar 24TB,1185
HGST Ultrastar 10T,425
HGST Ultrastar 12T,499
HGST Ultrastar 16T,625
HGST Ultrastar 18TB,699
HGST Ultrastar 20TB,785
HGST Ultrastar 22TB,985
Western Digital WD Red Plus / Synology* 10T,385
Western Digital WD Red Plus / Synology* 12T,489
Western Digital WD Red Plus / Synology* 16T,625
Western Digital WD Red Pro 14T,599
Western Digital WD Red Pro 10T,465
Western Digital WD Red Pro 12T,529
Western Digital WD Red Pro 16T,778
Western Digital WD Red Pro 18TB,805
Western Digital WD Red Pro 20TB,967
Western Digital WD Red Pro 22TB,1179
Western Digital WD Purple Pro* 8T,375
Western Digital WD Purple Pro* 10T,385
Western Digital WD Purple Pro* 12T,499
Western Digital WD Purple Pro* 16T,720
Western Digital WD Purple Pro* 18TB,785
KLEVV CRAS V RGB DDR5 6000 CL30 32GB,166
KLEVV CRAS V RGB DDR5 6000 CL30 64GB,300
KLEVV CRAS V RGB DDR5 6400 CL32 32GB,177
KLEVV CRAS V RGB DDR5 6400 CL32 64GB,297
KLEVV FIT V DDR5 6000 CL32 32GB,125
Klevv Cras V RGB DDR5 7200 ROG CL34 32GB,165
Klevv Cras V RGB DDR5 7200 ROG CL34 48GB,208
Crucial Pro Black 5600 DDR5 Kit 32GB,150
Crucial Pro Black 5600 DDR5 Kit 64GB,299
ADATA XPG LANCER/ Blade 6000 cl30 32GB,165
ADATA XPG LANCER/ Blade 6000 cl30 64GB,345
ADATA XPG LANCER/ Blade 6000 cl30 16GB kit $85,85
Corsair Vengenance DDR5-5200 16G$95 32GB,144
Corsair Vengenance DDR5-5200 16G$95 64GB,265
Corsair Vengenance DDR5-5600 32GB,156
Corsair Vengenance DDR5-5600 64GB,286
Corsair Vengenance DDR5-6000 32GB,167
Corsair Vengenance DDR5-6000 64GB,300
Corsair Vengenance DDR5-6000 96GB,518
Corsair Vengenance RGB DDR5-5200 32GB,162
Corsair Vengenance RGB DDR5-5200 64GB,279
Corsair Vengenance RGB DDR5-5600 32GB,185
Corsair Vengenance RGB DDR5-5600 64GB,330
Corsair Vengenance RGB DDR5-6000 32GB,179
Corsair Vengenance RGB DDR5-6000 64GB,320
Corsair Vengenance RGB DDR5-6000 48GB,235
Corsair Vengenance RGB DDR5-6000 96GB,526
Corsair Vengenance RGB DDR5-6200 32GB,245
Corsair Vengenance RGB DDR5-6200 64GB,375
Corsair Vengenance RGB DDR5-6400 c38 32GB,213
Corsair Vengenance RGB DDR5-6400 c38 64GB,364
Corsair Vengenance RGB DDR5-6400 c38 48GB,286
Corsair Vengenance RGB DDR5-6400 c38 96GB,548
Corsair Dominator Platinum 6000 32GB,245
Corsair Dominator Platinum 6000 64GB,399
Corsair Dominator Platinum 6400 32GB,256
Corsair Dominator Platinum 6400 64GB,489
Kingston Fury Beast RGB 5200 AMD expo 32GB,149
G-Skill Ripjaws S5 5600mhz 32GB,165
G-Skill Ripjaws S5 5600mhz 64GB,300
G-Skill Ripjaws S5 6000mhz cl32 32GB,180
G-Skill Ripjaws S5 6000mhz cl32 64GB,338
G-Skill Ripjaws S5 6000mhz cl30/ 6400 32GB,185
G-Skill Ripjaws S5 6000mhz cl30/ 6400 64GB,427
G.SKILL Flare X5 AMD Expo 5600/6000 32GB,189
G.SKILL Flare X5 AMD Expo 5600/6000 64GB,359
G.SKILL Flare X5 AMD Expo 5600/6000 CL32 32GB,199
G.SKILL Flare X5 AMD Expo 5600/6000 CL30 64GB,369
G.Skill Trident Z5 RGB 5600mhz CL36 32GB,195
G.Skill Trident Z5 RGB 5600mhz CL36 64GB,357
G.Skill Trident Z5 RGB 6000mhz CL36 32GB,210
G.Skill Trident Z5 RGB 6000mhz CL36 64GB,368
G.Skill Trident Z5 RGB 6400mhz CL32 32GB,235
G.Skill Trident Z5 RGB 6400mhz CL32 64GB,385
G.Skill Trident Z5 RGB 6600mhz CL34 32GB,252
G.Skill Trident Z5 RGB 7200mhz C34 32GB,306
G.Skill Trident Z5 RGB 7200mhz C34 z 7800 32G $312,312
G.Skill Trident Z5 RGB DDR5 7600 24GB 48GB,365
G.Skill Trident Z Neo RGB AMD-6000 32GB,207
G.Skill Trident Z Neo RGB AMD-6000 64GB,390
G.Skill Trident Z Neo RGB AMD-6000 6440 - $228,228
G.Skill M5 Neo DDR5-6000 32GB,150
G.Skill M5 Neo RGB DDR5-6000 6000 32GB,170
G.Skill M5 Neo RGB DDR5-6000 6400 32GB,240
G.Skill M5 Neo RGB DDR5-6000 6400 7200mhz $255,255
Toshiba X300/P300 (X300 + $30) 2yr 1TB,110
Toshiba X300/P300 (X300 + $30) 2yr 2TB,87
Toshiba X300/P300 (X300 + $30) 2yr 3TB,115
Toshiba X300/P300 (X300 + $30) 2yr 4TB,176
Toshiba X300/P300 (X300 + $30) 2yr 6TB,240
Toshiba X300/P300 (X300 + $30) 2yr 8TB,258
Synology NAS Enterprise HAT3300 3yrs 4TB,205
Synology NAS Enterprise HAT3300 3yrs 6TB,290
Synology NAS Enterprise HAT3300 3yrs 8TB,360
Western Digital Blue 500G-$125,125
Western Digital Blue 1TB,98
Western Digital Blue 2TB,99
Western Digital Blue 3TB,155
Western Digital Blue 4TB,159
Western Digital Blue 6TB,272
Western Digital Blue 8TB,310
Western Digital Red Plus 3 Years 1TB,118
Western Digital Red Plus 3 Years 2TB,115
Western Digital Red Plus 3 Years 3TB,169
Western Digital Red Plus 3 Years 4TB,165
Western Digital Red Plus 3 Years 6TB,289
Western Digital Red Plus 3 Years 8TB,310
Western Digital Red Pro 7200rpm 5 Years 1TB,190
Western Digital Red Pro 7200rpm 5 Years 3TB,315
Western Digital Red Pro 7200rpm 5 Years 4TB,360
Western Digital Red Pro 7200rpm 5 Years 6TB,398
Western Digital Purple CCTV 3 Years 1TB,89
Western Digital Purple CCTV 3 Years 2TB,98
Western Digital Purple CCTV 3 Years 3TB,118
Western Digital Purple CCTV 3 Years 4TB,128
Western Digital Purple CCTV 3 Years 6TB,229
Western Digital Purple CCTV 3 Years 8TB,288
Western Digital Black 7200rpm 5Year 1TB,128
Western Digital Black 7200rpm 5Year 2TB,188
Western Digital Black 7200rpm 5Year 4TB,285
Western Digital Black 7200rpm 5Year 6TB,335
Western Digital Black 7200rpm 5Year 8TB,399
Seagate Barracuda 3.5 500G-$125,125
Seagate Barracuda 3.5 1TB,88
Seagate Barracuda 3.5 2TB,100
Seagate Barracuda 3.5 3TB,153
Seagate Barracuda 3.5 4TB,159
Seagate Barracuda 3.5 6TB,235
Seagate Barracuda 3.5 8TB,315
Seagate Skyhawk CCTV/DVR/NVR 3Yea 1TB,85
Seagate Skyhawk CCTV/DVR/NVR 3Yea 2TB,99
Seagate Skyhawk CCTV/DVR/NVR 3Yea 3TB,161
Seagate Skyhawk CCTV/DVR/NVR 3Yea 4TB,135
Seagate Skyhawk CCTV/DVR/NVR 3Yea 6TB,215
Seagate Skyhawk CCTV/DVR/NVR 3Yea 8TB,278
Seagate IronWolf NAS Drive 3 Years 1TB,98
Seagate IronWolf NAS Drive 3 Years 2TB,135
Seagate IronWolf NAS Drive 3 Years 3TB,160
Seagate IronWolf NAS Drive 3 Years 4TB,182
Seagate IronWolf NAS Drive 3 Years 6TB,299
Seagate IronWolf NAS Drive 3 Years 8TB,335
Seagate IronWolf Pro 7200rpm 5 years 6TB,278
Seagate IronWolf Pro 7200rpm 5 years 8TB,359
Seagate IronWolf Pro 7200rpm 5 years 10TB,379
Seagate Firecuda SSHD / SSd with HDD 1TB,118
Seagate Firecuda SSHD / SSd with HDD 3TB,285
Seagate Firecuda SSHD / SSd with HDD 8TB,449
Seagate EXOS Enterprise 5 Years 1TB,217
Seagate EXOS Enterprise 5 Years 2TB,189
Seagate EXOS Enterprise 5 Years 4TB,269
Seagate EXOS Enterprise 5 Years 6TB,335
Seagate EXOS Enterprise 5 Years 8TB,352
WD Ultrastar Enterprise HGST 5 Years 1TB,159
WD Ultrastar Enterprise HGST 5 Years 2TB,199
WD Ultrastar Enterprise HGST 5 Years 4TB,259
WD Ultrastar Enterprise HGST 5 Years 6TB,289
WD Ultrastar Enterprise HGST 5 Years 8TB,329
Toshiba N300 NAS 7200Rpm 3 Years 4TB,169
Toshiba N300 NAS 7200Rpm 3 Years 6TB,236
Toshiba N300 NAS 7200Rpm 3 Years 8TB,285
Toshiba SATA Enterprise Tomcat Nearline 10T,170
Toshiba SATA Enterprise Tomcat Nearline 12T,195
Toshiba SATA Enterprise Tomcat Nearline 16T,229
Toshiba SATA Enterprise Tomcat Nearline 18TB,300
Toshiba SATA Enterprise Tomcat Nearline 20TB,318
Asus Prime-RTX5070-O12G-OC,1189
Asus RX9070 Prime 16GB OC 16GB,1075
ASRock Intel Arc B580 Challenger 12GB OC 12GB,399
Zotac RTX5090 32GB Amp Extreme 32GB,6999
Asus RX9070 XT TUF Gaming 16G 16G,1459
ASRock Intel Arc B580 Steel Legend 12GB 12GB,429
Zotac RTX5090 Solid 32GB 32GB,6799
Asus Prime RX9070XT 16G Gaming 16G,1409
Nvidia Nano Orin Developer Kit,799
ZOTAC RTX 5070 Ti SOLID OC 16GB 16GB,1499
Asus TUF 4070Ti 12GB Gaming OC 12GB,1495
Zotac RTX 5070 Ti AMP EXT INFINITY 16GB 16GB,1629
Asus ROG-STRIX-RTX4060Ti-O8G-GAMIN,856
Zotac RTX 5070 SOLID,885
Asus TUF-RTX4060TI-O8G-GAMING8GB G 8GB,846
Zotac RTX 5070 SOLID OC,908
Asus DUAL-RTX4060Ti-O8G-White8GB G 8GB,689
Zotac RTX 5070Ti SOLID,1399
Asus DUAL-RTX4060Ti-O8G8GB GDDR6 8GB,667
Zotac RTX 5080 SOLID OC,2399
Asus ROG-STRIX-RTX4060-O8G-GAMING8,661
GALAX RTX 5070 1-Click OC 12GB GDDR7 12GB,968
Asus DUAL-RTX4060-O8G-WHITE,556
GALAX RTX 5070 Ti 1-Click OC 16GB 16GB,1429
Asus DUAL-RTX4060-O8GB GDDR6 8GB,459
Gigabyte 5070 Eagle OC 12G 12G,999
Asus PROART-RTX4060-8GB GDDR6 8GB,592
Gigabyte 5070 Aeo OC 12G White 12G White,1086
Asus GTX1650 4GB HDMI 4GB,329
Gigabyte 5070 Gaming OC 12G 12G,1039
Asus GT1030-SL-2G-BRK 2GB DVI HDMI 2GB,159
Gigabyte 5070 Aorus Master 12G 12G,1178
Asus GT730-4H-SL-2GD5 2GB 4 HDMI 2GB,189
Gigabyte 5070Ti EAGLE OC 16GB 16GB,1599
Asus GT730-SL-2GD5 2GB HDMI VGA DVI 2GB,119
Gigabyte 5070Ti EAGLE OC ICE 16GB 16GB,1577
MSI RTX 4060 Ti GAMING X TRIO 8G 8G,727
Gigabyte 5070Ti Gaming OC 16GB 16GB,1599
MSI RTX 4060 Ti GAMING X 8G 8G,689
Gigabyte 5070Ti Aero OC 16GB 16GB,1668
MSI RTX 4060 Ti VENTUS 3X 8G OC 8G OC,653
Gigabyte 5070Ti Aorus Master 16GB 16GB,1699
MSI RTX 4060 Ti VENTUS 3X E 8G OC 8G OC,628
Gigabyte GV N5080GAMING OC-16GD 16GD,2359
MSI RTX 4060 Ti VENTUS 2X BLACK 16G OC 16G OC,755
Gigabyte GV N5080AERO OC-16GD 16GD,2385
MSI RTX 4060 Ti VENTUS 2X BLACK 8G OC 8G OC,648
Gigabyte GV N5080AORUS M-16GD 16GD,2769
MSI RTX 4060 GAMING X 8G MLG 8G,535
Gigabyte GV N5080AORUSM ICE-16GD 16GD,2798
MSI RTX 4060 GAMING X 8G 8G,529
Gigabyte GV N5080AORUSX W-16GD 16GD,2895
MSI RTX 4060 VENTUS 2X WHITE 8G OC 8G OC,489
Gigabyte GV N5090GAMING OC-32GD 32GD,5298
MSI RTX 4060 VENTUS 2X BLACK 8G OC 8G OC,469
Gigabyte GV N5090AORUS M-32GD 32GD,6169
ZOTAC GT 730 ZONE Edition 2GB DDR3 2GB,99
Gigabyte GV N5090AORUSM ICE-32GD 32GD,6198
ZOTAC GT 710 LP 2GB DDR3 2GB,89
Gigabyte GV N5090AORUSX W-32GD 32GD,6299
ZOTAC RTX 3050 ECO SOLO 8GB 8GB,325
MSI RTX5070 12G Vanguard 12G,1109
ZOTAC RTX 3050 6GB 6GB,279
MSI RTX5070 12G Gaming X Trio 12G,1028
ZOTAC RTX 4060 SOLO 8GB 8GB,449
MSI RTX5070 12G Shadow 2x 12G,900
ZOTAC RTX 4060 TWIN EDGE OC 8GB 8GB,458
MSI RTX5070 12G Ventus 2x 12G,995
ZOTAC RTX 4060 TWIN EDGE OC WHITE 8GB 8GB,475
MSI RTX 5070 TI 16GB SHADOW 3X 16GB,1369
ZOTAC RTX 4060 Ti 8GB TWIN EDGE 8GB,555
MSI RTX 5070ti 16GB Ventus 3X OC 16GB,1419
ZOTAC RTX 4060 Ti 8GB TWIN EDGE OC (W 8GB,576
MSI RTX5080 16G Inspire 3X OC 16G,1949
ZOTAC GT 1030 LP 2GB GDDR5 2GB,125
MSI RTX5080 16G Shadow 3X OC 16G,1960
Gigabyte GT 710 2GB N710D5-2GIL 2GB,99
MSI RTX5080 16G Gaming Trio OC 16G,1989
Gigabyte GT1030 2GB 2GB,189
Gigabyte 4060 8GB N4060WF2OC-8GD 8GB,453
Gigabyte 4060 8GB N4060EAGLE OC-8G 8G,471
Gigabyte 4060 8GB N4060EAGLEOC ICE 8GB,486
Gigabyte 4060 8GB N4060AORUS E-8G 8G,559
Gigabyte 4060 Ti 8GB N406TWF2OC- 8GB,593
Gigabyte 4060 Ti 8GB N406TEAGLEOC 8GB,625
Gigabyte 4060 Ti 8GB N406TGAMING 8GB,686
Gigabyte 4060 Ti 8GB N406TAORUS 8GB,743
Gigabyte 4090 24GB GAMING BOX EGPU- 24GB,3980
PNY VCNRTXA6000-BLK NVIDIA Quadro RTX A6000 48GB GDDR6 PCIe 48GB,8299
NVIDIA RTX A4000 16GB 16GB,2050
NVIDIA RTX A2000 12GB (Ampere) 12GB,1125
NVIDIA RTX A2000 6GB (Ampere) 6GB,982
NVIDIA A1000 8GB (Ampere) 8GB,845
NVIDIA A400 4GB (Ampere) 4GB,349
NVIDIA T1000 4GB (Turing) 4GB,620
NVIDIA T1000 8GB (Turing) 8GB,789
NVIDIA A400 4GB (Ampere) 4GB,369
NVIDIA T400 4GB (Turing) 4GB,369
Nvidia Quadro 600 1GB PCIE 1GB,459
Nvidia Quadro P1000 4GB PCIE 4GB,769
Nvidia Quadro A5000 24GB PCIE 24GB,3920
Nvidia Quadro A6000 48gb 48gb,7750
ATI PCI 128MB Graphic Card 128MB,59
Asus ROG Astral RTX5090 Project Card,7599
Asus Astral RTX5080 16GB Gaming 16GB,2699
Asus TUF RTX5080 16GB Gaming OC 16GB,2499
Asus Prime RTX5080 16GB Gaming OC 16GB,2149
Asus TUF-RTX5070Ti-O16G-Gaming OC 16G,1999
Asus TUF-RTX5070-O12G-Gaming OC 12G,1210
Asrock RX6600 CLD 8GB PCI-EX 8GB,319
ASROCK RX 9070 XT SL White 16GB 16GB,1429
SAPPHIRE PULSE RX 7600 GAMING 8GB 8GB,410
SAPPHIRE PULSE RX 7600 XT GAMING 16G 16G,520
SAPPHIRE PULSE RX 7700 XT GAMING 12G 12G,595
SAPPHIRE PURE 7700 XT GAMING OC 12 12,635
SAPPHIRE PURE 7700 XT FROSTPUNK 12G 12G,630
SAPPHIRE NITRO+ 7700 XT GAMING OC 12 12,675
SAPPHIRE PULSE RX 7800 XT GAMING 16G 16G,699
SAPPHIRE PURE 7800 XT GAMING OC 16G 16G,735
SAPPHIRE NITRO+ 7800 XT GAM OC 16G 16G,770
SAPPHIRE NITRO+ RX 7900 XTX GAMING OC VAPOR-X 24GB GDDR6 D HDMI / D DP 24GB,1680
SAPPHIRE PULSE RX 9070 GAMING 16GB 16GB,919
SAPPHIRE PURE RX 9070 GAMING OC 16G 16G,958
SAPPHIRE NITRO+ RX 9070 GAMING OC 16 16,985
SAPPHIRE PULSE RX 9070 XT GAMING 16G 16G,1329
Asus Mini PC PN64-B-S3037MD,698
Asus Mini PC PN64-B-S5036MD,852
Asus Mini PC PN64-B-S7035MD,996
Asus TUF GAMING Z790-PLUS WIFI SI,491
Asus TUF GAMING Z790-PLUS WIFI SI + 14100,662
Asus TUF GAMING Z790-PLUS WIFI SI + 14100F,610
Asus TUF GAMING Z790-PLUS WIFI SI + 14400,766
Asus TUF GAMING Z790-PLUS WIFI SI + 14400f,729
Asus TUF GAMING Z790-PLUS WIFI SI + 14500,836
Asus TUF GAMING Z790-PLUS WIFI SI + 14600,884
Asus TUF GAMING Z790-PLUS WIFI SI + 14700,959
Asus TUF GAMING Z790-PLUS WIFI SI + 14700F,921
Asus TUF GAMING Z790-PLUS WIFI SI + 14900,1305
Asus TUF GAMING Z790-PLUS WIFI SI + 14600K,833
Asus TUF GAMING Z790-PLUS WIFI SI + 14600KF,803
Asus TUF GAMING Z790-PLUS WIFI SI + 14700K,1018
Asus TUF GAMING Z790-PLUS WIFI SI + 14700KF,981
Asus TUF GAMING Z790-PLUS WIFI SI + 14900K,1166
Asus TUF GAMING Z790-PLUS WIFI SI + 14900F,1265
Asus TUF GAMING Z790-PLUS WIFI SI + 14900KF,1136
Asus TUF GAMING Z790-PLUS WIFI SI + 12700KF,1003
Asus TUF GAMING Z790-PLUS WIFI SI + 12400F,669
Asus TUF GAMING Z790-PLUS WIFI SI + 13100F,669
Asus TUF GAMING Z790-PLUS WIFI SI + 13400,764
Asus TUF GAMING Z790-PLUS WIFI SI + 13600,884
Asus TUF GAMING Z790-PLUS WIFI SI + 13600K,833
Asus TUF GAMING Z790-PLUS WIFI SI + 13600KF,788
Asus TUF GAMING Z790-PLUS WIFI SI + 13700K,973
Asus TUF GAMING Z790-PLUS WIFI SI + 13900F,1270
Asus TUF GAMING Z790-PLUS WIFI SI + 12700,1025
Asus TUF GAMING Z790-PLUS WIFI SI + 13500,847
Asus Mini PN64-E1-B-S7068MD i7-13,1523
Asus TUF GAMING Z790-PLUS WIFI SI D4,477
Asus TUF GAMING Z790-PLUS WIFI SI D4 + 14100,648
Asus TUF GAMING Z790-PLUS WIFI SI D4 + 14100F,596
Asus TUF GAMING Z790-PLUS WIFI SI D4 + 14400,752
Asus TUF GAMING Z790-PLUS WIFI SI D4 + 14400f,715
Asus TUF GAMING Z790-PLUS WIFI SI D4 + 14500,821
Asus TUF GAMING Z790-PLUS WIFI SI D4 + 14600,870
Asus TUF GAMING Z790-PLUS WIFI SI D4 + 14700,944
Asus TUF GAMING Z790-PLUS WIFI SI D4 + 14700F,907
Asus TUF GAMING Z790-PLUS WIFI SI D4 + 14900,1291
Asus TUF GAMING Z790-PLUS WIFI SI D4 + 14600K,818
Asus TUF GAMING Z790-PLUS WIFI SI D4 + 14600KF,789
Asus TUF GAMING Z790-PLUS WIFI SI D4 + 14700K,1004
Asus TUF GAMING Z790-PLUS WIFI SI D4 + 14700KF,967
Asus TUF GAMING Z790-PLUS WIFI SI D4 + 14900K,1152
Asus TUF GAMING Z790-PLUS WIFI SI D4 + 14900F,1251
Asus TUF GAMING Z790-PLUS WIFI SI D4 + 14900KF,1122
Asus TUF GAMING Z790-PLUS WIFI SI D4 + 12700KF,989
Asus TUF GAMING Z790-PLUS WIFI SI D4 + 12400F,655
Asus TUF GAMING Z790-PLUS WIFI SI D4 + 13100F,655
Asus TUF GAMING Z790-PLUS WIFI SI D4 + 13400,750
Asus TUF GAMING Z790-PLUS WIFI SI D4 + 13600,870
Asus TUF GAMING Z790-PLUS WIFI SI D4 + 13600K,818
Asus TUF GAMING Z790-PLUS WIFI SI D4 + 13600KF,774
Asus TUF GAMING Z790-PLUS WIFI SI D4 + 13700K,959
Asus TUF GAMING Z790-PLUS WIFI SI D4 + 13900F,1256
Asus TUF GAMING Z790-PLUS WIFI SI D4 + 12700,1011
Asus TUF GAMING Z790-PLUS WIFI SI D4 + 13500,833
Asus Mini PN64-E1-B-S7074MD i7-13,1008
Asus ROG STRIX B760-I GAMING WIFI SI,357
Asus ROG STRIX B760-I GAMING WIFI SI + 14100,528
Asus ROG STRIX B760-I GAMING WIFI SI + 14100F,476
Asus ROG STRIX B760-I GAMING WIFI SI + 14400,632
Asus ROG STRIX B760-I GAMING WIFI SI + 14400f,595
Asus ROG STRIX B760-I GAMING WIFI SI + 14500,701
Asus ROG STRIX B760-I GAMING WIFI SI + 14600,750
Asus ROG STRIX B760-I GAMING WIFI SI + 14700,824
Asus ROG STRIX B760-I GAMING WIFI SI + 14700F,787
Asus ROG STRIX B760-I GAMING WIFI SI + 14900,1171
Asus ROG STRIX B760-I GAMING WIFI SI + 14600K,698
Asus ROG STRIX B760-I GAMING WIFI SI + 14600KF,669
Asus ROG STRIX B760-I GAMING WIFI SI + 14700K,884
Asus ROG STRIX B760-I GAMING WIFI SI + 14700KF,847
Asus ROG STRIX B760-I GAMING WIFI SI + 14900K,1032
Asus ROG STRIX B760-I GAMING WIFI SI + 14900F,1131
Asus ROG STRIX B760-I GAMING WIFI SI + 14900KF,1002
Asus ROG STRIX B760-I GAMING WIFI SI + 12700KF,869
Asus ROG STRIX B760-I GAMING WIFI SI + 12400F,535
Asus ROG STRIX B760-I GAMING WIFI SI + 13100F,535
Asus ROG STRIX B760-I GAMING WIFI SI + 13400,630
Asus ROG STRIX B760-I GAMING WIFI SI + 13600,750
Asus ROG STRIX B760-I GAMING WIFI SI + 13600K,698
Asus ROG STRIX B760-I GAMING WIFI SI + 13600KF,654
Asus ROG STRIX B760-I GAMING WIFI SI + 13700K,839
Asus ROG STRIX B760-I GAMING WIFI SI + 13900F,1136
Asus ROG STRIX B760-I GAMING WIFI SI + 12700,891
Asus ROG STRIX B760-I GAMING WIFI SI + 13500,713
Asus Mini PN64-E1-B-S5048MD i5-13,798
Asus TUF GAMING B760-PLUS WIFI D4 SI,338
Asus TUF GAMING B760-PLUS WIFI D4 SI + 14100,509
Asus TUF GAMING B760-PLUS WIFI D4 SI + 14100F,458
Asus TUF GAMING B760-PLUS WIFI D4 SI + 14400,613
Asus TUF GAMING B760-PLUS WIFI D4 SI + 14400f,576
Asus TUF GAMING B760-PLUS WIFI D4 SI + 14500,683
Asus TUF GAMING B760-PLUS WIFI D4 SI + 14600,732
Asus TUF GAMING B760-PLUS WIFI D4 SI + 14700,806
Asus TUF GAMING B760-PLUS WIFI D4 SI + 14700F,769
Asus TUF GAMING B760-PLUS WIFI D4 SI + 14900,1153
Asus TUF GAMING B760-PLUS WIFI D4 SI + 14600K,680
Asus TUF GAMING B760-PLUS WIFI D4 SI + 14600KF,650
Asus TUF GAMING B760-PLUS WIFI D4 SI + 14700K,865
Asus TUF GAMING B760-PLUS WIFI D4 SI + 14700KF,828
Asus TUF GAMING B760-PLUS WIFI D4 SI + 14900K,1013
Asus TUF GAMING B760-PLUS WIFI D4 SI + 14900F,1113
Asus TUF GAMING B760-PLUS WIFI D4 SI + 14900KF,984
Asus TUF GAMING B760-PLUS WIFI D4 SI + 12700KF,850
Asus TUF GAMING B760-PLUS WIFI D4 SI + 12400F,517
Asus TUF GAMING B760-PLUS WIFI D4 SI + 13100F,517
Asus TUF GAMING B760-PLUS WIFI D4 SI + 13400,612
Asus TUF GAMING B760-PLUS WIFI D4 SI + 13600,732
Asus TUF GAMING B760-PLUS WIFI D4 SI + 13600K,680
Asus TUF GAMING B760-PLUS WIFI D4 SI + 13600KF,635
Asus TUF GAMING B760-PLUS WIFI D4 SI + 13700K,821
Asus TUF GAMING B760-PLUS WIFI D4 SI + 13900F,1117
Asus TUF GAMING B760-PLUS WIFI D4 SI + 12700,873
Asus TUF GAMING B760-PLUS WIFI D4 SI + 13500,695
Asus Mini PN64-E1-BC503AD Celeron,453
Asus TUF GAMING B760M-PLUS WIFI D4 SI,327
Asus TUF GAMING B760M-PLUS WIFI D4 SI + 14100,497
Asus TUF GAMING B760M-PLUS WIFI D4 SI + 14100F,446
Asus TUF GAMING B760M-PLUS WIFI D4 SI + 14400,601
Asus TUF GAMING B760M-PLUS WIFI D4 SI + 14400f,564
Asus TUF GAMING B760M-PLUS WIFI D4 SI + 14500,671
Asus TUF GAMING B760M-PLUS WIFI D4 SI + 14600,720
Asus TUF GAMING B760M-PLUS WIFI D4 SI + 14700,794
Asus TUF GAMING B760M-PLUS WIFI D4 SI + 14700F,757
Asus TUF GAMING B760M-PLUS WIFI D4 SI + 14900,1141
Asus TUF GAMING B760M-PLUS WIFI D4 SI + 14600K,668
Asus TUF GAMING B760M-PLUS WIFI D4 SI + 14600KF,638
Asus TUF GAMING B760M-PLUS WIFI D4 SI + 14700K,853
Asus TUF GAMING B760M-PLUS WIFI D4 SI + 14700KF,816
Asus TUF GAMING B760M-PLUS WIFI D4 SI + 14900K,1001
Asus TUF GAMING B760M-PLUS WIFI D4 SI + 14900F,1101
Asus TUF GAMING B760M-PLUS WIFI D4 SI + 14900KF,972
Asus TUF GAMING B760M-PLUS WIFI D4 SI + 12700KF,838
Asus TUF GAMING B760M-PLUS WIFI D4 SI + 12400F,505
Asus TUF GAMING B760M-PLUS WIFI D4 SI + 13100F,505
Asus TUF GAMING B760M-PLUS WIFI D4 SI + 13400,600
Asus TUF GAMING B760M-PLUS WIFI D4 SI + 13600,720
Asus TUF GAMING B760M-PLUS WIFI D4 SI + 13600K,668
Asus TUF GAMING B760M-PLUS WIFI D4 SI + 13600KF,623
Asus TUF GAMING B760M-PLUS WIFI D4 SI + 13700K,809
Asus TUF GAMING B760M-PLUS WIFI D4 SI + 13900F,1105
Asus TUF GAMING B760M-PLUS WIFI D4 SI + 12700,861
Asus TUF GAMING B760M-PLUS WIFI D4 SI + 13500,683
ASUS NUC 14 ESSENTIAL N97 INTEL GRAPHICS BAREBONE 90AR00M2-M000C0,299
Asus PRIME B760M-A WIFI D4 SI,282
Asus PRIME B760M-A WIFI D4 SI + 14100,453
Asus PRIME B760M-A WIFI D4 SI + 14100F,401
Asus PRIME B760M-A WIFI D4 SI + 14400,557
Asus PRIME B760M-A WIFI D4 SI + 14400f,519
Asus PRIME B760M-A WIFI D4 SI + 14500,626
Asus PRIME B760M-A WIFI D4 SI + 14600,675
Asus PRIME B760M-A WIFI D4 SI + 14700,749
Asus PRIME B760M-A WIFI D4 SI + 14700F,712
Asus PRIME B760M-A WIFI D4 SI + 14900,1096
Asus PRIME B760M-A WIFI D4 SI + 14600K,623
Asus PRIME B760M-A WIFI D4 SI + 14600KF,594
Asus PRIME B760M-A WIFI D4 SI + 14700K,809
Asus PRIME B760M-A WIFI D4 SI + 14700KF,772
Asus PRIME B760M-A WIFI D4 SI + 14900K,957
Asus PRIME B760M-A WIFI D4 SI + 14900F,1056
Asus PRIME B760M-A WIFI D4 SI + 14900KF,927
Asus PRIME B760M-A WIFI D4 SI + 12700KF,794
Asus PRIME B760M-A WIFI D4 SI + 12400F,460
Asus PRIME B760M-A WIFI D4 SI + 13100F,460
Asus PRIME B760M-A WIFI D4 SI + 13400,555
Asus PRIME B760M-A WIFI D4 SI + 13600,675
Asus PRIME B760M-A WIFI D4 SI + 13600K,623
Asus PRIME B760M-A WIFI D4 SI + 13600KF,579
Asus PRIME B760M-A WIFI D4 SI + 13700K,764
Asus PRIME B760M-A WIFI D4 SI + 13900F,1061
Asus PRIME B760M-A WIFI D4 SI + 12700,816
Asus PRIME B760M-A WIFI D4 SI + 13500,638
Asus Intel NUC RNUC12WSHI30000 Intel Core i3-1220P Processor (1 8GB 512GB Windows 11 Home Unactivated,574
Asus TUF GAMING B760-PLUS WIFI D5 SI,365
Asus TUF GAMING B760-PLUS WIFI D5 SI + 14100,536
Asus TUF GAMING B760-PLUS WIFI D5 SI + 14100F,484
Asus TUF GAMING B760-PLUS WIFI D5 SI + 14400,639
Asus TUF GAMING B760-PLUS WIFI D5 SI + 14400f,602
Asus TUF GAMING B760-PLUS WIFI D5 SI + 14500,709
Asus TUF GAMING B760-PLUS WIFI D5 SI + 14600,758
Asus TUF GAMING B760-PLUS WIFI D5 SI + 14700,832
Asus TUF GAMING B760-PLUS WIFI D5 SI + 14700F,795
Asus TUF GAMING B760-PLUS WIFI D5 SI + 14900,1179
Asus TUF GAMING B760-PLUS WIFI D5 SI + 14600K,706
Asus TUF GAMING B760-PLUS WIFI D5 SI + 14600KF,676
Asus TUF GAMING B760-PLUS WIFI D5 SI + 14700K,891
Asus TUF GAMING B760-PLUS WIFI D5 SI + 14700KF,854
Asus TUF GAMING B760-PLUS WIFI D5 SI + 14900K,1040
Asus TUF GAMING B760-PLUS WIFI D5 SI + 14900F,1139
Asus TUF GAMING B760-PLUS WIFI D5 SI + 14900KF,1010
Asus TUF GAMING B760-PLUS WIFI D5 SI + 12700KF,877
Asus TUF GAMING B760-PLUS WIFI D5 SI + 12400F,543
Asus TUF GAMING B760-PLUS WIFI D5 SI + 13100F,543
Asus TUF GAMING B760-PLUS WIFI D5 SI + 13400,638
Asus TUF GAMING B760-PLUS WIFI D5 SI + 13600,758
Asus TUF GAMING B760-PLUS WIFI D5 SI + 13600K,706
Asus TUF GAMING B760-PLUS WIFI D5 SI + 13600KF,662
Asus TUF GAMING B760-PLUS WIFI D5 SI + 13700K,847
Asus TUF GAMING B760-PLUS WIFI D5 SI + 13900F,1143
Asus TUF GAMING B760-PLUS WIFI D5 SI + 12700,899
Asus TUF GAMING B760-PLUS WIFI D5 SI + 13500,721
ASUS PROART Z790-CREATOR WIFI,728
ASUS PROART Z790-CREATOR WIFI + 14100,899
ASUS PROART Z790-CREATOR WIFI + 14100F,847
ASUS PROART Z790-CREATOR WIFI + 14400,1002
ASUS PROART Z790-CREATOR WIFI + 14400f,965
ASUS PROART Z790-CREATOR WIFI + 14500,1072
ASUS PROART Z790-CREATOR WIFI + 14600,1121
ASUS PROART Z790-CREATOR WIFI + 14700,1195
ASUS PROART Z790-CREATOR WIFI + 14700F,1158
ASUS PROART Z790-CREATOR WIFI + 14900,1542
ASUS PROART Z790-CREATOR WIFI + 14600K,1069
ASUS PROART Z790-CREATOR WIFI + 14600KF,1039
ASUS PROART Z790-CREATOR WIFI + 14700K,1254
ASUS PROART Z790-CREATOR WIFI + 14700KF,1217
ASUS PROART Z790-CREATOR WIFI + 14900K,1403
ASUS PROART Z790-CREATOR WIFI + 14900F,1502
ASUS PROART Z790-CREATOR WIFI + 14900KF,1373
ASUS PROART Z790-CREATOR WIFI + 12700KF,1240
ASUS PROART Z790-CREATOR WIFI + 12400F,906
ASUS PROART Z790-CREATOR WIFI + 13100F,906
ASUS PROART Z790-CREATOR WIFI + 13400,1001
ASUS PROART Z790-CREATOR WIFI + 13600,1121
ASUS PROART Z790-CREATOR WIFI + 13600K,1069
ASUS PROART Z790-CREATOR WIFI + 13600KF,1025
ASUS PROART Z790-CREATOR WIFI + 13700K,1210
ASUS PROART Z790-CREATOR WIFI + 13900F,1506
ASUS PROART Z790-CREATOR WIFI + 12700,1262
ASUS PROART Z790-CREATOR WIFI + 13500,1084
Asus Intel NUC RNUC12WSHI50000 Intel Core i5-1240P Processor (1 8GB 512GB Windows 11 Home Unactivated,723
ASUS ROG STRIX Z790-I GAMING WIFI,717
ASUS ROG STRIX Z790-I GAMING WIFI + 14100,888
ASUS ROG STRIX Z790-I GAMING WIFI + 14100F,836
ASUS ROG STRIX Z790-I GAMING WIFI + 14400,991
ASUS ROG STRIX Z790-I GAMING WIFI + 14400f,954
ASUS ROG STRIX Z790-I GAMING WIFI + 14500,1061
ASUS ROG STRIX Z790-I GAMING WIFI + 14600,1110
ASUS ROG STRIX Z790-I GAMING WIFI + 14700,1184
ASUS ROG STRIX Z790-I GAMING WIFI + 14700F,1147
ASUS ROG STRIX Z790-I GAMING WIFI + 14900,1531
ASUS ROG STRIX Z790-I GAMING WIFI + 14600K,1058
ASUS ROG STRIX Z790-I GAMING WIFI + 14600KF,1029
ASUS ROG STRIX Z790-I GAMING WIFI + 14700K,1243
ASUS ROG STRIX Z790-I GAMING WIFI + 14700KF,1206
ASUS ROG STRIX Z790-I GAMING WIFI + 14900K,1392
ASUS ROG STRIX Z790-I GAMING WIFI + 14900F,1491
ASUS ROG STRIX Z790-I GAMING WIFI + 14900KF,1362
ASUS ROG STRIX Z790-I GAMING WIFI + 12700KF,1229
ASUS ROG STRIX Z790-I GAMING WIFI + 12400F,895
ASUS ROG STRIX Z790-I GAMING WIFI + 13100F,895
ASUS ROG STRIX Z790-I GAMING WIFI + 13400,990
ASUS ROG STRIX Z790-I GAMING WIFI + 13600,1110
ASUS ROG STRIX Z790-I GAMING WIFI + 13600K,1058
ASUS ROG STRIX Z790-I GAMING WIFI + 13600KF,1014
ASUS ROG STRIX Z790-I GAMING WIFI + 13700K,1199
ASUS ROG STRIX Z790-I GAMING WIFI + 13900F,1495
ASUS ROG STRIX Z790-I GAMING WIFI + 12700,1251
ASUS ROG STRIX Z790-I GAMING WIFI + 13500,1073
Asus ROG STRIX B760-A GAMING WIFI,395
Asus ROG STRIX B760-A GAMING WIFI + 14100,566
Asus ROG STRIX B760-A GAMING WIFI + 14100F,514
Asus ROG STRIX B760-A GAMING WIFI + 14400,670
Asus ROG STRIX B760-A GAMING WIFI + 14400f,633
Asus ROG STRIX B760-A GAMING WIFI + 14500,740
Asus ROG STRIX B760-A GAMING WIFI + 14600,789
Asus ROG STRIX B760-A GAMING WIFI + 14700,863
Asus ROG STRIX B760-A GAMING WIFI + 14700F,826
Asus ROG STRIX B760-A GAMING WIFI + 14900,1210
Asus ROG STRIX B760-A GAMING WIFI + 14600K,737
Asus ROG STRIX B760-A GAMING WIFI + 14600KF,707
Asus ROG STRIX B760-A GAMING WIFI + 14700K,922
Asus ROG STRIX B760-A GAMING WIFI + 14700KF,885
Asus ROG STRIX B760-A GAMING WIFI + 14900K,1070
Asus ROG STRIX B760-A GAMING WIFI + 14900F,1169
Asus ROG STRIX B760-A GAMING WIFI + 14900KF,1041
Asus ROG STRIX B760-A GAMING WIFI + 12700KF,907
Asus ROG STRIX B760-A GAMING WIFI + 12400F,574
Asus ROG STRIX B760-A GAMING WIFI + 13100F,574
Asus ROG STRIX B760-A GAMING WIFI + 13400,668
Asus ROG STRIX B760-A GAMING WIFI + 13600,789
Asus ROG STRIX B760-A GAMING WIFI + 13600K,737
Asus ROG STRIX B760-A GAMING WIFI + 13600KF,692
Asus ROG STRIX B760-A GAMING WIFI + 13700K,877
Asus ROG STRIX B760-A GAMING WIFI + 13900F,1174
Asus ROG STRIX B760-A GAMING WIFI + 12700,929
Asus ROG STRIX B760-A GAMING WIFI + 13500,751
Asus ROG STRIX B760-A GAMING WIFI D4,377
Asus ROG STRIX B760-A GAMING WIFI D4 + 14100,548
Asus ROG STRIX B760-A GAMING WIFI D4 + 14100F,496
Asus ROG STRIX B760-A GAMING WIFI D4 + 14400,651
Asus ROG STRIX B760-A GAMING WIFI D4 + 14400f,614
Asus ROG STRIX B760-A GAMING WIFI D4 + 14500,721
Asus ROG STRIX B760-A GAMING WIFI D4 + 14600,770
Asus ROG STRIX B760-A GAMING WIFI D4 + 14700,844
Asus ROG STRIX B760-A GAMING WIFI D4 + 14700F,807
Asus ROG STRIX B760-A GAMING WIFI D4 + 14900,1191
Asus ROG STRIX B760-A GAMING WIFI D4 + 14600K,718
Asus ROG STRIX B760-A GAMING WIFI D4 + 14600KF,688
Asus ROG STRIX B760-A GAMING WIFI D4 + 14700K,903
Asus ROG STRIX B760-A GAMING WIFI D4 + 14700KF,866
Asus ROG STRIX B760-A GAMING WIFI D4 + 14900K,1052
Asus ROG STRIX B760-A GAMING WIFI D4 + 14900F,1151
Asus ROG STRIX B760-A GAMING WIFI D4 + 14900KF,1022
Asus ROG STRIX B760-A GAMING WIFI D4 + 12700KF,889
Asus ROG STRIX B760-A GAMING WIFI D4 + 12400F,555
Asus ROG STRIX B760-A GAMING WIFI D4 + 13100F,555
Asus ROG STRIX B760-A GAMING WIFI D4 + 13400,650
Asus ROG STRIX B760-A GAMING WIFI D4 + 13600,770
Asus ROG STRIX B760-A GAMING WIFI D4 + 13600K,718
Asus ROG STRIX B760-A GAMING WIFI D4 + 13600KF,674
Asus ROG STRIX B760-A GAMING WIFI D4 + 13700K,859
Asus ROG STRIX B760-A GAMING WIFI D4 + 13900F,1155
Asus ROG STRIX B760-A GAMING WIFI D4 + 12700,911
Asus ROG STRIX B760-A GAMING WIFI D4 + 13500,733
Asus Intel NUC RNUC12WSHI70000 Intel Core i7-1260P Processor (1 8GB 512GB Windows 11 Home Unactivated,904
Asus ROG STRIX B760-G GAMING WIFI D4,367
Asus ROG STRIX B760-G GAMING WIFI D4 + 14100,538
Asus ROG STRIX B760-G GAMING WIFI D4 + 14100F,486
Asus ROG STRIX B760-G GAMING WIFI D4 + 14400,642
Asus ROG STRIX B760-G GAMING WIFI D4 + 14400f,605
Asus ROG STRIX B760-G GAMING WIFI D4 + 14500,711
Asus ROG STRIX B760-G GAMING WIFI D4 + 14600,760
Asus ROG STRIX B760-G GAMING WIFI D4 + 14700,834
Asus ROG STRIX B760-G GAMING WIFI D4 + 14700F,797
Asus ROG STRIX B760-G GAMING WIFI D4 + 14900,1181
Asus ROG STRIX B760-G GAMING WIFI D4 + 14600K,708
Asus ROG STRIX B760-G GAMING WIFI D4 + 14600KF,679
Asus ROG STRIX B760-G GAMING WIFI D4 + 14700K,894
Asus ROG STRIX B760-G GAMING WIFI D4 + 14700KF,857
Asus ROG STRIX B760-G GAMING WIFI D4 + 14900K,1042
Asus ROG STRIX B760-G GAMING WIFI D4 + 14900F,1141
Asus ROG STRIX B760-G GAMING WIFI D4 + 14900KF,1012
Asus ROG STRIX B760-G GAMING WIFI D4 + 12700KF,879
Asus ROG STRIX B760-G GAMING WIFI D4 + 12400F,545
Asus ROG STRIX B760-G GAMING WIFI D4 + 13100F,545
Asus ROG STRIX B760-G GAMING WIFI D4 + 13400,640
Asus ROG STRIX B760-G GAMING WIFI D4 + 13600,760
Asus ROG STRIX B760-G GAMING WIFI D4 + 13600K,708
Asus ROG STRIX B760-G GAMING WIFI D4 + 13600KF,664
Asus ROG STRIX B760-G GAMING WIFI D4 + 13700K,849
Asus ROG STRIX B760-G GAMING WIFI D4 + 13900F,1146
Asus ROG STRIX B760-G GAMING WIFI D4 + 12700,901
Asus ROG STRIX B760-G GAMING WIFI D4 + 13500,723
Asus ROG STRIX B760-I GAMING WIFI,348
Asus ROG STRIX B760-I GAMING WIFI + 14100,519
Asus ROG STRIX B760-I GAMING WIFI + 14100F,467
Asus ROG STRIX B760-I GAMING WIFI + 14400,623
Asus ROG STRIX B760-I GAMING WIFI + 14400f,586
Asus ROG STRIX B760-I GAMING WIFI + 14500,693
Asus ROG STRIX B760-I GAMING WIFI + 14600,742
Asus ROG STRIX B760-I GAMING WIFI + 14700,816
Asus ROG STRIX B760-I GAMING WIFI + 14700F,779
Asus ROG STRIX B760-I GAMING WIFI + 14900,1163
Asus ROG STRIX B760-I GAMING WIFI + 14600K,690
Asus ROG STRIX B760-I GAMING WIFI + 14600KF,660
Asus ROG STRIX B760-I GAMING WIFI + 14700K,875
Asus ROG STRIX B760-I GAMING WIFI + 14700KF,838
Asus ROG STRIX B760-I GAMING WIFI + 14900K,1023
Asus ROG STRIX B760-I GAMING WIFI + 14900F,1123
Asus ROG STRIX B760-I GAMING WIFI + 14900KF,994
Asus ROG STRIX B760-I GAMING WIFI + 12700KF,860
Asus ROG STRIX B760-I GAMING WIFI + 12400F,527
Asus ROG STRIX B760-I GAMING WIFI + 13100F,527
Asus ROG STRIX B760-I GAMING WIFI + 13400,622
Asus ROG STRIX B760-I GAMING WIFI + 13600,742
Asus ROG STRIX B760-I GAMING WIFI + 13600K,690
Asus ROG STRIX B760-I GAMING WIFI + 13600KF,645
Asus ROG STRIX B760-I GAMING WIFI + 13700K,831
Asus ROG STRIX B760-I GAMING WIFI + 13900F,1127
Asus ROG STRIX B760-I GAMING WIFI + 12700,882
Asus ROG STRIX B760-I GAMING WIFI + 13500,705
Asus Intel NUC RNUC13ANHI30000 Intel® Core™ i3-1315U Processor (1 8GB 512GB Windows 11 Home Unactivated,600
Asus TUF GAMING B760-PLUS WIFI,348
Asus TUF GAMING B760-PLUS WIFI + 14100,519
Asus TUF GAMING B760-PLUS WIFI + 14100F,467
Asus TUF GAMING B760-PLUS WIFI + 14400,623
Asus TUF GAMING B760-PLUS WIFI + 14400f,586
Asus TUF GAMING B760-PLUS WIFI + 14500,693
Asus TUF GAMING B760-PLUS WIFI + 14600,742
Asus TUF GAMING B760-PLUS WIFI + 14700,816
Asus TUF GAMING B760-PLUS WIFI + 14700F,779
Asus TUF GAMING B760-PLUS WIFI + 14900,1163
Asus TUF GAMING B760-PLUS WIFI + 14600K,690
Asus TUF GAMING B760-PLUS WIFI + 14600KF,660
Asus TUF GAMING B760-PLUS WIFI + 14700K,875
Asus TUF GAMING B760-PLUS WIFI + 14700KF,838
Asus TUF GAMING B760-PLUS WIFI + 14900K,1023
Asus TUF GAMING B760-PLUS WIFI + 14900F,1123
Asus TUF GAMING B760-PLUS WIFI + 14900KF,994
Asus TUF GAMING B760-PLUS WIFI + 12700KF,860
Asus TUF GAMING B760-PLUS WIFI + 12400F,527
Asus TUF GAMING B760-PLUS WIFI + 13100F,527
Asus TUF GAMING B760-PLUS WIFI + 13400,622
Asus TUF GAMING B760-PLUS WIFI + 13600,742
Asus TUF GAMING B760-PLUS WIFI + 13600K,690
Asus TUF GAMING B760-PLUS WIFI + 13600KF,645
Asus TUF GAMING B760-PLUS WIFI + 13700K,831
Asus TUF GAMING B760-PLUS WIFI + 13900F,1127
Asus TUF GAMING B760-PLUS WIFI + 12700,882
Asus TUF GAMING B760-PLUS WIFI + 13500,705
Asus TUF GAMING B760-PLUS WIFI D4,327
Asus TUF GAMING B760-PLUS WIFI D4 + 14100,497
Asus TUF GAMING B760-PLUS WIFI D4 + 14100F,446
Asus TUF GAMING B760-PLUS WIFI D4 + 14400,601
Asus TUF GAMING B760-PLUS WIFI D4 + 14400f,564
Asus TUF GAMING B760-PLUS WIFI D4 + 14500,671
Asus TUF GAMING B760-PLUS WIFI D4 + 14600,720
Asus TUF GAMING B760-PLUS WIFI D4 + 14700,794
Asus TUF GAMING B760-PLUS WIFI D4 + 14700F,757
Asus TUF GAMING B760-PLUS WIFI D4 + 14900,1141
Asus TUF GAMING B760-PLUS WIFI D4 + 14600K,668
Asus TUF GAMING B760-PLUS WIFI D4 + 14600KF,638
Asus TUF GAMING B760-PLUS WIFI D4 + 14700K,853
Asus TUF GAMING B760-PLUS WIFI D4 + 14700KF,816
Asus TUF GAMING B760-PLUS WIFI D4 + 14900K,1001
Asus TUF GAMING B760-PLUS WIFI D4 + 14900F,1101
Asus TUF GAMING B760-PLUS WIFI D4 + 14900KF,972
Asus TUF GAMING B760-PLUS WIFI D4 + 12700KF,838
Asus TUF GAMING B760-PLUS WIFI D4 + 12400F,505
Asus TUF GAMING B760-PLUS WIFI D4 + 13100F,505
Asus TUF GAMING B760-PLUS WIFI D4 + 13400,600
Asus TUF GAMING B760-PLUS WIFI D4 + 13600,720
Asus TUF GAMING B760-PLUS WIFI D4 + 13600K,668
Asus TUF GAMING B760-PLUS WIFI D4 + 13600KF,623
Asus TUF GAMING B760-PLUS WIFI D4 + 13700K,809
Asus TUF GAMING B760-PLUS WIFI D4 + 13900F,1105
Asus TUF GAMING B760-PLUS WIFI D4 + 12700,861
Asus TUF GAMING B760-PLUS WIFI D4 + 13500,683
Asus Intel NUC RNUC13ANHI50000 Intel® Core™ i5-1340P Processor (1 8GB 512GB Windows 11 Home Unactivated,793
Asus TUF GAMING B760M-PLUS WIFI,336
Asus TUF GAMING B760M-PLUS WIFI + 14100,507
Asus TUF GAMING B760M-PLUS WIFI + 14100F,455
Asus TUF GAMING B760M-PLUS WIFI + 14400,611
Asus TUF GAMING B760M-PLUS WIFI + 14400f,574
Asus TUF GAMING B760M-PLUS WIFI + 14500,681
Asus TUF GAMING B760M-PLUS WIFI + 14600,730
Asus TUF GAMING B760M-PLUS WIFI + 14700,804
Asus TUF GAMING B760M-PLUS WIFI + 14700F,767
Asus TUF GAMING B760M-PLUS WIFI + 14900,1151
Asus TUF GAMING B760M-PLUS WIFI + 14600K,678
Asus TUF GAMING B760M-PLUS WIFI + 14600KF,648
Asus TUF GAMING B760M-PLUS WIFI + 14700K,863
Asus TUF GAMING B760M-PLUS WIFI + 14700KF,826
Asus TUF GAMING B760M-PLUS WIFI + 14900K,1011
Asus TUF GAMING B760M-PLUS WIFI + 14900F,1111
Asus TUF GAMING B760M-PLUS WIFI + 14900KF,982
Asus TUF GAMING B760M-PLUS WIFI + 12700KF,848
Asus TUF GAMING B760M-PLUS WIFI + 12400F,515
Asus TUF GAMING B760M-PLUS WIFI + 13100F,515
Asus TUF GAMING B760M-PLUS WIFI + 13400,610
Asus TUF GAMING B760M-PLUS WIFI + 13600,730
Asus TUF GAMING B760M-PLUS WIFI + 13600K,678
Asus TUF GAMING B760M-PLUS WIFI + 13600KF,633
Asus TUF GAMING B760M-PLUS WIFI + 13700K,819
Asus TUF GAMING B760M-PLUS WIFI + 13900F,1115
Asus TUF GAMING B760M-PLUS WIFI + 12700,870
Asus TUF GAMING B760M-PLUS WIFI + 13500,693
Asus TUF GAMING B760M-PLUS WIFI D4,318
Asus TUF GAMING B760M-PLUS WIFI D4 + 14100,489
Asus TUF GAMING B760M-PLUS WIFI D4 + 14100F,437
Asus TUF GAMING B760M-PLUS WIFI D4 + 14400,593
Asus TUF GAMING B760M-PLUS WIFI D4 + 14400f,555
Asus TUF GAMING B760M-PLUS WIFI D4 + 14500,662
Asus TUF GAMING B760M-PLUS WIFI D4 + 14600,711
Asus TUF GAMING B760M-PLUS WIFI D4 + 14700,785
Asus TUF GAMING B760M-PLUS WIFI D4 + 14700F,748
Asus TUF GAMING B760M-PLUS WIFI D4 + 14900,1132
Asus TUF GAMING B760M-PLUS WIFI D4 + 14600K,659
Asus TUF GAMING B760M-PLUS WIFI D4 + 14600KF,630
Asus TUF GAMING B760M-PLUS WIFI D4 + 14700K,845
Asus TUF GAMING B760M-PLUS WIFI D4 + 14700KF,807
Asus TUF GAMING B760M-PLUS WIFI D4 + 14900K,993
Asus TUF GAMING B760M-PLUS WIFI D4 + 14900F,1092
Asus TUF GAMING B760M-PLUS WIFI D4 + 14900KF,963
Asus TUF GAMING B760M-PLUS WIFI D4 + 12700KF,830
Asus TUF GAMING B760M-PLUS WIFI D4 + 12400F,496
Asus TUF GAMING B760M-PLUS WIFI D4 + 13100F,496
Asus TUF GAMING B760M-PLUS WIFI D4 + 13400,591
Asus TUF GAMING B760M-PLUS WIFI D4 + 13600,711
Asus TUF GAMING B760M-PLUS WIFI D4 + 13600K,659
Asus TUF GAMING B760M-PLUS WIFI D4 + 13600KF,615
Asus TUF GAMING B760M-PLUS WIFI D4 + 13700K,800
Asus TUF GAMING B760M-PLUS WIFI D4 + 13900F,1097
Asus TUF GAMING B760M-PLUS WIFI D4 + 12700,852
Asus TUF GAMING B760M-PLUS WIFI D4 + 13500,674
Asus Intel NUC RNUC13ANHI70000 Intel® Core™ i7-1360P Processor (1 8GB 512GB Windows 11 Home Unactivated,981
Asus PROART B760-CREATOR D4,413
Asus PROART B760-CREATOR D4 + 14100,584
Asus PROART B760-CREATOR D4 + 14100F,532
Asus PROART B760-CREATOR D4 + 14400,687
Asus PROART B760-CREATOR D4 + 14400f,650
Asus PROART B760-CREATOR D4 + 14500,757
Asus PROART B760-CREATOR D4 + 14600,806
Asus PROART B760-CREATOR D4 + 14700,880
Asus PROART B760-CREATOR D4 + 14700F,843
Asus PROART B760-CREATOR D4 + 14900,1227
Asus PROART B760-CREATOR D4 + 14600K,754
Asus PROART B760-CREATOR D4 + 14600KF,724
Asus PROART B760-CREATOR D4 + 14700K,939
Asus PROART B760-CREATOR D4 + 14700KF,902
Asus PROART B760-CREATOR D4 + 14900K,1088
Asus PROART B760-CREATOR D4 + 14900F,1187
Asus PROART B760-CREATOR D4 + 14900KF,1058
Asus PROART B760-CREATOR D4 + 12700KF,925
Asus PROART B760-CREATOR D4 + 12400F,591
Asus PROART B760-CREATOR D4 + 13100F,591
Asus PROART B760-CREATOR D4 + 13400,686
Asus PROART B760-CREATOR D4 + 13600,806
Asus PROART B760-CREATOR D4 + 13600K,754
Asus PROART B760-CREATOR D4 + 13600KF,710
Asus PROART B760-CREATOR D4 + 13700K,895
Asus PROART B760-CREATOR D4 + 13900F,1191
Asus PROART B760-CREATOR D4 + 12700,947
Asus PROART B760-CREATOR D4 + 13500,769
Asus PRIME B760M-A WIFI,265
Asus PRIME B760M-A WIFI + 14100,436
Asus PRIME B760M-A WIFI + 14100F,385
Asus PRIME B760M-A WIFI + 14400,540
Asus PRIME B760M-A WIFI + 14400f,503
Asus PRIME B760M-A WIFI + 14500,610
Asus PRIME B760M-A WIFI + 14600,659
Asus PRIME B760M-A WIFI + 14700,733
Asus PRIME B760M-A WIFI + 14700F,696
Asus PRIME B760M-A WIFI + 14900,1080
Asus PRIME B760M-A WIFI + 14600K,607
Asus PRIME B760M-A WIFI + 14600KF,577
Asus PRIME B760M-A WIFI + 14700K,792
Asus PRIME B760M-A WIFI + 14700KF,755
Asus PRIME B760M-A WIFI + 14900K,940
Asus PRIME B760M-A WIFI + 14900F,1040
Asus PRIME B760M-A WIFI + 14900KF,911
Asus PRIME B760M-A WIFI + 12700KF,777
Asus PRIME B760M-A WIFI + 12400F,444
Asus PRIME B760M-A WIFI + 13100F,444
Asus PRIME B760M-A WIFI + 13400,539
Asus PRIME B760M-A WIFI + 13600,659
Asus PRIME B760M-A WIFI + 13600K,607
Asus PRIME B760M-A WIFI + 13600KF,562
Asus PRIME B760M-A WIFI + 13700K,748
Asus PRIME B760M-A WIFI + 13900F,1044
Asus PRIME B760M-A WIFI + 12700,800
Asus PRIME B760M-A WIFI + 13500,622
Asus Intel NUC RNUC14RVHI300000I Intel® Core™ 3-100U Processor (1 8GB 512GB Windows 11 Home Unactivated,646
Asus PRIME B760M-A WIFI D4-CSM,207
Asus PRIME B760M-A WIFI D4-CSM + 14100,378
Asus PRIME B760M-A WIFI D4-CSM + 14100F,326
Asus PRIME B760M-A WIFI D4-CSM + 14400,481
Asus PRIME B760M-A WIFI D4-CSM + 14400f,444
Asus PRIME B760M-A WIFI D4-CSM + 14500,551
Asus PRIME B760M-A WIFI D4-CSM + 14600,600
Asus PRIME B760M-A WIFI D4-CSM + 14700,674
Asus PRIME B760M-A WIFI D4-CSM + 14700F,637
Asus PRIME B760M-A WIFI D4-CSM + 14900,1021
Asus PRIME B760M-A WIFI D4-CSM + 14600K,548
Asus PRIME B760M-A WIFI D4-CSM + 14600KF,518
Asus PRIME B760M-A WIFI D4-CSM + 14700K,733
Asus PRIME B760M-A WIFI D4-CSM + 14700KF,696
Asus PRIME B760M-A WIFI D4-CSM + 14900K,882
Asus PRIME B760M-A WIFI D4-CSM + 14900F,981
Asus PRIME B760M-A WIFI D4-CSM + 14900KF,852
Asus PRIME B760M-A WIFI D4-CSM + 12700KF,719
Asus PRIME B760M-A WIFI D4-CSM + 12400F,385
Asus PRIME B760M-A WIFI D4-CSM + 13100F,385
Asus PRIME B760M-A WIFI D4-CSM + 13400,480
Asus PRIME B760M-A WIFI D4-CSM + 13600,600
Asus PRIME B760M-A WIFI D4-CSM + 13600K,548
Asus PRIME B760M-A WIFI D4-CSM + 13600KF,504
Asus PRIME B760M-A WIFI D4-CSM + 13700K,689
Asus PRIME B760M-A WIFI D4-CSM + 13900F,985
Asus PRIME B760M-A WIFI D4-CSM + 12700,741
Asus PRIME B760M-A WIFI D4-CSM + 13500,563
Asus PRIME H610M-A WIFI,201
Asus PRIME H610M-A WIFI + 14100,372
Asus PRIME H610M-A WIFI + 14100F,320
Asus PRIME H610M-A WIFI + 14400,476
Asus PRIME H610M-A WIFI + 14400f,439
Asus PRIME H610M-A WIFI + 14500,546
Asus PRIME H610M-A WIFI + 14600,594
Asus PRIME H610M-A WIFI + 14700,669
Asus PRIME H610M-A WIFI + 14700F,632
Asus PRIME H610M-A WIFI + 14900,1015
Asus PRIME H610M-A WIFI + 14600K,543
Asus PRIME H610M-A WIFI + 14600KF,513
Asus PRIME H610M-A WIFI + 14700K,728
Asus PRIME H610M-A WIFI + 14700KF,691
Asus PRIME H610M-A WIFI + 14900K,876
Asus PRIME H610M-A WIFI + 14900F,975
Asus PRIME H610M-A WIFI + 14900KF,846
Asus PRIME H610M-A WIFI + 12700KF,713
Asus PRIME H610M-A WIFI + 12400F,380
Asus PRIME H610M-A WIFI + 13100F,380
Asus PRIME H610M-A WIFI + 13400,474
Asus PRIME H610M-A WIFI + 13600,594
Asus PRIME H610M-A WIFI + 13600K,543
Asus PRIME H610M-A WIFI + 13600KF,498
Asus PRIME H610M-A WIFI + 13700K,683
Asus PRIME H610M-A WIFI + 13900F,980
Asus PRIME H610M-A WIFI + 12700,735
Asus PRIME H610M-A WIFI + 13500,557
Asus Intel NUC RNUC14RVHU500000I Intel® Core™ U5-125H Processor ( 8GB 512GB Windows 11 Home Unactivated,810
Asus PRIME H610I-PLUS,183
Asus PRIME H610I-PLUS + 14100,354
Asus PRIME H610I-PLUS + 14100F,302
Asus PRIME H610I-PLUS + 14400,457
Asus PRIME H610I-PLUS + 14400f,420
Asus PRIME H610I-PLUS + 14500,527
Asus PRIME H610I-PLUS + 14600,576
Asus PRIME H610I-PLUS + 14700,650
Asus PRIME H610I-PLUS + 14700F,613
Asus PRIME H610I-PLUS + 14900,997
Asus PRIME H610I-PLUS + 14600K,524
Asus PRIME H610I-PLUS + 14600KF,494
Asus PRIME H610I-PLUS + 14700K,709
Asus PRIME H610I-PLUS + 14700KF,672
Asus PRIME H610I-PLUS + 14900K,858
Asus PRIME H610I-PLUS + 14900F,957
Asus PRIME H610I-PLUS + 14900KF,828
Asus PRIME H610I-PLUS + 12700KF,695
Asus PRIME H610I-PLUS + 12400F,361
Asus PRIME H610I-PLUS + 13100F,361
Asus PRIME H610I-PLUS + 13400,456
Asus PRIME H610I-PLUS + 13600,576
Asus PRIME H610I-PLUS + 13600K,524
Asus PRIME H610I-PLUS + 13600KF,480
Asus PRIME H610I-PLUS + 13700K,665
Asus PRIME H610I-PLUS + 13900F,961
Asus PRIME H610I-PLUS + 12700,717
Asus PRIME H610I-PLUS + 13500,539
Asus Intel NUC RNUC14RVHU700000I Intel® Core™ U7-155H Processor ( 8GB 512GB Windows 11 Home Unactivated,1024
MSI MEG Z790 ACE MAX + 14100,1177
MSI MEG Z790 ACE MAX + 14100F,1125
MSI MEG Z790 ACE MAX + 14400,1281
MSI MEG Z790 ACE MAX + 14400f,1244
MSI MEG Z790 ACE MAX + 14500,1350
MSI MEG Z790 ACE MAX + 14600,1399
MSI MEG Z790 ACE MAX + 14700,1473
MSI MEG Z790 ACE MAX + 14700F,1436
MSI MEG Z790 ACE MAX + 14900,1820
MSI MEG Z790 ACE MAX + 14600K,1347
MSI MEG Z790 ACE MAX + 14600KF,1318
MSI MEG Z790 ACE MAX + 14700K,1533
MSI MEG Z790 ACE MAX + 14700KF,1496
MSI MEG Z790 ACE MAX + 14900K,1681
MSI MEG Z790 ACE MAX + 14900F,1780
MSI MEG Z790 ACE MAX + 14900KF,1651
MSI MEG Z790 ACE MAX + 12700KF,1518
MSI MEG Z790 ACE MAX + 12400F,1184
MSI MEG Z790 ACE MAX + 13100F,1184
MSI MEG Z790 ACE MAX + 13400,1279
MSI MEG Z790 ACE MAX + 13600,1399
MSI MEG Z790 ACE MAX + 13600K,1347
MSI MEG Z790 ACE MAX + 13600KF,1303
MSI MEG Z790 ACE MAX + 13700K,1488
MSI MEG Z790 ACE MAX + 13900F,1785
MSI MEG Z790 ACE MAX + 12700,1540
MSI MEG Z790 ACE MAX + 13500,1362
Asus Intel NUC RNUC14RVSU900000I Intel® Core™ U9-185H Processor ( 8GB 512GB Windows 11 Home Unactivated,1238
MSI MPG Z790I EDGE WIFI,500
MSI MPG Z790I EDGE WIFI + 14100,671
MSI MPG Z790I EDGE WIFI + 14100F,619
MSI MPG Z790I EDGE WIFI + 14400,774
MSI MPG Z790I EDGE WIFI + 14400f,737
MSI MPG Z790I EDGE WIFI + 14500,844
MSI MPG Z790I EDGE WIFI + 14600,893
MSI MPG Z790I EDGE WIFI + 14700,967
MSI MPG Z790I EDGE WIFI + 14700F,930
MSI MPG Z790I EDGE WIFI + 14900,1314
MSI MPG Z790I EDGE WIFI + 14600K,841
MSI MPG Z790I EDGE WIFI + 14600KF,811
MSI MPG Z790I EDGE WIFI + 14700K,1026
MSI MPG Z790I EDGE WIFI + 14700KF,989
MSI MPG Z790I EDGE WIFI + 14900K,1175
MSI MPG Z790I EDGE WIFI + 14900F,1274
MSI MPG Z790I EDGE WIFI + 14900KF,1145
MSI MPG Z790I EDGE WIFI + 12700KF,1011
MSI MPG Z790I EDGE WIFI + 12400F,678
MSI MPG Z790I EDGE WIFI + 13100F,678
MSI MPG Z790I EDGE WIFI + 13400,773
MSI MPG Z790I EDGE WIFI + 13600,893
MSI MPG Z790I EDGE WIFI + 13600K,841
MSI MPG Z790I EDGE WIFI + 13600KF,797
MSI MPG Z790I EDGE WIFI + 13700K,982
MSI MPG Z790I EDGE WIFI + 13900F,1278
MSI MPG Z790I EDGE WIFI + 12700,1034
MSI MPG Z790I EDGE WIFI + 13500,856
MSI MPG B760I EDGE WIFI,298
MSI MPG B760I EDGE WIFI + 14100,469
MSI MPG B760I EDGE WIFI + 14100F,417
MSI MPG B760I EDGE WIFI + 14400,573
MSI MPG B760I EDGE WIFI + 14400f,536
MSI MPG B760I EDGE WIFI + 14500,643
MSI MPG B760I EDGE WIFI + 14600,691
MSI MPG B760I EDGE WIFI + 14700,766
MSI MPG B760I EDGE WIFI + 14700F,729
MSI MPG B760I EDGE WIFI + 14900,1112
MSI MPG B760I EDGE WIFI + 14600K,640
MSI MPG B760I EDGE WIFI + 14600KF,610
MSI MPG B760I EDGE WIFI + 14700K,825
MSI MPG B760I EDGE WIFI + 14700KF,788
MSI MPG B760I EDGE WIFI + 14900K,973
MSI MPG B760I EDGE WIFI + 14900F,1072
MSI MPG B760I EDGE WIFI + 14900KF,944
MSI MPG B760I EDGE WIFI + 12700KF,810
MSI MPG B760I EDGE WIFI + 12400F,477
MSI MPG B760I EDGE WIFI + 13100F,477
MSI MPG B760I EDGE WIFI + 13400,571
MSI MPG B760I EDGE WIFI + 13600,691
MSI MPG B760I EDGE WIFI + 13600K,640
MSI MPG B760I EDGE WIFI + 13600KF,595
MSI MPG B760I EDGE WIFI + 13700K,780
MSI MPG B760I EDGE WIFI + 13900F,1077
MSI MPG B760I EDGE WIFI + 12700,832
MSI MPG B760I EDGE WIFI + 13500,654
Asus Intel NUC RNUC14RVHV500000 Intel® Core™ U5-135H Processor (1 8GB 512GB Windows 11 Home Unactivated,1139
MSI MPG Z790 EDGE WIFI DDR4,545
MSI MPG Z790 EDGE WIFI DDR4 + 14100,716
MSI MPG Z790 EDGE WIFI DDR4 + 14100F,664
MSI MPG Z790 EDGE WIFI DDR4 + 14400,820
MSI MPG Z790 EDGE WIFI DDR4 + 14400f,783
MSI MPG Z790 EDGE WIFI DDR4 + 14500,889
MSI MPG Z790 EDGE WIFI DDR4 + 14600,938
MSI MPG Z790 EDGE WIFI DDR4 + 14700,1012
MSI MPG Z790 EDGE WIFI DDR4 + 14700F,975
MSI MPG Z790 EDGE WIFI DDR4 + 14900,1359
MSI MPG Z790 EDGE WIFI DDR4 + 14600K,886
MSI MPG Z790 EDGE WIFI DDR4 + 14600KF,857
MSI MPG Z790 EDGE WIFI DDR4 + 14700K,1072
MSI MPG Z790 EDGE WIFI DDR4 + 14700KF,1035
MSI MPG Z790 EDGE WIFI DDR4 + 14900K,1220
MSI MPG Z790 EDGE WIFI DDR4 + 14900F,1319
MSI MPG Z790 EDGE WIFI DDR4 + 14900KF,1190
MSI MPG Z790 EDGE WIFI DDR4 + 12700KF,1057
MSI MPG Z790 EDGE WIFI DDR4 + 12400F,723
MSI MPG Z790 EDGE WIFI DDR4 + 13100F,723
MSI MPG Z790 EDGE WIFI DDR4 + 13400,818
MSI MPG Z790 EDGE WIFI DDR4 + 13600,938
MSI MPG Z790 EDGE WIFI DDR4 + 13600K,886
MSI MPG Z790 EDGE WIFI DDR4 + 13600KF,842
MSI MPG Z790 EDGE WIFI DDR4 + 13700K,1027
MSI MPG Z790 EDGE WIFI DDR4 + 13900F,1324
MSI MPG Z790 EDGE WIFI DDR4 + 12700,1079
MSI MPG Z790 EDGE WIFI DDR4 + 13500,901
Asus Intel NUC RNUC14RVHV700000 Intel® Core™ U7-165H Processor (2 8GB 512GB Windows 11 Home Unactivated,1377
MSI MAG B760 TOMAHAWK WIFI DDR4,246
MSI MAG B760 TOMAHAWK WIFI DDR4 + 14100,417
MSI MAG B760 TOMAHAWK WIFI DDR4 + 14100F,365
MSI MAG B760 TOMAHAWK WIFI DDR4 + 14400,521
MSI MAG B760 TOMAHAWK WIFI DDR4 + 14400f,484
MSI MAG B760 TOMAHAWK WIFI DDR4 + 14500,591
MSI MAG B760 TOMAHAWK WIFI DDR4 + 14600,640
MSI MAG B760 TOMAHAWK WIFI DDR4 + 14700,714
MSI MAG B760 TOMAHAWK WIFI DDR4 + 14700F,677
MSI MAG B760 TOMAHAWK WIFI DDR4 + 14900,1061
MSI MAG B760 TOMAHAWK WIFI DDR4 + 14600K,588
MSI MAG B760 TOMAHAWK WIFI DDR4 + 14600KF,558
MSI MAG B760 TOMAHAWK WIFI DDR4 + 14700K,773
MSI MAG B760 TOMAHAWK WIFI DDR4 + 14700KF,736
MSI MAG B760 TOMAHAWK WIFI DDR4 + 14900K,921
MSI MAG B760 TOMAHAWK WIFI DDR4 + 14900F,1021
MSI MAG B760 TOMAHAWK WIFI DDR4 + 14900KF,892
MSI MAG B760 TOMAHAWK WIFI DDR4 + 12700KF,758
MSI MAG B760 TOMAHAWK WIFI DDR4 + 12400F,425
MSI MAG B760 TOMAHAWK WIFI DDR4 + 13100F,425
MSI MAG B760 TOMAHAWK WIFI DDR4 + 13400,519
MSI MAG B760 TOMAHAWK WIFI DDR4 + 13600,640
MSI MAG B760 TOMAHAWK WIFI DDR4 + 13600K,588
MSI MAG B760 TOMAHAWK WIFI DDR4 + 13600KF,543
MSI MAG B760 TOMAHAWK WIFI DDR4 + 13700K,728
MSI MAG B760 TOMAHAWK WIFI DDR4 + 13900F,1025
MSI MAG B760 TOMAHAWK WIFI DDR4 + 12700,780
MSI MAG B760 TOMAHAWK WIFI DDR4 + 13500,602
MSI MAG H670 TOMAHAWK WIFI DDR4,141
MSI MAG H670 TOMAHAWK WIFI DDR4 + 14100,312
MSI MAG H670 TOMAHAWK WIFI DDR4 + 14100F,260
MSI MAG H670 TOMAHAWK WIFI DDR4 + 14400,416
MSI MAG H670 TOMAHAWK WIFI DDR4 + 14400f,379
MSI MAG H670 TOMAHAWK WIFI DDR4 + 14500,486
MSI MAG H670 TOMAHAWK WIFI DDR4 + 14600,535
MSI MAG H670 TOMAHAWK WIFI DDR4 + 14700,609
MSI MAG H670 TOMAHAWK WIFI DDR4 + 14700F,572
MSI MAG H670 TOMAHAWK WIFI DDR4 + 14900,956
MSI MAG H670 TOMAHAWK WIFI DDR4 + 14600K,483
MSI MAG H670 TOMAHAWK WIFI DDR4 + 14600KF,453
MSI MAG H670 TOMAHAWK WIFI DDR4 + 14700K,668
MSI MAG H670 TOMAHAWK WIFI DDR4 + 14700KF,631
MSI MAG H670 TOMAHAWK WIFI DDR4 + 14900K,816
MSI MAG H670 TOMAHAWK WIFI DDR4 + 14900F,916
MSI MAG H670 TOMAHAWK WIFI DDR4 + 14900KF,787
MSI MAG H670 TOMAHAWK WIFI DDR4 + 12700KF,653
MSI MAG H670 TOMAHAWK WIFI DDR4 + 12400F,320
MSI MAG H670 TOMAHAWK WIFI DDR4 + 13100F,320
MSI MAG H670 TOMAHAWK WIFI DDR4 + 13400,414
MSI MAG H670 TOMAHAWK WIFI DDR4 + 13600,535
MSI MAG H670 TOMAHAWK WIFI DDR4 + 13600K,483
MSI MAG H670 TOMAHAWK WIFI DDR4 + 13600KF,438
MSI MAG H670 TOMAHAWK WIFI DDR4 + 13700K,623
MSI MAG H670 TOMAHAWK WIFI DDR4 + 13900F,920
MSI MAG H670 TOMAHAWK WIFI DDR4 + 12700,675
MSI MAG H670 TOMAHAWK WIFI DDR4 + 13500,497
Asus Intel NUC RNUC13RNGI70000 Intel® Core™ i7-13700K Processor ( 8GB 512GB Windows 11 Home Unactivated,1910
MSI PRO H610M-G Wifi DDR4,162
MSI PRO H610M-G Wifi DDR4 + 14100,333
MSI PRO H610M-G Wifi DDR4 + 14100F,281
MSI PRO H610M-G Wifi DDR4 + 14400,437
MSI PRO H610M-G Wifi DDR4 + 14400f,400
MSI PRO H610M-G Wifi DDR4 + 14500,507
MSI PRO H610M-G Wifi DDR4 + 14600,556
MSI PRO H610M-G Wifi DDR4 + 14700,630
MSI PRO H610M-G Wifi DDR4 + 14700F,593
MSI PRO H610M-G Wifi DDR4 + 14900,977
MSI PRO H610M-G Wifi DDR4 + 14600K,504
MSI PRO H610M-G Wifi DDR4 + 14600KF,474
MSI PRO H610M-G Wifi DDR4 + 14700K,689
MSI PRO H610M-G Wifi DDR4 + 14700KF,652
MSI PRO H610M-G Wifi DDR4 + 14900K,837
MSI PRO H610M-G Wifi DDR4 + 14900F,937
MSI PRO H610M-G Wifi DDR4 + 14900KF,808
MSI PRO H610M-G Wifi DDR4 + 12700KF,674
MSI PRO H610M-G Wifi DDR4 + 12400F,341
MSI PRO H610M-G Wifi DDR4 + 13100F,341
MSI PRO H610M-G Wifi DDR4 + 13400,435
MSI PRO H610M-G Wifi DDR4 + 13600,556
MSI PRO H610M-G Wifi DDR4 + 13600K,504
MSI PRO H610M-G Wifi DDR4 + 13600KF,459
MSI PRO H610M-G Wifi DDR4 + 13700K,645
MSI PRO H610M-G Wifi DDR4 + 13900F,941
MSI PRO H610M-G Wifi DDR4 + 12700,696
MSI PRO H610M-G Wifi DDR4 + 13500,518
Gigabyte Z790 Aorus Elite AX ICE,380
Gigabyte Z790 Aorus Elite AX ICE + 14100,551
Gigabyte Z790 Aorus Elite AX ICE + 14100F,499
Gigabyte Z790 Aorus Elite AX ICE + 14400,655
Gigabyte Z790 Aorus Elite AX ICE + 14400f,618
Gigabyte Z790 Aorus Elite AX ICE + 14500,724
Gigabyte Z790 Aorus Elite AX ICE + 14600,773
Gigabyte Z790 Aorus Elite AX ICE + 14700,847
Gigabyte Z790 Aorus Elite AX ICE + 14700F,810
Gigabyte Z790 Aorus Elite AX ICE + 14900,1194
Gigabyte Z790 Aorus Elite AX ICE + 14600K,721
Gigabyte Z790 Aorus Elite AX ICE + 14600KF,692
Gigabyte Z790 Aorus Elite AX ICE + 14700K,907
Gigabyte Z790 Aorus Elite AX ICE + 14700KF,870
Gigabyte Z790 Aorus Elite AX ICE + 14900K,1055
Gigabyte Z790 Aorus Elite AX ICE + 14900F,1154
Gigabyte Z790 Aorus Elite AX ICE + 14900KF,1025
Gigabyte Z790 Aorus Elite AX ICE + 12700KF,892
Gigabyte Z790 Aorus Elite AX ICE + 12400F,558
Gigabyte Z790 Aorus Elite AX ICE + 13100F,558
Gigabyte Z790 Aorus Elite AX ICE + 13400,653
Gigabyte Z790 Aorus Elite AX ICE + 13600,773
Gigabyte Z790 Aorus Elite AX ICE + 13600K,721
Gigabyte Z790 Aorus Elite AX ICE + 13600KF,677
Gigabyte Z790 Aorus Elite AX ICE + 13700K,862
Gigabyte Z790 Aorus Elite AX ICE + 13900F,1159
Gigabyte Z790 Aorus Elite AX ICE + 12700,914
Gigabyte Z790 Aorus Elite AX ICE + 13500,736
Asus Intel NUC RNUC14SRKU710000I Intel® Core™ Ultra 7 155H Proces 8GB 512GB Windows 11 Home Unactivated,2053
Gigabyte Z790 Aorus PRO X Wifi 7,517
Gigabyte Z790 Aorus PRO X Wifi 7 + 14100,688
Gigabyte Z790 Aorus PRO X Wifi 7 + 14100F,636
Gigabyte Z790 Aorus PRO X Wifi 7 + 14400,792
Gigabyte Z790 Aorus PRO X Wifi 7 + 14400f,755
Gigabyte Z790 Aorus PRO X Wifi 7 + 14500,862
Gigabyte Z790 Aorus PRO X Wifi 7 + 14600,911
Gigabyte Z790 Aorus PRO X Wifi 7 + 14700,985
Gigabyte Z790 Aorus PRO X Wifi 7 + 14700F,948
Gigabyte Z790 Aorus PRO X Wifi 7 + 14900,1332
Gigabyte Z790 Aorus PRO X Wifi 7 + 14600K,859
Gigabyte Z790 Aorus PRO X Wifi 7 + 14600KF,829
Gigabyte Z790 Aorus PRO X Wifi 7 + 14700K,1044
Gigabyte Z790 Aorus PRO X Wifi 7 + 14700KF,1007
Gigabyte Z790 Aorus PRO X Wifi 7 + 14900K,1192
Gigabyte Z790 Aorus PRO X Wifi 7 + 14900F,1292
Gigabyte Z790 Aorus PRO X Wifi 7 + 14900KF,1163
Gigabyte Z790 Aorus PRO X Wifi 7 + 12700KF,1029
Gigabyte Z790 Aorus PRO X Wifi 7 + 12400F,696
Gigabyte Z790 Aorus PRO X Wifi 7 + 13100F,696
Gigabyte Z790 Aorus PRO X Wifi 7 + 13400,791
Gigabyte Z790 Aorus PRO X Wifi 7 + 13600,911
Gigabyte Z790 Aorus PRO X Wifi 7 + 13600K,859
Gigabyte Z790 Aorus PRO X Wifi 7 + 13600KF,814
Gigabyte Z790 Aorus PRO X Wifi 7 + 13700K,1000
Gigabyte Z790 Aorus PRO X Wifi 7 + 13900F,1296
Gigabyte Z790 Aorus PRO X Wifi 7 + 12700,1051
Gigabyte Z790 Aorus PRO X Wifi 7 + 13500,874
Gigabyte B760M AORUS ELITE AX,271
Gigabyte B760M AORUS ELITE AX + 14100,442
Gigabyte B760M AORUS ELITE AX + 14100F,390
Gigabyte B760M AORUS ELITE AX + 14400,546
Gigabyte B760M AORUS ELITE AX + 14400f,509
Gigabyte B760M AORUS ELITE AX + 14500,615
Gigabyte B760M AORUS ELITE AX + 14600,664
Gigabyte B760M AORUS ELITE AX + 14700,738
Gigabyte B760M AORUS ELITE AX + 14700F,701
Gigabyte B760M AORUS ELITE AX + 14900,1085
Gigabyte B760M AORUS ELITE AX + 14600K,612
Gigabyte B760M AORUS ELITE AX + 14600KF,583
Gigabyte B760M AORUS ELITE AX + 14700K,798
Gigabyte B760M AORUS ELITE AX + 14700KF,761
Gigabyte B760M AORUS ELITE AX + 14900K,946
Gigabyte B760M AORUS ELITE AX + 14900F,1045
Gigabyte B760M AORUS ELITE AX + 14900KF,916
Gigabyte B760M AORUS ELITE AX + 12700KF,783
Gigabyte B760M AORUS ELITE AX + 12400F,449
Gigabyte B760M AORUS ELITE AX + 13100F,449
Gigabyte B760M AORUS ELITE AX + 13400,544
Gigabyte B760M AORUS ELITE AX + 13600,664
Gigabyte B760M AORUS ELITE AX + 13600K,612
Gigabyte B760M AORUS ELITE AX + 13600KF,568
Gigabyte B760M AORUS ELITE AX + 13700K,753
Gigabyte B760M AORUS ELITE AX + 13900F,1050
Gigabyte B760M AORUS ELITE AX + 12700,805
Gigabyte B760M AORUS ELITE AX + 13500,627
Asus Intel NUC RNUC14SRKU910000I Intel® Core™ Ultra 9 185H Proces 8GB 512GB Windows 11 Home Unactivated,2441
Gigabyte B760 AORUS ELITE AX DDR4,227
Gigabyte B760 AORUS ELITE AX DDR4 + 14100,398
Gigabyte B760 AORUS ELITE AX DDR4 + 14100F,346
Gigabyte B760 AORUS ELITE AX DDR4 + 14400,502
Gigabyte B760 AORUS ELITE AX DDR4 + 14400f,465
Gigabyte B760 AORUS ELITE AX DDR4 + 14500,572
Gigabyte B760 AORUS ELITE AX DDR4 + 14600,621
Gigabyte B760 AORUS ELITE AX DDR4 + 14700,695
Gigabyte B760 AORUS ELITE AX DDR4 + 14700F,658
Gigabyte B760 AORUS ELITE AX DDR4 + 14900,1042
Gigabyte B760 AORUS ELITE AX DDR4 + 14600K,569
Gigabyte B760 AORUS ELITE AX DDR4 + 14600KF,539
Gigabyte B760 AORUS ELITE AX DDR4 + 14700K,754
Gigabyte B760 AORUS ELITE AX DDR4 + 14700KF,717
Gigabyte B760 AORUS ELITE AX DDR4 + 14900K,902
Gigabyte B760 AORUS ELITE AX DDR4 + 14900F,1002
Gigabyte B760 AORUS ELITE AX DDR4 + 14900KF,873
Gigabyte B760 AORUS ELITE AX DDR4 + 12700KF,739
Gigabyte B760 AORUS ELITE AX DDR4 + 12400F,406
Gigabyte B760 AORUS ELITE AX DDR4 + 13100F,406
Gigabyte B760 AORUS ELITE AX DDR4 + 13400,501
Gigabyte B760 AORUS ELITE AX DDR4 + 13600,621
Gigabyte B760 AORUS ELITE AX DDR4 + 13600K,569
Gigabyte B760 AORUS ELITE AX DDR4 + 13600KF,524
Gigabyte B760 AORUS ELITE AX DDR4 + 13700K,710
Gigabyte B760 AORUS ELITE AX DDR4 + 13900F,1006
Gigabyte B760 AORUS ELITE AX DDR4 + 12700,761
Gigabyte B760 AORUS ELITE AX DDR4 + 13500,584
Gigabyte B760 AORUS ELITE DDR4,234
Gigabyte B760 AORUS ELITE DDR4 + 14100,405
Gigabyte B760 AORUS ELITE DDR4 + 14100F,353
Gigabyte B760 AORUS ELITE DDR4 + 14400,509
Gigabyte B760 AORUS ELITE DDR4 + 14400f,472
Gigabyte B760 AORUS ELITE DDR4 + 14500,578
Gigabyte B760 AORUS ELITE DDR4 + 14600,627
Gigabyte B760 AORUS ELITE DDR4 + 14700,701
Gigabyte B760 AORUS ELITE DDR4 + 14700F,664
Gigabyte B760 AORUS ELITE DDR4 + 14900,1048
Gigabyte B760 AORUS ELITE DDR4 + 14600K,575
Gigabyte B760 AORUS ELITE DDR4 + 14600KF,546
Gigabyte B760 AORUS ELITE DDR4 + 14700K,761
Gigabyte B760 AORUS ELITE DDR4 + 14700KF,724
Gigabyte B760 AORUS ELITE DDR4 + 14900K,909
Gigabyte B760 AORUS ELITE DDR4 + 14900F,1008
Gigabyte B760 AORUS ELITE DDR4 + 14900KF,879
Gigabyte B760 AORUS ELITE DDR4 + 12700KF,746
Gigabyte B760 AORUS ELITE DDR4 + 12400F,412
Gigabyte B760 AORUS ELITE DDR4 + 13100F,412
Gigabyte B760 AORUS ELITE DDR4 + 13400,507
Gigabyte B760 AORUS ELITE DDR4 + 13600,627
Gigabyte B760 AORUS ELITE DDR4 + 13600K,575
Gigabyte B760 AORUS ELITE DDR4 + 13600KF,531
Gigabyte B760 AORUS ELITE DDR4 + 13700K,716
Gigabyte B760 AORUS ELITE DDR4 + 13900F,1013
Gigabyte B760 AORUS ELITE DDR4 + 12700,768
Gigabyte B760 AORUS ELITE DDR4 + 13500,590
Gigabyte B760 GAMING X AX DDR4,207
Gigabyte B760 GAMING X AX DDR4 + 14100,378
Gigabyte B760 GAMING X AX DDR4 + 14100F,326
Gigabyte B760 GAMING X AX DDR4 + 14400,481
Gigabyte B760 GAMING X AX DDR4 + 14400f,444
Gigabyte B760 GAMING X AX DDR4 + 14500,551
Gigabyte B760 GAMING X AX DDR4 + 14600,600
Ubiquiti ER-8-XG-U,3091
Ubiquiti PBE-5AC-400-ISO-EU,238
Ubiquiti U-Cable-Patch-RJ45-50,189
Ubiquiti UACC-Cable-Patch-EL-C6A-12M-W,68
Ubiquiti UACC-OFC-M2-LULU-0.5M-50,350
UAP AC Lite Bulk Pack 50pcs,3000
Ubiquiti ER-RMKIT,39
Ubiquiti PBE-5AC-500,299
Ubiquiti U-Cable-Patch-RJ45-BK,15
Ubiquiti UACC-Cable-Patch-EL-C6A-15M-W,77
Ubiquiti UACC-OFC-M2-LULU-10M,39
UAP AC Lite Bulk Pack 100pcs,5000
Ubiquiti ER-X,98
Ubiquiti PBE-5AC-500-EU,299
Ubiquiti U-Cable-Patch-RJ45-BK-50,189
Ubiquiti UACC-Cable-Patch-EL-C6A-1M-W,24
Ubiquiti UACC-OFC-M2-LULU-15M,53
UAP-AC-Mesh-Pro Bulk Pack 5pcs,900
Ubiquiti ER-X-SFP-U,149
Ubiquiti PBE-5AC-500-U,299
Ubiquiti U-Cable-Patch-RJ45-BL,15
Ubiquiti UACC-Cable-Patch-EL-C6A-2M-W,28
Ubiquiti UACC-OFC-M2-LULU-1M-50,363
UAP-AC-LR Bulk Pack 10pcs,1100
Ubiquiti ER-X-U,98
Ubiquiti PBE-5AC-620,398
Ubiquiti U-Cable-Patch-RJ45-BL-50,189
Ubiquiti UACC-Cable-Patch-EL-C6A-3M-W,31
Ubiquiti UACC-OFC-M2-LULU-30M,74
UAP-AC-PRO Bulk Pack 10pcs,1300
Ubiquiti ES-10X-U,213
Ubiquiti PBE-5AC-620-EU,398
Ubiquiti U-LTE-Backup Pro-EU,563
Ubiquiti UACC-Cable-Patch-EL-C6A-5M-W,37
Ubiquiti UACC-OFC-M2-LULU-3M-50,539
US-48-500w POE Switch 2 Pack,1600
Ubiquiti ES-10XP,238
Ubiquiti PBE-5AC-620-U,398
Ubiquiti U-LTE-Pro-EU,563
Ubiquiti UACC-Cable-Patch-EL-C6A-8M-W,47
Ubiquiti UACC-OFC-M2-LULU-5M,29
US-24-250w POE Switch 2 Pack,900
Ubiquiti ES-12F-U,402
Ubiquiti PBE-5AC-Gen2,221
Ubiquiti U-PoE,26
Ubiquiti UACC-Cable-Patch-Outdoor-1M-BK,20
Ubiquiti UACC-OFC-MA-MPMP-0.5M,91
US-16-150w POE Switch 4 Pack,1200
Ubiquiti ES-16-150W,589
Ubiquiti PBE-5AC-Gen2-5,1077
Ubiquiti U-POE-af,26
Ubiquiti UACC-Cable-Patch-Outdoor-1M-W,20
Ubiquiti UACC-OFC-MA-MPMP-0.5M-10,802
US-8-150w POE Switch 4 Pack,1000
Ubiquiti ES-16-XG-U,1114
Ubiquiti PBE-5AC-Gen2-5-EU,1077
Ubiquiti U-POE-af-EU,26
Ubiquiti UACC-Cable-Patch-Outdoor-2M-BK,21
Ubiquiti UACC-OFC-MA-MPMP-100M,952
UAP Accesspoint Bulk Pack 50pcs,2000
Ubiquiti ES-16XP,789
Ubiquiti PBE-5AC-Gen2-5-U,1077
Ubiquiti U-POE-at,40
Ubiquiti UACC-Cable-Patch-Outdoor-2M-W,21
Ubiquiti UACC-OFC-MA-MPMP-10M,219
Ubiquiti 60G-PM,158
Ubiquiti ES-18X-EU,339
Ubiquiti PBE-5AC-Gen2-EU,221
Ubiquiti U-POE-at-EU,40
Ubiquiti UACC-Cable-Patch-Outdoor-3M-BK,23
Ubiquiti UACC-OFC-MA-MPMP-15M,299
Ubiquiti ACB-AC,146
Ubiquiti ES-24-250W,802
Ubiquiti PBE-5AC-Gen2-U,221
Ubiquiti U-PoE-EU,26
Ubiquiti UACC-Cable-Patch-Outdoor-3M-W,23
Ubiquiti UACC-OFC-MA-MPMP-1M,98
Ubiquiti ACB-AC-EU,146
Ubiquiti ES-24-500W U,1090
Ubiquiti PBE-5AC-ISO-Gen2,248
Ubiquiti U-PoE+,40
Ubiquiti UACC-Cable-Patch-Outdoor-5M-BK,28
Ubiquiti UACC-OFC-MA-MPMP-1M-10,814
Ubiquiti ACB-AC-U,146
Ubiquiti ES-24-Lite,398
Ubiquiti PBE-5AC-ISO-Gen2-EU,248
Ubiquiti U-PoE+-EU,40
Ubiquiti UACC-Cable-Patch-Outdoor-5M-W,28
Ubiquiti UACC-OFC-MA-MPMP-30M,389
Ubiquiti ACB-ISP,66
Ubiquiti ES-48-500W U,1528
Ubiquiti PBE-5AC-ISO-Gen2-U,248
Ubiquiti U-PoE++,66
Ubiquiti UACC-Cable-Patch-Outdoor-8M-BK,34
Ubiquiti UACC-OFC-MA-MPMP-3M,118
Ubiquiti AF-11,2053
Ubiquiti ES-48-750W,1890
Ubiquiti PBE-M2-400,146
Ubiquiti U-PoE++-EU,66
Ubiquiti UACC-Cable-Patch-Outdoor-8M-W,34
Ubiquiti UACC-OFC-MA-MPMP-3M-10,1126
Ubiquiti AF-11-DUP-H,381
Ubiquiti ES-48-Lite-U,774
Ubiquiti PBE-M2-400-EU,146
Ubiquiti U-PRO-MP,26
Ubiquiti UACC-Cable-Patch-Outdoor-C6A-12M-W,71
Ubiquiti UACC-OFC-MA-MPMP-5M,139
Ubiquiti AF-11-DUP-L,381
Ubiquiti ES-5XP-U,171
Ubiquiti PBE-M2-400-U,146
Ubiquiti U-Rack-6U-TL,632
Ubiquiti UACC-OFC-MA-MPMP-60M,576
Ubiquiti AF-11-U,2053
Ubiquiti ES-8-150W,402
Ubiquiti PBE-M5-300,146
Ubiquiti U6-Enterprise,576
Ubiquiti UACC-Cable-Patch-Outdoor-C6A-15M-W,80
Ubiquiti UACC-OFC-MM-0.5M,20
Ubiquiti AF-24,3003
Ubiquiti ETH-SP-G2,34
Ubiquiti PBE-M5-300-EU,146
Ubiquiti U6-Enterprise-IW,638
Ubiquiti UACC-Cable-Patch-Outdoor-C6A-1M-W,29
Ubiquiti UACC-OFC-MM-1M,21
Ubiquiti AF-24HD-U,6006
Ubiquiti EXTD-cover-Black-3,93
Ubiquiti PBE-M5-300-ISO,173
Ubiquiti U6-Extender,322
Ubiquiti UACC-OFC-MM-2M,24
Ubiquiti EXTD-cover-Concrete-3,93
Ubiquiti PBE-M5-300-ISO-EU,173
Ubiquiti U6-Extender-EU,322
Ubiquiti UACC-Cable-Patch-Outdoor-C6A-2M-W,31
Ubiquiti UACC-OFC-MM-3M,26
Ubiquiti AF-2G24-S45,374
Ubiquiti EXTD-cover-Wood-3,93
Ubiquiti PBE-M5-300-ISO-U,173
Ubiquiti U6-IW,386
Ubiquiti UACC-OFC-MM-5M,28
Ubiquiti AF-2X,965
Ubiquiti PBE-M5-300-U,146
Ubiquiti U6-Lite,208
Ubiquiti UACC-Cable-Patch-Outdoor-C6A-3M-W,36
Ubiquiti UACC-OFC-S2-LULU-0.5M-50,350
Ubiquiti AF-2X-EU,965
Ubiquiti F-POE-G2,68
Ubiquiti PBE-M5-400,171
Ubiquiti U6-LR,381
Ubiquiti UACC-OFC-S2-LULU-10M,39
Ubiquiti AF-2X-U,965
Ubiquiti FC-SM-100,123
Ubiquiti PBE-M5-400-EU,171
Ubiquiti U6-Mesh,381
Ubiquiti UACC-Cable-Patch-Outdoor-C6A-5M-W,40
Ubiquiti UACC-OFC-S2-LULU-15M,53
Ubiquiti AF-3G26-S45,499
Ubiquiti FC-SM-200,181
Ubiquiti PBE-M5-400-ISO,202
Ubiquiti U6-Mesh-EU,381
Ubiquiti UACC-OFC-S2-LULU-1M-50,363
Ubiquiti AF-3X-U,1528
Ubiquiti FC-SM-300,248
Ubiquiti PBE-M5-400-ISO-EU,202
Ubiquiti U6-Mesh-Pro,402
Ubiquiti UACC-Cable-Patch-Outdoor-C6A-8M-W,52
Ubiquiti UACC-OFC-S2-LULU-30M,74
Ubiquiti AF-4X,776
Ubiquiti FlexHD-CM-3,98
Ubiquiti PBE-M5-400-ISO-U,202
Ubiquiti U6-Mesh-Pro-EU,402
Ubiquiti UACC-OFC-S2-LULU-3M-50,539
Ubiquiti AF-5 U,2003
Ubiquiti GBE,277
Ubiquiti PBE-M5-400-U,171
Ubiquiti U6-Mesh-Pro-UK,402
Ubiquiti UACC-Cable-PT-0.5M,31
Ubiquiti UACC-OFC-S2-LULU-5M,29
Ubiquiti AF-5G-OMT-S45,76
Ubiquiti GBE-LR-EU,426
Ubiquiti PC-12,1290
Ubiquiti U6-Mesh-UK,381
Ubiquiti UACC-OFC-SA-MPMP-0.5M,133
Ubiquiti AF-5G23-S45,189
Ubiquiti GBE-Plus-EU,381
Ubiquiti POE-15-12W,24
Ubiquiti U6-Pro,328
Ubiquiti UACC-Cable-PT-1.5M,37
Ubiquiti UACC-OFC-SA-MPMP-0.5M-10,1178
Ubiquiti AF-5G30-S45,224
Ubiquiti HDD-8TB,426
Ubiquiti POE-15-12W(EU),24
Ubiquiti U6+,203
Ubiquiti UACC-Cable-PT-10M,86
Ubiquiti UACC-OFC-SA-MPMP-10M,158
Ubiquiti AF-5G34-S45,602
Ubiquiti Horn-5-30,146
Ubiquiti POE-24-12W,24
Ubiquiti U7-IW,301
Ubiquiti UACC-Cable-PT-20M,131
Ubiquiti UACC-OFC-SA-MPMP-15M,299
Ubiquiti AF-5U,2003
Ubiquiti Horn-5-45,146
Ubiquiti POE-24-12W-5P,88
Ubiquiti U7-Lite,202
Ubiquiti UACC-Cable-PT-30M,195
Ubiquiti UACC-OFC-SA-MPMP-1M,133
Ubiquiti AF-5XHD-U,789
Ubiquiti Horn-5-60,146
Ubiquiti POE-24-12W-5P-EU,88
Ubiquiti U7-Outdoor,398
Ubiquiti UACC-Cable-PT-3M,52
Ubiquiti UACC-OFC-SA-MPMP-1M-10,1178
Ubiquiti AF-MPx4,163
Ubiquiti Horn-5-90,146
Ubiquiti POE-24-12W-G,34
Ubiquiti U7-Pro,368
Ubiquiti UACC-Cable-PT-50M,326
Ubiquiti UACC-OFC-SA-MPMP-3M,139
Ubiquiti AF-MPx8,226
Ubiquiti INS-3AF-I-G,48
Ubiquiti POE-24-12W-G EU,34
Ubiquiti U7-Pro-5,1750
Ubiquiti UACC-Cable-PT-5M,74
Ubiquiti UACC-OFC-SA-MPMP-3M-10,1202
Ubiquiti AF11-Complete-HB-EU,3085
Ubiquiti INS-3AF-O-G,52
Ubiquiti POE-24-12W-G-WH,34
Ubiquiti U7-Pro-Max,557
Ubiquiti UACC-Cable-PT-Ext,74
Ubiquiti UACC-OFC-SA-MPMP-5M,144
Ubiquiti AF11-Complete-LB-EU,3066
Ubiquiti INS-3AF-USB,44
Ubiquiti POE-24-12W-G-WH-EU,34
Ubiquiti U7-Pro-Outdoor,563
Ubiquiti UACC-OFC-SM-PATCH-APC-APC,16
Ubiquiti AF60-EU,602
Ubiquiti INS-8023af-I,44
Ubiquiti POE-24-12W-WH,24
Ubiquiti U7-Pro-Wall,398
Ubiquiti UACC-Cable-UHS-1M,48
Ubiquiti UACC-OFC-SM-PATCH-UPC-APC,15
Ubiquiti AF60-HD,776
Ubiquiti INS-8023af-O,45
Ubiquiti POE-24-12W-WH-EU,24
Ubiquiti UA-Button,88
Ubiquiti UACC-Cable-USB-100W-0.3M-BK,52
Ubiquiti UACC-OM-MM-10G-D,52
Ubiquiti AF60-LR-EU,632
Ubiquiti IP67CA-RPSMA,21
Ubiquiti POE-24-12W(EU),24
Ubiquiti UA-Card,82
Ubiquiti UACC-Cable-USB-100W-1M-BK,61
Ubiquiti UACC-OM-MM-10G-D-2,82
Ubiquiti AF60-U,602
Ubiquiti IS-5AC,238
Ubiquiti POE-24-24W,34
Ubiquiti UA-Card-B-10,71
Ubiquiti UACC-Cable-USB-100W-2M-BK,72
Ubiquiti UACC-OM-MM-10G-D-20,722
Ubiquiti AF60-XG,2203
Ubiquiti IS-M5-U,206
Ubiquiti POE-24-24W-5P,98
Ubiquiti UA-Card-EU,82
Ubiquiti UACC-Camera-AM-B,101
Ubiquiti UACC-OM-MM-1G-D,29
Ubiquiti AF60-XG-EU,2203
Ubiquiti ISO-BEAM-16,28
Ubiquiti POE-24-24W-5P-EU,98
Ubiquiti UA-Card-W-10,71
Ubiquiti UACC-Camera-AM-W,101
Ubiquiti UACC-OM-MM-1G-D-2,45
Ubiquiti AF60-XR,2203
Ubiquiti ISO-Beam-620,146
Ubiquiti POE-24-24W-G,39
Ubiquiti UA-G2,277
Ubiquiti UACC-Camera-CJB-B,101
Ubiquiti UACC-OM-MM-1G-D-20,322
Ubiquiti AF60-XR-EU,2203
Ubiquiti IW-HD-BK-3,88
Ubiquiti POE-24-24W-G-EU,39
Ubiquiti UA-G2-Pro-Black,718
Ubiquiti UACC-Camera-CJB-W,101
Ubiquiti UACC-OM-QSFP28-LR4,598
Ubiquiti AF60LR-Radome,71
Ubiquiti IW-HD-CF-3,88
Ubiquiti POE-24-24W-G-WH,34
Ubiquiti UA-G2-SK,576
Ubiquiti UACC-Camera-DM-B,118
Ubiquiti UACC-OM-QSFP28-PSM4,358
Ubiquiti AFi-ALN-EU,1477
Ubiquiti IW-HD-CT-3,88
Ubiquiti POE-24-24W-G-WH-EU,34
Ubiquiti UA-G2-SK-Pro,1189
Ubiquiti UACC-Camera-DM-W,118
Ubiquiti UACC-OM-QSFP28-SR4,139
Ubiquiti AFi-ALN-R-EU,802
Ubiquiti IW-HD-MB-3,88
Ubiquiti POE-24-24W-WH,34
Ubiquiti UA-G3-B,277
Ubiquiti UACC-Camera-JB-B,101
Ubiquiti UACC-OM-SFP10-1270,198
Ubiquiti AFi-ALN-R-UK,802
Ubiquiti IW-HD-WD-3,88
Ubiquiti POE-24-24W-WH-EU,34
Ubiquiti UA-G3-Flex-B,350
Ubiquiti UACC-Camera-JB-W,101
Ubiquiti UACC-OM-SFP10-1290,198
Ubiquiti AFi-Cable-USB-0.3M,52
Ubiquiti LAP-120-U,163
Ubiquiti POE-24-24W(EU),34
Ubiquiti UA-G3-Flex-W,350
Ubiquiti UACC-Chime-PoE,163
Ubiquiti UACC-OM-SFP10-1310,198
Ubiquiti AFi-Cable-USB-2M,72
Ubiquiti LAP-GPS-U,189
Ubiquiti POE-24-30W,39
Ubiquiti UA-G3-Pro-B,714
Ubiquiti UACC-CKG2-Plus Stand,48
Ubiquiti UACC-OM-SFP10-1330,198
Ubiquiti AFi-Cable-USB-4.5M,83
Ubiquiti LBE-5AC-Gen2,123
Ubiquiti POE-24-30W-EU,39
Ubiquiti UA-G3-Pro-W,714
Ubiquiti UACC-CM-RJ45-10G,114
Ubiquiti UACC-OM-SFP10-1450,299
Ubiquiti AFi-Cable-USB-7M,126
Ubiquiti LBE-5AC-Gen2-5,602
Ubiquiti POE-24-30W-G-WH,39
Ubiquiti UA-G3-SK,552
Ubiquiti UACC-CM-RJ45-1G,45
Ubiquiti UACC-OM-SFP10-1470,299
Ubiquiti AFi-G-UK,752
Ubiquiti LBE-5AC-Gen2-U,123
Ubiquiti POE-24-30W-G-WH-EU,39
Ubiquiti UA-G3-SK-Pro,1074
Ubiquiti UACC-CM-RJ45-MG,139
Ubiquiti UACC-OM-SFP10-1490,299
Ubiquiti AFi-HD-EU,701
Ubiquiti LBE-5AC-LR,211
Ubiquiti POE-24-7W-G-WH,23
Ubiquiti UA-G3-W,277
Ubiquiti UACC-CRB,61
Ubiquiti UACC-OM-SFP10-1510,299
Ubiquiti AFi-HD-RU,701
Ubiquiti LBE-5AC-LR-5,1040
Ubiquiti POE-24-7W-G-WH-EU,23
Ubiquiti UA-Hub,398
Ubiquiti UACC-CRE,52
Ubiquiti UACC-OM-SFP10-1530,299
Ubiquiti AFi-HD-UK,701
Ubiquiti LBE-5AC-LR-EU,211
Ubiquiti POE-24-AF5X,39
Ubiquiti UA-Hub-Door,398
Ubiquiti UACC-CRS,61
Ubiquiti UACC-OM-SFP10-1550,299
Ubiquiti AFi-INS,362
Ubiquiti LBE-5AC-XR,261
Ubiquiti POE-24-AF5X-EU,39
Ubiquiti UA-Hub-Door-Mini,213
Ubiquiti UACC-CWDM-4,402
Ubiquiti UACC-OM-SFP10-1570,299
Ubiquiti AFi-INS-EU,362
Ubiquiti LBE-M5-23-U,91
Ubiquiti POE-48-24W,34
Ubiquiti UA-Hub-Gate,552
Ubiquiti UACC-CWDM-8,701
Ubiquiti UACC-OM-SFP10-1590,299
Ubiquiti AFi-INS-R,198
Ubiquiti Loco5AC,93
Ubiquiti POE-48-24W-G,39
Ubiquiti UA-Intercom,597
Ubiquiti UACC-DAC-QSFP28-0.5M,84
Ubiquiti UACC-OM-SFP28-LR,238
Ubiquiti AFI-INS-R-EU,198
Ubiquiti Loco5AC-5,451
Ubiquiti POE-48-24W-G EU,39
Ubiquiti UA-Intercom-Viewer,301
Ubiquiti UACC-DAC-QSFP28-0.5M-10,579
Ubiquiti UACC-OM-SFP28-SR,101
Ubiquiti AFI-INS-R-UK,198
Ubiquiti LocoM2,91
Ubiquiti POE-48-24W-WH,34
Ubiquiti UA-Intercom-Viewer-3,899
Ubiquiti UACC-DAC-QSFP28-1M,82
Ubiquiti UACC-OM-SM-10G-D-2,179
Ubiquiti AFi-INS-UK,362
Ubiquiti LocoM2-U,91
Ubiquiti POE-48-24W-WH-EU,34
Ubiquiti UA-Lite-EU,198
Ubiquiti UACC-DAC-QSFP28-1M-10,638
Ubiquiti UACC-OM-SM-10G-D-20,1622
Ubiquiti AFi-P-HD-EU,238
Ubiquiti LocoM2(EU),91
Ubiquiti POE-48-24W(EU),34
Ubiquiti UA-Lock-Electric,158
Ubiquiti UACC-DAC-QSFP28-3M,114
Ubiquiti UACC-OM-SM-10G-S-2,334
Ubiquiti AFi-P-HD-UK,238
Ubiquiti LocoM5,123
Ubiquiti POE-50-60W,66
Ubiquiti UA-Lock-Magnetic-270kg,301
Ubiquiti UACC-DAC-SFP10-0.5M,39
Ubiquiti UACC-OM-SM-10G-S-20,3024
Ubiquiti AFi-R,277
Ubiquiti LocoM5-U,123
Ubiquiti POE-50-60W(EU),66
Ubiquiti UA-Lock-Magnetic-540kg,402
Ubiquiti UACC-DAC-SFP10-1M,40
Ubiquiti UACC-OM-SM-1G-S-2,58
Ubiquiti AFi-R-EU,277
Ubiquiti LocoM5(EU),123
Ubiquiti POE-54V-80W,66
Ubiquiti UA-Pocket,198
Ubiquiti UACC-DAC-SFP10-3M,52
Ubiquiti UACC-OM-SM-1G-S-20,421
Ubiquiti AFi-R-RU,277
Ubiquiti LTU-Instant-5,699
Ubiquiti POE-54V-80W-EU,66
Ubiquiti UA-Pro,598
Ubiquiti UACC-DAC-SFP28-0.5M,58
Ubiquiti UACC-PoE+-2.5G,48
Ubiquiti AFi-R-UK,277
Ubiquiti LTU-Lite,194
Ubiquiti POE-WM,13
Ubiquiti UA-Reader Lite,198
Ubiquiti UACC-DAC-SFP28-1M,61
Ubiquiti UACC-PoE+-2.5G-EU,48
Ubiquiti AM-2G15-120,248
Ubiquiti LTU-Lite-EU,194
Ubiquiti PS-5AC,557
Ubiquiti UA-Rescue,162
Ubiquiti UACC-DAC-SFP28-3M,88
Ubiquiti UACC-PoE+-USBC,98
Ubiquiti AM-2G16-90,248
Ubiquiti LTU-Lite-U,194
Ubiquiti PS-5AC-EU,557
Ubiquiti UA-SK,1000
Ubiquiti UACC-DAC-SFP28-5M,110
Ubiquiti UACC-PoE+-USBC-EU,98
Ubiquiti AM-3G18-120,349
Ubiquiti LTU-LR,277
Ubiquiti PS-5AC-U,557
Ubiquiti UA-SK-Elevator,1800
Ubiquiti UACC-Display-AM,632
Ubiquiti UACC-PoE++-10G,88
Ubiquiti AM-5AC21-60,363
Ubiquiti LTU-LR-EU,277
Ubiquiti Quick-Mount,52
Ubiquiti UA-SK-Gate-EU,1400
Ubiquiti UACC-Display-FM,421
Ubiquiti UACC-PoE++-10G-EU,88
Ubiquiti AM-5AC22-45,363
Ubiquiti LTU-LR-U,277
Ubiquiti R2AC-PRISM,389
Ubiquiti UA-Ultra,202
Ubiquiti UACC-Display-SM,274
Ubiquiti UACC-Pro-AP-AM,61
Ubiquiti AM-5G16-120,146
Ubiquiti LTU-Pro,350
Ubiquiti R2AC-PRISM-EU,389
Ubiquiti UACC-Adapter-AC-210W,168
Ubiquiti UACC-Display-TS,317
Ubiquiti UACC-Pro-Max-16-RM,98
Ubiquiti AM-5G17-90,146
Ubiquiti LTU-Pro-EU,350
Ubiquiti R2AC-PRISM-U,389
Ubiquiti UACC-Adapter-AC-210W-EU,168
Ubiquiti UACC-Dome-FM-W,88
Ubiquiti UACC-PSU-12V-150W,243
Ubiquiti AM-5G19-120,248
Ubiquiti LTU-Pro-U,350
Ubiquiti R5AC-Lite,248
Ubiquiti UACC-Adapter-AC-210W-UK,168
Ubiquiti UACC-Dome-WS-W,68
Ubiquiti UACC-PSU-12V-550W,318
Ubiquiti AM-5G20-90,248
Ubiquiti LTU-Rocket,762
Ubiquiti R5AC-Lite-EU,248
Ubiquiti UACC-Adapter-DBAC-EU,74
Ubiquiti UACC-Dual-Power-Injector,163
Ubiquiti UACC-PSU-12V-550W-EU,318
Ubiquiti AM-9M13-120,499
Ubiquiti LTU-Rocket-EU,762
Ubiquiti R5AC-Lite-U,248
Ubiquiti UACC-Adapter-PoE-USBC,110
Ubiquiti UACC-EVSL-Stand-Adapter,66
Ubiquiti UACC-PSU-12V-550W-UK,318
Ubiquiti AM-M-V5G-Ti,314
Ubiquiti LTU-Rocket-U,762
Ubiquiti RAD-RD2,106
Ubiquiti UACC-Adapter-PT-120W,74
Ubiquiti UACC-Fiber-SR-Kit,71
Ubiquiti UACC-PSU-27V-250W,277
Ubiquiti AM-V2G-Ti,499
Ubiquiti LTU-XR,261
Ubiquiti RAD-RD3,173
Ubiquiti UACC-Adapter-PT-120W-EU,74
Ubiquiti UACC-Flex-Cam-PWM-Black,36
Ubiquiti UACC-PSU-27V-250W-EU,277
Ubiquiti AMO-2G10,314
Ubiquiti LTU-XR-EU,261
Ubiquiti RD-2G24,288
Ubiquiti UACC-AE,66
Ubiquiti UACC-Flex-Cam-PWM-Black-3,80
Ubiquiti UACC-PSU-UDW,266
Ubiquiti AMO-2G13,451
Ubiquiti MUSB-1A-B-5,39
Ubiquiti RD-5G30,248
Ubiquiti UACC-AI-360-JB,101
Ubiquiti UACC-Flex-Cam-PWM-White,36
Ubiquiti UACC-Rack-Ear-1U,29
Ubiquiti AMO-3G12,288
Ubiquiti MUSB-1A-B-5-EU,39
Ubiquiti RD-5G30-LW,181
Ubiquiti UACC-AI-360-JB-W,101
Ubiquiti UACC-Flex-Cam-PWM-White-3,80
Ubiquiti UACC-Rack-Ear-2U,40
Ubiquiti AMO-5G10,226
Ubiquiti N-SW,84
Ubiquiti RD-5G31-AC,626
Ubiquiti UACC-AI-Port-RM,139
Ubiquiti UACC-FM,68
Ubiquiti UACC-Rack-Panel-Blank-1U,52
Ubiquiti AMO-5G13,301
Ubiquiti nanoHD-RCM-3,93
Ubiquiti RD-5G34,552
Ubiquiti UACC-AI-Pro-Enhancer,529
Ubiquiti UACC-FM-17cm,71
Ubiquiti UACC-Rack-Panel-Blank-2U,72
Ubiquiti AMY-9M16x2,363
Ubiquiti nanoHD-RetroFit-3,66
Ubiquiti RocketM2,163
Ubiquiti UACC-AI-Pro-Enhancer-W,529
Ubiquiti UACC-G4 Doorbell Pro PoE-Gang Box,82
Ubiquiti UACC-Rack-Panel-Brush-1U,83
Ubiquiti AP-5AC-90-HD,827
Ubiquiti NB-OD3,61
Ubiquiti RocketM2-U,163
Ubiquiti UACC-AI-Theta-Angle Mount-Camera,71
Ubiquiti UACC-G4 Doorbell Pro PoE-Gang Box-White,82
Ubiquiti UACC-Rack-Panel-Patch-Blank-24,72
Ubiquiti B-DB-AC,181
Ubiquiti NB-OD9,61
Ubiquiti RocketM2(EU),163
Ubiquiti UACC-AI-Theta-Audio-Cable-1M,48
Ubiquiti UACC-G4-DB-Pro-Cover-Brick,71
Ubiquiti UACC-Rack-Panel-Vented-1U,72
Ubiquiti BulletAC-IP67,248
Ubiquiti NBE-16-WM,23
Ubiquiti RocketM3,323
Ubiquiti UACC-AI-Theta-CMS,48
Ubiquiti UACC-G4-DB-Pro-Cover-Concrete,71
Ubiquiti UACC-Rack-Panel-Vented-2U,83
Ubiquiti BulletM2-HP,146
Ubiquiti NBE-2AC-13,184
Ubiquiti RocketM3-U,323
Ubiquiti UACC-AI-Theta-Pro-Angle Mount-Camera,71
Ubiquiti UACC-G4-DB-Pro-Cover-Silver,71
Ubiquiti UACC-Rack-PM-Kit,101
Ubiquiti CK-Enterprise,10258
Ubiquiti NBE-2AC-13-EU,184
Ubiquiti RocketM3(EU),323
Ubiquiti UACC-G4-DB-Pro-Cover-White,71
Ubiquiti UACC-Rack-Shelf-TL,106
Ubiquiti CK-Enterprise-EU,10258
Ubiquiti NBE-2AC-13-U,184
Ubiquiti RocketM365,323
Ubiquiti UACC-AI-Theta-Pro-PFM-Camera,71
Ubiquiti UACC-G4-DB-Pro-Cover-Wood,71
Ubiquiti UACC-Rack-Stacking-Kit,126
Ubiquiti CKG2-RM,198
Ubiquiti NBE-5AC-Gen2,184
Ubiquiti RocketM365-U,323
Ubiquiti UACC-AI-Theta-Video-Cable-1M,68
Ubiquiti UACC-G4-DBP-Cable-USB-7M,76
Ubiquiti UACC-Reader-JB-B,71
Ubiquiti EAH-8,2000
Ubiquiti NBE-5AC-Gen2-EU,184
Ubiquiti RocketM365(EU),323
Ubiquiti UACC-AOC-QSFP28-10M,358
Ubiquiti UACC-G4-Dome-Arm Mount,48
Ubiquiti UACC-Reader-JB-W,71
Ubiquiti EAH-8-EU,2000
Ubiquiti NBE-5AC-Gen2-U,184
Ubiquiti RocketM5,163
Ubiquiti UACC-AOC-QSFP28-20M,402
Ubiquiti UACC-G4-INS-Cable-USB-4.5M,53
Ubiquiti UACC-Reader-Pro-AM-B,71
Ubiquiti EP-24V-72W,326
Ubiquiti NBE-M5-16,123
Ubiquiti RocketM5-U,163
Ubiquiti UACC-AOC-QSFP28-5M,346
Ubiquiti UACC-G4-INS-Cover-Dark Grey,34
Ubiquiti UACC-Reader-Pro-AM-W,71
Ubiquiti EP-24V-72W-EU,326
Ubiquiti NBE-M5-16 EU,123
Ubiquiti RP-5AC-Gen2,456
Ubiquiti UACC-AOC-SFP10-10M,91
Ubiquiti UACC-G4-INS-Cover-Grey,34
Ubiquiti UACC-Reader-Pro-JB-B,71
Ubiquiti EP-24V-72W-U,326
Ubiquiti NBE-M5-16 U,123
Ubiquiti RP-5AC-Gen2-EU,456
Ubiquiti UACC-AOC-SFP10-20M,110
Ubiquiti UACC-G4-INS-Cover-Light Grey,34
Ubiquiti UACC-Reader-Pro-JB-W,71
Ubiquiti EP-54V-150W,374
Ubiquiti NBE-WMK,15
Ubiquiti RP-5AC-Gen2-U,456
Ubiquiti UACC-AOC-SFP10-30M,131
Ubiquiti UACC-G5-Dome-Ultra-FM-B,88
Ubiquiti UACC-Retrofit-PoE-2Wire,198
Ubiquiti EP-54V-150W-AC,146
Ubiquiti NBM3,288
Ubiquiti RPS-AC-100W,131
Ubiquiti UACC-AOC-SFP10-5M,88
Ubiquiti UACC-G5-Dome-Ultra-FM-SB-B,88
Ubiquiti UACC-RJ45-Cover,52
Ubiquiti EP-54V-150W-AC-EU,146
Ubiquiti NBM3-U,288
Ubiquiti RPS-AC-100W-EU,131
Ubiquiti UACC-AOC-SFP28-10M,171
Ubiquiti UACC-G5-Dome-Ultra-FM-SB-W,88
Ubiquiti UACC-Switch-DIN,40
Ubiquiti EP-54V-150W-DC,146
Ubiquiti NBM3(EU),288
Ubiquiti RPS-DC-100W,168
Ubiquiti UACC-AOC-SFP28-20M,190
Ubiquiti UACC-G5-Dome-Ultra-FM-W,88
Ubiquiti UACC-Switch-FM,40
Ubiquiti EP-54V-150W-EU,374
Ubiquiti NBM365,288
Ubiquiti SM-SP-40,402
Ubiquiti UACC-AOC-SFP28-30M,211
Ubiquiti UACC-G5-Enhancer,202
Ubiquiti UACC-U7-Cover,88
Ubiquiti EP-54V-72W,326
Ubiquiti NBM365-U,288
Ubiquiti SM-SW-40,402
Ubiquiti UACC-AOC-SFP28-5M,150
Ubiquiti UACC-G5-PTZ-CA,68
Ubiquiti UACC-U7-Pro-Wall-Cover,68
Ubiquiti EP-54V-72W-EU,326
Ubiquiti NBM365(EU),288
Ubiquiti TC-Con,2253
Ubiquiti UACC-AP-AM,68
Ubiquiti UACC-G5-PTZ-CM,48
Ubiquiti UACC-U7-Pro-Wall-FM,88
Ubiquiti EP-R6,226
Ubiquiti nHD-cover-Black-3,93
Ubiquiti TC-GND,1502
Ubiquiti UACC-Bullet-AB-B,48
Ubiquiti UACC-G5-PTZ-ICM,88
Ubiquiti UACC-U7-Pro-Wall-TS,88
Ubiquiti EP-R6-EU,226
Ubiquiti nHD-cover-Camo-3,93
Ubiquiti U-Cable-C6-CMP,677
Ubiquiti UACC-Bullet-AB-W,48
Ubiquiti UACC-G5-PTZ-PM,48
Ubiquiti UACC-UF-AC-100W,131
Ubiquiti EP-R6-U,226
Ubiquiti nHD-cover-Concrete-3,93
Ubiquiti U-Cable-C6-CMR,402
Ubiquiti UACC-Cable-C5e-Outdoor-Pro-305M-W,339
Ubiquiti UACC-G5-PTZ-SM,68
Ubiquiti UACC-UF-AC-100W-EU,131
Ubiquiti EP-R8,874
Ubiquiti nHD-cover-Fabric-3,93
Ubiquiti U-Cable-Patch-0.3M-RJ45,15
Ubiquiti UACC-Cable-C6A-CMP,1051
Ubiquiti UACC-GB-Plate-W,88
Ubiquiti UACC-UF-OM-XGS,589
Ubiquiti EP-R8-EU,874
Ubiquiti nHD-cover-Marble-3,93
Ubiquiti U-Cable-Patch-0.3M-RJ45-BK,15
Ubiquiti UACC-Cable-C6A-CMR,594
Ubiquiti UACC-HDD-E-16TB,787
Ubiquiti UACC-UF-WDM-XGS,539
Ubiquiti EP-R8-U,874
Ubiquiti nHD-cover-Wood-3,93
Ubiquiti U-Cable-Patch-0.3M-RJ45-BL,15
Ubiquiti UACC-Cable-DoorLockRelay-1P,248
Ubiquiti UACC-HDD-E-24TB,1125
Ubiquiti UACC-UK-Ultra-Omni-Antenna,48
Ubiquiti EP-S16,1178
Ubiquiti NS-5AC,238
Ubiquiti U-Cable-Patch-1M-RJ45,16
Ubiquiti UACC-Cable-DoorLockRelay-2P,323
Ubiquiti UACC-HDD-E-8TB,541
Ubiquiti UACC-UK-Ultra-Panel-Antenna,88
Ubiquiti EP-S16-EU,1178
Ubiquiti NS-5AC-EU,238
Ubiquiti U-Cable-Patch-1M-RJ45-BK,16
Ubiquiti UACC-Cable-Patch-EL-0.15M-W,20
Ubiquiti UACC-HDD-S-8TB,426
Ubiquiti UACC-UMR-TS,48
Ubiquiti EP-S16-U,1178
Ubiquiti NS-5AC-U,238
Ubiquiti U-Cable-Patch-1M-RJ45-BL,16
Ubiquiti UACC-Cable-Patch-EL-0.15M-W-24,171
Ubiquiti UACC-Intercom-FM,98
Ubiquiti UACC-Uplink-SFP28-0.15M,68
Ubiquiti ER-10X,213
Ubiquiti NS-WM,44
Ubiquiti U-Cable-Patch-2M-RJ45,18
Ubiquiti UACC-Cable-Patch-EL-0.3M-W,21
Ubiquiti UACC-Intercom-SAM,98
Ubiquiti UACC-Uplink-SFP28-0.15M-10,499
Ubiquiti ER-10X-EU,213
Ubiquiti NSM2,163
Ubiquiti U-Cable-Patch-2M-RJ45-BK,18
Ubiquiti UACC-Cable-Patch-EL-12M-W,56
Ubiquiti UACC-Intercom-Sunshield,98
Ubiquiti UACC-Uplink-SFP28-0.3M,88
Ubiquiti ER-12,464
Ubiquiti NSM2-U,163
Ubiquiti U-Cable-Patch-2M-RJ45-BL,18
Ubiquiti UACC-Cable-Patch-EL-15M-W,63
Ubiquiti UACC-Intercom-Viewer-TS,68
Ubiquiti UACC-Uplink-SFP28-30M,162
Ubiquiti ER-12-EU,464
Ubiquiti NSM2(EU),163
Ubiquiti U-Cable-Patch-3M-RJ45,20
Ubiquiti UACC-Cable-Patch-EL-1M-W,23
Ubiquiti UACC-Intercom-WM,98
Ubiquiti UACC-Uplink-SFP28-3M,122
Ubiquiti ER-12-U,464
Ubiquiti NSM365,238
Ubiquiti U-Cable-Patch-3M-RJ45-BK,20
Ubiquiti UACC-Cable-Patch-EL-2M-W,24
Ubiquiti UACC-Wave-AP-Micro-Mount,203
Ubiquiti UAP-AC-HD,619
Ubiquiti ER-12P,598
Ubiquiti NSM365-U,238
Ubiquiti U-Cable-Patch-3M-RJ45-BL,20
Ubiquiti UACC-Cable-Patch-EL-3M-W,29
Ubiquiti UACC-Junction-Utility,238
Ubiquiti UAP-AC-HD-5,2990
Ubiquiti ER-4,363
Ubiquiti NSM365(EU),238
Ubiquiti U-Cable-Patch-5M-RJ45,21
Ubiquiti UACC-Cable-Patch-EL-5M-W,32
Ubiquiti UACC-Keystone-Blank-Insert,52
Ubiquiti UAP-AC-HD-EU,619
Ubiquiti ER-4-EU,363
Ubiquiti NSM5,163
Ubiquiti U-Cable-Patch-5M-RJ45-BK,21
Ubiquiti UACC-Cable-Patch-EL-8M-W,40
Ubiquiti UACC-Keystone-Blank-Insert-TH,52
Ubiquiti UAP-AC-HD-U,619
Ubiquiti ER-4-U,363
Ubiquiti NSM5-U,163
Ubiquiti U-Cable-Patch-5M-RJ45-BL,21
Ubiquiti UACC-Cable-Patch-EL-C6A-0.15M-W,21
Ubiquiti UACC-Keystone-Coupler-C6,68
Ubiquiti UAP-AC-IW,184
Ubiquiti ER-6P,446
Ubiquiti NSM5(EU),163
Ubiquiti U-Cable-Patch-8M-RJ45,26
Ubiquiti UACC-Cable-Patch-EL-C6A-0.15M-W-24,198
Ubiquiti UACC-Keystone-Coupler-C6A,88
Ubiquiti UAP-AC-IW-5,902
Ubiquiti ER-6P-EU,446
Ubiquiti PAK-620,74
Ubiquiti U-Cable-Patch-8M-RJ45-BK,26
Ubiquiti UACC-Cable-Patch-EL-C6A-0.3M-W,23
Ubiquiti UACC-Keystone-Jack-C6,68
Ubiquiti UAP-AC-LITE,163
Ubiquiti ER-6P-U,446
Ubiquiti PBE-2AC-400,221
Ubiquiti U-Cable-Patch-8M-RJ45-BL,26
Ubiquiti UACC-Lite-AP-AM,52
Ubiquiti UAP-AC-LITE-5,739
Ubiquiti ER-8-XG,3091
Ubiquiti PBE-2AC-400-EU,221
Ubiquiti U-Cable-Patch-RJ45,15
Ubiquiti UACC-LRE,71
Ubiquiti UAP-AC-LITE-EU,163
Ubiquiti ER-8-XG-EU,3091
Ubiquiti PBE-2AC-400-U,221
Ubiquiti UACC-OADP-SC-APC-50,28
Intel 11th Gen i5 11600KF CPU,412
Fractal Design Pop XL Silent Black TG Clear Tint power adapter),239
Synology RS3618xs 12-bay RackStation,4186
Intel 11th Gen i5 11600K CPU,429
Fractal Design Torrent Gray TG Light Tint FD-C- FD-C-POS1X-02,155
Synology RS3617RPxs 12-bay RackStation,5211
Intel 11th Gen i7 11700F CPU,527
TOR1A-02,305
Synology RS3617xs+ 12-bay RackStation,6662
Intel 11th Gen i7 11700 CPU,569
Fractal Design Fractal Design Ridge Black Mitx FD- C-RID1N-01,220
"Huawei S110-16LP2SR S110-16LP2SR (16*10/100/1000BASE-T ports, 2*GE SFP ports, PoE+, AC power)",369
Synology RS4021xs+ 16-bay RackStation,9399
Intel 11th Gen i7 11700K CPU,589
TOR1A-03,305
Synology RS3621xs+ 12-bay RackStation,7518
Intel 11th Gen i9 11900F CPU,639
Fractal Design Fractal Design Ridge White mITX FD-C-RID1N-02,220
Synology RS3621RPxs 12-bay RackStation,6013
Intel 11th Gen i9 11900KF CPU,647
Fractal Design Torrent Black RGB TG Light Tint FD- C-TOR1A-04,375
"Huawei S110-24LP2SR S110-24LP2SR (24*10/100/1000BASE-T ports, 2*GE SFP ports, PoE+, AC power)",779
Synology SA3400 12-bay RackStation,9961
Intel 11th Gen i9 11900K CPU,649
Fractal Design FOCUS 2,111
Synology SA3600 12-bay RackStation,13156
"Corsair 7000D Airflow, Black",329
Fractal Design Torrent Black Solid FD-C- TOR1A-05,290
Fractal Design Focus 2 Black TG Clear Tint FD-C- FOC2A-01,111
"Huawei S110-24T2SR S110-24T2SR (24*10/100/1000BASE-T ports, 2*GE SFP ports, AC power)",519
Synology SA3200D 12-bay Dual Control,12216
"Corsair 7000D Airflow, White",329
Fractal Design Torrent Black TG Dark Tint FD-C- TOR1A-06,305
Fractal Design Focus 2 White TG Clear Tint FD-C- FOC2A-02,111
Synology RS2818RP+ 16-bay RackStation,4271
"Corsair iCUE 7000X RGB, Black",419
Fractal Design Torrent RGB White TG clear tint FD- C-TOR1A-07,375
Fractal Design Focus 2 RGB Black TG Clear Tint FD-C-FOC2A-03,126
Synology RS2821RP+,5637
"Corsair iCUE 7000X RGB, White",419
Fractal Design Torrent Compact Black TG Dark Tint FD-C-TOR1C-01,230
Fractal Design Focus 2 RGB White TG Clear Tint FD-C-FOC2A-04,126
Synology RS4017xs+ 16-bay RackStation,8372
"Corsair iCUE 5000X RGB TG, Black",269
Fractal Design Torrent Compact RGB Black TG Light Tint FD-C-TOR1C-02,260
Fractal Design Focus 2 Black Solid FD-C- FOC2A-07,111
Synology FS3600 24-bay 2.5'' SAS/SAT,15036
"Corsair iCUE 5000X RGB TG, White",269
Fractal Design Torrent Compact White TG Clear Tint FD-C-TOR1C-03,230
Fractal Design Focus G Black (Window Edition) FD-CA-FOCUS-BK-W,90
Synology FS3400 24-bay 2.5'' SAS/SAT,11276
"Corsair 5000D Airflow TG, Black",209
Fractal Design Torrent Compact Black Solid FD-C- TOR1C-04,215
Fractal Design Focus G Blue (Window Edition) FD-CA-FOCUS-BU-W,90
"Corsair 5000D Airflow TG, White",209
Fractal Design Torrent Nano Black TG Dark Tint FD- C-TOR1N-01,200
Fractal Design Focus G Red (Window Edition) FD-CA-FOCUS-RD-W,90
Synology UC3200 12-bay Dual Controll,10337
"Corsair 5000D TG, Black",209
Fractal Design Torrent Nano RGB Black TG Light Tint FD-C-TOR1N-02,215
Fractal Design Focus G White (Window Edition) FD-CA-FOCUS-WT-W,90
Synology DX517 5-bay SATA expansion,767
"Corsair iCUE 4000X RGB TG, Black",189
Fractal Design Torrent Nano White TG Clear Tint FD-C-TOR1N-03,200
Fractal Design Focus Mini G Black (Window Edition) FD-CA-FOCUS-MINI-BKW,90
Synology DX1215 12-bay SATA expansion,1787
"Corsair iCUE 4000X RGB TG, White",189
Fractal Design Torrent Nano Black Solid FD-C- TOR1N-04,185
Fractal Design Node 804 FD-CA-NODE-804-BL-W,170
Synology DX1215ll,1787
"Corsair 4000D TG, Black",139
Fractal Design Meshify 2 XL Black TG Dark Tint FD-C-MES2X-01,320
Fractal Design Node 304 FD-CA-NODE-304-BL,140
Synology RX418 4-bay SATA expansion,853
"Corsair 4000D TG, White",139
Fractal Design Meshify 2 XL Black TG Light Tint FD-C-MES2X-02,320
Fractal Design Node 202 FD-CA-NODE-202-BK,140
Synology RX1217 12-bay SATA expansion,2128
"Corsair 4000D Airflow TG, White",139
Fractal Design Meshify 2 RGB Black TG Light tint FD-C-MES2A-06,279
Fractal Design Core 500 FD-CA-CORE-500-BK,105
Synology RX1217RP 12-bay SATA expansion,3179
"Corsair Carbide 275R Airflow, Black",119
Fractal Design Meshify 2 RGB White TG Clear tint FD-C-MES2A-08,279
"Fractal Design ION SFX Gold 500W, Black, UK Cord FD-PSU-ION-SFX-500G-BK-UK",175
Synology RX1216sas 12-bay SAS/SATA expansion,4068
"Corsair Carbide 275R Airflow, Whit",119
Fractal Design Meshify 2 Black Solid FD-C- MES2A-01,230
"Fractal Design ION SFX Gold 650W, Black, UK Cord FD-PSU-ION-SFX-650G-BK-UK",210
Synology RX1217sas 12-bay SAS/SATA expansion,4068
Corsair Carbide 275R — Black ( TG,115
Fractal Design Meshify 2 Black TG Dark Tint FD-C- MES2A-02,250
"Fractal Design ION+ 660P, 660W Fully Modular Power Supply FD-PSU-IONP-660P-BK-UK",205
Synology RX2417sas 24-bay 2.5'' SAS/SATA expansion,4888
Corsair Carbide 275R — White ( TG,115
Fractal Design Meshify 2 Black TG Light Tint FD-C- MES2A-03,250
Fractal Design ION Gold 750W Fully Modular Power Supply FD-P-IA2G-750-UK,180
Synology RXD1215sas 12-bay SAS expansion,4888
Corsair Carbide 275R — Black (Windo,105
Fractal Design Meshify 2 Gray TG Light Tint FD-C- MES2A-04,250
Fractal Design ION Gold 850W Fully Modular Power Supply FD-P-IA2G-850-UK,200
Synology SAT5200-3840G 3.84TB 2.5” SSD,1834
Corsair Carbide 275R — White (Windo,105
Fractal Design Meshify 2 White TG Clear Tint FD-C- MES2A-05,250
Fractal Design Prisma AL-12 ARGB PWM Fan - Single Pack FD-FAN-PRI-AL12-PWM,35
Synology SNV3400-400G 400GB M.2 2280,258
Corsair Carbide 275Q Quiet Gaming,115
Fractal Design Meshify 2 Lite Black TG Light tint FD-C-MEL2A-03,190
Fractal Design Prisma AL-12 ARGB PWM Fan - Triple Pack FD-FAN-PRI-AL12-PWM-3P,90
Synology SNV3400-800G 800GB M.2 2280,495
Corsair Carbide 100R Silent Edition,99
Fractal Design Meshify 2 Lite White TG Clear FD-C- MEL2A-04,190
Fractal Design Prisma AL-14 ARGB PWM Fan - Single Pack FD-FAN-PRI-AL14-PWM,40
Synology SNV3500-400G 400GB M.2 22110,298
Corsair Carbide 100R Mid Tower,82
Fractal Design Meshify 2 Lite RGB Black TG Light tint FD-C-MEL2A-05,225
Fractal Design Prisma AL-14 ARGB PWM Fan - Triple Pack FD-FAN-PRI-AL14-PWM-3P,99
Synology SNV3500-800G 800GB M.2 22110,552
CORSAIR Carbide 175R RGB TG Gaming,99
Fractal Design Meshify 2 Compact Black Solid FD- C-MES2C-01,185
Fractal Design Prisma AL-18 ARGB PWM Fan - Single Pack FD-FAN-PRI-AL18-PWM,70
Synology HAT5300-8T Synology 3.5” Internal HDD,551
Corsair iCUE 220T RGB Airflow TG Sma,165
Fractal Design Meshify 2 Compact Black TG Dark Tint FD-C-MES2C-02,199
Fractal Design Prisma AL-18 ARGB PWM Fan - Dual Pack FD-FAN-PRI-AL18-PWM-2P,115
Synology HAT5300-12T Synology 3.5” Internal HDD,828
Corsair iCUE 220T RGB Airflow TG,165
Fractal Design Meshify 2 Compact Black TG Light Tint FD-C-MES2C-03,199
Fractal Design Venturi HP-12 PWM Fan FD-FAN-VENT-HP12-PWM,33
Synology HAT5300-16T Synology 3.5” Internal HDD,1104
CORSAIR iCUE 465X RGB TG - Black,219
Fractal Design Meshify 2 Compact Gray TG Light Tint FD-C-MES2C-04,199
Fractal Design Venturi HP-14 PWM Fan FD-FAN-VENT-HP14-PWM,39
Seagate ST1000NM000A 1TB Exos 7E8 HDD,164
CORSAIR iCUE 465X RGB TG - White,219
Fractal Design Meshify 2 Compact White TG Clear Tint FD-C-MES2C-05,199
Fractal Design Dynamic X2 GP-12 Fan (Black) FD-FAN-DYN-X2-GP12BK,22
Seagate ST2000NM000A 2TB Exos 7E8 HDD,215
Crystal 280X RGB TG — Black,249
Fractal Design Meshify 2 Compact RGB Black TG Light Tint FD-C-MES2C-06,225
Fractal Design Dynamic X2 GP-12 Fan (White) FD-FAN-DYN-X2-GP12WT,22
Seagate ST4000NM000A 4TB Exos 7E8 HDD,297
Crystal 280X RGB TG — White,249
Fractal Design Meshify 2 Compact RGB White TG Clear Tint FD-C-MES2C-08,225
Fractal Design Dynamic X2 GP-14 Fan (Black) FD-FAN-DYN-X2-GP14BK,25
Seagate ST6000NM021A 6TB Exos 7E8 HDD,408
CORSAIR Crystal 680X RGB -Black,369
Fractal Design Meshify 2 Compact Lite Black TG Light tint FD-C-MEL2C-03,165
Fractal Design Dynamic X2 GP-14 Fan (White) FD-FAN-DYN-X2-GP14WT,25
Seagate ST8000NM000A 8TB Exos 7E8 HDD,525
CORSAIR Crystal 680X RGB -White,369
Fractal Design Meshify 2 Compact Lite White TG Clear FD-C-MEL2C-04,165
"Fractal Design HDD Cage kit - Type B, Black FD-A-CAGE-001",22
Seagate ST10000NM001G 10TB Exos X16,655
CORSAIR Carbide 678C - Black,199
Fractal Design Meshify 2 Compact Lite RGB Black TG Light tint FD-C-MEL2C-05,199
Fractal Design USB-C 10Gbps Cable- Model D FD-A-USBC-001,18
Seagate ST12000NM001G 12TB Exos X16,788
CORSAIR Carbide 678C - White,199
Fractal Design Meshify 2 Mini Black TG Dark Tint FD-C-MES2M-01,185
"Fractal Design HDD Drive Tray Kit - Type B, Black, Dual pack FD-A-TRAY-001",22
Seagate ST14000NM001G 14TB Exos X16,918
Corsair Obsidian 500D RGB SE Premium,389
Fractal Design Meshify 2 Mini White TG Clear Tint FD-C-MES2M-02,185
SUUNTO VERTICAL TITANIUM,1229
Seagate ST16000NM001G 16TB Exos X16,1048
Crystal 570X RGB TG Black,299
Fractal Design Meshify 2 Nano Black TG Dark Tint FD-C-MES2N-01,170
SUUNTO VERTICAL,899
Seagate ST18000NM000J 18TB Exos X18,1208
Crystal 570X RGB TG White,299
Fractal Design Meshify 2 Nano White TG Clear Tint FD-C-MES2N-02,170
SUUNTO 9 PEAK PRO TITANIUM,849
Seagate ST1000NM001A 1TB Exos 7E8 HDD,197
Crystal 570X RGB TG Black Mirror,299
Fractal Design Pop Air Black Solid FD-C-POA1A-01,128
SUUNTO 9 PEAK PRO,679
Seagate ST2000NM004A 2TB Exos 7E8 HDD,255
Obsidian 1000D Super-Tower,729
Fractal Design Pop Air Black TG Clear Tint FD-C-POA1A-02,128
SUUNTO 9 PEAK TITANIUM,589
Seagate ST4000NM003A 4TB Exos 7E8 HDD,324
QNAP TS-233 2-Bay 2GB RAM Desktop,336
Fractal Design Pop Air White TG Clear Tint FD-C-POA1A-03,128
SUUNTO 9 PEAK,459
Seagate ST6000NM029A 6TB Exos 7E8 HDD,439
"QNAP 2-Bay Desktop NAS, Intel Cele",682
Fractal Design Pop Air RGB White TG Clear Tint FD-C-POR1A-01,145
SUUNTO 5 PEAK,329
Seagate ST8000NM001A 8TB Exos 7E8 HDD,546
QNAP 4-Bay Desktop ARM A-55 2GHz C,627
Fractal Design Pop Air RGB White TG Clear Tint FD-C-POR1A-02,145
"Huawei AP362 Settled AP, Wi-Fi 6, indoor, Dual Radio(2.4G/5GHz), 2*2/2*2 MU-MIMO, 1*GE Base-T, internal smart antennas",359
Seagate ST10000NM0096 10TB Exos X10,653
QNAP 4-bay Intel Celeron N5105/N50,869
Fractal Design Pop Air RGB Magenta Core TG Clear Tint FD-C-POR1A-03,145
"Huawei AP263 Wall-plate AP, Wi-Fi 6, indoor, Dual Radio(2.4G/5GHz), 2*2/2*2 MU-MIMO, 1*GE Base-T, 1*GE Base-T, BLE, USB, internal smart antennas",339
Seagate ST12000NM002G 12TB Exos X16,808
QNAP 4-Bay NAS AMD Ryzen quad-cor,1166
Fractal Design Pop Air RGB Green Core TG Clear Tint FD-C-POR1A-04,145
"Huawei AC650-128AP 10*GE ports, 2*10GE SFP+ ports, built-in 128 license",1849
Seagate ST14000NM002G 14TB Exos X16,938
"QNAP 4-Bay NAS, Intel Core i3-8100",2233
Fractal Design Pop Air RGB Orange Core TG Clear Tint FD-C-POR1A-05,145
"Huawei AC650-256AP 10*GE ports, 2*10GE SFP+ ports, built-in 256 license",2499
Seagate ST16000NM002G 16TB Exos X16,1071
QNAP 4-Bay quad-core 1.7GHz 1U sho,979
Fractal Design Pop Air RGB Black TG Clear Tint FD-C-POR1A-06,145
"Huawei S310-24P4S L2+ (static router), 24*10/100/1000BASE-T ports, 4*GE SFP ports, POE+(370W)",1339
Seagate ST18000NM004J 18TB Exos X18,1229
QNAP Short depth 1U rackmount 4-ba,1056
Fractal Design Pop Silent Black Solid FD-C-POS1A-01,128
"Huawei S310-24T4S L2+ (static route), 24*10/100/1000BASE-T ports, 4*GE SFP ports",739
Seagate ST1000NX0313 1TB Exos 7E200,307
QNAP 6-bay Intel Celeron N5105/N50,1100
Fractal Design Pop Silent Black TG Clear Tint C-POS1A-02,128
"Huawei S310-48T4S L2+ (static route), 48*10/100/1000BASE-T ports, 4*GE SFP ports",1079
Seagate ST2000NX0253 2TB Exos 7E200,534
"QNAP 6-bay NAS, AMD Ryzen V1000 se",1320
Fractal Design Pop Silent White TG Clear Tint C-POS1A-04,128
"Huawei S380-L4T1T 1*GE WAN, 4*GE LAN, up to 150 users,forwarding performance 2Gbps",559
Seagate ST1000NX0333 1TB Exos 7E200,328
"QNAP 6-Bay NAS, Intel Core i3 NAS",2640
Fractal Design Pop Mini Air RGB White TG Clear Tint FD-C-POR1M-01,145
"Huawei S380-L4P1T 1*GE WAN, 4*GE LAN(PoE+, 50W), up to 150 users,forwarding performance 2Gbps",909
Seagate ST2000NX0343 2TB Exos 7E200,551
"QNAP 8-bay NAS, AMD Ryzen V1000 s",1595
Fractal Design Pop Mini Air RGB Black TG Clear Tint FD-C-POR1M-06,145
"Huawei S380-S8T2T 2*GE WAN, 8*GE LAN, up to 250 users,forwarding performance 2Gbps",1039
Seagate ST1000DM010 BarraCuda 1TB 3.5 SATA,58
"QNAP 8-Bay NAS, Intel core i5-8400",3080
Fractal Design Pop Mini Silent Black Solid FD-C-POS1M-01,130
"Huawei S380-S8P2T 2*GE WAN, 8*GE LAN(PoE+, 124W), up to 350 users,forwarding performance 2Gbps",1329
Seagate ST2000DM008 BarraCuda 2TB 3.5 SATA,76
QNAP TS-873AeU-RP-4G 8-Bay Rackmou,2772
Fractal Design Pop Mini Silent Black Clear Tint FD-C-POS1M-02,130
"Huawei S380-H8T3ST 2*GE WAN, 1*GE(SFP) WAN, 8*GE LAN, up to 500 users, forwarding performance 2Gbps",1299
Seagate ST3000DM007 BarraCuda 3TB 3.5 SATA,112
"QNAP 9-bay NAS, AMD Ryzen V1500B 4",1452
Fractal Design Pop XL Air RGB White TG Clear Tint FD-C-POR1X-01,170
"Huawei AR730 2*GE combo WAN, 1*10GE(SFP+) WAN, 8*GE LAN, 1*GE combo LAN, 2*USB, 2*SIC, up to 700 users, forwarding performance 4Gbps",3019
Seagate ST4000DM004 BarraCuda 4TB 3.5 SATA,139
QNAP 2-bay 3.5” SATA HDD USB 3.1 G,264
Fractal Design Pop XL Air RGB Black TG Clear Tint FD-C-POR1X-06,170
"Huawei AR720 2*GE combo WAN, 8*GE LAN, 2*USB, 2*SIC, up to1200 users, forwarding performance 6Gbps",1429
Seagate ST6000DM003 BarraCuda 6TB 3.5 SATA,209
QNAP 4-bay 3.5” SATA HDD USB 3.0 t,341
Fractal Design Pop XL Silent Black Solid FD-C-POS1X-01,155
"Huawei S110-8P2ST S110-8P2ST (8*10/100/1000BASE-T ports, PoE+, 1*GE SFP port, 1*10/100/1000BASE-T port, AC power)",319
Seagate ST8000DM004 BarraCuda 8TB 3.5 SATA,269
QNAP M.2 2280 PCIe NVMe to U.2 PCI,88
Fractal Design Define 7 XL Black - Solid Panel FD-C-DEF7X-01,330
Seagate ST500LM030 BarraCuda 500GB 2.5 SATA,69
QNAP QM2-2P-384 Dual M.2 PCIe SSD,242
Fractal Design Define 7 XL Black - Light Tint Tempered Glass FD-C-DEF7X-02,355
Seagate ST1000LM048 BarraCuda 1TB 2.5 SATA,85
QNAP QM2-4P-384 Quad M.2 PCIe SSD,264
Fractal Design Define 7 XL Black - Dark Tint Tempered Glass FD-C-DEF7X-03,355
Seagate ST2000LM015 BarraCuda 2TB 2.5 SATA,119
QNAP 2 x PCIe Gen3 NVMe SSD & 1 x,341
Fractal Design Define 7 Black Solid FD-C-DEF7A-01,268
Seagate ST3000LM024 BarraCuda 3TB 2.5 SATA,182
QNAP QXG-10G1TB Single-port (10Gba,193
Fractal Design Define 7 Black TG Light Tint FD-C-DEF7A-02,282
Seagate ST4000LM024 BarraCuda 4TB 2.5 SATA,182
QNAP 2 x RJ-45 10gBe Ports PCIe 3.,337
Fractal Design Define 7 Black TG Dark Tint FD-C-DEF7A-03,282
Seagate ST5000LM000 BarraCuda 5TB 2.5 SATA,219
QNAP CAB-DAC30M-SFPP SFP+ 10GbE tw,113
Fractal Design Define 7 White TG Clear Tint FD-C-DEF7A-06,282
Seagate ST1000VN002 IronWolf 1TB 3.5 SATA,113
QNAP CAB-SAS05M-8644 Mini SAS cabl,113
Fractal Design Define 7 Grey TG Light Tint FD-C-DEF7A-08,282
Seagate ST2000VN004 IronWolf 2TB 3.5 SATA,139
QNAP PWR-ADAPTER-65W-A01 65W exter,116
Fractal Design Define 7 Compact Black Solid FD-C-DEF7C-01,179
Seagate ST3000VN007 IronWolf 3TB 3.5 SATA,154
QNAP PWR-ADAPTER-90W-A01 90W exter,116
Fractal Design Define 7 Compact White Solid FD-C-DEF7C-05,179
Seagate ST4000VN008 IronWolf 4TB 3.5 SATA,175
QNAP SP-2BAY-ADAPTOR-90W 90W exter,127
Fractal Design Define 7 Compact Black TG Dark Tint FD-C-DEF7C-02,199
Seagate ST6000VN001 IronWolf 6TB 3.5 SATA,273
QNAP PWR-ADAPTER-120W-A01 120W 4pi,143
Fractal Design Define 7 Compact Black TG Light Tint FD-C-DEF7C-03,199
Seagate ST8000VN004 IronWolf 8TB 3.5 SATA,372
QNAP PWR-PSU-100W-DT01 100W open f,132
Fractal Design Define 7 Compact White TG Clear Tint FD-C-DEF7C-04,199
Seagate ST10000VN0008 IronWolf 10TB 3.5 SATA,444
QNAP PWR-PSU-250W-DT02 250W Delta,171
Fractal Design Define 7 Mini Black Solid FD-C-DEF7M-01,188
Seagate ST12000VN0008 IronWolf 12TB 3.5 SATA,510
QNAP PWR-PSU-300W-DT01 300W power,319
Fractal Design Define 7 Mini Black TG Light Tint FD-C-DEF7M-02,188
Seagate ST4000NE001 IronWolf Pro 4TB 3.5 SATA,204
QNAP PWR-PSU-300W-DT02 300W power,319
Fractal Design Define 7 Nano Black Solid FD-C-DEF7N-01,168
Seagate ST6000NE000 IronWolf Pro 6TB 3.5 SATA,312
QNAP SP-469U-S-PSU 250W single pow,424
Fractal Design Define 7 Nano Black TG Light Tint FD-C-DEF7N-02,168
Seagate ST8000NE001 IronWolf Pro 8TB 3.5 SATA,405
QNAP RAIL-B02 Rack Slide Rail Kit,131
Fractal Design North Charcoal Black FD-C-NOR1C-01,225
"Pure Base 500 (BG034), ATX, Solid Si",94
QNAP RAIL-A02-90 A02 (Chass,264
Fractal Design North Charcoal Black TG Dark Tint FD-C-NOR1C-02,225
"Pure Base 500 Window (BGW34), ATX, T",117
Fractal Design North Chalk White FD-C-NOR1C-03,225
"Pure Base 500 Window (BGW35), ATX,",117
Fractal Design North Chalk White TG Clear Tint FD-C-NOR1C-04,225
"Pure Base 500 Window (BGW36), ATX, T",117
"Pure Base 500 DX (BGW37), ATX, ARGB",150
"Pure Base 500 DX (BGW38), ATX, ARGB",150
"Pure Base 600 (BG021), ATX, Solid Si",117
"Pure Base 600 (BGW21), ATX, TG Panel",136
"Dark Base 700 WIndow (BGW23), ATX, T",260
"Silent Base 601 (BG026), ATX, Steel",153
"Silent Base 601 Window (BGW26), ATX,",171
"Silent Base 802 Window (BGW39), Mesh",267
"Silent Base 802 Window (BGW40), Mesh",267
"Dark Base 900 (BG0116), Full ATX, 8P",303
"Dark Base Pro 900 rev.2 TG (BGW15),",366
"Silent Loop 2 240 (BW010), ARGB Pump",192
"Silent Loop 2 280 (BW011), ARGB Pump",207
"Silent Loop 2 360 (BW012), ARGB Pump",235
"Pure Rock 2 (BK006), 4x6mm heatpipes",58
"Pure Rock 2 Black (BK007), 4x6mm hea",64
"Shadow Rock 3 (BK004), 190W TDP, 5x6",80
"Dark Rock 4 (BK021), 200W TDP, 6x6mm",109
"Dark Rock 4 Slim (BK024), 180W TDP,",96
"Dark Rock 4 PRO (BK022), 250W TDP, 7",158
"Dark Rock 4 PRO TR4 (BK023), 250W TD",139
"Dark Rock TF (BK020), 220W TDP, 6x6m",130
"Silent Wings 3 120mm PWM HS (BL070),",33
"Silent Wings 3 140mm PWM HS (BL071),",34
"Pure Wings 2 120mm PWM HS (BL081), 2",15
"Pure Wings 2 140mm PWM HS (BL083), 1",16
ARCTIC BioniX P120 A-RGB,38
Seagate FireCuda 530 SSD (NEW) 500GB,199
Seagate FireCuda 530 SSD (NEW) 1TB,349
Seagate FireCuda 530 SSD (NEW) 2TB,729
Seagate FireCuda 530 SSD (NEW) 4TB,1399
Seagate FireCuda 530 w/ Heat Sink 500GB,229
Seagate FireCuda 530 w/ Heat Sink 1TB,389
Seagate FireCuda 530 w/ Heat Sink 2TB,819
Seagate FireCuda 530 w/ Heat Sink 4TB,1499
Synology DS2419+ 12-bay DiskStation,2531
Synology DS2419+ll,2531
Synology DS3617xs 12-bay DiskStation,4015
Synology DS3617xsll,4015
"Synology FS1018 12-bay FlashStation,",2531
"Synology RS217 2-bay RackStation, Du",733
Synology RS819 4-bay RackStation (up,1070
Synology RS820+ 4-bay RackStation (u,1691
Synology RS820RP+ 4-bay RackStation,2159
Synology RS1619xs+ 4-bay RackStation,3244
Synology RS1219+ 8-bay RackStation (,1707
Synology RS1221+ 8-bay RackStation (,2066
Synology RS1221RP+ 8-bay RackStation,2817
Synology RS2418+ 12-bay RackStation,2732
Synology RS2418RP+ 12-bay RackStation,3587
Synology RS2421+ 12-bay RackStation,3193
Synology RS2421RP+ 12-bay RackStation,3946
Garmin Forerunner 55 Black GM-010-02562-50 upc 753759283322,309
Garmin Forerunner 55 Whitestone GM-010-02562-51 upc 753759283339,309
Garmin Forerunner 55 Aqua GM-010-02562-52 upc 753759283346,309
Garmin Forerunner 55 Monterra Grey GM-010-02562-53 upc 753759283353,309
Garmin Forerunner 255 Slate Grey GM-010-02641-43 upc 753759307264,549
Garmin Forerunner 255 Tidal Blue GM-010-02641-53 upc 753759307363,549
Garmin Forerunner 255s Powder Grey GM-010-02641-63 upc 753759307462,549
Garmin Forerunner 255s Light Pink GM-010-02641-73 upc 753759307561,549
Garmin Forerunner 255 Music Black GM-010-02641-48 upc 753759307318,629
Garmin Forerunner 255 Music Whitestone GM-010-02641-58 upc 753759307417,629
Forerunner 255s Music Black GM-010-02641-68 upc 753759307516,629
Garmin Forerunner 255s Music Whitestone GM-010-02641-78 upc 753759307615,629
"Garmin Forerunner 265 Black, 46mm GM-010-02810-50 upc 753759318635",689
"Garmin Forerunner 265 Whitestone, 46mm GM-010-02810-51 upc 753759318642",689
"Garmin Forerunner 265 Aqua, 46mm GM-010-02810-52 upc 753759318659",689
"Garmin Forerunner 265s Black, 42mm GM-010-02810-53 upc 753759318666",689
"Garmin Forerunner 265s Whitestone, 42mm GM-010-02810-54 upc 753759318673",689
"Garmin Forerunner 265s Pink, 42mm GM-010-02810-55 upc 753759318680",689
Garmin Forerunner 955 Black GM-010-02638-J0 upc 753759306144,789
Garmin Forerunner 955 White GM-010-02638-J1 upc 753759306151,789
Garmin Forerunner 955 Solar Black GM-010-02638-H0 upc 753759308162,919
Garmin Forerunner 955 Solar White GM-010-02638-H1 upc 753759306137,919
"Garmin Forerunner 965 Black, 47mm GM-010-02809-80 upc 753759318420",919
"Garmin Forerunner 965 Whitestone, 47mm GM-010-02809-81 upc 753759318437",919
"Garmin Forerunner 965 Yellow, 47mm GM-010-02809-82 upc 753759318444",919
Garmin Running Dynamic Pod Yellow GM-010-12520-10 upc 753759175535,108
Garmin HRM Dual Black GM-010-12883-01 upc 753759231873,109
Garmin HRM Pro Plus Black GM-010-13118-10 upc 753759312657,199
"Garmin Approach S70 White, 42mm GM-010-02746-50 upc 753759325923",999
"Garmin Approach S70 Powder Gray, 42mm GM-010-02746-51 upc 753759325930",999
"Garmin Approach S70 Black, 47mm GM-010-02746-52 upc 753759325947",1099
USB-C SDPH62H-040T-SBAAD,2799
iDS-7208HUHI-M1/S,445
G-RAID SHUTTLE 4 24TB THUNDERBOLT 3 + USB-C SDPH34H-024T-SBAAB,3399
DS-7604NI-Q1/4P,275
DGS-1100-10MPPV2 10-port Gi,361
DES-1210-52 48-port UTP 10/,455
D-Link DAP-2662 Wireless AC1200 Wa,124
G-RAID SHUTTLE 4 48TB THUNDERBOLT 3 + USB-C SDPH34H-048T-SBAAB,5679
DS-7608NI-Q1/8P,370
G-RAID SHUTTLE 4 72TB THUNDERBOLT 3 + USB-C SDPH34H-072T-SBAAB,8099
DS-7616NI-Q2/16P,565
D-Link DAP-2682 Wireless AC2300 Wa,156
G-RAID SHUTTLE 4 80TB THUNDERBOLT 3 + USB-C SDPH34H-080T-SBAAB,8459
DS-K1T804BMF/BEF,188
D-Link DGS-1100-05V2 5-port Gigabi,41
DS-KIS603-P(B),500
D-Link DAP-2620 Wirless AC1200 Wav,134
DS-KH6320-WTE1,288
D-Link DGS-1100-08V2 8-port Gigabi,66
G-RAID SHUTTLE SSD 8TB THUNDERBOLT 3 + USB-C SDPS24H-008T-SBAAD,7799
DS-KIS703-P,545
D-Link DAP-3666 Wireless AC1200 Wa,446
CS-C1C-F0-1E2WF C1C-B,78
D-Link DGS-1100-16V2 16-port Gigab,159
G-RAID SHUTTLE SSD 16TB THUNDERBOLT 3 + USB-C SDPS24H-016T-SBAAB,10999
CS-CV246-A0-1C2WFR (C6CN)”,75
D-Link DGS-1100-26MPV2 26-port Gig,665
G-RAID SHUTTLE SSD 32TB THUNDERBOLT 3 + USB-C SDPS24H-032T-SBAAB,16599
CS-C6N-B0-1G2WF,80
CS-TY2-B0-1G2WF,75
D-Link DGS-1100-24V2 24-port Gigab,208
D-Link DAP-1682F 3KM Outdoor Bridg,153
G-RAID SHUTTLE 8 48TB THUNDERBOLT 3 + USB-C SDPH48H-048T-SBAAB,6979
CS-CV346-A0-7A3WFR,185
CS-C6W-A0-3H4WF,195
D-Link DAP-1683F 8KM Outdoor Bridg,199
G-RAID SHUTTLE 8 96TB THUNDERBOLT 3 + USB-C SDPH48H-096T-SBAAB,11799
CS-C8C-A0-1F2WF,175
CS-C3W-A0-1F4WFL,195
D-Link DGS-1210-10 8-Port Gigabit,159
G-RAID SHUTTLE 8 144TB THUNDERBOLT 3 + USB-C SDPH48H-144T-SBAAB,16799
CS-C3TN-A0-1H2WF,98
CS-BC1C-B0-2C2WPBDL,285
D-Link DGS-1210-20 16-port UTP 10/,235
DPE-301GI 1-port Gigabit 80,36
G-RAID SHUTTLE 8 160TB THUNDERBOLT 3 + USB-C SDPH48H-160T-SBAAB,17599
CS-CMT-Solar Panel-C,65
CS-DB2C-A0-1E3WPBR (DB2C Kit(With Chime)”,185
D-Link DGS-1210-26 24-port UTP 10/,265
DPE-301GS 1-port Gigabit 80,38
MOUNTAIN Cable Organizer - MOOY Clingman,13
CS-DP2C-A0-6E2WPFBSDP2C)”,230
MOUNTAIN Everest Max / US / MX Brown / Black,399
CS-CMT-Bracket-WallMount,10
D-Link DGS-1210-28 24-port UTP 10/,312
MOUNTAIN Everest Max / US / MX Brown / Gray,399
MOUNTAIN Everest Max / US / MX Red / Black,399
D-Link DGS-3130-30PS,2083
MOUNTAIN Everest Max / US / MX Red / Gray,399
D-Link DES-F1006P-E 250M 4-Port 10,58
MOUNTAIN Makalu 67 Black Mouse,99
D-Link DGS-3130-30S,1552
MOUNTAIN Makalu 67 White Mouse,99
D-Link DES-F1010P-E 250M 8-Port 10,121
MOUNTAIN Nunatak M Mousepad,24.9
D-Link DGS-3130-30TS,1155
MOUNTAIN Nunatak XL Mousepad,49.9
D-Link DES-F1018P-E 250M 16-Port 1,308
Nitro Concepts E250 Gaming Chair - Black,239
D-Link DGS-3130-54PS,3079
Nitro Concepts E250 Gaming Chair - Black / Blue,239
D-Link DES-F1026P-E 250M 24-Port 1,379
Nitro Concepts E250 Gaming Chair - Black / Red,239
D-Link DGS-3130-54S,2943
Nitro Concepts E250 Gaming Chair - Black / White,239
Nitro Concepts S300 EX Gaming Chair - Carbon Black,339
D-Link DGS-F1005P-E 250M 4-Port Gi,65
D-Link DGS-3130-52TC,3459
Nitro Concepts S300 EX Gaming Chair - Inferno Red,339
Nitro Concepts S300 EX Gaming Chair - Radiant White,339
D-Link DGS-F1018P-E 250M 16-Port G,330
D-Link DGS-3630-28TC-SE-LIC DGS-36,146
Nitro Concepts S300 EX Gaming Chair - Stealth Black,339
Nitro Concepts S300 Gaming Chair - black,309
D-Link DGS-F1026P-E 250M 24-Port G,431
D-Link DGS-3630-28TC-EM-LIC DGS-36,582
Nitro Concepts S300 Gaming Chair - black/red,309
Nitro Concepts S300 Gaming Chair - black/white,309
D-Link DGS-F1100-10PS-E 10-port Gi,189
D-Link DGS-3630-28TC-SM-LIC DGS-36,728
"noblechairs EPIC GAMING CHAIR, short gas lift - Mercedes-AMG Petronas Formula One Team - 2021Edition",559
noblechairs EPIC Gaming Chair - black / black,369
D-Link DGS-F1210-26PS-E 26-port Gi,514
D-Link DGS-3630-28PC,2826
noblechairs EPIC Gaming Chair - black / blue,369
noblechairs EPIC Gaming Chair - black / gold,369
D-Link DGS-3630-28PC-SE-LIC DGS-36,248
noblechairs EPIC Gaming Chair - black / red,369
noblechairs EPIC Gaming Chair - white,369
D-Link DGS-1100-08PV2 8-port Gigab,125
D-Link DGS-3630-28PC-EM-LIC DGS-36,841
"noblechairs EPIC TX GAMING CHAIR, short gas lift - anthracite",389
noblechairs HERO Gaming Chair - black,439
D-Link DGS-1100-18PV2,336
D-Link DGS-3630-28PC-SM-LIC DGS-36,1091
noblechairs HERO Gaming Chair - black/blue,439
noblechairs HERO Gaming Chair - black/gold,439
D-Link DGS-1100-24PV2 24-port Giga,393
D-Link DGS-3630-28SC,2456
noblechairs HERO Gaming Chair - black/platinum white,439
noblechairs HERO Gaming Chair - black/red,439
D-Link DGS-1100-10MPV2 10-port Gig,269
D-Link DGS-3630-28SC-SE-LIC DGS-36,165
noblechairs HERO Gaming Chair -Black Edition,499
"noblechairs HERO TX GAMING CHAIR, short gas lift - anthracite",459
D-Link DGS-3630-28SC-EM-LIC DGS-36,692
noblechairs ICON Gaming Chair - WHITE/BLACK,359
iDS-7204HQHI-M1/S,170
noblechairs ICON Gaming Chair - black/blue,359
iDS-7208HQHI-M1/S,255
D-Link DGS-3630-28SC-SM-LIC DGS-36,856
noblechairs ICON Gaming Chair - black/platinum white,359
iDS-7216HQHI-M1/S,475
noblechairs ICON Gaming Chair BLACK,359
iDS-7216HQHI-M2/S,500
D-Link DGS-3630-52TC 44-port UTP 1,3459
noblechairs ICON Gaming Chair BLACK/GOLD,359
iDS-7204HUHI-M1/S,263
noblechairs ICON Gaming Chair BLACK/RED,359
D-Link DGS-3630-52TC-SE-LIC DGS-36,255
DS-2CE16D0T-EXIF 2.8mm,43
G-DRIVE ARMORATD SPACE GREY 1TB USB-C SDPH81G-001T-GBAND,135
DS-2CE76D0T-EXIMF 2.8mm,43
DS-2CE76D0T-ITPFS 2.8mm,58
G-DRIVE ARMORATD SPACE GREY 2TB USB-C SDPH81G-002T-GBAND,165
DS-2CE16D0T-ITFS 2.8mm,70
DS-2CE16D0T-VFIR3F 2.8-12mm,120
G-DRIVE ARMORATD SPACE GREY 4TB USB-C SDPH81G-004T-GBAND,229
DS-2CE56D0T-VFIR3F 2.8-12mm,120
G-DRIVE ARMORATD SPACE GREY 5TB USB-C SDPH81G-005T-GBAND,279
DS-2CE5AD0T-VPIT3F 2.8-12mm,113
G-DRIVE ARMORLOCK SSD 1TB USB-C (1000MB/s) SDPS41A-001T-SBANB,339
DS-2CE76H0T-ITPF 2.8mm,63
G-DRIVE ARMORLOCK SSD 2TB USB-C (1000MB/s) SDPS41A-002T-SBANB,599
DS-2CE16H0T-ITF© 3.6mm,78
G-DRIVE ARMORLOCK SSD 4TB USB-C (1000MB/s) SDPS41A-004T-SBANB,1199
DS-2CE10DF0T-F 3.6mm,78
G-DRIVE SSD 500GB USB-C (1000MB/s) SDPS11A-500G-GBANB,209
DS-2CE70DF0T-MF 3.6mm,78
G-DRIVE SSD 1TB USB-C (1000MB/s) SDPS11A-001T-GBANB,329
DS-2CD1123G0E-I(L) 2.8mm,100
G-DRIVE SSD 2TB USB-C (1000MB/s) SDPS11A-002T-GBANB,579
DS-2CD1023G0E-I(L) 2.8mm,100
G-DRIVE SSD 4TB USB-C (1000MB/s) SDPS11A-004T-GBANB,1169
DS-2CD1023G0-IUF © 2.8mm,135
G-DRIVE PRO SSD 500GB THUNDERBOLT 3 (2800MB/s) SDPS51F-500G-GBANB,349
DS-2CD1323G0-IUF © 2.8mm,135
G-DRIVE PRO SSD 1TB THUNDERBOLT 3 (2800MB/s) SDPS51F-001T-GBANB,599
DS-2CD1027G0-L 2.8mm,170
G-DRIVE PRO SSD 2TB THUNDERBOLT 3 (2800MB/s) SDPS51F-002T-GBANB,1169
DS-2CD1327G0-L 2.8mm,170
G-DRIVE SPACE GREY 4TB USB-C SDPH91G-004T-SBAAD,289
DS-2CD1143G0-I 2.8mm,183
G-DRIVE SPACE GREY 6TB USB-C SDPH91G-006T-SBAAD,339
DS-2CD1043G0-I 2.8mm,188
G-DRIVE SPACE GREY 12TB USB-C SDPH91G-012T-SBAAD,649
DS-2CD2121G0-I 2.8mm,150
G-DRIVE SPACE GREY 18TB USB-C SDPH91G-018T-SBAAD,868
DS-2CD2021G1-I 2.8mm,150
G-DRIVE SPACE GREY 20TB USB-C SDPH91G-020T-SBAAD,1009
DS-2CD2121G1-IDW1 2.8mm,150
G-DRIVE PRO SPACE GREY 4TB THUNDERBOLT 3 + USB-C SDPH51J-004T-SBAAD,519
DS-2CD2021G1-IDW1 2.8mm,150
G-DRIVE PRO SPACE GREY 6TB THUNDERBOLT 3 + USB-C SDPH51J-006T-SBAAD,569
DS-2CD2421G0-IW 2.8mm,168
G-DRIVE PRO SPACE GREY 12TB THUNDERBOLT 3 + USB-C SDPH51J-012T-SBAAD,1019
DS-2CV2Q21FD-IW(B) 2.8mm,120
G-DRIVE PRO SPACE GREY 18TB THUNDERBOLT 3 + USB-C SDPH51J-018T-SBAAD,1339
DS-2DE2A204IW-DE3© 2.8-12mm(S6),288
G-DRIVE PRO SPACE GREY 20TB THUNDERBOLT 3 + USB-C SDPH51J-020T-SBAAD,1499
DS-2DE4215IW-DE(S5),688
G-RAID 2 SPACE GREY 8TB THUNDERBOLT 3 + USB-C SDPH62H-008T-SBAAD,989
G-RAID 2 SPACE GREY 12TB THUNDERBOLT 3 + USB-C SDPH62H-012T-SBAAD,1239
G-RAID 2 SPACE GREY 24TB THUNDERBOLT 3 + USB-C SDPH62H-024T-SBAAD,1899
G-RAID 2 SPACE GREY 36TB THUNDERBOLT 3 + USB-C SDPH62H-036T-SBAAD,2639
G-RAID 2 SPACE GREY 40TB THUNDERBOLT 3 + USB-C SDPH62H-040T-SBAAD,2799
D-Link DEM-CB300S 10-GbE SFP+ 3m Direct Attach Cable for all D-Link 10GbE switches,157
"D-Link DIS-S350LHX 1000BASE-LHX, S",381
D-Link DGS-3630-52TC-EM-LIC DGS-36,1001
D-Link DEM-CB700S 10-GbE SFP+ 7m Direct Attach Cable for all D-Link 10GbE switches,230
D-Link DEM-211 100BASE-FX (Duplex,84
D-Link DMC-700SC/E 1000Base-TX (UT,235
D-Link DGS-3630-52TC-SM-LIC DGS-3630-52TC DLMS license Pack from Standard Image to MPLS Image,1256
D-Link DMC-805G/E 1000Base-TX (UTP) to GBIC Media Converter (Usable in DMC-1000 Chassis),122
D-Link DGS-3630-52PC 44-port UTP 1,6032
D-Link DEM-220R 100BASE-BX-U (Simp,99
D-Link DGS-3630-52PC-SE-LIC DGS-3630-52PC DLMS license Pack from Standard Image to Enhanced Image,447
"D-Link DXS-3610-54S 48 x 10G SFP+,",14838
D-Link DMC-1910/E 1000Base-TX (UTP,976
D-Link DGS-3630-52PC-EM-LIC DGS-3630-52PC DLMS license Pack from Enhanced Image to MPLS Image,893
D-Link DPS-200A Redundant Power Su,224
D-Link DMC-1910R/E 1000Base-TX to,437
D-Link DGS-3630-52PC-SM-LIC DGS-3630-52PC DLMS license Pack from Standard Image to MPLS Image,1340
D-Link DXS-3610-54S-SE-LIC DXS-361,1962
D-Link DPS-500A Redundant Power Su,280
D-Link DMC-F02SC/E 100Base-TX to 1,69
D-Link DXS-3610-54T-SE-LIC DXS-361,1962
D-Link DPS-700 Redundant Power Sup,821
D-Link DMC-F15SC/E 100Base-TX to 1,78
D-Link DPS-800 Chassis of Redundan,112
D-Link DMC-F20SC-BXD/E 100Base-TX,87
D-Link DXS-5000-54S 10G Data Cente,8911
D-Link DPS-CB150-2PS 150CM RPS cab,37
D-Link DMC-F20SC-BXU/E 100Base-TX,87
D-Link DXS-5K-54S-DC-LIC Licens,2747
D-Link DMC-F30SC/E 100Base-TX to 1,87
D-Link DQS-5000-32Q28 100G D,18841
D-Link DSR-250V2 Nuclias Connect D,314
D-Link DMC-F60SC/E 100Base-TX to 1,104
D-Link DQS-5000-32S 40G Da,11776
D-Link DSR-250V2-WCF-12-LIC Licens,114
D-Link DMC-G01LC/E 10/100/1000Mbps,62
D-Link DQS-5000-54SQ28 25G Da,16486
"D-Link DSR-500 4-port Gigabit LAN,",398
D-Link DEM-QX01Q-SR4,274
D-Link DSR-500-WCF-12-LIC License,141
D-Link DWM-312 4G LTE Industrial V,416
D-Link DEM-QX10Q-LR4,1805
D-Link DSR-500AC 4-port Gigabit LA,485
D-Link DWM-312W 4G LTE Industrial,469
D-Link DSR-500AC-WCF-12-LIC Licens,141
D-Link DWM-315 4G LTE Cat 6 Indust,469
D-Link DEM-410T 10G SFP+ to 10GBas,235
D-Link DSR-1000 4-port Gigabit LAN,524
D-Link DWM-313 4G LTE Industrial V,586
D-Link DEM-431XT 10GBASE-SR (Duple,277
D-Link DSR-1000-WCF-12-LIC License,141
D-Link DWM-321 4G LTE In-Vehicle W,1173
D-Link DEM-431XT-DD 10GBASE-LR (Du,277
D-Link DSR-1000AC 4-port Gigabit L,542
D-Link DWM-550-G 5G NR Multi-Conne,1079
D-Link DEM-432XT 10GBASE-LR (Duple,410
D-Link DSR-1000AC-WCF-12-LIC Licen,141
D-Link DECS-1Y D-Link Edge Cloud S,37
D-Link DEM-433XT 10GBASE-ER SFP+ T,1872
D-Link DECS-2Y D-Link Edge Cloud S,60
D-Link DEM-434XT 10GBASE-ZR SFP+ T,3474
D-Link DECS-3Y D-Link Edge Cloud S,88
D-Link DEM-435XT 10GBASE-LRM Multi,356
D-Link DMC-1000/E 19” Rackmount Me,575
D-Link DEM-436XT-BXD 10GBASE-LR Bi,624
D-Link DMC-1001 Redundant Power Su,288
D-Link DIS-100G-5PSW (No Po,542
D-Link DEM-436XT-BXU 10GBASE-LR Bi,660
D-Link DMC-1002 SNMP Management Mo,261
D-Link DIS-100G-5SW 4-port,384
D-Link DIS-100G-5W 5-port,353
D-Link DMC-300SC/E 10/100Base-TX (,106
D-Link DIS-100G-8SW 6-port,542
D-Link DEM-311GT 1-port 1000Base-S,73
D-Link DMC-515SC/E 10/100Base-TX (,134
D-Link DIS-100G-8W 8-port,511
D-Link DEM-312GT2 1-port 1000Base-,277
D-Link DMC-530SC/E 10/100Base-TX (,154
D-Link DIS-200G-12PS 8-port UTP 80,1177
D-Link DEM-314GT 1-port 1000Base-L,333
D-Link DMC-920/E 10/100Base-TX to,326
D-Link DIS-200G-12PSW 8-port UTP 8 K,1296
D-Link DEM-315GT 1-port 1000Base-T,370
D-Link DMC-920R 10/100Base-TX to 1,132
D-Link DIS-200G-12SW 10 x 10/100/1,1060
D-Link DEM-330R 1000Base-BX-U (Sim,80
D-Link DMC-920T 10/100Base-TX to 1,144
D-Link DEM-330T 1000Base-BX-D (Sim,94
D-Link DMC-1530SC/E 10/100Base-TX,163
D-Link DIS-PWR40AC/M 40W power ada,69
D-Link DEM-331R 1000Base-BX-U (Sim,333
D-Link DMC-1580SC/E 10/100Base-TX,804
D-Link DIS-PWR180AC/M,240
D-Link DEM-331T 1000Base-BX-D (Sim,370
D-Link DIS-200G-RPK180 Rack-mount,235
D-Link DGS-712 10/100/1000Base-T (,110
D-Link DMC-700SC/E 1000Base-TX (UTP) to 1000Base-SX (SC) Multi-mode 550m Fiber Media Converter (Usable in DMC-1000 Chassis),235
D-Link DIS-RK200G Standard 19” rac,24
D-Link DEM-210 100BASE-FX (Duplex LC) Single Mode 15km SFP (Mini-GBIC) Transceiver,92
D-Link DIS-300G-8PSW 4 x 10/100/10,2418
D-Link DEM-211 100BASE-FX (Duplex LC) Multi-Mode 2KM SFP (Mini-GBIC) Transceiver,84
D-Link DIS-300G-14PSW 8 x 10/100/1,2747
D-Link DEM-220R 100BASE-BX-U (Simplex LC) Single-Mode 20KM SFP (Mini-GBIC) Transceiver (TX-1310/RX-1550 nm),99
D-Link DIS-300G-12SW 8 x 10/100/10,1884
D-Link DEM-220T 100Base-BX-D (Simplex LC) Single-Mode 20KM SFP (Mini-GBIC) Transceiver (TX-1550/RX-1310 nm),106
D-Link DIS-700G-28XS 24 x 100/1000,7772
"D-Link DPS-200A Redundant Power Supply for DGS-3000 , DGS-3120-24TC, DGS-3120-24SC",224
"D-Link DIS-S301SX 1000BASE-SX, Mul",132
"D-Link DPS-500A Redundant Power Supply for DGS-3000 , DGS-3120-48TC, DGS-3420-26SC/28TC/28SC/52T, DGS-3620-28TC/28SC/52T",280
"D-Link DIS-S302SX 1000BASE-SX, Mul",132
D-Link DPS-700 Redundant Power Supply for DGS-3120/3420/3620 PoE switches,821
"D-Link DIS-S310LX 1000BASE-LX, Sin",161
"D-Link DPS-800 Chassis of Redundant Power Supply Unit (DPS-200A, DPS-500A)",112
"D-Link DIS-S330EX 1000BASE-EX, Sin",345
D-Link DPS-CB150-2PS 150CM RPS cable for connecting DGS-3000 and DPS-200A/500A,37
D-Link DSR-250V2 Nuclias Connect Dual-WAN Unified Service VPN Router,314
D-Link DSR-250V2-WCF-12-LIC License for DSR-250v2 supporting Web Content Filtering for one year,114
"Ugreen MD114-20417 3 in 1 Mini DP to HDMI/VGA/DVI - White, 1080p",72
"D-Link DSR-500 4-port Gigabit LAN, 2-port Gigabit WAN, 1-port USB, Wired Dual-Wan VPN Service Router",398
"Ugreen MD114-20418 3 in 1 Mini DP to HDMI/VGA/DVI - Black, 1080p",72
D-Link DSR-500-WCF-12-LIC License for DSR-500 supporting Web Content Filtering for one year,141
"Ugreen MD115-20421 Mini DisplayPort to HDMI & VGA Converter Silver , HDMI 4K*2K@30Hz , VGA 1920x1200 @60hz, HDMI port support audio, VGA port don’t support audio",64
"D-Link DSR-500AC 4-port Gigabit LAN, 2-port Gigabit WAN, 1-port USB 2.0, Wireless AC Dual-band Selectable Dual-Wan VPN Service Router",485
"Ugreen 10448 Mini DP Cable Male to DVI Female converter cable, Active, 4Kx2K, Support ATI Infinity EOL",66
D-Link DSR-500AC-WCF-12-LIC License for DSR-500AC supporting Web Content Filtering for one year,141
"D-Link DSR-1000 4-port Gigabit LAN, 2-port Gigabit WAN, 2-port USB, Wireless-N Dual-Wan VPN Service Router",524
D-Link DSR-1000-WCF-12-LIC License for DSR-1000 supporting Web Content Filtering for one year,141
"D-Link DSR-1000AC 4-port Gigabit LAN, 2-port Gigabit WAN, 1-port USB 2.0, Wireless AC Dual-band Concurrent Dual-Wan VPN Service Router",542
D-Link DSR-1000AC-WCF-12-LIC License for DSR-1000AC supporting Web Content Filtering for one year,141
"D-Link DV-800S-LIC D-View 8 Network Management Software Standard Edition (< 5,000* nodes)",7259
"D-Link DV-800E-LIC D-View 8 Network Management Software Enterprise Edition (< 5,000 nodes)",10889
"D-Link DV-800-SE-LIC The Upgrade License from Standard to Enterprise Edition (<5,000 nodes)",5807
D-Link DV-800MS-Y1-LIC D-View 8 Standard Maintenance License (Y1=365 days),3630
D-Link DV-800MS-Y2-LIC D-View 8 Standard Maintenance License (Y2=730 days),6533
D-Link DV-800MS-Y3-LIC D-View 8 Standard Maintenance License (Y3=1095 days),8711
D-Link DV-800MS-Y4-LIC D-View 8 Standard Maintenance License (Y4=1460 days),10163
D-Link DV-800MS-Y5-LIC D-View 8 Standard Maintenance License (Y5=1825 days),10889
D-Link DV-800ME-Y1-LIC D-View 8 Enterprise Maintenance License (Y1=365 days),5807
D-Link DV-800ME-Y2-LIC D-View 8 Enterprise Maintenance License (Y2=730 days),10889
D-Link DV-800ME-Y3-LIC D-View 8 Enterprise Maintenance License (Y3=1095 days),15244
D-Link NCB-C6UBLUR-305-24 CAT6 UTP 24AWG Cable Rolls,144
ASUS ROG-STRIX-1000G GOLD PSU,349
ROG-STRIX-850G-WHITE,268
ROG-STRIX-850G-WHITE GOLD PSU,329
ROG-STRIX-850G,268
ROG-STRIX-850G-WHITE GOLD PSU,329
ROG-STRIX-750G,493
ASUS ROG-STRIX-750G Gold PSU,249
TUF-GAMING-750B,554
TUF-GAMING-750B 80+ BRONZE,179
TUF-GAMING-650B,144
TUF-GAMING-650B 80+ BRONZE,159
ROG RYUJIN 360 OLED,268
ASUS ROG RYUJIN 360 OLED AIO CPU COOLER,519
ROG RYUJIN 240 OLED,268
ASUS ROG RYUJIN 240 OLED AIO CPU COOLER,419
ASUS ROG STRIX LC 360 RGB WHITE EDITION,399
ASUS ROG STRIX LC 240 RGB WHITE EDITION,349
ASUS ROG RYUO 240 OLED AIO CPU COOLER,359
ASUS ROG RYUO 120 OLED AIO CPU COOLER,309
ASUS TUF GAMING LC 240 RGB,229
EXTERNAL 16X BLU-RAY ODD WRITER,199
ASUS EXTERNAL 6X BLU-RAY ODD WRITER,149
ASUS EXT 8X DVD WRITER W/7.1 SOUNDCARD,159
ASUS EXT 8X GOLD DVD WRITER W/TYPE-C,65
ASUS EXT 8X BLACK DVD WRITER W/TYPE-C,65
ASUS EXT 8X SILVER DVD WRITER W/TYPE-C,65
ASUS EXT 8X BLACK DVD WRITER M-DISC,59
ASUS EXT 8X SILVER DVD WRITER M-DISC,59
ASUS EXTERNAL 8X BLACK DVD WRITER,49
AS STRIX RAID DLX,90
"CYAN STANDARD CARTRIDGE WF-5621, WF-5111",99
"MAGENTA STANDARD CARTRIDGE WF-5621, WF-5111",99
"YELLOW STANDARD CARTRIDGE WF-5621, WF-5111",99
MAINTENANCE BOX (WF-5621/WF-5111),36.5
BLACK STANDARD CARTRIDGE WF-6091,135
CYAN STANDARD CARTRIDGE WF-6091,105
MAGENTA STANDARD CARTRIDGE WF-6091,105
YELLOW STANDARD CARTRIDGE WF-60911,105
Replacement Pick Up Roller (Standard Cassette) WF-6091,55
Replacement Pick Up Roller (Optional Cassette) WF-6091,55
MAINTENANCE BOX (WF-6091),103
EPSON C12C932871 OPTIONAL CASSETTE (WF-C579R),383
EPSON C13T671600 MAINTENANCE BOX (WF-C579R),52
EPSON C12C932611 500-sheet Paper Cassette Unit (PCU),500
EPSON C12C934321 RIPS3 PRINTER STAND,253
EPSON C12C934361 WF-C879R Manual Stapler,440
EPSON C12C934471 EPSONNET 10/100/1000BASE TX INT - C879 only,455
EPSON C12C934491 SUPER G3 MULTI FAXBOARD - C879 only,1296
EPSON C12C934911 WF-C879R STAPLE CARTRIDGE - C879 only,58
EPSON C12C934921 WF-C879R Authentication Device Table - C879 only,41
EPSON C13S210048 Standard Cassette Maintenance Roller,68
EPSON C13S210049 Optional Cassette Maintenance Roller,68
EPSON C12C935941 MAINTENANCE ROLLER FOR PAPER CASSETTE,31
EPSON C12C935961 MAINTENANCE ROLLER FOR MAIN UNIT,27
EPSON C12C934471 EPSONNET 10/100/1000BASE TX INT.,455
EPSON C12C934491 SUPER G3 MULTI FAXBOARD,1296
EPSON C13T671400 MAINTENANCE BOX (WF-C878R/879R),121
EPSON C13S210048 Standard Cassette Maintenance Roller,68
EPSON C13S210049 Optional Cassette Maintenance Roller,68
EPSON C13T01D400 WF-579R Y/Large,201
EPSON C13T01D300 WF-579R M/Large,201
EPSON C13T01D200 WF-579R C/Large,201
EPSON C13T01D100 WF-579R BK/Large,591
EPSON C13T01C400 WF-579R Y/Standard,131
EPSON C13T01C300 WF-579R M/Standard,131
EPSON C13T01C200 WF-579R C/Standard,131
EPSON C13T01C100 WF-579R BK/Standard,302
"EPSON C13T05A100 Hopkins3, BK/Standard",131
"EPSON C13T05A200 Hopkins3, C/ 190199320345",149
"EPSON C13T05A300 Hopkins3, M/ Deep Navy MHKU3ZA/A UPC 194252168714",75
"EPSON C13T05A400 Hopkins3, Y/ - White MHKV3ZA/A UPC 194252168752",75
"EPSON C13T05B100 Hopkins3, BK/ MagSafe - (PRODUCT)RED MHKW3ZA/A UPC",75
"EPSON C13T05B200 Hopkins3, C/Large",554
"EPSON C13T05B300 Hopkins3, M/Large",554
"EPSON C13T05B400 Hopkins3, Y/Large",554
EPSON C13T973100 Black Standard Ink Pack,144
EPSON C13T973200 Cyan Standard Ink Pack,268
EPSON C13T973300 Magenta Standard Ink Pack,268
EPSON C13T973400 Yellow Standard Ink Pack,268
EPSON C13T974100 Black Large Ink Pack,495
EPSON C13T974200 Cyan Large Ink Pack,918
EPSON C13T974300 Magenta Large Ink Pack,918
EPSON C13T974400 Yellow Large Ink Pack,918
EPSON C11CH605024NTB1 1+4 years Coverplus for WF-C878R (with Option),1014
EPSON C11CH605022NTB1 1+2 years Coverplus for WF-C878R (with Option),479
EPSON C11CH355024NTB1 1+4 years Coverplus for WF-C879R (with Option),1165
EPSON C11CH355022NTB1 1+2 years Coverplus for WF-C879R (with Option),556
EPSON IC579R3N101 2+3 year Coverplus for WF-C579R,398
EPSON IC579R1N101 2+1 year Coverplus for WF-C579R,131
Canon 3850C003 LV-X350 Compact Projector,999
Canon 3851C003 LV-WX370 Compact Projector,1099
Canon 3852C003 LV-WU360 Compact Projector,1799
Canon 2136C003 XEED WUX500ST Compact Short-throw Full HD LCOS Projector LCOS Fixed Lens Lamp 5000 lumens WUXGA (1920 x 1200),11000
Canon 3899C001 LV-LP43 LV-X350 / WX370 / WU360 Lamps,180
Canon 1907C001 LV-LP42 LV-X420 / HD420 Lamps,450
Canon 1035C001 LX-LP02 MW500 / MU500 Lamps,900
Canon 0953C001 LX-LP01 MU700 Lamps,2000
Canon 5322B001 LV-LP34 7490 / 8320 Lamps,280
Canon 5323B001 LV-LP35 7292 / 7290 / 7392 Lamps,180
Canon 5806B001 LV-LP36 8235UST Lamps,350
Canon 0030C001 LV-LP37 S300 / X300 Lamps,300
Canon 0031C001 LV-LP38 X300ST / X320 / X310ST Lamps,350
Canon 0119C001 LV-LP39 WX300 Lamps,300
Canon 0120C001 LV-LP40 WX300ST / WX320 / WX310ST Lamps,350
Canon 0740C001 LV-LP41 WX300UST / WX300USTi Lamps,400
Canon 2406C001 RS-LP12 WUX7500 / WUX6700 / WUX5800 Lamps,700
Canon 8377B001 RS-LP08 WX520 / WUX400ST / WUX450 / WX450ST / WUX500ST / WUX500 Lamps,550
Canon 9963B001 RS-LP09 WUX6000/WUX6010 Lamps,550
Canon 2141C001 RS-LP11 WUX6500 Lamps,900
CANON SCANNER LiDE 300 ASA 2995C012AA,149
CANON SCANNER LiDE 400 ASA 2996C012AA,189
CANON SCANNER P-215 II 9705B002,459
CANON SCANNER DR-F120 9017B003,689
CANON IMAGEFORMULA 3258C003AD DR-C225 II,1562
CANON IMAGEFORMULA 0651C003AF DR-C240,2095
CANON IMAGEFORMULA 4044C003AC DR-S150,2625
CANON IMAGEFORMULA 2405C003AE DR-M260,3474
CANON IMAGEFORMULA 1255C003AF ScanFront 400,8415
CANON IMAGEFORMULA 4624B003AJ DR-6030C,8800
CANON IMAGEFORMULA 3150C003AC DR-G2110,13788
CANON IMAGEFORMULA 3149C003AC DR-G2140,19310
CANON IMAGEFORMULA 2152C003AB !A4 size Flatbed Unit 102 (FSU 102),1080
Apple AirTag Loop - White MX4F2FE/A UPC 190199315044,45
Apple AirTag (1 Pack) MX532ZP/A UPC 190199320253,45
Apple AirTag Loop - Pink Citrus MLYY3FE/A UPC 194252749494,45
Apple AirTag FineWoven Key Ring - Black MT2H3FE/A UPC 194253945970,55
Apple AirTag FineWoven Key Ring - Mulberry MT2J3FE/A UPC 194253946007,55
Apple AirTag FineWoven Key Ring - Pacific Blue MT2K3FE/A UPC 194253946038,55
Apple AirTag FineWoven Key Ring - Taupe MT2L3FE/A UPC 194253946069,55
Apple AirTag FineWoven Key Ring - Coral MT2M3FE/A UPC 194253946090,55
Apple AirTag (4 Pack) MX542ZP/A UPC 190199320345,149
Apple Apple Studio Display - Standard Glass 194253727620,75
Apple iPhone 12 mini Silicone Case with MagSafe - Apple iPhone 14 Plus Silicone Case with MagSafe Apple iPhone 15 Plus FineWoven Case with - VESA Mount Adapter (Stand not included) 192876646083,89
Apple Apple Studio Display - Nano-Texture Glass 194253945611,89
Apple iPhone 15 Plus FineWoven Case with MagSafe - Tilt- and Height-Adjustable Stand MMYV3ZP/A UPC 194253032519,3329.8
Apple Apple Studio Display - Nano-Texture Glass - Tilt-Adjustable Stand MMYW3ZP/A UPC 194253032892,2724.2
Apple Apple Studio Display - Nano-Texture Glass - VESA Mount Adapter (Stand not included) MMYX3ZP/A UPC 194253033271,2724.2
Apple EarPods with Lightning Connector MMTN2FE/A UPC 190198001719,29
Apple EarPods (USB-C) MTJY3FE/A UPC 195949121449,29
Apple AirPods Pro (2nd generation) with MagSafe Case (USB-C) MTJV3ZA/A UPC 195949052613,362.35
Apple EarPods with 3.5mm Headphone Plug MNHF2FE/A UPC 190198107046,29.25
Apple Wireless Charging Case for AirPods MR8U2ZA/A UPC 190198659514,120.1
Apple AirPods (2nd generation) MV7N2ZA/A UPC 190199098558,200.85
Apple Lightning to 3.5mm Audio Cable (1.2m) - Black MR2C2FE/A UPC 190198616432,49
Apple AirPods Max - Space Gray MGYH3ZA/A UPC 194252085165,806.45
Apple AirPods Max - Silver MGYJ3ZA/A UPC 194252085295,806.45
Apple AirPods Max - Sky Blue MGYL3ZA/A UPC 194252085554,806.45
Apple AirPods Max - Pink MGYM3ZA/A UPC 194252085684,806.45
Apple AirPods Max - Green MGYN3ZA/A UPC 194252085813,806.45
Apple AirPods (3rd generation) with MagSafe Charging Case MME73ZA/A UPC 194252818503,271.5
Apple AirPods (3rd generation) with Lightning Charging Case MPNY3ZA/A UPC 194253324157,261.4
Apple Radeon Pro Vega II MPX Module MW672ZA/A UPC 190199184169,3300
Apple Apple Afterburner Card MW682ZA/A UPC 190199184213,3028
Apple Radeon Pro Vega II Duo MPX Module MW732ZA/A UPC 190199184060,6600
Apple 16GB (2x8GB) DDR4 ECC Memory Kit 194252438398,120.1
Apple 32GB (2x16GB) DDR4 ECC Memory Kit MX1H2G/A UPC 190199288942,1200
Apple 64GB (2x32GB) DDR4 ECC Memory Kit MX1J2G/A UPC 190199288959,1800
Apple 128GB (2x64GB) DDR4 ECC Memory Kit MX1K2G/A UPC 190199288966,4200
Apple 256GB (2x128GB) DDR4 ECC Memory Kit MX8G2G/A UPC 194252067048,9000
Apple Apple Mac Pro Wheels Kit MX572FE/A UPC 190199319455,1008.3
Apple Apple Mac Pro Feet Kit MXNM2FE/A UPC 190199565357,402.7
Apple Radeon Pro W5700X MPX Module MW662ZA/A UPC 190199184114,1500
Apple 1TB SSD Kit for Mac Pro MXNN2FE/A UPC 190199565401,900
Apple 2TB SSD Kit for Mac Pro MXNP2FE/A UPC 190199565470,1500
Apple 4TB SSD Kit for Mac Pro MXNQ2FE/A UPC 190199565548,2400
Apple 8TB SSD Kit for Mac Pro MXNR2FE/A UPC 190199565616,4200
Apple Radeon Pro W5500X MPX Module MXM52ZA/A UPC 190199535558,900
Apple Radeon Pro W6800X MPX Module MJ073ZA/A UPC 194252243824,4200
Apple Polishing Cloth MM6F3ZA/A UPC 194252788905,29.25
Apple Radeon Pro W6600X MPX Module MKGY3ZA/A UPC 194252554012,1050
Apple Apple 2TB SSD Upgrade Kit for Mac Pro MR393FE/A UPC 195949013515,1500
Apple Apple 4TB SSD Upgrade Kit for Mac Pro MR3A3FE/A UPC 195949013577,2400
Apple Apple 8TB SSD Upgrade Kit for Mac Pro MR3C3FE/A UPC 195949013638,4200
Apple Magic Keyboard with Numeric Keypad - US English - Silver MQ052ZA/A UPC 190198383587,170.55
Apple Smart Keyboard for iPad (9th generation) - US English MX3L2ZA/A UPC 190199307223,251.3
Apple Smart Keyboard Folio for iPad Pro 11-inch (4th generation) and iPad Air (5th generation)– US English MXNK2ZA/A UPC 190199568662,281.6
Apple Smart Keyboard Folio for 12.9-inch iPad Pro (6th generation) - US English MXNL2ZA/A UPC 190199569249,301.75
Apple Magic Keyboard for iPad Pro 11-inch (4th generation) and iPad Air (5th generation) - US English - Black MXQT2ZA/A UPC 190199600171,453.15
Apple Smart Keyboard for iPad (9th generation) - British English MX3L2BX/A UPC 190199306714,251.3
Apple Smart Keyboard for iPad (9th generation) - Chinese (Pinyin) MX3L2CV/A UPC 190199306813,251.3
Apple Smart Keyboard for iPad (9th generation) - Japanese MX3L2JX/A UPC 190199306936,251.3
Apple Smart Keyboard for iPad (9th generation) - Chinese (Zhuyin) MX3L2MO/A UPC 190199307025,251.3
Apple Smart Keyboard Folio for iPad Pro 11-inch (4th generation) and iPad Air (5th generation) — British English MXNK2BX/A UPC 190199568150,281.6
Apple Smart Keyboard Folio for iPad Pro 11-inch (4th generation) and iPad Air (5th generation) — Chinese (Pinyin) MXNK2CV/A UPC 190199568259,281.6
Apple Smart Keyboard Folio for iPad Pro 11-inch (4th generation) and iPad Air (5th generation) — Japanese MXNK2JX/A UPC 190199568372,281.6
Apple Smart Keyboard Folio for iPad Pro 11-inch (4th generation) and iPad Air (5th generation) - Chinese (Zhuyin) MXNK2MO/A UPC 190199568464,281.6
Apple Magic Keyboard for iPad Pro 11-inch (4th generation) and iPad Air (5th generation) - British English - Black MXQT2BX/A UPC 190199599666,453.15
Apple Magic Keyboard for iPad Pro 11-inch (4th generation) and iPad Air (5th generation) - Chinese (Pinyin) - Black MXQT2CV/A UPC 190199599765,453.15
Apple Magic Keyboard for iPad Pro 11-inch (4th generation) and iPad Air (5th generation) - Japanese MQDP3JX/A Japanese,1279
Dell AO7010PMTI78512 Opti 7010PLUSMT|I7-13700|8GB|512GB SSD|RW|BRZ|W11,382.5
Lenovo ThinkPad X1 Carbon G11 i7-1365U/32GB/1TB SSD 21HM008HSG,4488
Apple Magic Keyboard Folio for iPad (10th generation) - Chinese (Zhuyin) MQDP3MO/A Chinese (Zhuyin),453.15
HP ProOne 440 G9 AiO i5-13500 8GB/512GB Pro,1619
Lenovo ThinkPad X1 Carbon G11 i7-1360P/16GB/512GB SSD 21HM001USG Pro,3699
Apple Magic Keyboard for iPad Pro 11-inch (4th generation) and iPad Air (5th generation) - Chinese (Zhuyin) - Black MXQT2MO/A Chinese (Zhuyin) - Black,453.15
HP Elite SFF 600 G9 i7-13700 16GB/512GB,1857
Lenovo ThinkPad X1 Carbon G11 i7-1360P/16GB/512GB SSD 21HM001USG Pro DG 64,3499
Apple Apple Watch Magnetic Charging Cable (1 m) MX2E2AM/A,39
HP Elite Tower 600 G9 i7-13700 16GB/512GB/ RX 6300 2GB GDDR6 8Q327PA,1637
Lenovo ThinkPad X1 Carbon G11 i7-1360P/16GB/512GB SSD 21HM008FSG W11 Pro,3419
Apple Apple World Travel Adapter Kit MD837AM/A,45
HP Elite Mini 800 G9 i5-13500T 8GB/256GB,1734
Lenovo ThinkPad X1 Carbon G11 i7-1360P/16GB/1TB SSD 21HM008GSG W11 Pro,3549
Apple Lightning to USB Cable (2 m) MD819AM/A,45
HP Elite Mini 800 G9 i7-13700T 8GB/512GB,1854
Apple Lightning to USB Camera Adapter MD821AM/A,45
HP Elite SFF 800 G9 i5-13500 8GB/512GB,2019
Lenovo ThinkPad X1 Yoga G8 i7-1355U/32B/1TB SSD (Touch) 21HQ004YSG W11 Pro,3899
Apple USB-C to Lightning Cable (2 m) MQGH2ZA/A,45
HP Elite SFF 800 G9 i7-13700 8GB/512GB,2075
Lenovo ThinkCentre M75s G2 R5 Pro 2650G/8GB/512GB SSD 11R8002JSG W11 Pro DG 64,1060
Apple 240W USB-C Charge Cable (2 m) MU2G3ZA/A,45
HP Elite SFF 800 G9 i7-13700 16GB/512GB,2206
Lenovo ThinkCentre M70S G3 i5-12500/8GB/512GB SSD 11T8004DSG W11 Pro DG 64,1415
Apple USB-C to Lightning Adapter MUQX3ZA/A,45
HP Elite SFF 800 G9 i7-13700 16GB/1TB,2314
Lenovo ThinkCentre M90S G3 i7-12700/16GB/512GB SSD 11TT001XSG W11 Pro DG 64,1765
Apple Thunderbolt 4 (USB-C) Pro Cable (1 m) MU883ZA/A,95
HP Elite Tower 800 G9 i7-13700 8GB/512GB,2395
Lenovo ThinkCentre M70S G4 i5-13400/8GB/512GB SSD 12DN000ASG W11 Pro,1399
Apple Apple MagSafe to MagSafe 2 Converter MD504ZM/A,15.1
HP Elite Tower 800 G9 i7-13700 16GB/512GB,2693
Lenovo ThinkCentre M70S G4 i7-13700/16GB/512GB SSD 12DN000BSG W11 Pro,1599
Apple Apple 45W MagSafe 2 Power Adapter (for MacBook Air) MD592B/B,99.9
HP Elite Tower 800 G9 i7-13700 16GB/1TB,2874
Lenovo ThinkCentre M70Q G4 i5-13400T/8GB/512GB SSD 12E30011SG W11 Pro,1249
Apple Apple Thunderbolt cable (2.0 m) MD861ZM/A,59.55
HP EliteOne 840 G9 23.8 AiO Touchscreen i7-13700 16GB/1TB SSD 8T700PA Win 11,2111
Lenovo ThinkCentre M70Q G4 i7-13700T/16GB/512GB SSD 12E30012SG W11 Pro,1599
Apple Apple 85W MagSafe 2 Power Adapter (for MacBook Pro with Retina display) MD506B/B,99.9
HP EliteOne 870 G9 27 AiO Non-Touch QHD i7-13700 32GB/1TB SSD 8T701PA Win 11,2559
Lenovo ThinkCentre neo 30a 24 23.8” i5-1240P/8GB/512GB SSD (non-touch) 12B000CDSG W11 Pro DG 64,1715
Apple Apple 60W MagSafe 2 Power Adapter (MacBook Pro with 13-inch Retina display) MD565B/B,99.9
HP Z2 SFF G9 i7-12700 8GB/512GB SSD 6V1Z6PA Win 11,2275
Lenovo ThinkCentre M70a G3 21.5’’ i5-12500/8GB/512GB SSD (Touch) 11VL0008SG W11 Pro DG 64,1869
Apple Lightning to VGA Adapter MD825AM/A,75.7
HP Z2 SFF G9 i7-13700 16GB/512GB SSD 8D0J9PA Win 11,2864
Lenovo ThinkCentre M90a G3 23.8’’ i7-12700/16GB/512GB SSD (Touch) 11VF009TSG W11 Pro DG 64,2220
Apple Lightning to Digital AV Adapter MD826AM/A,75.7
HP Z2 SFF G9 i7-13700 16GB/256GB SSD/1TB SATA 8D0H3PA Win 11,2957
Apple Lightning to USB Cable (0.5 m) ME291AM/A,29.25
HP Z2 Mini G9 i7-13700 32GB/512GB SSD 8D0H4PA Win 11,3858
Lenovo ThinkStation P3 Ultra i7-13700/16GB/512GB SSD/NV T400 *TD Exclusive* 30HAS01H00 W11 Pro,2230
Apple USB-C VGA Multiport Adapter MJ1L2AM/A,95.85
HP Z2 G9 TWR i7-13700K 32GB/256GB SSD/2TB SATA 8D0H6PA Win 11,3418
Lenovo ThinkStation P3 Ultra i7-13700/16GB/512GB SSD/ NV T1000 30HA002GSG W11 Pro,2699
Apple USB-C to USB Adapter MJ1M2AM/A,29.25
HP Z2 G9 TWR i7-13700 16GB/256GB SSD/2TB SATA 8D0H8PA Win 11,3010
Lenovo Thinkstation P3 TWR i7-13700/16GB/512GB SSD/NV T1000 30GS003LSG W11 Pro,2699
Apple Lightning to SD Card Camera Reader MJYT2AM/A,45.4
HP Z2 G9 TWR i7-13700 16GB/1TB SSD 8D0H9PA Win 11,2942
Lenovo ThinkStation P5 TWR W3-2423/16GB/512GB/ T1000*TD Exclusive* 30GAS00Y00 W11 Pro,3400
Apple Lightning to USB3 Camera Adapter MK0W2AM/A,59.55
HP EliteBook 1030 G8 i5-1135 13.3 16GB/512GB SSD (Touch) 72194607 Win 10,2992.09
Lenovo ThinkStation P5 TWR W3-2423/32GB/512GB SSD/ NV RTX A2000 30GA0029SG W11 Pro,4499
Apple Lightning to 3.5 mm Headphone Jack Adapter MMX62FE/A,15.1
HP EliteBook 830G9 i5-1235U 16GB/512GB SSD 6C1V1PA Win 11,2449
Lenovo ThinkPad P14s G4 i7-1360P/32GB/512GB SSD/ NV RTX A500 21HF001GSG W11 Pro,2399
Apple Thunderbolt 3 (USB-C) to Thunderbolt 2 Adapter MMEL2ZA/A,65.6
HP EliteBook X360 1040 G9 i7-1255U 16GB/1TB SSD (Touch +Intel Evo+ Sure View) 6C1Z9PA Win 11,3789
Lenovo ThinkPad P16s G2 i7-1360P/32GB/512GB SSD/NV RTX A500 21HK001GSG W11 Pro,2499
Apple Apple 30-pin to USB Cable MA591G/C,29.25
HP Elite Dragonfly G3 i5-1235U 16GB/512GB SSD (Intel Evo + Sure View) 6C224PA Win 11,3069
Lenovo ThinkPad P16 G2 i7-13700HX/32GB/512GB SSD/NV RTX 2000 21FA0016SG W11 Pro,3749
Apple USB-C to 3.5 mm Headphone Jack Adapter MU7E2FE/A,15.1
HP Elite Dragonfly G3 i7-1255U 16GB/1TB SSD (Intel Evo + Sure View) 6C225PA Win 11,3779
Lenovo ThinkPad P1 G6 i7-13700H/32GB/512GB SSD/NV RTX 2000 21FV0007SG W11 Pro,3999
Apple USB-C to SD Card Reader MUFG2ZA/A,59.55
Thinkpad X12 Detachable G1 i5-1130G7/16GB/512GB SSD 20UW004HSG W11 Pro DG 64,2928
Apple Lightning to 3.5mm Audio Cable (1.2m) - Black MR2C2FE/A,49
HP ProBook 440 G10 i5-1335U 8GB/512GB SSD 8B210PA Win 11,1609
Thinkpad X12 Detachable G1 i7-1160G7/16GB/512GB SSD 20UW004JSG W11 Pro DG 64,3127.97
Apple Lightning to USB Cable (1 m) MXLY2ZA/A,29.25
HP ProBook 440 G10 i7-1355U 16GB/512GB SSD 8B209PA Win 11,1879
Apple Power Adapter Extension Cable MK122B/A,29.25
HP ProBook 450 G10 i5-1335U 16GB/512GBSSD 8H2G4PA Win 11,1649
ThinkSmart Core + Controller Kit for MS Team Rooms i5-1145G7E/8GB/256GB SSD 11LR0005SG Windows 10 IoT Enterprise CLB 64,4325
Apple 96W USB-C Power Adapter MX0J2ZP/A,99.9
HP EliteBook 630 G10 i5-1335U 8GB/512GB SSD 8B217PA Win 11,1609
ThinkSmart Core + Controller Kit for Zoom i5-1145G7E/8GB/256GB SSD 11LT0006SG Windows 10 IoT Enterprise SAC 64,4325
Apple Apple 85W MagSafe Power Adapter (for 15- and 17-inch MacBook Pro) MC556B/C,99.9
HP EliteBook 630 G10 i7-1355U 16GB/512GB SSD 8B221PA Win 11,1879
ThinkSmart Core Full Room Kit for MS Team Rooms i5-1145G7E/8GB/256GB SSD 11S30008SG Windows 10 IoT Enterprise SAC 64,5675
Apple 30W USB-C Power Adapter MY1W2ZP/A,55.5
HP EliteBook 640 G10 i5-1335U 8GB/512GBSSD 8B224PA Win 11,1729
ThinkSmart Core Full Room Kit for Zoom i5-1145G7E/8GB/256GB SSD 11S50008SG Windows 10 IoT Enterprise CLB 64,5675
Apple Apple 12W USB Power Adapter MGN03ZP/A,29.25
HP EliteBook 640 G10 i7-1355U 16GB/512GBSSD 8B225PA Win 11,2009
Apple MagSafe Charger MHXH3AM/A,59.55
HP EliteBook 830 G10 i5-1335U 16GB/512GB SSD 8B229PA Win 11,2129
ThinkSmart Core for Logitec 11RXS0240R Windows 10 IoT Enterprise SAC 64,1565.5
Apple 20W USB-C Power Adapter MHJF3ZP/A,29.25
HP EliteBook 830 G10 i7-1355U 16GB/512GB SSD 8B230PA Win 11,2369
ThinkSmart View Lenovo CD-18781Y ZA690022SG AOSP 8.1,505
Apple Lightning to 3.5 mm Audio Cable (1.2m) - White MXK22FE/A,49.45
HP EliteBook 840 G10 i5-1335U 16GB/512GBSSD 8B232PA Win 11,2179
Apple 67W USB-C Power Adapter MKU63ZP/A,85.75
HP EliteBook 840 G10 i7-1355U 16GB/512GBSSD 8B234PA Win 11,2429
Google Meet One Room Kits Gen2 (Small Kit) *NEW* 20YW0006SB,5188
Apple 140W USB-C Power Adapter MLYU3ZP/A,120.1
HP EliteBook 1040 G10 i7-1355U 32GB/1TB SSD (Intel EVO + HP Sure View) 8B2P3PA Win 11,3089
Google Meet One Room Kits Gen 2 (Medium Kit) *NEW* 20YW0007SB,6590
Apple USB-C to MagSafe 3 Cable (2m) - Silver MLYV3ZA/A,65.6
HP EliteBook X360 1040 G10 i7-1355U 16GB/1TB SSD (Intel EVO + HP Sure View + Touch) 8H2G5PA Win 11,3619
Google Meet One Room Kits Gen 2 (Large Kit) *NEW* 20YW0008SB,8645.6
Apple USB-C to Lightning Cable (1 m) MM0A3FE/A,29.25
HP Elite Dragonfly G4 i5-1335U 16GB/1TB SSD (Intel Evo + Sure View) 8B258PA Win 11,3149
LenovoThinkSmart One for Microsoft Teams Rooms Intel Core I5-1145 12BS0001SG,4279
Apple Thunderbolt 4 Pro Cable (1.8 m) MN713ZA/A,180.65
HP Elite Dragonfly G4 i7-1355U 32GB/1TB SSD (Intel Evo + Sure View) 8B260PA Win 11,3549
"Garmin Index S2, Smart Scale",269
Apple Thunderbolt 4 Pro Cable (3 m) MWP02ZA/A,221
Garmin 010-02064-14 Instinct Outdoor gps,329
Apple 35W Dual USB-C Port Power Adapter MNWP3ZP/A,85.75
HP Zbook FireFly14 G10 A500 i7-1355U 14 32GB/512GB 8C5R5PA Win 11,3042
Garmin 010-02120-20 Forerunner 245,339
Apple 60W USB-C Charge Cable (1m) MQKJ3ZA/A,29.25
HP Zbook FireFly 14 G10 A500 i7-1355U 14 32GB/1TB 8C5T4PA Win 11,3143
Garmin GM-010-02384-51 Lily Sport GPS,309
Apple 70W USB-C Power Adapter MQLN3ZP/A,85.75
HP Zbook Power G10 i7-13700H 15.6 32GB/512GB 8C5R2PA Win 11,3875.01
"Garmin Enduro 2 – Watch,",1799
Apple Apple USB SuperDrive MD564ZM/A,99.9
HP Zbook Studio G10 16 RTX3000 8GB i7-13700H 16 32GB/512GB 8F166PA Win 11,6162
Garmin 010-02156-05 Forerunner 45,229
Apple Wireless Charging Case for AirPods MR8U2ZA/A,119
HP Zbook Studio G10 i7-13700H 16 32GB/1TB 8C5R3PA Win 11,7086.73
"Garmin inReach Mini 2, Lightweight",749
Apple AirPods (2nd generation) MV7N2ZA/A,200.85
Garmin Forerunner 55,299
Apple AirPods (3rd generation) with MagSafe Charging Case MME73ZA/A,271.5
Garmin Forerunner 735XT,329
Apple AirPods (3rd generation) with Lightning Charging Case MPNY3ZA/A,261.4
Garmin Instinct 2S Poppy,359
Apple AirPods Max - Space Gray MGYH3ZA/A,806.45
Garmin HRM-Pro Plus,209
Apple AirPods Max - Silver MGYJ3ZA/A,806.45
Garmin vívoactive 4S,429
Apple AirPods Max - Sky Blue MGYL3ZA/A,806.45
Garmin 010-02060-34 Edge 530 GPS,489
Apple AirPods Max - Pink MGYM3ZA/A,806.45
Garmin 010-12520-10 Running Dynamic Pod,89
Apple AirPods Max - Green MGYN3ZA/A,806.45
Garmin Backpack Tether Accessory,49
Apple AirPods Pro (2nd generation) with MagSafe Case (USB-C) MTJV3ZA/A,362.35
"Garmin epix Gen 2, Premium active",1499
"Benq Projector MS560 4000lm SVGA (800x600) 20,000:1",579
Garmin Speed Sensor 2 and Cadence Sensor 2,99
"Benq Projector MX560 4000lm XGA (1024x768) 20,000:1",649
Garmin GM-010-02064-78 Instinct Esports,489
"Benq Projector MW560 4000lm WXGA (1280x800) 20,000:1",749
Garmin Descent MK2s,1499
"Benq Projector MH560 3800lm FHD (1920x1080) 20,000:1",1199
"Garmin Venu Sq, GPS Smartwatch",299
"Benq Projector EX600 3600lm XGA (1024x768) 20,000:1",1049
"Garmin 010-11617-10, 10’ Transducer",69
"Benq Projector EW600 3600lm WXGA (1280x800) 20,000:1",1149
Garmin Forerunner 945 Premium,729
"Benq Projector EH600 3500lm FHD (1920x1080) 10,000:1",1449
Garmin fenix 7X Sapphire,1699
"Benq Projector LU930 5000lm WUXGA (1920x1200) 3,000,000:1",4488
Garmin GM-010-02158-65 Fenix 6,749
"Benq Projector LU935 6000lm WUXGA (1920x1200) 3,000,000:1",5888
Garmin GM-010-02293-66 Instinct Solar,669
"Benq Projector LU935ST 5500lm WUXGA (1920x1200) 3,000,000:1",1369
"Benq Projector LK936ST 5100lm 4k UHD (3840x2160) 3,000,000:1",8488
"Benq Projector MW855UST+ 3500lm WXGA (1280x800) 10,000:1",1888
"Benq Projector LH890UST 4000lm FULL HD (1920x1080) 100,000:1",4448
"Benq Projector TH575 3800lm FULL HD (1920x1080) 15,000:1",1099
"Benq Projector TH685i 3500lm FULL HD (1920x1080) 10,000:1",1549
"Benq Projector TK700 3200lm 4k UHD (3840x2160) 10,000:1",1668
"Benq Projector TK700STi 3000lm 4k UHD (3840x2160) 4,500:1",1759
"Benq Projector TK850i 3000lm 4k UHD (3840x2160) 30,000:1",1570
"Benq Projector X3000i 3000lm 4k UHD (3840x2160) 500,000:1 (Dynamic Black)",3499
"Benq Projector W5700 1800lm 4k UHD (3840x2160) 100,000:1",4299
BENQ InstasShow WDC10,1488
BENQ GW2480 IPS 23.8” 1920x1080 20Mil:1 5ms (GtG) 1x 2x 1W 100x100mm,179
BENQ GW2480L IPS 23.8” 1920x1080 20Mil:1 5ms (GtG) 1x 2x 1W 100x100mm,179
BENQ GW2480T IPS 23.8” 1920x1080 20Mil:1 5ms (GtG) 1x 2x 1W 100x100mm,229
BENQ GW2485TC IPS 23.8” 1920x1080 20Mil:1 5ms (GtG) NA 2x2W 100x100mm,319
BENQ GW2780 IPS 27”W 1920x1080 20Mil:1 5ms (GtG) 1x 2x2W 100x100mm,239
BENQ GW2780T IPS 27”W 1920x1080 20Mil:1 5ms (GtG) 1x 2x2W 100x100mm,289
BENQ GW2785TC IPS 27”W 1920x1080 20Mil:1 5ms (GtG) NA 2x2W 100x100mm,359
BENQ EX240 IPS 23.8”” 1920x1080 20Mil:1 2ms (GtG) 1ms(MPRT) NA 2x2.5W 100x100mm,329
BENQ EX240N VA 23.8”” 1920x1080 20Mil:1 4ms (GtG) 1ms(MPRT) NA 2x2.5W 100x100mm,279
BENQ EX2510S IPS 24.5”” 1920x1080 20Mil:1 2ms (GtG) 1ms(MPRT) NA 2x2.5W 100x100mm,339
BENQ EX2710S IPS 27”” 1920x1080 20Mil:1 2ms (GtG) 1ms(MPRT) NA 2x2.5W 100x100mm,359
BENQ EX2710Q IPS 27 2560x1440 20Mil:1 2ms (GtG) 1ms(MPRT) NA 2.1 Channel Speaker Audio DSP 2Wx2 + 5W (Woofer) 100x100mm,579
BENQ EX270M IPS 27 1920x1080 20Mil:1 1ms (GtG) 1ms(MPRT) NA 2.1 Channel Speaker Audio DSP 2Wx2 + 5W (Woofer) 100x100mm,579
BENQ EX270QM IPS 27 2560x1440 20Mil:1 1ms (GtG) 1ms(MPRT) NA 2.1 Channel Speaker Audio DSP 2Wx2 + 5W (Woofer) 100x100mm,1139
BENQ EX2710U IPS 27 3840x2160 20Mil:1 2ms (GtG) 1ms(MPRT) NA 2.1 Channel Speaker Audio DSP 2Wx2 + 5W (Woofer) 100x100mm,1129
BENQ EX3210U IPS 32 3840x2160 20Mil:1 2ms (GtG) 1ms(MPRT) NA 2.1 Channel Speaker Audio DSP 2Wx2 + 5W (Woofer) 100x100mm,1449
BENQ EX3410R VA 34”” 3440x1440 20Mil:1 2ms (GtG) 1ms(MPRT) NA 2.1 Channel Speaker Audio DSP 2Wx2 + 5W (Woofer) 100x100mm,799
BENQ EX3415R IPS 34”” 3440x1440 20Mil:1 2ms (GtG) 1ms(MPRT) NA 2.1 Speaker | Audio DSP: 2Wx2 + 5W (Woofer) 100x100mm,1099
BENQ EX480UZ OLED 48”” 3840x1260 20Mil:1 0.1ms (GtG) NA 2.1 Channel Speaker Audio DSP 5Wx2 + 10W (Woofer) 200x200mm,2599
BENQ EW2480 IPS 24” 1920x1080 20Mil:1 5ms (GtG) NA 2x2W 100x100mm,249
BENQ EW2780 IPS 27” 1920x1080 20Mil:1 5ms (GtG) NA 2x 2.5W 100x100mm,270
BENQ EW2880U IPS 28” 3840x2160 12Mil:1 5ms (GTG) NA Audio DSP;2x3W 100x100mm,549
BENQ EW3270U VA 31.5” 3840x2160 20Mil:1 4ms (GtG) NA 2x 2W 100x100mm,499
BENQ EW3280U IPS 32”” 3840x2160 20Mil:1 5ms (GtG) NA 2.1 Speaker | Audio DSP: 2Wx2 + 5W (Woofer) 100x100mm,899
BENQ SW240 IPS 24.1” 1920x1200 20Mil:1 5ms (GtG) NA NA 100c100mm,529
BENQ SH240 Shading Hood for SW240,109
BENQ SW270C IPS 27”W 2560x1440 20Mil:1 5ms (GtG) NA NA 100x100mm,1199
BENQ SW271C IPS 27”W 3840x2160 20Mil:1 5ms (GtG) NA NA 100x100mm,2349
BENQ SW321C IPS 32”W 3840x2160 20Mil:1 5ms (GtG) NA NA 100x100mm,2649
BENQ PD2705U IPS 27” 3840x2160 20Mil:1 5ms (GtG) NA 2x 2.5W 100x100mm,779
BENQ PD2705UA IPS 27” 3840x2160 20Mil:1 5ms (GtG) NA 2x 2.5W 100x100mm,899
"BENQ PD2725U IPS 27” 3840x2160 20Mil:1 5ms (GtG) NA; USB Hub; 2x ThunderBolt3 (1- Power Delivery 65W, DP altmode, Data; 1- Power Delivery 15W) 2x 2.5W 100x100mm",1219
BENQ PD3205U IPS 32” 3840x2160 20Mil:1 5ms (GtG) NA 2x 2.5W 100x100mm,999
BENQ PD3205UA IPS 32” 3840x2160 20Mil:1 5ms (GtG) NA 2x 2.5W 100x100mm,1129
"BENQ PD3220U IPS 32” 3840x2161 20Mil:1 5ms (GtG) NA; USB Hub; 2x ThunderBolt3 (1- Power Delivery 85W, DP altmode, Data; 1- Power Delivery 15W, DP alt mode, Data) 2x 2W 100x100mm",1599
HP ProDesk 400 G9 SFF i5-12500 8GB/512GB SSD 8T832AA Win11,1207
HP Pro SFF 400 G9 i5-13500 8GB/512GB 8Q318PA Win11,1023
HP Pro SFF 400 G9 i7-13700 8GB/1TB 8R031PA Win11,1279
HP Pro Mini 400 G9 i5-13500T 8GB/512GB 8Q322PA Win11,1049
HP Pro Tower 400 G9 i5-13500 8GB/512GB 8Q324PA Win11,1023
HP Pro Tower 400 G9 i7-13700 8GB/1TP,1279
Dell 210-BFXE Opti 7010PLUSSFF|I5-13500|16GB|512GB SSD|RW|BRZ|W10 Win 10 Pro,1561
Dell AO7010BMFFI5600T8512 Opti 7010BASICMFF|I5-13600T|8GB|512GB SSD|WLAN|W11 Win 11 Pro,1191
Dell AO7010BSFFI55008512 Opti 7010BASICSFF|I5-13500|8GB|512GB SSD|RW|BRZ|W11 Win 11 Pro,1192
Dell AO7010BMTI56008512 Opti 7010BASICMT|I5-13600|8GB|512GB SSD|RW|BRZ|W11 Win 11 Pro,1300
Dell AO7010PMFFI78512 Opti 7010PLUSMFF|I7-13700T|8GB|512GBSSD|WLAN|W11 Win 11 Pro,1587
Dell AO7010PSFFI78512 Opti 7010PLUSSFF|I7-13700|8GB|512GB SSD|RW|BRZ|W11 Win 11 Pro,1619
Dell AO7010PSFFI7161TB Opti 7010PLUSSFF|I7-13700|16GB|1TB SSD|RW|BRZ|W11 Win 11 Pro,1857
Dell AO7010PSFFI716512 Opti 7010PLUSSFF|I7-13700|16GB|512GB SSD|RW|BRZ|W11 Win 11 Pro,1734
Dell AO7010PMTI7161TB Opti 7010PLUSMT|I7-13700|16GB|1TB SSD|RW|BRZ|W11 Win 11 Pro,1857
Dell AO7010PMTI716512 Opti 7010PLUSMT|I7-13700|16GB|512GB SSD|RW|BRZ|W11 Win 11 Pro,1734
Dell AO7410AIOI516G512GB-T Opti 7410AIO|I5-13500|16GB|512GB SSD|W11|TOUCH Win 11 Pro,1854
Dell AO7410AIOI516G1TG-T Opti 7410AIO|I5-13600|16GB|1TB SSD|W11|TOUCH Win 11 Pro,2019
Dell AO7410AIOI716G512GB-T Opti 7410AIO|I7-13700|16GB|512GB SSD|W11|TOUCH Win 11 Pro,2075
Dell AO7410AIOI716G1TG-T Opti 7410AIO|I7-13700|16GB|1TB SSD|W11|TOUCH Win 11 Pro,2206
Dell S014L344014SG_VP42 Lati 3440|i5-1335U|8GB|512GB SSD|W11 Win 11 Pro,1399
Dell Lati3440i516G512 Lati 3440|i5-1335U|16GB|512GB SSD|W11 Win 11 Pro,1838
Dell Lati3440i78G512 Lati 3440|i7-1355U|8GB|512GB SSD|W11 Win 11 Pro,1949
Dell Lati3440i716G512_V1 Lati 3440|i7-1355U|16GB|512GB SSD|W11 Win 11 Pro,2070
Dell Lati5340i58G512 Lati 5340|i5-1335U|8GB|512GB SSD|W11 Win 11 Pro,1921
Dell S002L534013SG_VP Lati 5340|i5-1345U|16GB|512GB SSD|W11 Win 11 Pro,1949
Dell Lati5340i716G512 Lati 5340|i7-1365U|16GB|512GB SSD|W11 Win 11 Pro,2289
Dell Lati5440i58G512 Lati 5440|i5-1335U|8GB|512GB SSD|W11 Win 11 Pro,1973
Dell Lati5440i516g512 Lati 5440|i5-1335U|16GB|512GB SSD|W11 Win 11 Pro,2112
Dell S021L544014SG_VP Lati 5440|i7-1365U|16GB|512GB SSD|W11 Win 11 Pro,2314
Dell S011L554015SG_VP Lati 5540|i5-1345U|8GB|512GB SSD|W11 Win 11 Pro,1889
Dell AL5540i755U16G512ssd Lati 5540|i7-1355U|16GB|512GB SSD|W11 Win 11 Pro,2329
Dell AL7340i58G512ssd Lati 7340|i5-1335U|8GB|512GB SSD|W11 Win 11 Pro,2256
Dell AL7340i516G512ssd Lati 7340|i5-1335U|16GB|512GB SSD|W11 Win 11 Pro,2352
Dell AL7340i716G512ssd Lati 7340|i7-1355U|16GB|512GB SSD|W11 Win 11 Pro,2580
Dell AL7340i716G1TBssd Lati 7340|i7-1355U|16GB|1TB SSD|W11 Win 11 Pro,2705
Dell AL7440I58G512 Lati 7440|i5-1335U|8GB|512GB SSD|W11 Win 11 Pro,2367
Dell s002l744014sg_vp Lati 7440|i5-1345U|16GB|512GB SSD|W11 Win 11 Pro,2395
Dell AL7440I716G512 Lati 7440|i7-1355U|16GB|512GB SSD|W11 Win 11 Pro,2693
Dell AL7440I716G1TBSSD Lati 7440|i7-1365U|16GB|1TB SSD|W11 Win 11 Pro,2874
Dell AWM3480i516GB512GBSSDA500 Preci 3480|I5-1350P|16GB|512GB SSD|W11|Nvidia A500 Win 11 Pro,2385
Dell AWM3480i716GB512GBSSDA500 Preci 3480|I7-1370P|16GB|512GB SSD|W11|Nvidia A500 Win 11 Pro,2622
Dell AWM3580i516GB512GBSSDA500 Preci 3580|I7-1360P|16GB|512GBSSD|W11|Nvidia A500 Win 11 Pro,2851
Dell AWM3580i532GB1TBSSDA500 Preci 3580|I7-1370P|32GB|1TBSSD|W11|Nvidia A500 Win 11 Pro,3333
Dell AWT3660MTI716G512GB-T400 Preci3660 MT|i7-12700|16GB|512GB SSD |W10|T400 Win 10 Pro,2150
Dell AWT3660MTI713165122TBT400 Preci3660 MT|i7-13700|16GB|512GB SSD|2TB SATA|W11|T400 Win 11 Pro,2318
Dell AWT5820MTXeon32G2TBT1000 Preci5820 MT|W-2223|32GB|512GB SSD| 2TB|W11|T1000 Win 11 Pro,3114
Lenovo ThinkBook 14 G4 i5-1235U/8GB/512GB SSD 21DH00CUSB W11 Pro DG 64,1515
Lenovo ThinkBook 14 G4 i5-1340P/8GB/512GB SSD 21JC007FSB W11 Pro,1515
Lenovo ThinkBook 14 G5 i7-1360P/8GB/512GB SSD 21JC007GSB W11 Pro,1718
Lenovo ThinkPad E14 G5 i5-1335U/8GB/512GB SSD 21JK0066SG W11 Pro,1549
Lenovo ThinkPad E14 G5 i5-1340P/16GB/512GB SSD 21JKS00C00 W11 Pro,1634
Lenovo ThinkPad E14 G5 i7-1355U/8GB/512GGB SSD 21JK0067SG W11 Pro,1749
Lenovo ThinkPad E14 G5 i7-1360P/16GB/512GGB SSD 21JKS00B00 W11 Pro,1836
Lenovo ThinkPad E16 G1 i7-1355U/8GB/512GGB SSD 21JN005HSG W11 Pro,1698
Lenovo ThinkPad L14 G4 i5-1335U/8GB/512GB SSD 21H1005QSG W11 Pro,1749
Lenovo ThinkPad L14 G4 i7-1355U/8GB/512GB SSD 21H1005RSG W11 Pro,1949
Lenovo ThinkPad T14 G3 i7-1260P/16GB/512GB SSD 21AH00M3SG W11 Pro DG 64,1949
Lenovo ThinkPad T14 G4 i5-1335U/16GB/512GB SSD 21HD005TSG W11 Pro,1999
Lenovo ThinkPad T14 G4 i7-1355U/16GB/512GB SSD 21HD005USG W11 Pro,2199
Lenovo ThinkPad T14s G4 i5-1340P/16GB/512GB SSD 21F6006USG W11 Pro,2149
Lenovo ThinkPad T14s G4 i7-1360P/16GB/512GB SSD 21F6006SSG W11 Pro,2339
Lenovo ThinkPad T16 G2 i7-1355U/16GB/512GB SSD 21HH003KSG W11 Pro,2299
Lenovo ThinkPad X13 G4 I7-1355U/32GB/1TB SSD 21EXS00T00 W11 Pro,2789
"Garmin Instinct 2 Solar, Tactical",789
Surface Pro 8 1TB i7 32GB - Platinum (Windows 11 Pro) EED-00011,3598
90MP01Y0-BKUA00 195553322034,299
Asus ROG CETRA II CORE 90YH02V0-B2UA00,89
910-006786 BLACK CLOTH GAMING MOUSEPAD,69
Garmin fenix 7X Sapphire Solar,1699
Surface Pro 8 1TB i7 32GB - Platinum (Windows 11 Pro) EFI-00011,4098
Asus ROG STRIX SCOPE TKL DELUXE RX 192876784129,189
LOGITECH G PRO X SUPERLIGHT GAMING MSE RED,239
"Garmin Descent G1, Dive Computer,",1029
Surface Pro 8 256GB i5 16GB LTE - Platinum (Windows 11 Pro) EIN-00012,2478
Asus ROG CLAVIS 90YH02N0-B2UA00 195553567718,299
LOGITECH G840 XL MAGENTA GAMING MOUSE PAD,74.9
"Garmin Drive 52, GPS Navigator",189
Surface Pro 8 256GB i7 16GB LTE - Platinum (Windows 11 Pro) EIV-00012,2778
Asus AS ROG FALCHION RED 90MP01Y0-BKUA00 192876958032,189
LOGITECH G PRO X SUPERLIGHT 2 GAMING MSE BLACK,249
Garmin GM-010-02293-32 Instinct Solar,689
Surface Pro Signature Type Cover - Black (Alcantara Fabric) 8XB-00015,239
Asus AS ROG FALCHION BLUE 90MP01Y2-BKUA00 192876864494,279
LOGITECH POWERPLAY WIRELESS CHARGING SYSTEM,199
Garmin 010-12105-20 Trolling Motor,59
Surface Pro Signature Type Cover - Poppy Red (Alcantara Fabric) 8XB-00035,239
Asus AS ROG FALCHION NX RED 90MP01Y6-BKUA00 195553031417,279
Asus ASUS WEBCAM C3 90YH0340-B2UA00 192876953822,89
LOGITECH G PRO X SUPERLIGHT 2 GAMING MSE WHITE,249
Garmin Epix Premium Active,1629
Surface Pro Signature Type Cover - Ice Blue (Alcantara Fabric) 8XB-00055,239
Asus AS ROG FALCHION NX BLUE 90MP01Y8-BKUA00 195553031912,279
Asus ROG EYE S 90YH0350-B2UA00 195553122023,179
LOGITECH G PRO X SUPERLIGHT 2 GAMING MSE MAGENTA,249
Garmin Delta XC Bundle,269
Surface Pro Signature Type Cover - Platinum (Alcantara Fabric) 8XB-00075,239
Asus ROG STRIX SCOPE DELUXE NX RED WIRELESS 90MP01Y2-BKUA00 195553319034,269
LOGITECH G560 LIGHTSYNC RGB PC GAMING SPEAKERS,329
Garmin Forerunner 255 Music,669
Surface Pro Signature Type Cover - Black Fingerprint (Alcantara Fabric) 8XG-00015,289
Asus ROG STRIX SCOPE DELUXE NX BLUE WIRELESS 90MP01Y2-BKUA00 195553319539,269
Asus ROG STRIX SCOPE DELUXE NX 90YH01K0-B2UA00 192876315170,219
LOGITECH G413 TKL SE MECH KEYBOARD (TACTILE),105
Garmin 176971 Vivoactive 3 Smartwatch,289
Surface Pro Signature Type Cover with Surface Slim Pen 2 - Black (Alcantara Fabric) 8X8-00015,399
Asus ROG STRIX FLARE CHERRY RGB MX RED PNK 90MP00M0-B0UA04 192876298992,269
LOGITECH G413 SE MECH KEYBOARD (TACTILE),125
Garmin GM-010-02384-F0 Lily Classic,369
Surface Pro Signature Type Cover with Surface Slim Pen 2 - Poppy Red (Alcantara Fabric) 8X8-00035,399
Asus AS ROG STRIX SCOPE DELUXE RD (XA04) 90MP01I0-B0UA00 192876327289,269
Asus ROG GLADIUS II ORIGIN PNK LTD 90MP00U3-B0UA01 192876298749,149
LOGITECH G331 STEREO GAMING HEADSET,99
Garmin Garmin HRM-Run,169
Surface Pro Signature Type Cover with Surface Slim Pen 2 - Ice Blue (Alcantara Fabric) 8X8-00055,399
Asus AS ROG STRIX SCOPE DELUXE BL (XA04) 90MP01I2-B0UA00 192876327791,269
Asus ROG SHEATH PNK LTD 90MP00K2-B0UA00 192876233771,69
LOGITECH G512 CARBON RGB KB GX-BLUE CLICKY,189
"Garmin Lily Classic Editi, White w/Light Gold",329
Surface Pro Signature Type Cover with Surface Slim Pen 2 - Platinum (Alcantara Fabric) 8X8-00075,399
Asus AS ROG STRIX SCOPE NX DELUXE RED 90MP01I6-B0UA00 195553086790,269
Asus ROG STRIX FUSION 300 PNK 90YH02CC-BXUA00 192876196489,229
LOGITECH G333 WIRED IN-EAR HEADPHONE BLACK,89
Suunto Core Wrist-Top Computer Watch,319
Surface Pro X 128GB SQ1 ARM Processor 8GB LTE - Black JQG-00010,1638
Asus AS ROG STRIX SCOPE NX DELUXE BLUE 90MP01I8-B0UA00 195553087315,269
Asus ROG STRIX SCOPE TKL EP/RD/US - X803 90MP01V0-BKUA00 192876661529,229
LOGITECH G512 CARBON RGB KB GX-BROWN TACTILE,189
"Garmin vívoactive 4S, Smaller-Sized",429
Surface Pro X 256GB SQ1 ARM Processor 8GB LTE - Black KHL-00010,1998
Asus AS ROG STRIX SCOPE TKL NX RED 90MP01N6-BKUA00 195553102803,199
Asus ROG STRIX IMPACT II EP - P512 90MP01U0-BMUA00 192876618882,69
LOGITECH G333 WIRED IN-EAR HEADPHONE WHITE,89
Garmin GM-010-02384-52 Lily Sport Edition,319
Surface Pro X 256GB SQ2 ARM Processor 16GB LTE - Platinum 1WX-00009,2298
Asus ROG STRIX SCOPE TKL NX BLUE 90MP01N8-BKUA00 195553103305,199
Asus ROG SHEATH EP - NC01 90MP01Z0-BPUA00 192876713310,69
LOGITECH G333 WIRED IN-EAR HEADPHONE PURPLE,89
Surface Keyboard Bluetooth - 3YJ-00013,164
Surface Pro X 512GB SQ2 ARM Processor 16GB LTE - Black 1X7-00022,2598
Asus ROG STRIX SCOPE RX GAMING 90MP0240-BKUA00 192876812907,169
Asus ROG STRIX GO 2.4 EP 90YH02P1-B3UA00 192876635285,319
LOGITECH G513 CARBON RGB KB GX-BROWN TACTILE,199
Surface Arc Mouse - Bluetooth FHD-00020,119
Surface ProX 256GB SQ2 ARM Processor 16GB WIFI - Platinum E8I-00012,2098
Asus ROG STRIX FLARE CHERRY RGB MX RED 90MP00M0-B0UA00 889349920817,249
Asus ROG STRIX FLARE II NX RED ANIMATE (PBT) 90MP02E6-BKUA01 195553428514,399
LOGITECH G335 STEREO GAMING HEADSET BLACK,99
Surface Arc Mouse - Bluetooth FHD-00005,119
Surface ProX 512GB SQ2 ARM Processor 16GB WIFI - Platinum E8S-00012,2398
Asus ROG STRIX FLARE CHERRY RGB MX BLUE 90MP00M2-B0UA00 889349921180,249
Asus ROG STRIX FLARE II NX BLUE ANIMATE (PBT) 90MP02E8-BKUA01 195553428996,399
LOGITECH G335 STEREO GAMING HEADSET WHITE,99
Surface Arc Mouse - Bluetooth - FHD-00066,119
Surface Pro X Type Cover - Black QJX-00015,219
Asus AS ROG STRIX SCOPE TKL DELUXE RD (X801) 90MP00N0-BKUA00 192876461433,219
Asus ROG DELTA S ANIMATE 90MP02C0-BMUA00 195553135238,419
LOGITECH G335 STEREO GAMING HEADSET MINT,99
Surface Arc Mouse - Bluetooth FHD-00076,119
Surface Slim Pen - Black LLM-00005,219
Asus AS ROG STRIX SCOPE TKL DELUXE SV (X801) 90MP00N4-BKUA00 192876462188,219
Asus ROG STRIX SCOPE TKL NX RED MOONLIGHT 90MP02B6-BKUA00 195553142144,259
LOGITECH G431 7.1 WIRED GAMING HEADSET,129
Surface Mouse Bluetooth - Grey 3YR-00005,82
Surface Pro X Signature Type Cover with Slim Pen - Black (Alcantara Fabric) Refresh 26B-00015,429
Asus TUF GAMING K3 RD 90MP01Q0-BKUA00 192876630785,139
Asus ROG STRIX SCOPE TKL NX BLUE MOONLIGHT 90MP02B8-BKUA00 195553142663,259
LOGITECH G35STEREO GAMING HEADSET MINT (2Y) 981-000774,99
Surface Precision Mouse FUH-00005,148
Surface Go 3 64GB Pentium Gold 6500Y 4GB - Platinum (Windows 10 Pro) 8V8-00024,678
Asus TUF GAMING K3 BL 90MP01Q2-BKUA00 192876631300,139
Asus ROG STRIX IMPACT II MOONLIGHT 90MP02C0-BMUA00 195553107839,79
LOGITECH G PRO X 7.1 GAMING HS W/BLUE VO!CE,229
Srfce Mobile Mouse SC Bluetooth Comm Black KGZ-00035,54
Surface Go 3 64GB i3 4GB - Platinum (Windows 10 Pro) 8V9-00022,758
Asus TUF GAMING K1 90MP01X0-BKUA00 192876625521,69
Asus ROG CETRA II CORE MOONLIGHT 90YH0360-B2UA00 195553127219,99
Srfce Mobile Mouse SC Bluetooth Comm Platinum KGZ-00005,54
Surface Go 3 128GB i3 8GB - Platinum (Windows 10 Pro) 8VD-00038,998
Asus AS ROG CHAKRAM 90MP01K0-BMUA00 192876521656,259
Asus ROG STRIX GO CORE MOONLIGHT 90YH0381-B1UA00 195553146593,159
Razer Deathhadder V2 Wired Mouse,79
Srfce Mobile Mouse SC Bluetooth Comm Ice Blue KGZ-00045,54
Surface Go 3 128GB i3 8GB - Black (Windows 10 Pro) 8VD-00054,998
Asus ROG SPATHA X 90MP0220-BMUA00 192876993378,249
Asus SL300C ROG CHARIOT 90GC00E0-MSG010 192876322789,799
Razer Cynosa V2 Chroma RGB keyboard,79
Srfce Mobile Mouse SC Bluetooth Comm Poppy Red KGZ-00055,54
Surface Go 3 64GB i3 4GB LTE - Platinum (Windows 10 Pro) I4G-00023,908
Asus ROG GLADIUS III WIRELESS 90MP0200-BMUA00 192876966532,189
Asus SL300 ROG CHARIOT CORE 90GC00D0-MSG010 192876322772,549
Coolermaster MM731 Wireless RGB Mouse,95
Surface Pen - Silver EYV-00013,148
Surface Go 3 128GB i3 8GB LTE - Black (Windows 10 Pro) 8VI-00051,1158
Asus AS ROG PUGIO II (P705) 90MP01L0-BMUA00 192876484883,159
LOGITECH G435 WIRELESS GAMING HEADSET BLACK,115
Surface Pen - Charcoal EYV-00005,148
Surface Go 3 256GB i3 8GB LTE - Black (Windows 10 Pro) 8VJ-00049,1298
Asus ROG KERIS WIRELES (P513) 90MP0230-B0UA00 192876812648,139
LOGITECH G613 WIRELESS BLUETOOTH MECH KEYBOARD,159
LOGITECH G435 WIRELESS GAMING HEADSET BLUE,115
Surface Pen - Poppy Red EYV-00045,148
Surface Go 3 64GB Pentium Gold 6500Y 4GB - Platinum (Windows 11 Pro) 8V8-00009,678
Asus ROG STRIX IMPACT II WIRELESS 90MP01P0-BMUA00 192876576267,119
LOGITECH G715 WIRELESS RGB KB GX-BROWN TACTILE,299
LOGITECH G435 WIRELESS GAMING HEADSET WHITE,115
Surface Pen - Ice Blue EYV-00053,148
Surface Go 3 64GB i3 4GB - Platinum (Windows 11 Pro) 8V9-00009,758
Asus AS ROG STRIX CARRY WIRELESS 90MP01B0-B0UA00 192876255414,109
LOGITECH G715 WIRELESS RGB KB GX-RED LINEAR,299
LOGITECH G535 WIRELESS GAMING HEADSET BLACK,194
Surface Slim Pen 2 - Black 8WX-00005,179
Surface Go 3 128GB i3 8GB - Platinum (Windows 11 Pro) 8VD-00008,998
Asus TUF GAMING M4 WIRELESS 90MP02F0-BMUA00 195553138376,89
LOGITECH G915 TKL W.LESS MECH RGB KB (GL-TACTILE),349
LOGITECH G733 WIRELESS RGB GAMING HS BLACK,214
Surface Slim Pen 2 Charger 8X3-00007,39
Surface Go 3 128GB i3 8GB - Black (Windows 11 Pro) 8VD-00024,998
Asus ROG CHAKRAM CORE (P511) 90MP01T0-BMUA00 192876745649,129
LOGITECH G915 TKL W.LESS MECH RGB KB (GL-LINEAR),349
LOGITECH G733 WIRELESS RGB GAMING HS WHITE,214
Surface Docking Station PF3-00011,314
Surface Go Type Cover - Black KCN-00037,138
Asus ROG GLADIUS III 90MP0270-BMUA00 192876966457,139
LOGITECH G915 TKL W.LESS MECH RGB KB (GL-CLICKY),349
LOGITECH G733 WIRELESS RGB GAMING HS LILAC,214
Surface Docking Station 2 1GK-00007,388
Surface Go Signature Type Cover - Light Charcoal (Alcantara Fabric) KCT-00115,188
Asus ROG KERIS (P509) 90MP01R0-B0UA00 192876870174,99
LOGITECH G915 TKL WHITE W.LESS MECH (GL-TACTILE),349
LOGITECH G733 WIRELESS RGB GAMING HS BLUE,214
Surface Earbuds - Glacier 3BW-00011,300
Surface Go Signature Type Cover - Ice Blue (Alcantara Fabric) KCT-00095,188
Asus AS ROG STRIX IMPACT II 90MP01E0-B0UA00 192876482735,69
LOGITECH G915 WIRELESS MECH RGB KB (GL-TACTILE),399
LOGITECH G735 WIRELESS RGB GAMING HS OFF-WHITE,329
Surface Headphones 2+ - Black 3BS-00004,458
Surface Go Signature Type Cover - Poppy Red (Alcantara Fabric) KCT-00075,188
Asus TUF GAMING M4 AIR 90MP02K0-BMUA00 195553335478,79
LOGITECH G915 WIRELESS MECH RGB KB (GL-LINEAR),399
LOGITECH G933s 7.1 WIRELESS RGB GAMING HS,299
Modern USB Headset - Black 8JN-00005,78
Surface Laptop Go 128GB i5 8GB - Platinum TNU-00018,1228
Asus AS TUF GAMING M3 90MP01J0-B0UA00 192876366370,34
LOGITECH G915 WIRELESS MECH RGB KB (GL-CLICKY),399
Modern USB-C Headset - Black I6P-00004,79
Surface Laptop Go 256GB i5 8GB - Platinum TNV-00018,1528
Asus AS CERBERUS MOUSE 90YH00Q1-BAUA00 889349136966,29
LOGITECH G PRO X WIRELESS LIGHTSPEED HEADSET,329
Modern Wireless Headset - Black 8JU-00010,149.99
Surface Laptop Go 256GB i5 16GB - Platinum 21O-00018,1838
Asus ROG BALTEUS QI 90MP0110-B0UA00 192876059883,209
LOGITECH G PRO X 2 LIGHTSPEED BT GAMING HS BLK,389
Mini Display to HDMI Adapter EJU-00002,64
Surface Laptop 4 256GB AMD Ryzen 5 8GB - 13.5” Platinum 5Q1-00018,1638
Asus ROG SCABBARD II 90MP0210-BPUA00 192876832677,79
LOGITECH G PRO X 2 LIGHTSPEED BT GAMING HS WHT,389
Mini Display to VGA Adapter EJQ-00002,64
Surface Laptop 4 256GB i5 8GB - 13.5” Platinum 5BL-00018,1788
Asus ROG SCABBARD II MEDIUM 90MP02H0-BPUA00 195553249058,45
LOGITECH G PRO X 2 LIGHTSPEED BT HS MAGENTA,389
USB-C to 3.5mm Audio Adapter LKZ-00007,18
Surface Laptop 4 256GB i5 8GB - 13.5” Black 5BL-00043,1788
Asus AS ROG SHEATH 90MP00K1-B0UA00 889349364178,69
USB-C to HDMI Adapter HFP-00005,64
Surface Laptop 4 512GB i5 8GB - 13.5” Black 5BV-00018,2038
Asus AS ROG STRIX SLICE 90MP01M0-BPUA00 192876433157,39
LOGI FITS TRUE WIRELESS GAMING EARBUDS BLACK,389
USB-C to VGA Adapter HFT-00005,64
Surface Laptop 4 512GB i5 8GB - 13.5” Platinum 5BV-00052,2038
Asus TUF GAMING P3 GAMING MOUSEMAT 90MP01C0-B0UA00 192876225264,25
LOGI FITS TRUE WIRELESS GAMING EARBUDS WHITE,389
USB-C to Display Port Adapter JWG-00007,64
Surface Laptop 4 256GB i5 16GB - 13.5” Black 58Z-00018,2188
Asus TUF GAMING P1 GAMING MOUSEMAT 90MP02G0-BPPA00 195553200585,19
LOGITECH GX TACTILE MECH SWITCHES FOR PRO-X,79
Surface USB-C Travel Hub 1E4-00005,150
Surface Laptop 4 512GB i5 16GB - 13.5” Black 5B2-00018,2388
Asus CERBERUS PAD MINI RED 90YH01C3-BDUA00 889349829738,15
LOGITECH GX LINEAR MECH SWITCHES FOR PRO-X,79
USB 3.0 to Ethernet Adapter Commercial (Lan Port) EJS-00007,64
Surface Laptop 4 256GB i7 16GB - 13.5” Black 5D1-00018,2388
Asus AS ROG THETA 7.1 90YH01W7-B2UA00 192876233818,479
LOGITECH F310 GAMEPAD,35
USB-C to Ethernet and USB 3.0 Adapter JWM-00007,69
Surface Laptop 4 512GB AMD Ryzen 7 16GB - 13.5” Black 7IC-00018,2488
Asus ROG DELTA S - Ty-C RGB 90YH02K0-B2UA00 192876659687,379
LOGITECH F710 WIRELESS GAMEPAD,69
USB-C to USB 3.0 Adapter JTZ-00007,34
Surface Laptop 4 512GB i7 16GB - 13.5” Black 5F1-00018,2638
Asus ROG STRIX GO BT 90YH02Y1-B5UA00 192876820643,399
LOGITECH DRIVING FORCE SHIFTER,99
Surface Power Supply Adapter (65W) Q5N-00005,124
Surface Laptop 4 256GB AMD Ryzen 7 8GB - 15” Platinum 5V8-00018,2088
Asus AS ROG STRIX GO 2.4 Wireless 90YH01X1-B3UA00 192876414248,319
LOGITECH G29 DRIVING FORCE RACING WHEEL,599
Surface Power Supply Adapter (24W) LAC-00005,64
Surface Laptop 4 256GB i7 8GB - 15” Platinum 5JI-00018,2258
Asus ROG STRIX GO - Ty-C 90YH02Q1-B2UA00 192876635254,179
LOGITECH G923 TRUEFORCE SIM RACING WHEEL,699
Surface Dial 2WS-00004,159
Surface Laptop 4 512GB i7 8GB - 15” Black 5L1-00018,2558
Asus ROG STRIX GO CORE - 3.5mm 90YH02R1-B1UA00 192876635292,159
LOGITECH EXTREME 3D PRO JOYSTICK,69
Surface Pro 7+ 128GB i5 8GB - Platinum 1N9-00011,1528
Surface Laptop 4 256GB i7 16GB - 15” Black 5IF-00018,2558
Asus AS TUF GAMING H3 WIRELESS 90YH02ZG-B3UA00 192876784686,179
BCAMADE II MOUSE BUNGEE,39
Surface Pro 7+ 256GB i5 8GB - Platinum 1NA-00011,1938
Surface Laptop 4 256GB i7 16GB - 15” Platinum 5IF-00041,2558
Asus AS TUF GAMING H3 (Silver) 90YH025S-B1UA00 192876358924,69
G-SR GAMING MOUSE PAD (BLUE),59
Surface Pro 7+ 256GB i5 8GB - Black 1NA-00026,1938
Surface Laptop 4 512GB AMD Ryzen 7 16GB - 15” Black 1MW-00041,2638
Asus AS TUF GAMING H3 (Red) 90YH02AR-B1UA00 192876391020,69
G-SR GAMING MOUSE PAD (LARGE),49
Surface Pro 7+ 256GB i5 16GB - Platinum 1NB-00011,2238
Surface Laptop 4 512GB i7 16GB - 15” Black 5IP-00018,2738
Asus AS TUF GAMING H3 (GUN METAL) 90YH028G-B1UA00 192876391006,69
GTF-X GAMING MOUSE PAD (LARGE),49
Surface Pro 7+ 256GB i7 16GB - Black 1NC-00026,2338
Surface Laptop 4 512GB i7 16GB - 15” Platinum 5IP-00041,2738
Asus TUF GAMING H1 WIRELESS 90YH0391-B3UA00 195553173964,139
P-SR GAMING MOUSE PAD (SMALL),29
Surface Pro 7+ 512GB i7 16GB - Black 1ND-00026,2938
Kaloc KLC-DS100 Gas Spring Monitor,99
Asus TUF GAMING H1 90YH03A1-B1UA00 195553174107,69
PTF-X GAMINGMOUSEPAD (SMALL),39
Surface Pro 7+ 1TB i7 32GB - Platinum 1NG-00011,4098
Kaloc KLC-DS90-2 Gas Spring Monitor,169
Asus ROG CETRA TRUE WIRELESS 90YH03G1-B5UA00 195553504065,199
ZOWIE EC1 GAMING MOUSE (LARGE),109
Surface Pro 7+ 128GB i5 8GB LTE - Platinum 1S2-00011,1758
Kaloc KLC-DW220J Gas Spring Monitor,129
Asus ROG CETRA RGB 90YH02U0-B2UA00 192876729700,169
Surface Pro 7+ 256GB i5 8GB LTE - Platinum 1S3-00011,2168
Kaloc KLC-DW220T Gas Spring Monitor,135
Asus ROG CETRA II 90YH02S0-B2UA00 192876784112,159
Surface Pro 7+ 256GB i5 16GB LTE - Platinum 1S4-00011,2468
Asus AS ROG CETRA 90YH01I0-B2UA00 192876352823,159
Surface Pro 8 128GB i5 8GB - Platinum (Windows 10 Pro) 8PP-00028,1788
Asus ROG CLAYMORE II RED 90MP01W0-BKUA00 195553047234,429
Surface Pro 8 256GB i5 8GB - Platinum (Windows 10 Pro) 8PR-00044,1938
Asus ROG CLAYMORE II BLUE 90MP01W2-BKUA00 195553060240,429
Surface Pro 8 256GB i5 8GB - Black (Windows 10 Pro) 8PR-00060,1938
Surface Pro 8 256GB i5 16GB - Platinum (Windows 10 Pro) 8PU-00043,2248
Surface Pro 8 256GB i5 16GB - Black (Windows 10 Pro) 8PU-00058,2248
Surface Pro 8 512GB i5 8GB - Black (Windows 10 Pro) EBQ-00056,2248
Surface Pro 8 256GB i7 16GB - Platinum (Windows 10 Pro) 8PW-00042,2548
Surface Pro 8 256GB i7 16GB - Black (Windows 10 Pro) 8PW-00057,2548
Surface Pro 8 512GB i7 16GB - Black (Windows 10 Pro) 8PY-00056,2998
Surface Pro 8 1TB i7 16GB - Platinum (Windows 10 Pro) EED-00026,3598
Surface Pro 8 1TB i7 32GB - Platinum (Windows 10 Pro) EFI-00026,4098
Surface Pro 8 128GB i5 8GB LTE - Platinum (Windows 10 Pro) EHL-00028,2018
Surface Pro 8 256GB i5 8GB LTE - Platinum (Windows 10 Pro) EIG-00028,2168
Surface Pro 8 256GB i5 16GB LTE - Platinum (Windows 10 Pro) EIN-00028,2478
Surface Pro 8 256GB i7 16GB LTE - Platinum (Windows 10 Pro) EIV-00028,2778
Surface Pro 8 128GB i5 8GB - Platinum (Windows 11 Pro) 8PP-00012,1788
Surface Pro 8 256GB i5 8GB - Platinum (Windows 11 Pro) 8PR-00012,1938
Surface Pro 8 256GB i5 8GB - Black (Windows 11 Pro) 8PR-00028,1938
Surface Pro 8 256GB i7 16GB - Black (Windows 11 Pro) 8PW-00027,2548
Surface Pro 8 1TB i7 16GB - Platinum (Windows 11 Pro) EED-00026,3598
Razer Basilisk V3 X HyperSpeed - Wireless Ergonomic Gaming Mouse AP Packaging,109.9
Razer Orochi V2 - Wireless Gaming Mouse AP Packaging,104.9
Razer Orochi V2 - Mobile Wireless Gaming Mouse - White Edition AP Packaging,104.9
Razer Orochi V2 - Wireless Gaming mouse - Quartz Edition AP Packaging,119.9
Razer Cobra Pro - Ambidextrous Wired/Wireless Gaming Mouse AP Packaging,2099
Razer Viper V2 Pro - Wireless Gaming Mouse AP Packaging,229.9
Razer Viper V2 Pro - Wireless Gaming Mouse - White AP Packaging,229.9
Razer Naga V2 Pro - Wireless MMO Gaming Mouse,289
Razer Viper V3 HyperSpeed - Wireless Esports Gaming Mouse FRML Packaging,109.9
Razer Naga V2 HyperSpeed - Wireless MMO Gaming Mouse AP Packaging,159
Razer Goliathus Chroma Soft Gaming Mouse Mat Chroma,59.9
Razer Goliathus Chroma Extended - Soft Gaming Mouse Mat with Chroma FRML Packaging,89.9
Razer Goliathus Extended Chroma - Soft Gaming Mouse Mat with Chroma - Mercury FMRL Packaging,89.9
Razer Goliathus Extended Chroma - Soft Gaming Mouse Mat with Chroma - Quartz FMRL Packaging,89.9
Razer Goliathus Chroma 3XL - Soft Gaming Mouse Mat with Chroma FRML Packaging,159
RAZER GOLIATHUS MOBILE - SMALL,13.9
Razer Goliathus Mobile Stealth Edition - Small,13.9
Razer Gigantus V2 - Soft Gaming Mouse Mat Medium FRML Packaging,15.9
Razer Gigantus V2 - Soft Gaming Mouse Mat Large FRML Packaging,24.9
Razer Gigantus V2 - Soft Gaming Mouse Mat XXL FRML Packaging,49.9
Razer Gigantus V2 - Soft Gaming Mouse Mat 3XL FRML Packaging,79.9
Razer Strider Chroma - Gaming Mouse Mat FRML Packaging,209
Razer Strider - Hybrid Gaming Mouse Mat - Large FRML Packaging,49.9
Razer Strider - Hybrid Gaming Mouse Mat - Large - Quartz Edition FRML Packaging,49.9
Razer Strider - Hybrid Gaming Mouse Mat - XXL FRML Packaging,80.9
Razer Firefly V2,79.9
Razer Atlas,159.9
Razer Atlas White Edition,159.9
Razer Sphex V3 – Ultra-Thin Gaming Mouse Mat - Small FRML Packaging,15.9
Razer Sphex V3 - Ultra-Thin Gaming Mouse Mat - Large FRML Packaging,39.9
Razer Huntsman V3 Pro - Analog Optical Esports Keyboard - US Layout FRML,399.9
Razer Huntsman V3 Pro Tenkeyless - Tenkeyless Analog Optical Esports Keyboard - US Layout FRML,349.9
Razer Huntsman V3 Pro Mini - 60% Analog Optical Esports Keyboard - US Layout FRML,279.9
Razer DeathAdder V3 - Ultra-lightweight Ergonomic Esports Mouse,109.9
Razer Basilisk V3 - Ergonomic Wired Gaming Mouse FRML Packaging,109.9
Razer Cobra - Wired Gaming Mouse FRML Packaging,64.9
Razer™ Naga X - Wired MMO Gaming Mouse FRML Packaging,129.9
Razer DeathAdder V3 Pro - Ergonomic Wireless Gaming Mouse AP Packaging,229
Razer DeathAdder V3 Pro - White Edition - Ultra-lightweight Wireless Ergonomic Esports Mouse,229
Razer DeathAdder V3 Pro Faker Edition - Ergonomic Wireless Gaming Mouse FRML World Packaging,269
Razer DeathAdder V2 X HyperSpeed - Wireless Ergonomic Gaming Mouse,94.9
Razer Basilisk V3 Pro - Ergonomic Wireless Gaming Mouse AP Packaging,249
Razer Basilisk V3 Pro White Edition - Ergonomic Wireless Gaming Mouse AP Packaging,249
Razer Huntsman V2 - Optical Gaming Keyboard (Clicky Purple Switch) - US Layout FRML Packaging,299.9
Razer Huntsman V2 - Optical Gaming Keyboard (Linear Red Switch),309.9
Razer Huntsman V2 Tenkeyless - Optical Gaming Keyboard (Clicky Purple Switch) - US Layout,239.9
Razer Huntsman V2 Tenkeyless - Optical Gaming Keyboard (Linear Red Switch),254.9
Razer Huntsman V2 Tenkeyless - Wireless - Optical Gaming Keyboard (Linear Red Switch) - Quartz Edition - US Layout FRML,269.9
Razer Huntsman Mini - 60% Optical Gaming Keyboard (Clicky Purple Switch) FRML Packaging,189.9
Razer Huntsman Mini - 60% Optical Gaming Keyboard (Linear Red Switch) FRML Packaging,209.9
Razer Huntsman Mini Analog - 60% Analog Optical Gaming Keyboard (Analog Switch) - US Layout FRML Packaging,229.9
Razer BlackWidow V4 Pro - Mechanical Gaming Keyboard (Green Switch) - US Layout FRML,359
Razer BlackWidow V4 Pro - Mechanical Gaming Keyboard (Yellow Switch) - US Layout FRML,359
RZ03-04690100-R3M1 Gaming Headset - FRML Packaging,159.9
RAZER SEIREN BT-BLUETOOTH MIC FOR MOBILE STREAMING,159.9
Belkin 3-IN-1 WIRELESS CHARGING STAND WITH WIZ017MYBK,209
CM MWE GOLD V2 1050W FULL MODULAR ATX3 PSU,311.92
BlackWidow V4 - Mechanical Gaming Keyboard (Green Switch) - US Layout - FRML,269.9
Razer Kraken V3 X - Wired USB Gaming Headset - FRML Packaging,109.9
Razer Kiyo Pro - USB Camera with High-Performance Adaptive Light Sensor,299.9
Razer Fujin Pro - Fully Adjustable Mesh Gaming Chair - NASA+AP Packaging,1499
Belkin 3-IN-1 WIRELESS CHARGING STAND WITH WIZ017MYWH,209
CM MWE GOLD V2 850W FULL MODULAR PSU,184.8
BlackWidow V4 - Mechanical Gaming Keyboard (Yellow Switch) - US Layout - FRML,269.9
Razer Kraken Kitty V2 Pro - Wired RGB Headset with Interchangeable Ears - Black - FRML Packaging,329.99
Razer Kiyo,159.9
Razer Fujin – Mesh Gaming Chair - NASA+AP Packaging,939
CM MWE GOLD V2 750W FULL MODULAR PSU,165.24
CM COSMOS C700M ARGB TOWER W/T.GLASS,565.72
BlackWidow V4 X - Mechanical Gaming Keyboard (Green Switch) - US Layout - FRML,209
Razer Kraken Kitty V2 Pro - Wired RGB Headset with Interchangeable Ears - Quartz Edition - FRML Packaging,329.99
Razer Kiyo X - USB Broadcasting Camera - FRML Packaging,119
Razer Iskur - Gaming chair with built-in lumbar support,749.9
CM MWE GOLD V2 650W FULL MODULAR PSU,145.69
BlackWidow V4 X - Mechanical Gaming Keyboard (Yellow Switch) - US Layout - FRML,209
Razer Kraken Kitty V2 - USB Headset with RGB Kitty Ears - Black - FRML Packaging,155.9
RAZER AUDIO MIXER,386.9
Razer Iskur Gaming chair with built-in lumbar support - Black Colour,749.9
CM HAF700 EVO ARGB TOWER WITH T.G,660.17
BlackWidow V4 75% - Hot-swappable Mechanical Gaming Keyboard - US Layout - FRML,290.9
Razer Kraken Kitty V2 - USB Headset with RGB Kitty Ears - Quartz Edition - FRML Packaging,155.9
Razer Key Light Chroma – All-in-one lighting kit for Streaming - FRML Packaging,439
Razer Iskur - Dark Gray Fabric - Gaming Chair With Built In Lumbar Support - NASA + AP Packaging,749.9
CM SILENCIO S600 ATX CASE WITH TG / SD CARD READER,132.44
Razer BlackWidow V4 75% - Hot-swappable Mechanical Gaming Keyboard - White Edition - US Layout - World Packaging,305.9
Razer Kraken Kitty V2 BT - Quartz Edition - Wireless Bluetooth RGB Headset with Kitty Ears - FRML Packaging,155.9
Razer Stream Controller – All-in-one Keypad for Streaming - FRML Packaging,409.9
Razer Iskur X - Ergonomic Gaming Chair,599.9
CM SILENCIO S400 m-ATX CASE WITH TG /SDCARD READER,114.67
Razer™ BlackWidow V3 - Mechanical Gaming Keyboard (Green Switch) - US Layout – FRML Packaging,219.9
Razer Barracuda Pro - Wireless Gaming Headset with Hybrid ANC - FRML Packaging,409.9
Razer Stream Controller X - All-in-one Keypad for Streaming - FRML Packaging,239.9
CM G800 GOLD NON MODULAR PSU,131.28
Razer™ BlackWidow V3 - Mechanical Gaming Keyboard (Yellow Switch) - US Layout – FRML Packaging,219.9
Razer Barracuda - Wireless Multi-platform Gaming and Mobile Headset - FRML Packaging,264.9
Razer Viper V2 Pro - Wireless Gaming Mouse - PUBG: Battlegrounds Edition - World Packaging,265.9
CM MASTERFRAME 700 OPEN-AIR FRAME,272.94
Razer™ BlackWidow V3 - Mechanical Gaming Keyboard (Green Switch) - Quartz Edition - US Layout FRML Packaging,219.9
Razer Barracuda - Wireless Multi-platform Gaming and Mobile Headset - Mercury White - FRML Packaging,279.9
Razer Barracuda X (2022) - Wireless Multi-Platform Gaming and Mobile Headset - PUBG: Battlegrounds Edition - World Packaging,205.9
CM MWE WHITE 500W 80+ 230v EU PSU V2,79.11
Razer™ BlackWidow V3 Tenkeyless - Mechanical Gaming Keyboard - US Layout – FRML packaging,159.9
Razer Barracuda - Wireless Multi-platform Gaming and Mobile Headset - Quartz Pink - FRML Packaging,279.9
Razer Huntsman V2 - Optical Gaming Keyboard - PUBG: Battlegrounds Edition (Linear Optical Switch) - World Packaging,399.9
CM MWE WHITE 450W 80+ 230v EU PSU V2,70.22
Razer™ BlackWidow V3 Tenkeyless - Mechanical Gaming Keyboard (Yellow Switch) - US Layout - FRML packaging,159.9
Razer Barracuda X (2022) - Wireless Multi-Platform Gaming and Mobile Headset - FRML Packaging,159.9
Razer Orochi V2 - Wireless Gaming Mouse - Roblox Edition - FRML Packaging,139.9
CM MASTERCASE EG200 eGPU WITH SFX550 GOLD PSU,471.28
Razer™ BlackWidow V3 Mini HyperSpeed - Phantom Pudding Edition - 65% Wireless Mechanical Gaming Keyboard (Yellow Switch) - FRML Packaging,309.9
Razer Barracuda X (2022) - Wireless Multi-Platform Gaming and Mobile Headset - Mercury White - FRML Packaging,159.9
Razer™ BlackWidow V3 - Mechanical Gaming Keyboard - Roblox Edition - US Layout FRML Packaging,279.9
CM MASTERCASE H500M ARGB CASE WITH 4 T.G,282.39
Razer DeathStalker V2 Pro - Wireless Low Profile Optical Gaming Keyboard (Linear Red Switch) - US Layout – FRML,319
Razer Barracuda X (2022) - Wireless Multi-Platform Gaming and Mobile Headset - Quartz Pink - FRML Packaging,159.9
Razer Barracuda X (2022) - Wireless Multi-Platform Gaming and Mobile Headset - Roblox Edition - FRML Packaging,209.9
CM MASTERCASE H500 ARGB CASE WITH T.G,159.61
Razer DeathStalker V2 Pro - Wireless Low Profile Optical Gaming Keyboard (Clicky Purple Switch) - White Edition - US Layout - World Packaging,329
Razer Opus X - Mercury - Active Noise Cancellation Headset - FRML Packaging,154.9
Razer BlackWidow V3 Tenkeyless (Green Switch) - Pokemon Edition,299.9
CM MASTERBOX CM694 ATX CASE WITH T.G,178.5
Razer DeathStalker V2 Pro Tenkeyless - Wireless Low Profile Optical Gaming Keyboard (Linear Red Switch) - US Layout – FRML,299
Razer Opus X - Quartz - Active Noise Cancellation Headset - FRML Packaging,154.9
Razer Gigantus V2 – Soft Gaming Mouse Mat – Medium – Pokemon Edition - AP Packaging,43.9
CM MASTERBOX TD500 MESH ARGB ATX CASE - WHITE,141.33
Razer DeathStalker V2 Pro Tenkeyless - Wireless Low Profile Optical Gaming Keyboard (Linear Red Switch) - White Edition - US Layout - World Packaging,309
Razer Opus X - Green - Active Noise Cancellation Headset - FRML Packaging,154.9
Razer Gigantus V2 – Soft Gaming Mouse Mat – XXL – Pokemon Edition - AP Packaging,65.9
CM MASTERBOX TD500 MESH ARGB ATX CASE,132.44
Razer DeathStalker V2 - Low Profile Optical Gaming Keyboard (Linear Red Switch) - US Layout – FRML,249
Razer Hammerhead True Wireless Pro - Earbuds - AP Packaging,299.9
Razer Kraken V3 X - Wired USB Gaming Headset - Pokemon Edition - AP Packaging,139.9
CM MASTERBOX TD300 MESH ARGB m-ATX CASE - WHITE,105.78
Razer Ornata V3 - Low Profile Gaming Keyboard - US Layout – FRML,109.9
Razer Hammerhead HyperSpeed (Xbox Licensed) - Wireless Multi-Platform Gaming Earbuds - AP Packaging,249.9
Razer Leviathan V2 X - PC Gaming Sound Bar - Pokemon Edition - AP Packaging,235.9
CM MASTERBOX TD300 MESH ARGB m-ATX CASE,105.78
Razer Ornata V3 X - Low Profile Gaming Keyboard - US Layout – FRML,64.9
Razer Moray - Ergonomic In-ear Monitor for All-day Streaming - FRML Packaging,2005
CM MASTERBOX NR600P ATX CASE WITH HOTSWAP BAYS,187.94
Razer Ornata V3 Tenkeyless - Low Profile Gaming Keyboard - US Layout – FRML,109.9
Razer Nommo V2 Pro - Full-Range 2.1 PC Gaming Speakers with Wireless Subwoofer - EU/IDN + UK/MY/SG/UAE Packaging,669.9
Razer Base Station V2 Chroma - Chroma Enabled Headset Stand with USB 3.1 Hub and 7.1 Surround Sound,109.9
CM MASTERBOX NR600 ATX CASE WITH T.G / ODD,105.78
Razer™ BlackWidow V3 Pro - Wireless Mechanical Gaming Keyboard (Green Switch) - US Layout - FRML Packaging,359.9
Razer Nommo V2 - Full-Range 2.1 PC Gaming Speakers with Wired Subwoofer - EU/IDN + UK/MY/SG/UAE Packaging,419.9
Razer Base Station V2 Chroma - Chroma Enabled Headset Stand with USB 3.1 Hub and 7.1 Surround Sound - Quartz - FRML Packaging,129.9
CM MASTERBOX NR400 m-ATX CASE WITH T.G,88
Razer™ BlackWidow V3 Pro - Wireless Mechanical Gaming Keyboard (Yellow Switch) - US Layout - FRML Packaging,359.9
Razer Nommo V2 X - Full-Range 2.0 PC Gaming Speakers - EU/IDN/RUS//UKR/ISR/EGY/ZAF + UK/MY/SG/UAE/SAU Packaging,249.9
Razer Base Station V2 Chroma - Chroma Enabled Headset Stand with USB 3.1 Hub and 7.1 Surround Sound - Mercury - FRML Packaging,129.9
CM MASTERBOX NR200P MAX WITH 850W PSU & 280MM AIO,471.28
Razer Nommo Chroma 2.0 Gaming Speakers,229.9
Razer Ergonomic Wrist Rest Pro For Full-sized Keyboards - FRML Packaging,56.9
CM MASTERBOX NR200P SFF m-ITX CASE WITH T.G,150.22
Razer Nommo 2.0 Gaming Speakers,159.9
Razer Ergonomic Wrist Rest For Full-sized Keyboards - FRML Packaging,32.9
CM MASTERBOX NR200P SFF m-ITX CASE WITH T.G ORANGE,150.22
Razer Leviathan V2 - PC Gaming Sound Bar with Subwoofer,379
Razer Phantom Keycap Upgrade Set - Black - FRML Packaging,59.9
CM MASTERBOX NR200P SFF m-ITX CASE WITH T.G,132.44
Razer BlackShark V2 Pro (2023) - Wireless Gaming Headset - FRML Packaging,324.9
Razer Leviathan V2 X - PC Gaming Soundbar - FRML Packaging,165
Razer Phantom Keycap Upgrade Set - White - FRML Packaging,59.9
CM MASTERBOX NR200P SFF m-ITX CASE WITH T.G -WHITE,132.44
Razer BlackShark V2 Pro (2023) - Wireless Gaming Headset - White Edition - FRML Packaging,324.9
Razer Wolverine V2 Pro - Wireless PlayStation 5 & PC Gaming Controller - White - AP Packaging,399
Razer PBT Keycap + Coiled Cable Upgrade Set - Classic Black - FRML Packaging,74.9
CM MASTERBOX NR200 SFF m-ITX CASE,105.78
Razer BlackShark V2 Pro - Wireless Gaming Headset - White Edition - FRML Packaging,269.9
RAZER KAIRA PRO HYPERSPEED-PS5 WLESS GMING HDSET,329.9
Razer PBT Keycap + Coiled Cable Upgrade Set - Mercury White - FRML Packaging,74.9
CM MASTERBOX NR200 SFF m-ITX CASE - WHITE,105.78
Razer BlackShark V2 Pro - Wireless Gaming Headset - FRML Packaging,269.9
RAZER KAIRA HYPERSPEED-PS5 WLESS GAMING HEADSET,214.9
Razer PBT Keycap + Coiled Cable Upgrade Set - Quartz Pink - FRML Packaging,74.9
CM MASTERBOX MB600L V2 ATX CASE WITH ODD,70.22
Razer BlackShark V2 HyperSpeed - Wireless Ultra-Lightweight Esports Headset - FRML Packaging,205.9
RAZER KAIRA X FOR PLAYSTATION-FOR PS5,89.9
Razer PBT Keycap + Coiled Cable Upgrade Set - Razer Green - FRML Packaging,74.9
CM MASTERBOX MB540 ARGB ATX CASE WITH T.G,141.33
Razer BlackShark V2 - Wired Gaming Headset + USB Sound Card - FRML Packaging,159.9
Kaira X - Licensed PlayStation 5 Wired Gaming Headset - AP Packaging,99.9
Razer PBT Keycap Upgrade Set - Classic Black - FRML Packaging,48.9
CM MASTERBOX MB530 ARGB ATX CASE WITH 3 T.G,150.22
Razer BlackShark V2 - Wired Gaming Headset + USB Sound Card - CourageJD Edition - FRML Packaging,169.9
RAZER HAMMERHEAD HYPERSPEED-PS5,249.9
Razer PBT Keycap Upgrade Set - Mercury White - FRML Packaging,48.9
CM MASTERBOX MB520 ARGB ATX CASE WITH T.G,114.67
Razer BlackShark V2 - Wired Gaming Headset + USB Sound Card - SE - World Packaging,169.9
Razer Kishi V2 - Gaming Controller for Android - FRML Packaging,149.9
Razer PBT Keycap Upgrade Set - Quartz Pink - FRML Packaging,48.9
CM MASTERBOX MB511 ARGB ATX CASE WITH T.G,114.67
Razer BlackShark V2 X USB - Wired Gaming Headset - FRML Packaging,105
Razer Kishi V2 - Gaming Controller for iPhone - FRML Packaging,149.9
Razer PBT Keycap Upgrade Set - Razer Green - FRML Packaging,48.9
CM MASTERBOX MB320L ARGB m-ATX CASE WITH T.G,88
Razer BlackShark V2 X - Wired Gaming Headset - FRML Packaging,94.9
Razer Gaming Finger Sleeve,14.9
CM MASTERBOX MB311L ARGB m-ATX CASE WITH T.G,88
Razer BlackShark V2 X - Wired Gaming Headset - White - FRML Packaging,94.9
Razer Seiren V2 Pro - Professional Grade USB Microphone - FRML Packaging,239.9
Razer Ergonomic Wrist Rest for Tenkeyless Keyboards - FRML Packaging,29.9
CM MASTERBOX 500 ARGB ATX CASE,114.67
Razer BlackShark V2 X - Wired Gaming Headset - Quartz Edition - FRML Packaging,94.9
Razer Seiren V2 X - USB Microphone for Streamers - FRML Packaging,159.9
Razer Ergonomic Wrist Rest for Mini Keyboards - FRML Packaging,29.9
CM ELITE 500 ATX CASE WITH ODD,70.22
Razer Kraken V3 Pro - Wireless Gaming Headset with Razer HyperSense - FRML Packaging,329.9
Razer Seiren Mini - Ultra-Compact Condenser Microphone - FRML Packaging,79.9
Razer Mouse Dock Pro - FRML Packaging,119.9
"Belkin CABLE,CAT6,UTP,RJ45M/M,10M,BLU,PATCH,SNAGLESS A3L980bt10MBLUS",22
Razer Kraken V3 HyperSense - Wired USB Gaming Headset with Haptic Technology - FRML Packaging,209.9
Razer Seiren Mini - Ultra-Compact Condenser Microphone - Quartz - FRML Packaging,79.9
Razer Mouse Dock Chroma – FRML Packaging,79.9
"Belkin CABLE,HDMI 2.1, M/M, 2M,BLACK AV10175bt2MBKV2",59
Razer Kraken V3 - Wired USB Gaming Headset,165
Razer Seiren Mini - Ultra-Compact Condenser Microphone - Mercury - FRML Packaging,79.9
Razer Mouse Bungee V3 Chroma - FRML Packaging,59.9
"Belkin CABLE,HDMI 2.1, M/M, 1M,BLACK AV10176bt1M-BLK",69
"Belkin CABLE,HDMI 2.1, M/M, 2M,BLACK AV10176bt2M-BLK",85
"Belkin ADAPTER, USB-C TO VGA, 60W PD, BLK AVC001btBK",19
"Belkin ADAPTER, USB-C TO HDMI, 60W PD, BLK AVC002btBK",69
Belkin USB-C Video Adapter AVC003btBK,109
Belkin USB-C 5-IN-1 MULTIPORT ADAPTER AVC007BTSGY,79
Belkin USB-C 7-IN-1 MULTIPORT ADAPTER AVC009btSGY,99
"Belkin SURGE,4OT,525J,2M, 2 USB-2.4A SHARED BSV401sa2M",55
"Belkin SURGE,6OT,650J,2M, 2 USB-2.4A SHARED BSV604sa2M",63
"Belkin SURGE,80T,900J,2M, 2 USB-2.4A SHARED BSV804sa2M",79
"Belkin USB-A TO LTG, SILICONE, 1M, BLK CAA008bt1MBK",27
"Belkin USB-A TO LTG, SILICONE, 1M, BLUE CAA008bt1MBL",27
"Belkin USB-A TO LTG, SILICONE, 1M, PINK PURPLE CAA008BT1MPK",27
"Belkin USB-A TO LTG, SILICONE, 1M, WHT CAA008bt1MWH",27
"Belkin CABLE,THUNDERBOLT 3,C-C,40Gbps,.5M,BLACK,5A F2CD084bt0.5MBK",59
"Belkin ADAPTER,USB-C,HDMI,4K,60HZ,BLACK F2CU038btBLK",79
"Belkin USB-C 4-PORT MINI HUB,3.0,BLK F4U090btBLK",90
"Belkin USB-C MULTIMEDIA HUB+ POWER,SPACE GRAY F4U092btSGY",299
"Belkin KEYCHAIN , PC, PINK F8W973btPNK",11
"Belkin STRAP , PC, PINK F8W974btPNK",11
"Belkin ADAPTER, USB-C TO GIGABIT ETHERNET, 60W PD, BLK INC001btBK",55
Belkin USB-C DUAL DISPLAY DOCK INC002qcBK,299
Belkin USB-C 11-IN-1 MULTIPORT DOCK INC004btSGY,145
Belkin THUNDERBOLT 4 CABLE 2M ACTIVE INZ002BT2MBK,115
"Belkin GLASS,EZ TRAY,APPLE,13 MINI,TEMPERED GLASS AM OVA068zz",24
"Belkin GLASS,EZ TRAY,APPLE,13/13 PRO,TEMPERED GLASS AM OVA069zz",24
"Belkin GLASS,EZ TRAY,APPLE,13 PRO MAX,TEMPERED GLASS AM OVA070zz",24
"Belkin GLASS, EZ TRAY, 2022 C, TEMPERED GLASS AM OVA101zz",24
"Belkin GLASS, EZ TRAY, 2022 D, TEMPERED GLASS AM OVA102zz",24
"Belkin GLASS, EZ TRAY, 2022 C, LAS GLASS AM OVA103zz",26
"Belkin GLASS, EZ TRAY, 2022 D, LAS GLASS AM OVA104zz",26
"Belkin 20W AC CHARGER, STANDALONE, WHT WCA003myWH",25
Belkin PD 25W PPS USB-C WALL CHARGER WCA004myWH,29
"Belkin 63W USB-C CHARGER,GAN,50C/18C,WHT WCH003myWH",69
"Belkin 108W USB-C CHARGER,GAN,4-PORT,WHT,2M WCH010MYWH",119
Belkin 65W DUAL USB-C GAN WALL CHARGER WITH WCH013MYWH,75
"Belkin MAGSAFE PAD WITH STAND, NO PSU, BK WIA004btBK",99
"Belkin MAGSAFE PAD WITH STAND, NO PSU, BL WIA004btBL",99
"Belkin MAGSAFE PAD WITH STAND, NO PSU, WH WIA004btWH",99
"Belkin MAGNET PAD 7.5W, PSU, BK WIA005myBK",59
"Belkin MAGNET PAD 7.5W, PSU, WH WIA005myWH",59
"Belkin STAND,15W,PSU,BLACK WIB002myBK",59
"Belkin STAND,15W,PSU,WHITE WIB002myWH",59
"Belkin MAGNET STAND 7.5W, PSU, BK WIB003myBK",69
"Belkin MAGNET STAND 7.5W, PSU, WH WIB003myWH",69
"Belkin STAND/PAD/PUCK,PSU,BLACK WIZ001myBK",159
"Belkin STAND/PAD/PUCK,PSU,WHITE WIZ001myWH",159
"Belkin DUAL PAD,15W,PSU,BLACK WIZ008myBK",99
"Belkin DUAL PAD,15W,PSU,WHITE WIZ008myWH",99
"Belkin MAGSAFE 2/1 STAND, BK WIZ010myBK",132
"Belkin MAGSAFE 2/1 STAND, WH WIZ010myWH",132
Belkin 3-IN-1 WIRELESS CHARGING PAD WITH MAGSAFE WIZ016myBK,209
Belkin 3-IN-1 WIRELESS CHARGING PAD WITH MAGSAFE WIZ016myWH,209
CM XG PLUS PLATINUM 850 FULL MODULAR ARGB PSU,360.8
CM XG PLUS PLATINUM 750 FULL MODULAR ARGB PSU,321.69
CM XG PLATINUM 850 FULL MODULAR PSU,263.02
CM XG PLATINUM 750 FULL MODULAR PSU,223.91
CM V SFX GOLD 850 FULL MODULAR WHITE PSU,233.69
CM V SFX GOLD 750 FULL MODULAR WHITE PSU,214.13
CM V SFX GOLD 850 FULL MODULAR PSU,223.91
CM V SFX GOLD 750 FULL MODULAR PSU,204.36
CM V SFX GOLD 650 FULL MODULAR PSU,184.8
CM V PLATINUM 1300 FULL MODULAR PSU,419.47
CM V PLATINUM 1000 FULL MODULAR PSU,360.8
CM V PLATINUM 850 FULL MODULAR PSU,311.91
CM V GOLD V2 850 FULL MODULAR PSU,223.91
CM V GOLD V2 750 FULL MODULAR PSU,204.36
CM V GOLD V2 650 FULL MODULAR PSU,184.8
CM V GOLD V2 750 FULL MODULAR WHITE PSU,214.13
CM V GOLD V2 650 FULL MODULAR WHITE PSU,194.58
CM MWE GOLD V2 1250W FULL MODULAR ATX3 PSU,341.24
CM MF120 PRISMATIC 3IN1 ARGB CRYSTAL FAN 2,124.17
CM MF120 PRISMATIC ARGB CRYSTAL FAN 2,49.17
CM MASTERFAN SF360R ARGB FAN,69.22
CM MASTERFAN MF140 HALO ARGB ARGB FAN,35
CM MASTERFAN MF120 HALO 3IN1 ARGB ARGB FAN - WHITE,77
CM MASTERFAN MF120 HALO ARGB FAN - WHITE,30.33
CM MASTERFAN MF120 HALO 3IN1 ARGB FAN,77
CM MASTERFAN MF120 HALO ARGB FAN,30.33
CM MOBIUS 120P ARGB RING BLADE FAN,38.11
CM SICKLEFLOW 140 PWM ARGB FAN,27.22
CM SICKLEFLOW 120 PWM ARGB FAN - WHITE,20.94
CM SICKLEFLOW 120 ARGB 3IN1 WITH CONTROLLER,61.44
CM SICKLEFLOW 120 PWM ARGB REVERSE FAN,20.94
CM SICKLEFLOW 120 PWM ARGB FAN,20.94
CM SICKLEFLOW 120 PWM RGB FAN,16.54
CM SICKLEFLOW 120 PWM RED LED FAN,12.93
CM SICKLEFLOW 120 PWM BLUE FAN,12.93
CM SICKLEFLOW 120 PWM WHITE LED FAN,12.93
CM SICKLEFLOW 120 PWM NON LED FAN,11.48
CM SICKLEFLOW 92 PWM NON LED FAN,10.76
CM SICKLEFLOW 80 PWM NON LED FAN,10.76
CM A1 GEN 2 ARGB CONTROLLER,30.96
CM A1 GEN 2 ARGB TUBE SLEEVE FOR AIO COOLER,70.22
CM A1 GEN 2 ARGB STRIP 40CM,22.56
CM MASTERFAN ARGB & PWM 6 PORTS HUB,23.4
CM UNIVERSAL 1-5 ARGB SPLITTER CABLE,12.37
CM MASTERACCESSORY - ARGB GPU SUPPORT BRACKET,38.4
CM ELV8 ARGB UNIVERSAL GRAPHICS CARD HOLDER,38.4
CM MASTERACCESSORY RISER CABLE PCI-E 4.0 300MM,99.17
CM MASTERACCESSORY RISER CABLE PCI-E 200MM V2,46.2
CM MASTERLIQUID ML360 SUB-ZERO CPU COOLER,535.5
CM MASTERLIQUID ML360P ARGB CPU COOLER-SILVER,310.22
CM MASTERLIQUID ML240P MIRAGE ARGB CPU COOLER,212.44
CM MASTERLIQUID ML360R ARGB CPU COOLER,185.78
CM MASTERLIQUID PL360 FLUX ARGB CPU COOLER (5Y),239.11
CM MASTERLIQUID PL240 FLUX ARGB CPU COOLER (5Y),203.56
CM MASTERLIQUID ML360 ILLUSION ARGB ARGB COOLER,194.67
CM MASTERLIQUID ML240 ILLUSION ARGB ARGB COOLER,150.22
CM MASTERLIQUID ML240 ILLUSION ARGB ARGB WHITE,159.11
CM MASTERLIQUID ML360L V2 ARGB CPU COOLER - WHITE,141.33
CM MASTERLIQUID ML240L V2 ARGB CPU COOLER - WHITE,123.56
CM MASTERLIQUID ML360L V2 ARGB CPU COOLER,132.44
CM MASTERLIQUID ML240L V2 ARGB CPU COOLER,114.67
CM MA624 STEALTH CPU COOLER,159.11
CM MA612 STEALTH ARGB CPU COOLER,123.56
CM MA612 STEALTH CPU COOLER,105.78
CM HYPER 212 RGB BLACK EDITION CPU COOLER,70.22
CM HYPER 212 BLACK EDITION CPU COOLER,61.33
CM HYPER 212 LED TURBO ARGB CPU COOLER,70.22
