item,price_sgd
Lenovo USB-C 20000mah Laptop Power Bank,259
Intel 15th Gen Processor,471
Intel 15th Gen Processor + U5 245K,471
Intel 15th Gen Processor + U5 245KF,447
Intel 15th Gen Processor + U7 265K,606
Intel 15th Gen Processor + U7 265KF,591
Intel 15th Gen Processor + U9 285K,894
Intel 15th Gen Processor + U5 225,375
Intel 15th Gen Processor + U5 225F,351
Intel 15th Gen Processor + U5 235,389
Intel 15th Gen Processor + U7 265,595
Intel 15th Gen Processor + U7 265F,575
Intel 15th Gen Processor + U9 285,862
Gigabyte Z890 AORUS MASTER,962
Gigabyte Z890 AORUS MASTER + U5 245K,1365
Gigabyte Z890 AORUS MASTER + U5 245KF,1343
Gigabyte Z890 AORUS MASTER + U7 265K,1490
Gigabyte Z890 AORUS MASTER + U7 265KF,1476
Gigabyte Z890 AORUS MASTER + U9 285K,1785
Gigabyte Z890 AORUS MASTER + U5 225,1277
Gigabyte Z890 AORUS MASTER + U5 225F,1255
Gigabyte Z890 AORUS MASTER + U5 235,1290
Gigabyte Z890 AORUS MASTER + U7 265,1480
Gigabyte Z890 AORUS MASTER + U7 265F,1461
Gigabyte Z890 AORUS MASTER + U9 285,1726
Gigabyte Z890 AORUS ELITE WIFI 7 ICE,480
Gigabyte Z890 AORUS ELITE WIFI 7 ICE + U5 245K,897
Gigabyte Z890 AORUS ELITE WIFI 7 ICE + U5 245KF,875
Gigabyte Z890 AORUS ELITE WIFI 7 ICE + U7 265K,1022
Gigabyte Z890 AORUS ELITE WIFI 7 ICE + U7 265KF,1007
Gigabyte Z890 AORUS ELITE WIFI 7 ICE + U9 285K,1316
Gigabyte Z890 AORUS ELITE WIFI 7 ICE + U5 225,808
Gigabyte Z890 AORUS ELITE WIFI 7 ICE + U5 225F,786
Gigabyte Z890 AORUS ELITE WIFI 7 ICE + U5 235,822
Gigabyte Z890 AORUS ELITE WIFI 7 ICE + U7 265,1011
Gigabyte Z890 AORUS ELITE WIFI 7 ICE + U7 265F,992
Gigabyte Z890 AORUS ELITE WIFI 7 ICE + U9 285,1257
Gigabyte Z890 AORUS ELITE WIFI 7,464
Gigabyte Z890 AORUS ELITE WIFI 7 + U5 245K,881
Gigabyte Z890 AORUS ELITE WIFI 7 + U5 245KF,859
Gigabyte Z890 AORUS ELITE WIFI 7 + U7 265K,1007
Gigabyte Z890 AORUS ELITE WIFI 7 + U7 265KF,992
Gigabyte Z890 AORUS ELITE WIFI 7 + U9 285K,1301
Gigabyte Z890 AORUS ELITE WIFI 7 + U5 225,793
Gigabyte Z890 AORUS ELITE WIFI 7 + U5 225F,771
Gigabyte Z890 AORUS ELITE WIFI 7 + U5 235,806
Gigabyte Z890 AORUS ELITE WIFI 7 + U7 265,996
Gigabyte Z890 AORUS ELITE WIFI 7 + U7 265F,977
Gigabyte Z890 AORUS ELITE WIFI 7 + U9 285,1242
Gigabyte Z890 EAGLE WIFI 7,390
Gigabyte Z890 EAGLE WIFI 7 + U5 245K,810
Gigabyte Z890 EAGLE WIFI 7 + U5 245KF,787
Gigabyte Z890 EAGLE WIFI 7 + U7 265K,935
Gigabyte Z890 EAGLE WIFI 7 + U7 265KF,920
Gigabyte Z890 EAGLE WIFI 7 + U9 285K,1229
Gigabyte Z890 EAGLE WIFI 7 + U5 225,721
Gigabyte Z890 EAGLE WIFI 7 + U5 225F,699
Gigabyte Z890 EAGLE WIFI 7 + U5 235,734
Gigabyte Z890 EAGLE WIFI 7 + U7 265,924
Gigabyte Z890 EAGLE WIFI 7 + U7 265F,905
Gigabyte Z890 EAGLE WIFI 7 + U9 285,1170
Gigabyte Z890 UD WIFI 6E,368
Gigabyte Z890 UD WIFI 6E + U5 245K,788
Gigabyte Z890 UD WIFI 6E + U5 245KF,766
Gigabyte Z890 UD WIFI 6E + U7 265K,913
Gigabyte Z890 UD WIFI 6E + U7 265KF,898
Gigabyte Z890 UD WIFI 6E + U9 285K,1207
Gigabyte Z890 UD WIFI 6E + U5 225,699
Gigabyte Z890 UD WIFI 6E + U5 225F,677
Gigabyte Z890 UD WIFI 6E + U5 235,713
Gigabyte Z890 UD WIFI 6E + U7 265,902
Gigabyte Z890 UD WIFI 6E + U7 265F,883
Gigabyte Z890 UD WIFI 6E + U9 285,1148
Gigabyte Z890M AORUS ELITE WIFI 7,386
Gigabyte Z890M AORUS ELITE WIFI 7 + U5 245K,805
Gigabyte Z890M AORUS ELITE WIFI 7 + U5 245KF,783
Gigabyte Z890M AORUS ELITE WIFI 7 + U7 265K,930
Gigabyte Z890M AORUS ELITE WIFI 7 + U7 265KF,916
Gigabyte Z890M AORUS ELITE WIFI 7 + U9 285K,1225
Gigabyte Z890M AORUS ELITE WIFI 7 + U5 225,717
Gigabyte Z890M AORUS ELITE WIFI 7 + U5 225F,695
Gigabyte Z890M AORUS ELITE WIFI 7 + U5 235,730
Gigabyte Z890M AORUS ELITE WIFI 7 + U7 265,920
Gigabyte Z890M AORUS ELITE WIFI 7 + U7 265F,901
Gigabyte Z890M AORUS ELITE WIFI 7 + U9 285,1166
Gigabyte B860 GAMING X WIFI6E,341
Gigabyte B860 GAMING X WIFI6E + U5 245K,762
Gigabyte B860 GAMING X WIFI6E + U5 245KF,739
Gigabyte B860 GAMING X WIFI6E + U7 265K,887
Gigabyte B860 GAMING X WIFI6E + U7 265KF,872
Gigabyte B860 GAMING X WIFI6E + U9 285K,1181
Gigabyte B860 GAMING X WIFI6E + U5 225,673
Gigabyte B860 GAMING X WIFI6E + U5 225F,651
Gigabyte B860 GAMING X WIFI6E + U5 235,686
Gigabyte B860 GAMING X WIFI6E + U7 265,876
Gigabyte B860 GAMING X WIFI6E + U7 265F,857
Gigabyte B860 GAMING X WIFI6E + U9 285,1122
Gigabyte B860 DS3H WIFI6E,274
Gigabyte B860 DS3H WIFI6E + U5 245K,696
Gigabyte B860 DS3H WIFI6E + U5 245KF,674
Gigabyte B860 DS3H WIFI6E + U7 265K,821
Gigabyte B860 DS3H WIFI6E + U7 265KF,807
Gigabyte B860 DS3H WIFI6E + U9 285K,1116
Gigabyte B860 DS3H WIFI6E + U5 225,608
Gigabyte B860 DS3H WIFI6E + U5 225F,586
Gigabyte B860 DS3H WIFI6E + U5 235,621
Gigabyte B860 DS3H WIFI6E + U7 265,811
Gigabyte B860 DS3H WIFI6E + U7 265F,792
Gigabyte B860 DS3H WIFI6E + U9 285,1057
Gigabyte B860M DS3H WIFI6E,256
Gigabyte B860M DS3H WIFI6E + U5 245K,679
Gigabyte B860M DS3H WIFI6E + U5 245KF,657
Gigabyte B860M DS3H WIFI6E + U7 265K,804
Gigabyte B860M DS3H WIFI6E + U7 265KF,789
Gigabyte B860M DS3H WIFI6E + U9 285K,1098
Gigabyte B860M DS3H WIFI6E + U5 225,590
Gigabyte B860M DS3H WIFI6E + U5 225F,568
Gigabyte B860M DS3H WIFI6E + U5 235,604
Gigabyte B860M DS3H WIFI6E + U7 265,793
Gigabyte B860M DS3H WIFI6E + U7 265F,774
Gigabyte B860M DS3H WIFI6E + U9 285,1039
Gigabyte B860M EAGLE WIFI6,222
Gigabyte B860M EAGLE WIFI6 + U5 245K,646
Gigabyte B860M EAGLE WIFI6 + U5 245KF,624
Gigabyte B860M EAGLE WIFI6 + U7 265K,771
Gigabyte B860M EAGLE WIFI6 + U7 265KF,756
Gigabyte B860M EAGLE WIFI6 + U9 285K,1065
Gigabyte B860M EAGLE WIFI6 + U5 225,558
Gigabyte B860M EAGLE WIFI6 + U5 225F,536
Gigabyte B860M EAGLE WIFI6 + U5 235,571
Gigabyte B860M EAGLE WIFI6 + U7 265,761
Gigabyte B860M EAGLE WIFI6 + U7 265F,742
Gigabyte B860M EAGLE WIFI6 + U9 285,1007
Gigabyte B860I AORUS PRO ICE,386
Gigabyte B860I AORUS PRO ICE + U5 245K,805
Gigabyte B860I AORUS PRO ICE + U5 245KF,783
Gigabyte B860I AORUS PRO ICE + U7 265K,930
Gigabyte B860I AORUS PRO ICE + U7 265KF,916
Gigabyte B860I AORUS PRO ICE + U9 285K,1225
Gigabyte B860I AORUS PRO ICE + U5 225,717
Gigabyte B860I AORUS PRO ICE + U5 225F,695
Gigabyte B860I AORUS PRO ICE + U5 235,730
Gigabyte B860I AORUS PRO ICE + U7 265,920
Gigabyte B860I AORUS PRO ICE + U7 265F,901
Gigabyte B860I AORUS PRO ICE + U9 285,1166
MSI MAG Z890 ACE,1053
MSI MAG Z890 ACE + U5 245K,1455
MSI MAG Z890 ACE + U5 245KF,1433
MSI MAG Z890 ACE + U7 265K,1580
MSI MAG Z890 ACE + U7 265KF,1565
MSI MAG Z890 ACE + U9 285K,1874
MSI MAG Z890 ACE + U5 225,1366
MSI MAG Z890 ACE + U5 225F,1344
MSI MAG Z890 ACE + U5 235,1380
MSI MAG Z890 ACE + U7 265,1570
MSI MAG Z890 ACE + U7 265F,1550
MSI MAG Z890 ACE + U9 285,1815
MSI MAG Z890 TOMAHAWK WIFI,554
MSI MAG Z890 TOMAHAWK WIFI + U5 245K,969
MSI MAG Z890 TOMAHAWK WIFI + U5 245KF,947
MSI MAG Z890 TOMAHAWK WIFI + U7 265K,1094
MSI MAG Z890 TOMAHAWK WIFI + U7 265KF,1079
MSI MAG Z890 TOMAHAWK WIFI + U9 285K,1388
MSI MAG Z890 TOMAHAWK WIFI + U5 225,880
MSI MAG Z890 TOMAHAWK WIFI + U5 225F,858
MSI MAG Z890 TOMAHAWK WIFI + U5 235,894
MSI MAG Z890 TOMAHAWK WIFI + U7 265,1083
MSI MAG Z890 TOMAHAWK WIFI + U7 265F,1064
MSI MAG Z890 TOMAHAWK WIFI + U9 285,1329
MSI MPG Z890 CARBON WIFI,913
MSI MPG Z890 CARBON WIFI + U5 245K,1319
MSI MPG Z890 CARBON WIFI + U5 245KF,1296
MSI MPG Z890 CARBON WIFI + U7 265K,1444
MSI MPG Z890 CARBON WIFI + U7 265KF,1429
MSI MPG Z890 CARBON WIFI + U9 285K,1738
MSI MPG Z890 CARBON WIFI + U5 225,1230
MSI MPG Z890 CARBON WIFI + U5 225F,1208
MSI MPG Z890 CARBON WIFI + U5 235,1243
MSI MPG Z890 CARBON WIFI + U7 265,1433
MSI MPG Z890 CARBON WIFI + U7 265F,1414
MSI MPG Z890 CARBON WIFI + U9 285,1679
MSI Z890 GAMING PLUS WIFI,439
MSI Z890 GAMING PLUS WIFI + U5 245K,856
MSI Z890 GAMING PLUS WIFI + U5 245KF,834
MSI Z890 GAMING PLUS WIFI + U7 265K,981
MSI Z890 GAMING PLUS WIFI + U7 265KF,967
MSI Z890 GAMING PLUS WIFI + U9 285K,1276
MSI Z890 GAMING PLUS WIFI + U5 225,768
MSI Z890 GAMING PLUS WIFI + U5 225F,746
MSI Z890 GAMING PLUS WIFI + U5 235,781
MSI Z890 GAMING PLUS WIFI + U7 265,971
MSI Z890 GAMING PLUS WIFI + U7 265F,952
MSI Z890 GAMING PLUS WIFI + U9 285,1217
MSI PRO Z890-P WIFI,387
MSI PRO Z890-P WIFI + U5 245K,806
MSI PRO Z890-P WIFI + U5 245KF,784
MSI PRO Z890-P WIFI + U7 265K,931
MSI PRO Z890-P WIFI + U7 265KF,917
MSI PRO Z890-P WIFI + U9 285K,1226
MSI PRO Z890-P WIFI + U5 225,718
MSI PRO Z890-P WIFI + U5 225F,696
MSI PRO Z890-P WIFI + U5 235,731
MSI PRO Z890-P WIFI + U7 265,921
MSI PRO Z890-P WIFI + U7 265F,902
MSI PRO Z890-P WIFI + U9 285,1167
ASROCK H810M-X WIFI,140
ASROCK H810M-X WIFI + U5 245K,565
ASROCK H810M-X WIFI + U5 245KF,543
ASROCK H810M-X WIFI + U7 265K,690
ASROCK H810M-X WIFI + U7 265KF,676
ASROCK H810M-X WIFI + U9 285K,985
ASROCK H810M-X WIFI + U5 225,477
ASROCK H810M-X WIFI + U5 225F,455
ASROCK H810M-X WIFI + U5 235,490
ASROCK H810M-X WIFI + U7 265,680
ASROCK H810M-X WIFI + U7 265F,661
ASROCK H810M-X WIFI + U9 285,926
Asrock B860M X WIFI,190
Asrock B860M X WIFI + U5 245K,614
Asrock B860M X WIFI + U5 245KF,592
Asrock B860M X WIFI + U7 265K,739
Asrock B860M X WIFI + U7 265KF,725
Asrock B860M X WIFI + U9 285K,1034
Asrock B860M X WIFI + U5 225,526
Asrock B860M X WIFI + U5 225F,504
Asrock B860M X WIFI + U5 235,539
Asrock B860M X WIFI + U7 265,729
Asrock B860M X WIFI + U7 265F,710
Asrock B860M X WIFI + U9 285,975
ASROCK Z890 PRO-A WIFI,316
ASROCK Z890 PRO-A WIFI + U5 245K,738
ASROCK Z890 PRO-A WIFI + U5 245KF,715
ASROCK Z890 PRO-A WIFI + U7 265K,863
ASROCK Z890 PRO-A WIFI + U7 265KF,848
ASROCK Z890 PRO-A WIFI + U9 285K,1157
ASROCK Z890 PRO-A WIFI + U5 225,649
ASROCK Z890 PRO-A WIFI + U5 225F,627
ASROCK Z890 PRO-A WIFI + U5 235,663
ASROCK Z890 PRO-A WIFI + U7 265,852
ASROCK Z890 PRO-A WIFI + U7 265F,833
ASROCK Z890 PRO-A WIFI + U9 285,1098
ASRock Z890I NOVA WIFI (ITX),480
ASRock Z890I NOVA WIFI (ITX) + U5 245K,897
ASRock Z890I NOVA WIFI (ITX) + U5 245KF,875
ASRock Z890I NOVA WIFI (ITX) + U7 265K,1022
ASRock Z890I NOVA WIFI (ITX) + U7 265KF,1007
ASRock Z890I NOVA WIFI (ITX) + U9 285K,1316
ASRock Z890I NOVA WIFI (ITX) + U5 225,808
ASRock Z890I NOVA WIFI (ITX) + U5 225F,786
ASRock Z890I NOVA WIFI (ITX) + U5 235,822
ASRock Z890I NOVA WIFI (ITX) + U7 265,1011
ASRock Z890I NOVA WIFI (ITX) + U7 265F,992
ASRock Z890I NOVA WIFI (ITX) + U9 285,1257
ASROCK Z890 NOVA WIFI,565
ASROCK Z890 NOVA WIFI + U5 245K,980
ASROCK Z890 NOVA WIFI + U5 245KF,957
ASROCK Z890 NOVA WIFI + U7 265K,1105
ASROCK Z890 NOVA WIFI + U7 265KF,1090
ASROCK Z890 NOVA WIFI + U9 285K,1399
ASROCK Z890 NOVA WIFI + U5 225,891
ASROCK Z890 NOVA WIFI + U5 225F,869
ASROCK Z890 NOVA WIFI + U5 235,904
ASROCK Z890 NOVA WIFI + U7 265,1094
ASROCK Z890 NOVA WIFI + U7 265F,1075
ASROCK Z890 NOVA WIFI + U9 285,1340
ASROCK Z890 PRO RS WIFI WHITE,368
ASROCK Z890 PRO RS WIFI WHITE + U5 245K,788
ASROCK Z890 PRO RS WIFI WHITE + U5 245KF,766
ASROCK Z890 PRO RS WIFI WHITE + U7 265K,913
ASROCK Z890 PRO RS WIFI WHITE + U7 265KF,898
ASROCK Z890 PRO RS WIFI WHITE + U9 285K,1207
ASROCK Z890 PRO RS WIFI WHITE + U5 225,699
ASROCK Z890 PRO RS WIFI WHITE + U5 225F,677
ASROCK Z890 PRO RS WIFI WHITE + U5 235,713
ASROCK Z890 PRO RS WIFI WHITE + U7 265,902
ASROCK Z890 PRO RS WIFI WHITE + U7 265F,883
ASROCK Z890 PRO RS WIFI WHITE + U9 285,1148
ASUS ROG STRIX Z890-F GAMING WIFI,736
ASUS ROG STRIX Z890-F GAMING WIFI + U5 245K,1146
ASUS ROG STRIX Z890-F GAMING WIFI + U5 245KF,1124
ASUS ROG STRIX Z890-F GAMING WIFI + U7 265K,1271
ASUS ROG STRIX Z890-F GAMING WIFI + U7 265KF,1257
ASUS ROG STRIX Z890-F GAMING WIFI + U9 285K,1566
ASUS ROG STRIX Z890-F GAMING WIFI + U5 225,1058
ASUS ROG STRIX Z890-F GAMING WIFI + U5 225F,1036
ASUS ROG STRIX Z890-F GAMING WIFI + U5 235,1071
ASUS ROG STRIX Z890-F GAMING WIFI + U7 265,1261
ASUS ROG STRIX Z890-F GAMING WIFI + U7 265F,1242
ASUS ROG STRIX Z890-F GAMING WIFI + U9 285,1507
ASUS PRIME Z890-P WIFI-CSM,424
ASUS PRIME Z890-P WIFI-CSM + U5 245K,842
ASUS PRIME Z890-P WIFI-CSM + U5 245KF,820
ASUS PRIME Z890-P WIFI-CSM + U7 265K,967
ASUS PRIME Z890-P WIFI-CSM + U7 265KF,953
ASUS PRIME Z890-P WIFI-CSM + U9 285K,1262
ASUS PRIME Z890-P WIFI-CSM + U5 225,754
ASUS PRIME Z890-P WIFI-CSM + U5 225F,732
ASUS PRIME Z890-P WIFI-CSM + U5 235,767
ASUS PRIME Z890-P WIFI-CSM + U7 265,957
ASUS PRIME Z890-P WIFI-CSM + U7 265F,938
ASUS PRIME Z890-P WIFI-CSM + U9 285,1203
ASUS ROG STRIX Z890-A GAMING WIFI,689
ASUS ROG STRIX Z890-A GAMING WIFI + U5 245K,1101
ASUS ROG STRIX Z890-A GAMING WIFI + U5 245KF,1078
ASUS ROG STRIX Z890-A GAMING WIFI + U7 265K,1226
ASUS ROG STRIX Z890-A GAMING WIFI + U7 265KF,1211
ASUS ROG STRIX Z890-A GAMING WIFI + U9 285K,1520
ASUS ROG STRIX Z890-A GAMING WIFI + U5 225,1012
ASUS ROG STRIX Z890-A GAMING WIFI + U5 225F,990
ASUS ROG STRIX Z890-A GAMING WIFI + U5 235,1025
ASUS ROG STRIX Z890-A GAMING WIFI + U7 265,1215
ASUS ROG STRIX Z890-A GAMING WIFI + U7 265F,1196
ASUS ROG STRIX Z890-A GAMING WIFI + U9 285,1461
ASUS ROG MAXIMUS Z890 EXTREME E-,1607
ASUS ROG MAXIMUS Z890 EXTREME E- + U5 245K,1993
ASUS ROG MAXIMUS Z890 EXTREME E- + U5 245KF,1971
ASUS ROG MAXIMUS Z890 EXTREME E- + U7 265K,2118
ASUS ROG MAXIMUS Z890 EXTREME E- + U7 265KF,2104
ASUS ROG MAXIMUS Z890 EXTREME E- + U9 285K,2413
ASUS ROG MAXIMUS Z890 EXTREME E- + U5 225,1905
ASUS ROG MAXIMUS Z890 EXTREME E- + U5 225F,1883
ASUS ROG MAXIMUS Z890 EXTREME E- + U5 235,1918
ASUS ROG MAXIMUS Z890 EXTREME E- + U7 265,2108
ASUS ROG MAXIMUS Z890 EXTREME E- + U7 265F,2089
ASUS ROG MAXIMUS Z890 EXTREME E- + U9 285,2354
ASUS ROG STRIX Z890-I GAMING WIFI,812
ASUS ROG STRIX Z890-I GAMING WIFI + U5 245K,1219
ASUS ROG STRIX Z890-I GAMING WIFI + U5 245KF,1197
ASUS ROG STRIX Z890-I GAMING WIFI + U7 265K,1344
ASUS ROG STRIX Z890-I GAMING WIFI + U7 265KF,1330
ASUS ROG STRIX Z890-I GAMING WIFI + U9 285K,1639
ASUS ROG STRIX Z890-I GAMING WIFI + U5 225,1131
ASUS ROG STRIX Z890-I GAMING WIFI + U5 225F,1109
ASUS ROG STRIX Z890-I GAMING WIFI + U5 235,1144
ASUS ROG STRIX Z890-I GAMING WIFI + U7 265,1334
ASUS ROG STRIX Z890-I GAMING WIFI + U7 265F,1315
ASUS ROG STRIX Z890-I GAMING WIFI + U9 285,1580
ASUS ROG MAXIMUS Z890 hero,1133
ASUS ROG MAXIMUS Z890 hero + U5 245K,1532
ASUS ROG MAXIMUS Z890 hero + U5 245KF,1510
ASUS ROG MAXIMUS Z890 hero + U7 265K,1657
ASUS ROG MAXIMUS Z890 hero + U7 265KF,1643
ASUS ROG MAXIMUS Z890 hero + U9 285K,1952
ASUS ROG MAXIMUS Z890 hero + U5 225,1444
ASUS ROG MAXIMUS Z890 hero + U5 225F,1422
ASUS ROG MAXIMUS Z890 hero + U5 235,1457
ASUS ROG MAXIMUS Z890 hero + U7 265,1647
ASUS ROG MAXIMUS Z890 hero + U7 265F,1628
ASUS ROG MAXIMUS Z890 hero + U9 285,1893
Asus ROG STRIX Z890-E GAMING WIFI,850
Asus ROG STRIX Z890-E GAMING WIFI + U5 245K,1256
Asus ROG STRIX Z890-E GAMING WIFI + U5 245KF,1234
Asus ROG STRIX Z890-E GAMING WIFI + U7 265K,1381
Asus ROG STRIX Z890-E GAMING WIFI + U7 265KF,1367
Asus ROG STRIX Z890-E GAMING WIFI + U9 285K,1676
Asus ROG STRIX Z890-E GAMING WIFI + U5 225,1168
Asus ROG STRIX Z890-E GAMING WIFI + U5 225F,1146
Asus ROG STRIX Z890-E GAMING WIFI + U5 235,1181
Asus ROG STRIX Z890-E GAMING WIFI + U7 265,1371
Asus ROG STRIX Z890-E GAMING WIFI + U7 265F,1352
Asus ROG STRIX Z890-E GAMING WIFI + U9 285,1617
ASUS ROG MAXIMUS Z890 APEX,1115
ASUS ROG MAXIMUS Z890 APEX + U5 245K,1515
ASUS ROG MAXIMUS Z890 APEX + U5 245KF,1493
ASUS ROG MAXIMUS Z890 APEX + U7 265K,1640
ASUS ROG MAXIMUS Z890 APEX + U7 265KF,1625
ASUS ROG MAXIMUS Z890 APEX + U9 285K,1934
ASUS ROG MAXIMUS Z890 APEX + U5 225,1426
ASUS ROG MAXIMUS Z890 APEX + U5 225F,1404
ASUS ROG MAXIMUS Z890 APEX + U5 235,1440
ASUS ROG MAXIMUS Z890 APEX + U7 265,1630
ASUS ROG MAXIMUS Z890 APEX + U7 265F,1610
ASUS ROG MAXIMUS Z890 APEX + U9 285,1875
ASUS TUF Gaming Z890-Plus WIFI,515
ASUS TUF Gaming Z890-Plus WIFI + U5 245K,930
ASUS TUF Gaming Z890-Plus WIFI + U5 245KF,908
ASUS TUF Gaming Z890-Plus WIFI + U7 265K,1056
ASUS TUF Gaming Z890-Plus WIFI + U7 265KF,1041
ASUS TUF Gaming Z890-Plus WIFI + U9 285K,1350
ASUS TUF Gaming Z890-Plus WIFI + U5 225,842
ASUS TUF Gaming Z890-Plus WIFI + U5 225F,820
ASUS TUF Gaming Z890-Plus WIFI + U5 235,855
ASUS TUF Gaming Z890-Plus WIFI + U7 265,1045
ASUS TUF Gaming Z890-Plus WIFI + U7 265F,1026
ASUS TUF Gaming Z890-Plus WIFI + U9 285,1291
ASUS TUF Gaming Z890-PRO WIFI,547
ASUS TUF Gaming Z890-PRO WIFI + U5 245K,962
ASUS TUF Gaming Z890-PRO WIFI + U5 245KF,940
ASUS TUF Gaming Z890-PRO WIFI + U7 265K,1087
ASUS TUF Gaming Z890-PRO WIFI + U7 265KF,1072
ASUS TUF Gaming Z890-PRO WIFI + U9 285K,1381
ASUS TUF Gaming Z890-PRO WIFI + U5 225,874
ASUS TUF Gaming Z890-PRO WIFI + U5 225F,852
ASUS TUF Gaming Z890-PRO WIFI + U5 235,887
ASUS TUF Gaming Z890-PRO WIFI + U7 265,1077
ASUS TUF Gaming Z890-PRO WIFI + U7 265F,1058
ASUS TUF Gaming Z890-PRO WIFI + U9 285,1323
ASUS PRIME Z890M-PLUS WIFI-CSM,396
ASUS PRIME Z890M-PLUS WIFI-CSM + U5 245K,815
ASUS PRIME Z890M-PLUS WIFI-CSM + U5 245KF,793
ASUS PRIME Z890M-PLUS WIFI-CSM + U7 265K,940
ASUS PRIME Z890M-PLUS WIFI-CSM + U7 265KF,925
ASUS PRIME Z890M-PLUS WIFI-CSM + U9 285K,1234
ASUS PRIME Z890M-PLUS WIFI-CSM + U5 225,727
ASUS PRIME Z890M-PLUS WIFI-CSM + U5 225F,705
ASUS PRIME Z890M-PLUS WIFI-CSM + U5 235,740
ASUS PRIME Z890M-PLUS WIFI-CSM + U7 265,930
ASUS PRIME Z890M-PLUS WIFI-CSM + U7 265F,911
ASUS PRIME Z890M-PLUS WIFI-CSM + U9 285,1175
ASUS ProArt Z890-CREATOR WIFI,850
ASUS ProArt Z890-CREATOR WIFI + U5 245K,1256
ASUS ProArt Z890-CREATOR WIFI + U5 245KF,1234
ASUS ProArt Z890-CREATOR WIFI + U7 265K,1381
ASUS ProArt Z890-CREATOR WIFI + U7 265KF,1367
ASUS ProArt Z890-CREATOR WIFI + U9 285K,1676
ASUS ProArt Z890-CREATOR WIFI + U5 225,1168
ASUS ProArt Z890-CREATOR WIFI + U5 225F,1146
ASUS ProArt Z890-CREATOR WIFI + U5 235,1181
ASUS ProArt Z890-CREATOR WIFI + U7 265,1371
ASUS ProArt Z890-CREATOR WIFI + U7 265F,1352
ASUS ProArt Z890-CREATOR WIFI + U9 285,1617
Asus ROG STRIX B860-F GAMING WIFI,472
Asus ROG STRIX B860-F GAMING WIFI + U5 245K,889
Asus ROG STRIX B860-F GAMING WIFI + U5 245KF,867
Asus ROG STRIX B860-F GAMING WIFI + U7 265K,1014
Asus ROG STRIX B860-F GAMING WIFI + U7 265KF,999
Asus ROG STRIX B860-F GAMING WIFI + U9 285K,1308
Asus ROG STRIX B860-F GAMING WIFI + U5 225,801
Asus ROG STRIX B860-F GAMING WIFI + U5 225F,779
Asus ROG STRIX B860-F GAMING WIFI + U5 235,814
Asus ROG STRIX B860-F GAMING WIFI + U7 265,1004
Asus ROG STRIX B860-F GAMING WIFI + U7 265F,985
Asus ROG STRIX B860-F GAMING WIFI + U9 285,1250
Asus ROG STRIX B860-A GAMING WIFI,443
Asus ROG STRIX B860-A GAMING WIFI + U5 245K,861
Asus ROG STRIX B860-A GAMING WIFI + U5 245KF,839
Asus ROG STRIX B860-A GAMING WIFI + U7 265K,986
Asus ROG STRIX B860-A GAMING WIFI + U7 265KF,971
Asus ROG STRIX B860-A GAMING WIFI + U9 285K,1280
Asus ROG STRIX B860-A GAMING WIFI + U5 225,772
Asus ROG STRIX B860-A GAMING WIFI + U5 225F,750
Asus ROG STRIX B860-A GAMING WIFI + U5 235,786
Asus ROG STRIX B860-A GAMING WIFI + U7 265,976
Asus ROG STRIX B860-A GAMING WIFI + U7 265F,956
Asus ROG STRIX B860-A GAMING WIFI + U9 285,1221
Asus ROG STRIX B860-G GAMING WIFI,424
Asus ROG STRIX B860-G GAMING WIFI + U5 245K,842
Asus ROG STRIX B860-G GAMING WIFI + U5 245KF,820
Asus ROG STRIX B860-G GAMING WIFI + U7 265K,967
Asus ROG STRIX B860-G GAMING WIFI + U7 265KF,953
Asus ROG STRIX B860-G GAMING WIFI + U9 285K,1262
Asus ROG STRIX B860-G GAMING WIFI + U5 225,754
Asus ROG STRIX B860-G GAMING WIFI + U5 225F,732
Asus ROG STRIX B860-G GAMING WIFI + U5 235,767
Asus ROG STRIX B860-G GAMING WIFI + U7 265,957
Asus ROG STRIX B860-G GAMING WIFI + U7 265F,938
Asus ROG STRIX B860-G GAMING WIFI + U9 285,1203
Asus ROG STRIX B860-I GAMING WIFI,396
Asus ROG STRIX B860-I GAMING WIFI + U5 245K,815
Asus ROG STRIX B860-I GAMING WIFI + U5 245KF,793
Asus ROG STRIX B860-I GAMING WIFI + U7 265K,940
Asus ROG STRIX B860-I GAMING WIFI + U7 265KF,925
Asus ROG STRIX B860-I GAMING WIFI + U9 285K,1234
Asus ROG STRIX B860-I GAMING WIFI + U5 225,727
Asus ROG STRIX B860-I GAMING WIFI + U5 225F,705
Asus ROG STRIX B860-I GAMING WIFI + U5 235,740
Asus ROG STRIX B860-I GAMING WIFI + U7 265,930
Asus ROG STRIX B860-I GAMING WIFI + U7 265F,911
Asus ROG STRIX B860-I GAMING WIFI + U9 285,1175
Asus TUF GAMING B860-PLUS WIFI,377
Asus TUF GAMING B860-PLUS WIFI + U5 245K,796
Asus TUF GAMING B860-PLUS WIFI + U5 245KF,774
Asus TUF GAMING B860-PLUS WIFI + U7 265K,922
Asus TUF GAMING B860-PLUS WIFI + U7 265KF,907
Asus TUF GAMING B860-PLUS WIFI + U9 285K,1216
Asus TUF GAMING B860-PLUS WIFI + U5 225,708
Asus TUF GAMING B860-PLUS WIFI + U5 225F,686
Asus TUF GAMING B860-PLUS WIFI + U5 235,721
Asus TUF GAMING B860-PLUS WIFI + U7 265,911
Asus TUF GAMING B860-PLUS WIFI + U7 265F,892
Asus TUF GAMING B860-PLUS WIFI + U9 285,1157
Asus TUF GAMING B860M-PLUS WIFI,372
Asus TUF GAMING B860M-PLUS WIFI + U5 245K,792
Asus TUF GAMING B860M-PLUS WIFI + U5 245KF,770
Asus TUF GAMING B860M-PLUS WIFI + U7 265K,917
Asus TUF GAMING B860M-PLUS WIFI + U7 265KF,902
Asus TUF GAMING B860M-PLUS WIFI + U9 285K,1211
Asus TUF GAMING B860M-PLUS WIFI + U5 225,704
Asus TUF GAMING B860M-PLUS WIFI + U5 225F,682
Asus TUF GAMING B860M-PLUS WIFI + U5 235,717
Asus TUF GAMING B860M-PLUS WIFI + U7 265,907
Asus TUF GAMING B860M-PLUS WIFI + U7 265F,888
Asus TUF GAMING B860M-PLUS WIFI + U9 285,1153
Asus TUF GAMING B860M-PLUS,344
Asus TUF GAMING B860M-PLUS + U5 245K,765
Asus TUF GAMING B860M-PLUS + U5 245KF,743
Asus TUF GAMING B860M-PLUS + U7 265K,890
Asus TUF GAMING B860M-PLUS + U7 265KF,875
Asus TUF GAMING B860M-PLUS + U9 285K,1184
Asus TUF GAMING B860M-PLUS + U5 225,677
Asus TUF GAMING B860M-PLUS + U5 225F,654
Asus TUF GAMING B860M-PLUS + U5 235,690
Asus TUF GAMING B860M-PLUS + U7 265,880
Asus TUF GAMING B860M-PLUS + U7 265F,860
Asus TUF GAMING B860M-PLUS + U9 285,1125
Asus PRIME B860-PLUS WIFI-CSM,311
Asus PRIME B860-PLUS WIFI-CSM + U5 245K,732
Asus PRIME B860-PLUS WIFI-CSM + U5 245KF,710
Asus PRIME B860-PLUS WIFI-CSM + U7 265K,857
Asus PRIME B860-PLUS WIFI-CSM + U7 265KF,842
Asus PRIME B860-PLUS WIFI-CSM + U9 285K,1151
Asus PRIME B860-PLUS WIFI-CSM + U5 225,644
Asus PRIME B860-PLUS WIFI-CSM + U5 225F,622
Asus PRIME B860-PLUS WIFI-CSM + U5 235,657
Asus PRIME B860-PLUS WIFI-CSM + U7 265,847
Asus PRIME B860-PLUS WIFI-CSM + U7 265F,828
Asus PRIME B860-PLUS WIFI-CSM + U9 285,1093
Asus PRIME B860-PLUS-CSM,283
Asus PRIME B860-PLUS-CSM + U5 245K,705
Asus PRIME B860-PLUS-CSM + U5 245KF,683
Asus PRIME B860-PLUS-CSM + U7 265K,830
Asus PRIME B860-PLUS-CSM + U7 265KF,815
Asus PRIME B860-PLUS-CSM + U9 285K,1124
Asus PRIME B860-PLUS-CSM + U5 225,617
Asus PRIME B860-PLUS-CSM + U5 225F,595
Asus PRIME B860-PLUS-CSM + U5 235,630
Asus PRIME B860-PLUS-CSM + U7 265,820
Asus PRIME B860-PLUS-CSM + U7 265F,801
Asus PRIME B860-PLUS-CSM + U9 285,1065
Asus PRIME B860M-A WIFI-CSM,302
Asus PRIME B860M-A WIFI-CSM + U5 245K,723
Asus PRIME B860M-A WIFI-CSM + U5 245KF,701
Asus PRIME B860M-A WIFI-CSM + U7 265K,848
Asus PRIME B860M-A WIFI-CSM + U7 265KF,834
Asus PRIME B860M-A WIFI-CSM + U9 285K,1143
Asus PRIME B860M-A WIFI-CSM + U5 225,635
Asus PRIME B860M-A WIFI-CSM + U5 225F,613
Asus PRIME B860M-A WIFI-CSM + U5 235,648
Asus PRIME B860M-A WIFI-CSM + U7 265,838
Asus PRIME B860M-A WIFI-CSM + U7 265F,819
Asus PRIME B860M-A WIFI-CSM + U9 285,1084
Asus PRIME B860M-A-CSM,278
Asus PRIME B860M-A-CSM + U5 245K,701
Asus PRIME B860M-A-CSM + U5 245KF,678
Asus PRIME B860M-A-CSM + U7 265K,826
Asus PRIME B860M-A-CSM + U7 265KF,811
Asus PRIME B860M-A-CSM + U9 285K,1120
Asus PRIME B860M-A-CSM + U5 225,612
Asus PRIME B860M-A-CSM + U5 225F,590
Asus PRIME B860M-A-CSM + U5 235,625
Asus PRIME B860M-A-CSM + U7 265,815
Asus PRIME B860M-A-CSM + U7 265F,796
Asus PRIME B860M-A-CSM + U9 285,1061
Asus PRIME B860M-K-CSM,236
Asus PRIME B860M-K-CSM + U5 245K,659
Asus PRIME B860M-K-CSM + U5 245KF,637
Asus PRIME B860M-K-CSM + U7 265K,784
Asus PRIME B860M-K-CSM + U7 265KF,769
Asus PRIME B860M-K-CSM + U9 285K,1078
Asus PRIME B860M-K-CSM + U5 225,571
Asus PRIME B860M-K-CSM + U5 225F,549
Asus PRIME B860M-K-CSM + U5 235,584
Asus PRIME B860M-K-CSM + U7 265,774
Asus PRIME B860M-K-CSM + U7 265F,755
Asus PRIME B860M-K-CSM + U9 285,1020
Toshiba X300 14TB,495
Toshiba X300 10T,385
Toshiba X300 12T,410
Toshiba X300 16T,545
KLEVV CRAS V RGB DDR5 6000 CL30 32GB,166
KLEVV CRAS V RGB DDR5 6000 CL30 64GB,300
Toshiba N300 NAS 7200r,440
Toshiba N300 NAS 7200r 10T,352
Toshiba N300 NAS 7200r 12T,389
Toshiba N300 NAS 7200r 16T,506
Toshiba N300 NAS 7200r 18TB,555
Toshiba N300 NAS 7200r 20TB,630
Toshiba N300 NAS 7200r 22TB,845
KLEVV CRAS V RGB DDR5 6400 CL32 32GB,177
KLEVV CRAS V RGB DDR5 6400 CL32 64GB,297
TOSHIBA Enterprise Nearline 14TB,450
TOSHIBA Enterprise Nearline 10T,360
TOSHIBA Enterprise Nearline 12T,399
TOSHIBA Enterprise Nearline 16T,545
TOSHIBA Enterprise Nearline 18TB,605
TOSHIBA Enterprise Nearline 20TB,645
KLEVV FIT V DDR5 6000 CL32 32GB,125
Seagate Ironwolf Red NAS 10T,437
Seagate Ironwolf Red NAS 12T,488
Seagate Ironwolf Red NAS 16T,668
Seagate Ironwolf Red NAS 18TB,739
Klevv Cras V RGB DDR5 7200 ROG CL34 32GB,185
Klevv Cras V RGB DDR5 7200 ROG CL34 64GB,238
Seagate Ironwolf Pro 7200rpm 10T,479
Seagate Ironwolf Pro 7200rpm 12T,580
Seagate Ironwolf Pro 7200rpm 16T,695
Seagate Ironwolf Pro 7200rpm 18TB,848
Seagate Ironwolf Pro 7200rpm 20TB,955
Crucial Pro Black 5600 DDR5 Kit 32GB,150
Crucial Pro Black 5600 DDR5 Kit 64GB,299
Seagate Skyhawk CCTV DVR NVR SV35 10T,410
Seagate Skyhawk CCTV DVR NVR SV35 12T,535
Seagate Skyhawk CCTV DVR NVR SV35 18TB,735
ADATA XPG LANCER/ Blade 6000 cl30 32GB,165
ADATA XPG LANCER/ Blade 6000 cl30 64GB,345
ADATA XPG LANCER/ Blade 6000 cl30 16GB kit,85
Seagate EXOS Sata Enterprise 10T,415
Seagate EXOS Sata Enterprise 12T,558
Seagate EXOS Sata Enterprise 16T,569
Seagate EXOS Sata Enterprise 18TB,699
Seagate EXOS Sata Enterprise 20TB,729
Seagate EXOS Sata Enterprise 22TB,1209
Corsair Vengenance DDR5-5200 16G,95
Corsair Vengenance DDR5-5200 16G 32GB,144
Corsair Vengenance DDR5-5200 16G 64GB,265
HGST Ultrastar 24TB,1185
HGST Ultrastar 10T,425
HGST Ultrastar 12T,499
HGST Ultrastar 16T,625
HGST Ultrastar 18TB,699
HGST Ultrastar 20TB,785
HGST Ultrastar 22TB,985
Corsair Vengenance DDR5-5600 32GB,156
Corsair Vengenance DDR5-5600 64GB,286
Western Digital WD Red Plus / Synology* 10T,385
Western Digital WD Red Plus / Synology* 12T,489
Western Digital WD Red Plus / Synology* 16T,625
Western Digital WD Red Pro,599
Corsair Vengenance DDR5-6000 32GB,167
Corsair Vengenance DDR5-6000 64GB,300
Corsair Vengenance DDR5-6000 96GB,518
Western Digital WD Red Pro 10T,465
Western Digital WD Red Pro 12T,529
Western Digital WD Red Pro 16T,778
Western Digital WD Red Pro 18TB,805
Western Digital WD Red Pro 20TB,967
Western Digital WD Red Pro 22TB,1179
Corsair Vengenance RGB DDR5-5200 32GB,162
Corsair Vengenance RGB DDR5-5200 64GB,279
Western Digital WD Purple Pro* 8T,375
Western Digital WD Purple Pro* 10T,385
Western Digital WD Purple Pro* 12T,499
Western Digital WD Purple Pro* 16T,720
Western Digital WD Purple Pro* 18TB,785
Corsair Vengenance RGB DDR5-5600 32GB,185
Corsair Vengenance RGB DDR5-5600 64GB,330
Toshiba X300/P300 1TB,110
Toshiba X300/P300 2TB,87
Toshiba X300/P300 3TB,115
Toshiba X300/P300 4TB,176
Toshiba X300/P300 6TB,240
Toshiba X300/P300 8TB,258
Corsair Vengenae RGB DDR5-6000 cl30 32GB,179
Corsair Vengenae RGB DDR5-6000 cl30 64GB,340
Corsair Vengenae RGB DDR5-6000 cl30 48GB,235
Corsair Vengenae RGB DDR5-6000 cl30 96GB,526
Synology NAS Enterprise HAT3300 16T,205
Synology NAS Enterprise HAT3300 18TB,290
Synology NAS Enterprise HAT3300 20TB,360
Corsair Vengenance RGB DDR5-6200 32GB,245
Corsair Vengenance RGB DDR5-6200 64GB,375
Western Digital Blue 500G,125
Western Digital Blue 1TB,98
Western Digital Blue 2TB,99
Western Digital Blue 3TB,155
Western Digital Blue 4TB,159
Western Digital Blue 6TB,272
Western Digital Blue 8TB,310
Corsair Vengenance RGB DDR5-6400 c38 32GB,213
Corsair Vengenance RGB DDR5-6400 c38 64GB,364
Corsair Vengenance RGB DDR5-6400 c38 48GB,286
Corsair Vengenance RGB DDR5-6400 c38 96GB,548
Western Digital Red Plus 1TB,118
Western Digital Red Plus 2TB,115
Western Digital Red Plus 3TB,169
Western Digital Red Plus 4TB,165
Western Digital Red Plus 6TB,289
Western Digital Red Plus 8TB,310
Corsair Dominator Platinum 6000 32GB,245
Corsair Dominator Platinum 6000 64GB,399
Western Digital Red Pro 7200rpm 1TB,190
Western Digital Red Pro 7200rpm 3TB,315
Western Digital Red Pro 7200rpm 4TB,360
Western Digital Red Pro 7200rpm 6TB,398
Corsair Dominator Platinum 6400 32GB,256
Corsair Dominator Platinum 6400 64GB,489
Western Digital Purple CCTV 1TB,89
Western Digital Purple CCTV 2TB,98
Western Digital Purple CCTV 3TB,118
Western Digital Purple CCTV 4TB,128
Western Digital Purple CCTV 6TB,229
Western Digital Purple CCTV 8TB,288
G-Skill Ripjaws S5 5600mhz 32GB,165
G-Skill Ripjaws S5 5600mhz 64GB,300
Western Digital Black 7200rpm 1TB,128
Western Digital Black 7200rpm 2TB,188
Western Digital Black 7200rpm 4TB,285
Western Digital Black 7200rpm 6TB,335
Western Digital Black 7200rpm 8TB,399
G-Skill Ripjaws S5 6000mhz cl32 32GB,180
G-Skill Ripjaws S5 6000mhz cl32 64GB,338
Seagate Barracuda 3.5 500G,125
Seagate Barracuda 3.5 1TB,88
Seagate Barracuda 3.5 2TB,100
Seagate Barracuda 3.5 3TB,153
Seagate Barracuda 3.5 4TB,159
Seagate Barracuda 3.5 6TB,235
Seagate Barracuda 3.5 8TB,315
G-Skill Ripjaws S5 6000mhz cl30/ 6400 32GB,185
G-Skill Ripjaws S5 6000mhz cl30/ 6400 64GB,427
Seagate Skyhawk CCTV/DVR/NVR 1TB,85
Seagate Skyhawk CCTV/DVR/NVR 2TB,110
Seagate Skyhawk CCTV/DVR/NVR 3TB,135
Seagate Skyhawk CCTV/DVR/NVR 4TB,150
Seagate Skyhawk CCTV/DVR/NVR 6TB,255
Seagate Skyhawk CCTV/DVR/NVR 8TB,335
G.SKILL Flare X5 AMD Expo 5600/6000 CL32 32GB,185
G.SKILL Flare X5 AMD Expo 5600/6000 CL32 64GB,359
Seagate IronWolf NAS Drive 1TB,98
Seagate IronWolf NAS Drive 2TB,135
Seagate IronWolf NAS Drive 3TB,160
Seagate IronWolf NAS Drive 4TB,182
Seagate IronWolf NAS Drive 6TB,299
Seagate IronWolf NAS Drive 8TB,335
G.SKILL Flare X5 AMD Expo 5600/6000 CL30 32GB,189
G.SKILL Flare X5 AMD Expo 5600/6000 CL30 64GB,369
Seagate IronWolf Pro 7200rpm 4TB,278
Seagate IronWolf Pro 7200rpm 6TB,359
Seagate IronWolf Pro 7200rpm 8TB,379
G.SKILL Flare X5 AMD Expo 6000 CL28 32GB,195
G.SKILL Flare X5 AMD Expo 6000 CL28 64GB,379
Seagate Firecuda SSHD / SSd with HDD 1TB,118
Seagate Firecuda SSHD / SSd with HDD 4TB,285
Seagate Firecuda SSHD / SSd with HDD 8TB,449
G.Skill Trident Z5 RGB 5600mhz CL36 32GB,195
G.Skill Trident Z5 RGB 5600mhz CL36 64GB,357
Seagate EXOS Enterprise 10T,217
Seagate EXOS Enterprise 12T,189
Seagate EXOS Enterprise 16T,269
Seagate EXOS Enterprise 18TB,335
Seagate EXOS Enterprise 20TB,352
G.Skill Trident Z5 RGB 6000mhz CL36 M NEO RGB 32GB,210
G.Skill Trident Z5 RGB 6000mhz CL36 M NEO RGB 64GB,368
WD Ultrastar Enterprise HGST 10T,159
WD Ultrastar Enterprise HGST 12T,199
WD Ultrastar Enterprise HGST 16T,259
WD Ultrastar Enterprise HGST 18TB,289
WD Ultrastar Enterprise HGST 20TB,329
G.Skill Trident Z5 RGB 6400mhz CL32 32GB,235
G.Skill Trident Z5 RGB 6400mhz CL32 64GB,385
Toshiba N300 NAS 7200Rpm 16T,169
Toshiba N300 NAS 7200Rpm 18TB,236
Toshiba N300 NAS 7200Rpm 20TB,285
G.Skill Trident Z5 RGB 6600mhz CL34 32GB,252
Toshiba SATA Enterprise Tomcat Nearline 10T,170
Toshiba SATA Enterprise Tomcat Nearline 12T,195
Toshiba SATA Enterprise Tomcat Nearline 16T,229
Toshiba SATA Enterprise Tomcat Nearline 18TB,300
Toshiba SATA Enterprise Tomcat Nearline 20TB,318
G.Skill Trident Z5 RGB 7200mhz C34 32GB,306
Hikvision E2000 Heatsink PS5 512,100
Hikvision E2000 Heatsink PS5 1T,170
G.Skill Trident Z5 RGB DDR5 7600 24GB,365
Gigabyte AG473 512,99
Gigabyte AG473 1T,188
Gigabyte AG473 2TB,245
G.Skill Trident Z Neo RGB AMD-6000 32GB,207
G.Skill Trident Z Neo RGB AMD-6000 64GB,390
Samsung 990 PRO 1T,159
Samsung 990 PRO 2TB,268
Samsung 990 PRO 4TB,468
G.Skill M5 Neo DDR5-6000 32GB,150
Samsung 980 PRO 1T,169
Samsung 980 PRO 2TB,269
G.Skill M5 Neo RGB DDR5-6000 6000 32GB,170
Samsung 980/ WD Blue SN580 NVME 256,80
Samsung 980/ WD Blue SN580 NVME 512,81
Samsung 980/ WD Blue SN580 NVME 1T,138
G.Skill M5 Neo RGB DDR5-6000 6400 32GB,240
Samsung 970 Evo Plus 256,72
Samsung 970 Evo Plus 512,88
Samsung 970 Evo Plus 1T,139
Samsung 970 Evo Plus 2TB,249
Crucial DDR5-4800 /SK HYNIX/ Kingmax 8G,45
Crucial DDR5-4800 /SK HYNIX/ Kingmax 16G,70
Crucial DDR5-4800 /SK HYNIX/ Kingmax 32G,145
Crucial DDR5-4800 /SK HYNIX/ Kingmax 64G,290
Samsung 990 EVO 256,87
Samsung 990 EVO 512,116
Samsung 990 EVO 1T,139
Samsung 990 EVO 2TB,237
RAM 5200/5600/ 6000 Single unit 8G,39
RAM 5200/5600/ 6000 Single unit 16G,75
RAM 5200/5600/ 6000 Single unit 32G,139
RAM 5200/5600/ 6000 Single unit 64G,278
Samsung 990 EVO PLUS 1T,149
Samsung 990 EVO PLUS 2TB,249
Samsung 990 EVO PLUS 4TB,459
RAM 6400 / 6600 / 7000 / 7200 16G,99
RAM 6400 / 6600 / 7000 / 7200 32G,189
RAM 6400 / 6600 / 7000 / 7200 64G,369
Transcend SSD PCIE MTE110S 256,79
Transcend SSD PCIE MTE110S 512,99
Transcend SSD PCIE MTE110S 1T,149
Transcend SSD PCIE MTE110S 2TB,269
Transcend SSD PCIE MTE110S 4TB,589
SEC/ TR RDIMM DDR5 ECC Registered 16G,294
SEC/ TR RDIMM DDR5 ECC Registered 32G,385
SEC/ TR RDIMM DDR5 ECC Registered 64G,650
Samsung 9100 Pro PCIE 5.0 Drive 1T,259
Samsung 9100 Pro PCIE 5.0 Drive 2TB,399
Samsung 9100 Pro PCIE 5.0 Drive 4TB,749
Crucial /Klevv / Gskill DDR4-3200/2933 8G,30
Crucial /Klevv / Gskill DDR4-3200/2933 16G,52
Crucial /Klevv / Gskill DDR4-3200/2933 32G,95
Adata Legend 960 / XPG Gammix S70 Blade 1T,115
Adata Legend 960 / XPG Gammix S70 Blade 2TB,195
Adata Legend 960 / XPG Gammix S70 Blade 4TB,409
Kingston / Crucial/ 2400 / 2666 / 3200 8G,30
Kingston / Crucial/ 2400 / 2666 / 3200 16G,68
Kingston / Crucial/ 2400 / 2666 / 3200 32G,99
Kingston / Crucial/ 2400 / 2666 / 3200 64G,189
Adata Gammix S55 1T,129
Adata Gammix S55 2TB,278
Kingston / Crucial / ECC / Rdimm 16G,139
Kingston / Crucial / ECC / Rdimm 32G,265
Kingston / Crucial / ECC / Rdimm 64G,395
Adata Legend 710 Gen3 / XPG SX8200* 1T,52
Adata Legend 850 / P3 Plus,339
Adata Legend 850 / P3 Plus 512,62
Adata Legend 850 / P3 Plus 1T,94
Adata Legend 850 / P3 Plus 2TB,174
Corsair Vengeance LPX 2666 / 2400mhz 16G Kit,92
Corsair Vengeance LPX 2666 / 2400mhz 32G Kit,168
Corsair Vengeance LPX 2666 / 2400mhz 64G Kit,269
KLEVV C710 Gen3 M.2 NVME / C730 512,48
KLEVV C710 Gen3 M.2 NVME / C730 1T,95
Corsair Vengeance LPX 3200 /Ripjaws V 16G Kit,75
Corsair Vengeance LPX 3200 /Ripjaws V 32G Kit,130
Corsair Vengeance LPX 3200 /Ripjaws V 64G Kit,229
KLEVV C910 Gen4 M.2 5000MB/s 1T,89
KLEVV C910 Gen4 M.2 5000MB/s 2TB,162
KLEVV C910 Gen4 M.2 5000MB/s 4TB,335
Corsair Vengeance LPX 3600 / Ripjaws V 16G Kit,79
Corsair Vengeance LPX 3600 / Ripjaws V 32G Kit,130
Corsair Vengeance LPX 3600 / Ripjaws V 64G Kit,239
Lexar NM1090 Pro Gen5x4 NVMe 1T,199
Lexar NM1090 Pro Gen5x4 NVMe 2TB,379
Lexar NM1090 Pro Gen5x4 NVMe 4TB,729
Corsair Vengeance RGB PRO 3200/3600 16G Kit,82
Corsair Vengeance RGB PRO 3200/3600 32G Kit,138
Corsair Vengeance RGB PRO 3200/3600 64G Kit,249
Lexar NM790 / Crucial P310 1T,125
Lexar NM790 / Crucial P310 2TB,215
Lexar NM790 / Crucial P310 4TB,389
Lexar NM790 / Crucial P310 8TB,1129
Corsair Dominator 3200/3600 /4000 16G Kit,145
Corsair Dominator 3200/3600 /4000 32G Kit,198
Corsair Dominator 3200/3600 /4000 64G Kit,337
Lexar NM620 / Crucial E100 250G,40
Lexar NM620 / Crucial E100 500G,65
Lexar NM620 / Crucial E100 1T,105
Lexar NM620 / Crucial E100 2TB,198
G-Skill Trident Z Neo 3600 RGB / 3200 16G Kit,128
G-Skill Trident Z Neo 3600 RGB / 3200 32G Kit,169
G-Skill Trident Z Neo 3600 RGB / 3200 64G Kit,297
Lexar NQ710 / NM710* 1T,99
Lexar NQ710 / NM710* 2TB,175
ADATA XPG SPECTRIX D35G 16G Kit,55
ADATA XPG SPECTRIX D35G 32G Kit,95
Lexar NQ790 Gen4 (7000R/6000W) 1T,125
Lexar NQ790 Gen4 (7000R/6000W) 4TB,378
Lexar NQ790 Gen4 (7000R/6000W) 8TB,1189
Desktop DDR3 Memory RAM 2G,2
Desktop DDR3 Memory RAM 4G,4
Desktop DDR3 Memory RAM 8G,8
WD SN350 NVME 250G,48
WD SN350 NVME 500G,80
WD SN350 NVME 1T,189
Kingston 1.5v 1333 PC3 10600/10667 2G,30
Kingston 1.5v 1333 PC3 10600/10667 4G,40
Kingston 1.5v 1333 PC3 10600/10667 8G,99
WD SN770 NVME 500G,89
WD SN770 NVME 1T,119
WD SN770 NVME 2TB,229
Crucial 1.35v 1600 PC3L 12800/10600 2G,37
Crucial 1.35v 1600 PC3L 12800/10600 4G,58
Crucial 1.35v 1600 PC3L 12800/10600 8G,108
WD Black SN850X / Heatsink 1TB,140
WD Black SN850X / Heatsink 2TB,220
WD Black SN850X / Heatsink 4TB,455
WD Black SN850X / Heatsink 8TB,1020
DDR3ECC Reg / DDR3 ECC / (32g $385) 2G,65
DDR3ECC Reg / DDR3 ECC / (32g $385) 4G,95
DDR3ECC Reg / DDR3 ECC / (32g $385) 8G,175
DDR3ECC Reg / DDR3 ECC / (32g $385) 16G,256
Crucial P3 Plus / Crucial P3 500G,69
Crucial P3 Plus / Crucial P3 1T,119
Crucial P3 Plus / Crucial P3 2TB,209
Crucial T500 Pcie 500G,89
Crucial T500 Pcie 1T,139
Crucial T500 Pcie 2TB,245
Crucial T500 Pcie 4TB,489
Laptop /DDR4/ Sodimm/ Mini PC/ NUC 4G,4
Laptop /DDR4/ Sodimm/ Mini PC/ NUC 8G,8
Laptop /DDR4/ Sodimm/ Mini PC/ NUC 16G,16
Laptop /DDR4/ Sodimm/ Mini PC/ NUC 32G,32
Crucial T500 Pcie Gen4 Heatsink Micron 2TB,209
Crucial T500 Pcie Gen4 Heatsink Micron 4TB,309
Crucial DDR4 3200 /Team / Transcend 8G,30
Crucial DDR4 3200 /Team / Transcend 16G,55
Crucial DDR4 3200 /Team / Transcend 32G,95
Crucial T700 Gen 5 or T700 Heatsink Micron 1T,249
Crucial T700 Gen 5 or T700 Heatsink Micron 2TB,399
Crucial T700 Gen 5 or T700 Heatsink Micron 4TB,789
Kingston/CRU DDR4 2400/2666 / 3200 4G,40
Kingston/CRU DDR4 2400/2666 / 3200 8G,75
Kingston/CRU DDR4 2400/2666 / 3200 16G,119
Kingston/CRU DDR4 2400/2666 / 3200 32G,169
Crucial T705 1TB PCIe Gen5 Micron 1TB,289
Crucial T705 1TB PCIe Gen5 Micron 2TB,479
Crucial T705 1TB PCIe Gen5 Micron 4TB,829
Kingston Synology RAM ECC DS16/DS18 4G,130
Kingston Synology RAM ECC DS16/DS18 8G,202
Kingston Synology RAM ECC DS16/DS18 16G,304
Kingston Synology RAM ECC DS16/DS18 32G,508
Samsung 870 Evo / Transcend 225s 512,85
Samsung 870 Evo / Transcend 225s 1T,88
Samsung 870 Evo / Transcend 225s 2T,129
Samsung 870 Evo / Transcend 225s 4T,229
Samsung 870 Evo / Transcend 225s 8T,499
Laptop SODIMM DDR5 / Asus Mini PC 16G,89
Laptop SODIMM DDR5 / Asus Mini PC 32G,159
Laptop SODIMM DDR5 / Asus Mini PC 64G,359
Samsung QVO 870 2T,235
Samsung QVO 870 4T,489
RAM DDR5-4800 8G,49
Crucial MX500 / Toshiba Dynabook 500G,59
Crucial MX500 / Toshiba Dynabook 1T,85
Crucial MX500 / Toshiba Dynabook 2T,138
Crucial MX500 / Toshiba Dynabook 4T,245
Crucial MX500 / Toshiba Dynabook 8T,449
ADATA SU650 2.5” SATA / Kioxia 120G,28
ADATA SU650 2.5” SATA / Kioxia 240G,58
ADATA SU650 2.5” SATA / Kioxia 512G,69
ADATA SU650 2.5” SATA / Kioxia 1T,99
ADATA SU650 2.5” SATA / Kioxia 2T,179
RAM DDR5-5200 / 24GB,138
RAM DDR5-5200 8G,79
RAM DDR5-5200 16G,169
RAM DDR5-5200 64G,379
Crucial BX500 500G,40
Crucial BX500 1T,59
Crucial BX500 2T,99
Crucial BX500 4T,1200
Crucial BX500 8T,399
RAM DDR5-5600 / 24GB,136
RAM DDR5-5600 8G,78
RAM DDR5-5600 16G,149
RAM DDR5-5600 32G,158
RAM DDR5-5600 64G,295
Sandisk Ultra 3D* / Gigabyte UD Pro** 2T,138
Sandisk Ultra 3D* / Gigabyte UD Pro** 4T,219
RAM DDR5-6400 / 24GB,139
RAM DDR5-6400 8G,99
RAM DDR5-6400 16G,169
RAM DDR5-6400 64G,369
WD Blue SSD SANDISK PLUS 1TB,105
WD Blue SSD SANDISK PLUS 500G,70
WD Blue SSD SANDISK PLUS 1T,68
WD Blue SSD SANDISK PLUS 2T,109
WD Blue SSD SANDISK PLUS 4T,229
WD Blue SSD SANDISK PLUS 8T,429
SEC / TR RDIMM DDR5 ECC Registered 8G,294
SEC / TR RDIMM DDR5 ECC Registered 16G,395
SEC / TR RDIMM DDR5 ECC Registered 64G,690
WD Green SSD 2.5 SATA 120G,40
WD Green SSD 2.5 SATA 240G,59
WD Green SSD 2.5 SATA 480G,99
WD Green SSD 2.5 SATA 1T,219
Laptop DDR3 Memory RAM/Apotop /adata 2G,30
Laptop DDR3 Memory RAM/Apotop /adata 4G,48
Laptop DDR3 Memory RAM/Apotop /adata 8G,98
Laptop DDR3 Memory RAM/Apotop /adata 16G,294
Lexar NS100 120G,28
Lexar NS100 240G,40
Lexar NS100 512G,55
Lexar NS100 1T,95
Lexar NS100 2T,175
Kingston / Crucial 1600/1.35v DDR3L Ram /Mac/1066/ 1333/1600 1.5v 16ic 2G,16
Kingston / Crucial 1600/1.35v DDR3L Ram /Mac/1066/ 1333/1600 1.5v 16ic 4G,68
Kingston / Crucial 1600/1.35v DDR3L Ram /Mac/1066/ 1333/1600 1.5v 16ic 8G,112
Crucial DDR3 1866mhz / 2133mhz 4G,80
Crucial DDR3 1866mhz / 2133mhz 8G,128
Seagate Expansion 4TB,199
Seagate Expansion 6TB,249
Seagate Expansion 8TB,399
WD My book 16TB,1499
DDR1-2 Memory RAM - Desktop/Laptop 512m,40
DDR1-2 Memory RAM - Desktop/Laptop 1G,55
DDR1-2 Memory RAM - Desktop/Laptop 2G,80
DDR1-2 Memory RAM - Desktop/Laptop 4g,285
WD Mybook DUO 44TB S$1699,1699
WD Mybook DUO 20TB,929
WD Mybook DUO 10TB,699
WD Mybook DUO 14TB,1399
WD Mybook DUO 16TB,1499
DDR1 PC 400/333/266/ 3200 512m,45
DDR1 PC 400/333/266/ 3200 1G,85
DDR1 PC 400/333/266/ 3200 2G,229
Seagate Expansion USB3.0 / Firecuda * 10TB,359
Seagate Expansion USB3.0 / Firecuda * 12TB,429
Seagate Expansion USB3.0 / Firecuda * 14TB,499
Seagate Expansion USB3.0 / Firecuda * 16TB,569
Seagate Expansion USB3.0 / Firecuda * 18TB,789
SSD USB Powered Portable External U500,99
SSD USB Powered Portable External U1TB,139
SSD USB Powered Portable External 2TB,249
SSD USB Powered Portable External 4TB,359
Sandisk Professional G-Drive 12TB,649
Sandisk Professional G-Drive 16TB,799
Sandisk Professional G-Drive 18TB,899
Sandisk Professional G-Drive 22TB,999
Seagate Firecuda SSD / WD SSD U500,129
Seagate Firecuda SSD / WD SSD U1TB,179
Seagate Firecuda SSD / WD SSD 2TB,309
Seagate Firecuda SSD / WD SSD 4TB,589
WD MyBook Desktop USB3.0 12TB,449
WD MyBook Desktop USB3.0 14TB,559
WD MyBook Desktop USB3.0 16TB,658
WD MyBook Desktop USB3.0 18TB,785
WD MyBook Desktop USB3.0 22TB,999
Sandisk Extreme e61 1050MBPS U500,139
Sandisk Extreme e61 1050MBPS U1TB,149
Sandisk Extreme e61 1050MBPS 2TB,229
Sandisk Extreme e61 1050MBPS 4TB,410
WD My Book DUO 24TB $988,905
Cloud DUO 899,899
Cloud DUO 929,929
Sandisk Extreme e30 / STOR* U500,128
Sandisk Extreme e30 / STOR* U1TB,139
Sandisk Extreme e30 / STOR* 2TB,209
Sandisk Extreme e30 / STOR* 4TB,425
Thumb Drive / Pen Drive 32G,32
Thumb Drive / Pen Drive 64G,64
Thumb Drive / Pen Drive 128G,128
Thumb Drive / Pen Drive 256G,256
Thumb Drive / Pen Drive 512G,512
Thumb Drive / Pen Drive 1TB,1
Sandisk Extreme Pro E81 Gen2 2000MBPS U500,269
Sandisk Extreme Pro E81 Gen2 2000MBPS U1TB,359
Sandisk Extreme Pro E81 Gen2 2000MBPS 2TB,525
Kioxia TransMemory U301 USB3.2 Gen 1 64G,8
Kioxia TransMemory U301 USB3.2 Gen 1 128G,14
Kioxia TransMemory U301 USB3.2 Gen 1 256G,28
Transcend SSD ESD310 Dual C / USB U500,89
Transcend SSD ESD310 Dual C / USB U1TB,169
Transcend SSD ESD310 Dual C / USB 2TB,279
Kioxia TransMemory U365/U366 USB3.2 32G,9
Kioxia TransMemory U365/U366 USB3.2 64G,11
Kioxia TransMemory U365/U366 USB3.2 128G,16
Kioxia TransMemory U365/U366 USB3.2 256G,35
Samsung T7 U500,110
Samsung T7 U1TB,158
Samsung T7 2TB,267
Samsung T7 4TB,459
Sandisk Ultra/ Blade 8G,8
Sandisk Ultra/ Blade 16G,9
Sandisk Ultra/ Blade 32G,8
Sandisk Ultra/ Blade 64G,13
Sandisk Ultra/ Blade 128G,17
Sandisk Ultra/ Blade 256G,29
Sandisk Ultra/ Blade 512G,58
Samsung T7 Shield / Seagate Lacie U500,128
Asus Mini PN64-E1-B-S7068MD i7-13,1523
Asus Mini PN64-E1-B-S7074MD i7-13,1008
Asus Mini PN64-E1-B-S5048MD i5-13,798
Asus Mini PN64-E1-BC503AD Celeron,453
Asus TUF GAMING Z790-PLUS WIFI SI,505
Asus TUF GAMING Z790-PLUS WIFI SI + 14100,682
Asus TUF GAMING Z790-PLUS WIFI SI + 14100F,660
Asus TUF GAMING Z790-PLUS WIFI SI + 14400,786
Asus TUF GAMING Z790-PLUS WIFI SI + 14400f,756
Asus TUF GAMING Z790-PLUS WIFI SI + 14500,860
Asus TUF GAMING Z790-PLUS WIFI SI + 14600,889
Asus TUF GAMING Z790-PLUS WIFI SI + 14700,978
Asus TUF GAMING Z790-PLUS WIFI SI + 14700F,964
Asus TUF GAMING Z790-PLUS WIFI SI + 14900,1319
Asus TUF GAMING Z790-PLUS WIFI SI + 14600K,860
Asus TUF GAMING Z790-PLUS WIFI SI + 14600KF,830
Asus TUF GAMING Z790-PLUS WIFI SI + 14700K,1042
Asus TUF GAMING Z790-PLUS WIFI SI + 14700KF,1008
Asus TUF GAMING Z790-PLUS WIFI SI + 14900K,1201
Asus TUF GAMING Z790-PLUS WIFI SI + 14900F,1270
Asus TUF GAMING Z790-PLUS WIFI SI + 14900KF,1141
Asus TUF GAMING Z790-PLUS WIFI SI + 12700KF,1008
Asus TUF GAMING Z790-PLUS WIFI SI + 12400F,674
Asus TUF GAMING Z790-PLUS WIFI SI + 13100F,674
Asus TUF GAMING Z790-PLUS WIFI SI + 13400,769
Asus TUF GAMING Z790-PLUS WIFI SI + 13600,889
Asus TUF GAMING Z790-PLUS WIFI SI + 13600K,838
Asus TUF GAMING Z790-PLUS WIFI SI + 13600KF,793
Asus TUF GAMING Z790-PLUS WIFI SI + 13700K,978
Asus TUF GAMING Z790-PLUS WIFI SI + 13900F,1275
Asus TUF GAMING Z790-PLUS WIFI SI + 12700,1030
Asus TUF GAMING Z790-PLUS WIFI SI + 13500,852
Asus TUF GAMING Z790-PLUS WIFI SI D4,490
Asus TUF GAMING Z790-PLUS WIFI SI D4 + 14100,668
Asus TUF GAMING Z790-PLUS WIFI SI D4 + 14100F,645
Asus TUF GAMING Z790-PLUS WIFI SI D4 + 14400,771
Asus TUF GAMING Z790-PLUS WIFI SI D4 + 14400f,742
Asus TUF GAMING Z790-PLUS WIFI SI D4 + 14500,846
Asus TUF GAMING Z790-PLUS WIFI SI D4 + 14600,875
Asus TUF GAMING Z790-PLUS WIFI SI D4 + 14700,964
Asus TUF GAMING Z790-PLUS WIFI SI D4 + 14700F,949
Asus TUF GAMING Z790-PLUS WIFI SI D4 + 14900,1305
Asus TUF GAMING Z790-PLUS WIFI SI D4 + 14600K,846
Asus TUF GAMING Z790-PLUS WIFI SI D4 + 14600KF,816
Asus TUF GAMING Z790-PLUS WIFI SI D4 + 14700K,1028
Asus TUF GAMING Z790-PLUS WIFI SI D4 + 14700KF,994
Asus TUF GAMING Z790-PLUS WIFI SI D4 + 14900K,1187
Asus TUF GAMING Z790-PLUS WIFI SI D4 + 14900F,1256
Asus TUF GAMING Z790-PLUS WIFI SI D4 + 14900KF,1127
Asus TUF GAMING Z790-PLUS WIFI SI D4 + 12700KF,994
Asus TUF GAMING Z790-PLUS WIFI SI D4 + 12400F,660
Asus TUF GAMING Z790-PLUS WIFI SI D4 + 13100F,660
Asus TUF GAMING Z790-PLUS WIFI SI D4 + 13400,755
Asus TUF GAMING Z790-PLUS WIFI SI D4 + 13600,875
Asus TUF GAMING Z790-PLUS WIFI SI D4 + 13600K,823
Asus TUF GAMING Z790-PLUS WIFI SI D4 + 13600KF,779
Asus TUF GAMING Z790-PLUS WIFI SI D4 + 13700K,964
Asus TUF GAMING Z790-PLUS WIFI SI D4 + 13900F,1261
Asus TUF GAMING Z790-PLUS WIFI SI D4 + 12700,1016
Asus TUF GAMING Z790-PLUS WIFI SI D4 + 13500,838
Asus ROG STRIX B760-I GAMING WIFI SI,367
Asus ROG STRIX B760-I GAMING WIFI SI + 14100,548
Asus ROG STRIX B760-I GAMING WIFI SI + 14100F,526
Asus ROG STRIX B760-I GAMING WIFI SI + 14400,652
Asus ROG STRIX B760-I GAMING WIFI SI + 14400f,622
Asus ROG STRIX B760-I GAMING WIFI SI + 14500,726
Asus ROG STRIX B760-I GAMING WIFI SI + 14600,755
Asus ROG STRIX B760-I GAMING WIFI SI + 14700,844
Asus ROG STRIX B760-I GAMING WIFI SI + 14700F,829
Asus ROG STRIX B760-I GAMING WIFI SI + 14900,1185
Asus ROG STRIX B760-I GAMING WIFI SI + 14600K,726
Asus ROG STRIX B760-I GAMING WIFI SI + 14600KF,696
Asus ROG STRIX B760-I GAMING WIFI SI + 14700K,908
Asus ROG STRIX B760-I GAMING WIFI SI + 14700KF,874
Asus ROG STRIX B760-I GAMING WIFI SI + 14900K,1067
Asus ROG STRIX B760-I GAMING WIFI SI + 14900F,1136
Asus ROG STRIX B760-I GAMING WIFI SI + 14900KF,1007
Asus ROG STRIX B760-I GAMING WIFI SI + 12700KF,874
Asus ROG STRIX B760-I GAMING WIFI SI + 12400F,540
Asus ROG STRIX B760-I GAMING WIFI SI + 13100F,540
Asus ROG STRIX B760-I GAMING WIFI SI + 13400,635
Asus ROG STRIX B760-I GAMING WIFI SI + 13600,755
Asus ROG STRIX B760-I GAMING WIFI SI + 13600K,703
Asus ROG STRIX B760-I GAMING WIFI SI + 13600KF,659
Asus ROG STRIX B760-I GAMING WIFI SI + 13700K,844
Asus ROG STRIX B760-I GAMING WIFI SI + 13900F,1141
Asus ROG STRIX B760-I GAMING WIFI SI + 12700,896
Asus ROG STRIX B760-I GAMING WIFI SI + 13500,718
Asus TUF GAMING B760-PLUS WIFI D4 SI,348
Asus TUF GAMING B760-PLUS WIFI D4 SI + 14100,529
Asus TUF GAMING B760-PLUS WIFI D4 SI + 14100F,507
Asus TUF GAMING B760-PLUS WIFI D4 SI + 14400,633
Asus TUF GAMING B760-PLUS WIFI D4 SI + 14400f,603
Asus TUF GAMING B760-PLUS WIFI D4 SI + 14500,707
Asus TUF GAMING B760-PLUS WIFI D4 SI + 14600,737
Asus TUF GAMING B760-PLUS WIFI D4 SI + 14700,826
Asus TUF GAMING B760-PLUS WIFI D4 SI + 14700F,811
Asus TUF GAMING B760-PLUS WIFI D4 SI + 14900,1167
Asus TUF GAMING B760-PLUS WIFI D4 SI + 14600K,707
Asus TUF GAMING B760-PLUS WIFI D4 SI + 14600KF,678
Asus TUF GAMING B760-PLUS WIFI D4 SI + 14700K,890
Asus TUF GAMING B760-PLUS WIFI D4 SI + 14700KF,855
Asus TUF GAMING B760-PLUS WIFI D4 SI + 14900K,1048
Asus TUF GAMING B760-PLUS WIFI D4 SI + 14900F,1118
Asus TUF GAMING B760-PLUS WIFI D4 SI + 14900KF,989
Asus TUF GAMING B760-PLUS WIFI D4 SI + 12700KF,855
Asus TUF GAMING B760-PLUS WIFI D4 SI + 12400F,522
Asus TUF GAMING B760-PLUS WIFI D4 SI + 13100F,522
Asus TUF GAMING B760-PLUS WIFI D4 SI + 13400,617
Asus TUF GAMING B760-PLUS WIFI D4 SI + 13600,737
Asus TUF GAMING B760-PLUS WIFI D4 SI + 13600K,685
Asus TUF GAMING B760-PLUS WIFI D4 SI + 13600KF,640
Asus TUF GAMING B760-PLUS WIFI D4 SI + 13700K,826
Asus TUF GAMING B760-PLUS WIFI D4 SI + 13900F,1122
Asus TUF GAMING B760-PLUS WIFI D4 SI + 12700,878
Asus TUF GAMING B760-PLUS WIFI D4 SI + 13500,700
Asus TUF GAMING B760M-PLUS WIFI D4 SI,336
Asus TUF GAMING B760M-PLUS WIFI D4 SI + 14100,517
Asus TUF GAMING B760M-PLUS WIFI D4 SI + 14100F,495
Asus TUF GAMING B760M-PLUS WIFI D4 SI + 14400,621
Asus TUF GAMING B760M-PLUS WIFI D4 SI + 14400f,591
Asus TUF GAMING B760M-PLUS WIFI D4 SI + 14500,695
Asus TUF GAMING B760M-PLUS WIFI D4 SI + 14600,725
Asus TUF GAMING B760M-PLUS WIFI D4 SI + 14700,814
Asus TUF GAMING B760M-PLUS WIFI D4 SI + 14700F,799
Asus TUF GAMING B760M-PLUS WIFI D4 SI + 14900,1155
Asus TUF GAMING B760M-PLUS WIFI D4 SI + 14600K,695
Asus TUF GAMING B760M-PLUS WIFI D4 SI + 14600KF,666
Asus TUF GAMING B760M-PLUS WIFI D4 SI + 14700K,878
Asus TUF GAMING B760M-PLUS WIFI D4 SI + 14700KF,843
Asus TUF GAMING B760M-PLUS WIFI D4 SI + 14900K,1036
Asus TUF GAMING B760M-PLUS WIFI D4 SI + 14900F,1106
Asus TUF GAMING B760M-PLUS WIFI D4 SI + 14900KF,977
Asus TUF GAMING B760M-PLUS WIFI D4 SI + 12700KF,843
Asus TUF GAMING B760M-PLUS WIFI D4 SI + 12400F,510
Asus TUF GAMING B760M-PLUS WIFI D4 SI + 13100F,510
Asus TUF GAMING B760M-PLUS WIFI D4 SI + 13400,605
Asus TUF GAMING B760M-PLUS WIFI D4 SI + 13600,725
Asus TUF GAMING B760M-PLUS WIFI D4 SI + 13600K,673
Asus TUF GAMING B760M-PLUS WIFI D4 SI + 13600KF,628
Asus TUF GAMING B760M-PLUS WIFI D4 SI + 13700K,814
Asus TUF GAMING B760M-PLUS WIFI D4 SI + 13900F,1110
Asus TUF GAMING B760M-PLUS WIFI D4 SI + 12700,866
Asus TUF GAMING B760M-PLUS WIFI D4 SI + 13500,688
Asus PRIME B760M-A WIFI D4 SI,290
Asus PRIME B760M-A WIFI D4 SI + 14100,473
Asus PRIME B760M-A WIFI D4 SI + 14100F,450
Asus PRIME B760M-A WIFI D4 SI + 14400,576
Asus PRIME B760M-A WIFI D4 SI + 14400f,547
Asus PRIME B760M-A WIFI D4 SI + 14500,650
Asus PRIME B760M-A WIFI D4 SI + 14600,680
Asus PRIME B760M-A WIFI D4 SI + 14700,769
Asus PRIME B760M-A WIFI D4 SI + 14700F,754
Asus PRIME B760M-A WIFI D4 SI + 14900,1110
Asus PRIME B760M-A WIFI D4 SI + 14600K,650
Asus PRIME B760M-A WIFI D4 SI + 14600KF,621
Asus PRIME B760M-A WIFI D4 SI + 14700K,833
Asus PRIME B760M-A WIFI D4 SI + 14700KF,799
Asus PRIME B760M-A WIFI D4 SI + 14900K,991
Asus PRIME B760M-A WIFI D4 SI + 14900F,1061
Asus PRIME B760M-A WIFI D4 SI + 14900KF,932
Asus PRIME B760M-A WIFI D4 SI + 12700KF,799
Asus PRIME B760M-A WIFI D4 SI + 12400F,465
Asus PRIME B760M-A WIFI D4 SI + 13100F,465
Asus PRIME B760M-A WIFI D4 SI + 13400,560
Asus PRIME B760M-A WIFI D4 SI + 13600,680
Asus PRIME B760M-A WIFI D4 SI + 13600K,628
Asus PRIME B760M-A WIFI D4 SI + 13600KF,584
Asus PRIME B760M-A WIFI D4 SI + 13700K,769
Asus PRIME B760M-A WIFI D4 SI + 13900F,1066
Asus PRIME B760M-A WIFI D4 SI + 12700,821
Asus PRIME B760M-A WIFI D4 SI + 13500,643
Asus TUF GAMING B760-PLUS WIFI D5 SI,375
Asus TUF GAMING B760-PLUS WIFI D5 SI + 14100,555
Asus TUF GAMING B760-PLUS WIFI D5 SI + 14100F,533
Asus TUF GAMING B760-PLUS WIFI D5 SI + 14400,659
Asus TUF GAMING B760-PLUS WIFI D5 SI + 14400f,630
Asus TUF GAMING B760-PLUS WIFI D5 SI + 14500,733
Asus TUF GAMING B760-PLUS WIFI D5 SI + 14600,763
Asus TUF GAMING B760-PLUS WIFI D5 SI + 14700,852
Asus TUF GAMING B760-PLUS WIFI D5 SI + 14700F,837
Asus TUF GAMING B760-PLUS WIFI D5 SI + 14900,1193
Asus TUF GAMING B760-PLUS WIFI D5 SI + 14600K,733
Asus TUF GAMING B760-PLUS WIFI D5 SI + 14600KF,704
Asus TUF GAMING B760-PLUS WIFI D5 SI + 14700K,916
Asus TUF GAMING B760-PLUS WIFI D5 SI + 14700KF,882
Asus TUF GAMING B760-PLUS WIFI D5 SI + 14900K,1074
Asus TUF GAMING B760-PLUS WIFI D5 SI + 14900F,1144
Asus TUF GAMING B760-PLUS WIFI D5 SI + 14900KF,1015
Asus TUF GAMING B760-PLUS WIFI D5 SI + 12700KF,882
Asus TUF GAMING B760-PLUS WIFI D5 SI + 12400F,548
Asus TUF GAMING B760-PLUS WIFI D5 SI + 13100F,548
Asus TUF GAMING B760-PLUS WIFI D5 SI + 13400,643
Asus TUF GAMING B760-PLUS WIFI D5 SI + 13600,763
Asus TUF GAMING B760-PLUS WIFI D5 SI + 13600K,711
Asus TUF GAMING B760-PLUS WIFI D5 SI + 13600KF,667
Asus TUF GAMING B760-PLUS WIFI D5 SI + 13700K,852
Asus TUF GAMING B760-PLUS WIFI D5 SI + 13900F,1148
Asus TUF GAMING B760-PLUS WIFI D5 SI + 12700,904
Asus TUF GAMING B760-PLUS WIFI D5 SI + 13500,726
ASUS PROART Z790-CREATOR WIFI,748
ASUS PROART Z790-CREATOR WIFI + 14100,918
ASUS PROART Z790-CREATOR WIFI + 14100F,896
ASUS PROART Z790-CREATOR WIFI + 14400,1022
ASUS PROART Z790-CREATOR WIFI + 14400f,993
ASUS PROART Z790-CREATOR WIFI + 14500,1096
ASUS PROART Z790-CREATOR WIFI + 14600,1126
ASUS PROART Z790-CREATOR WIFI + 14700,1215
ASUS PROART Z790-CREATOR WIFI + 14700F,1200
ASUS PROART Z790-CREATOR WIFI + 14900,1556
ASUS PROART Z790-CREATOR WIFI + 14600K,1096
ASUS PROART Z790-CREATOR WIFI + 14600KF,1067
ASUS PROART Z790-CREATOR WIFI + 14700K,1279
ASUS PROART Z790-CREATOR WIFI + 14700KF,1245
ASUS PROART Z790-CREATOR WIFI + 14900K,1437
ASUS PROART Z790-CREATOR WIFI + 14900F,1507
ASUS PROART Z790-CREATOR WIFI + 14900KF,1378
ASUS PROART Z790-CREATOR WIFI + 12700KF,1245
ASUS PROART Z790-CREATOR WIFI + 12400F,911
ASUS PROART Z790-CREATOR WIFI + 13100F,911
ASUS PROART Z790-CREATOR WIFI + 13400,1006
ASUS PROART Z790-CREATOR WIFI + 13600,1126
ASUS PROART Z790-CREATOR WIFI + 13600K,1074
ASUS PROART Z790-CREATOR WIFI + 13600KF,1030
ASUS PROART Z790-CREATOR WIFI + 13700K,1215
ASUS PROART Z790-CREATOR WIFI + 13900F,1511
ASUS PROART Z790-CREATOR WIFI + 12700,1267
ASUS PROART Z790-CREATOR WIFI + 13500,1089
Asus ROG STRIX Z790-I GAMING WIFI,736
Asus ROG STRIX Z790-I GAMING WIFI + 14100,908
Asus ROG STRIX Z790-I GAMING WIFI + 14100F,885
Asus ROG STRIX Z790-I GAMING WIFI + 14400,1011
Asus ROG STRIX Z790-I GAMING WIFI + 14400f,982
Asus ROG STRIX Z790-I GAMING WIFI + 14500,1085
Asus ROG STRIX Z790-I GAMING WIFI + 14600,1115
Asus ROG STRIX Z790-I GAMING WIFI + 14700,1204
Asus ROG STRIX Z790-I GAMING WIFI + 14700F,1189
Asus ROG STRIX Z790-I GAMING WIFI + 14900,1545
Asus ROG STRIX Z790-I GAMING WIFI + 14600K,1085
Asus ROG STRIX Z790-I GAMING WIFI + 14600KF,1056
Asus ROG STRIX Z790-I GAMING WIFI + 14700K,1268
Asus ROG STRIX Z790-I GAMING WIFI + 14700KF,1234
Asus ROG STRIX Z790-I GAMING WIFI + 14900K,1426
Asus ROG STRIX Z790-I GAMING WIFI + 14900F,1496
Asus ROG STRIX Z790-I GAMING WIFI + 14900KF,1367
Asus ROG STRIX Z790-I GAMING WIFI + 12700KF,1234
Asus ROG STRIX Z790-I GAMING WIFI + 12400F,900
Asus ROG STRIX Z790-I GAMING WIFI + 13100F,900
Asus ROG STRIX Z790-I GAMING WIFI + 13400,995
Asus ROG STRIX Z790-I GAMING WIFI + 13600,1115
Asus ROG STRIX Z790-I GAMING WIFI + 13600K,1063
Asus ROG STRIX Z790-I GAMING WIFI + 13600KF,1019
Asus ROG STRIX Z790-I GAMING WIFI + 13700K,1204
Asus ROG STRIX Z790-I GAMING WIFI + 13900F,1500
Asus ROG STRIX Z790-I GAMING WIFI + 12700,1256
Asus ROG STRIX Z790-I GAMING WIFI + 13500,1078
Asus ROG STRIX B760-A GAMING WIFI,406
Asus ROG STRIX B760-A GAMING WIFI + 14100,586
Asus ROG STRIX B760-A GAMING WIFI + 14100F,564
Asus ROG STRIX B760-A GAMING WIFI + 14400,690
Asus ROG STRIX B760-A GAMING WIFI + 14400f,660
Asus ROG STRIX B760-A GAMING WIFI + 14500,764
Asus ROG STRIX B760-A GAMING WIFI + 14600,794
Asus ROG STRIX B760-A GAMING WIFI + 14700,882
Asus ROG STRIX B760-A GAMING WIFI + 14700F,868
Asus ROG STRIX B760-A GAMING WIFI + 14900,1223
Asus ROG STRIX B760-A GAMING WIFI + 14600K,764
Asus ROG STRIX B760-A GAMING WIFI + 14600KF,734
Asus ROG STRIX B760-A GAMING WIFI + 14700K,946
Asus ROG STRIX B760-A GAMING WIFI + 14700KF,912
Asus ROG STRIX B760-A GAMING WIFI + 14900K,1105
Asus ROG STRIX B760-A GAMING WIFI + 14900F,1174
Asus ROG STRIX B760-A GAMING WIFI + 14900KF,1046
Asus ROG STRIX B760-A GAMING WIFI + 12700KF,912
Asus ROG STRIX B760-A GAMING WIFI + 12400F,579
Asus ROG STRIX B760-A GAMING WIFI + 13100F,579
Asus ROG STRIX B760-A GAMING WIFI + 13400,673
Asus ROG STRIX B760-A GAMING WIFI + 13600,794
Asus ROG STRIX B760-A GAMING WIFI + 13600K,742
Asus ROG STRIX B760-A GAMING WIFI + 13600KF,697
Asus ROG STRIX B760-A GAMING WIFI + 13700K,882
Asus ROG STRIX B760-A GAMING WIFI + 13900F,1179
Asus ROG STRIX B760-A GAMING WIFI + 12700,934
Asus ROG STRIX B760-A GAMING WIFI + 13500,756
Asus ROG STRIX B760-A GAMING WIFI D4,387
Asus ROG STRIX B760-A GAMING WIFI D4 + 14100,567
Asus ROG STRIX B760-A GAMING WIFI D4 + 14100F,545
Asus ROG STRIX B760-A GAMING WIFI D4 + 14400,671
Asus ROG STRIX B760-A GAMING WIFI D4 + 14400f,642
Asus ROG STRIX B760-A GAMING WIFI D4 + 14500,745
Asus ROG STRIX B760-A GAMING WIFI D4 + 14600,775
Asus ROG STRIX B760-A GAMING WIFI D4 + 14700,864
Asus ROG STRIX B760-A GAMING WIFI D4 + 14700F,849
Asus ROG STRIX B760-A GAMING WIFI D4 + 14900,1205
Asus ROG STRIX B760-A GAMING WIFI D4 + 14600K,745
Asus ROG STRIX B760-A GAMING WIFI D4 + 14600KF,716
Asus ROG STRIX B760-A GAMING WIFI D4 + 14700K,928
Asus ROG STRIX B760-A GAMING WIFI D4 + 14700KF,894
Asus ROG STRIX B760-A GAMING WIFI D4 + 14900K,1086
Asus ROG STRIX B760-A GAMING WIFI D4 + 14900F,1156
Asus ROG STRIX B760-A GAMING WIFI D4 + 14900KF,1027
Asus ROG STRIX B760-A GAMING WIFI D4 + 12700KF,894
Asus ROG STRIX B760-A GAMING WIFI D4 + 12400F,560
Asus ROG STRIX B760-A GAMING WIFI D4 + 13100F,560
Asus ROG STRIX B760-A GAMING WIFI D4 + 13400,655
Asus ROG STRIX B760-A GAMING WIFI D4 + 13600,775
Asus ROG STRIX B760-A GAMING WIFI D4 + 13600K,723
Asus ROG STRIX B760-A GAMING WIFI D4 + 13600KF,679
Asus ROG STRIX B760-A GAMING WIFI D4 + 13700K,864
Asus ROG STRIX B760-A GAMING WIFI D4 + 13900F,1160
Asus ROG STRIX B760-A GAMING WIFI D4 + 12700,916
Asus ROG STRIX B760-A GAMING WIFI D4 + 13500,738
Asus ROG STRIX B760-G GAMING WIFI D4,377
Asus ROG STRIX B760-G GAMING WIFI D4 + 14100,558
Asus ROG STRIX B760-G GAMING WIFI D4 + 14100F,535
Asus ROG STRIX B760-G GAMING WIFI D4 + 14400,661
Asus ROG STRIX B760-G GAMING WIFI D4 + 14400f,632
Asus ROG STRIX B760-G GAMING WIFI D4 + 14500,736
Asus ROG STRIX B760-G GAMING WIFI D4 + 14600,765
Asus ROG STRIX B760-G GAMING WIFI D4 + 14700,854
Asus ROG STRIX B760-G GAMING WIFI D4 + 14700F,839
Asus ROG STRIX B760-G GAMING WIFI D4 + 14900,1195
Asus ROG STRIX B760-G GAMING WIFI D4 + 14600K,736
Asus ROG STRIX B760-G GAMING WIFI D4 + 14600KF,706
Asus ROG STRIX B760-G GAMING WIFI D4 + 14700K,918
Asus ROG STRIX B760-G GAMING WIFI D4 + 14700KF,884
Asus ROG STRIX B760-G GAMING WIFI D4 + 14900K,1076
Asus ROG STRIX B760-G GAMING WIFI D4 + 14900F,1146
Asus ROG STRIX B760-G GAMING WIFI D4 + 14900KF,1017
Asus ROG STRIX B760-G GAMING WIFI D4 + 12700KF,884
Asus ROG STRIX B760-G GAMING WIFI D4 + 12400F,550
Asus ROG STRIX B760-G GAMING WIFI D4 + 13100F,550
Asus ROG STRIX B760-G GAMING WIFI D4 + 13400,645
Asus ROG STRIX B760-G GAMING WIFI D4 + 13600,765
Asus ROG STRIX B760-G GAMING WIFI D4 + 13600K,713
Asus ROG STRIX B760-G GAMING WIFI D4 + 13600KF,669
Asus ROG STRIX B760-G GAMING WIFI D4 + 13700K,854
Asus ROG STRIX B760-G GAMING WIFI D4 + 13900F,1151
Asus ROG STRIX B760-G GAMING WIFI D4 + 12700,906
Asus ROG STRIX B760-G GAMING WIFI D4 + 13500,728
Asus ROG STRIX B760-I GAMING WIFI,358
Asus ROG STRIX B760-I GAMING WIFI + 14100,539
Asus ROG STRIX B760-I GAMING WIFI + 14100F,517
Asus ROG STRIX B760-I GAMING WIFI + 14400,643
Asus ROG STRIX B760-I GAMING WIFI + 14400f,613
Asus ROG STRIX B760-I GAMING WIFI + 14500,717
Asus ROG STRIX B760-I GAMING WIFI + 14600,747
Asus ROG STRIX B760-I GAMING WIFI + 14700,836
Asus ROG STRIX B760-I GAMING WIFI + 14700F,821
Asus ROG STRIX B760-I GAMING WIFI + 14900,1177
Asus ROG STRIX B760-I GAMING WIFI + 14600K,717
Asus ROG STRIX B760-I GAMING WIFI + 14600KF,687
Asus ROG STRIX B760-I GAMING WIFI + 14700K,899
Asus ROG STRIX B760-I GAMING WIFI + 14700KF,865
Asus ROG STRIX B760-I GAMING WIFI + 14900K,1058
Asus ROG STRIX B760-I GAMING WIFI + 14900F,1128
Asus ROG STRIX B760-I GAMING WIFI + 14900KF,999
Asus ROG STRIX B760-I GAMING WIFI + 12700KF,865
Asus ROG STRIX B760-I GAMING WIFI + 12400F,532
Asus ROG STRIX B760-I GAMING WIFI + 13100F,532
Asus ROG STRIX B760-I GAMING WIFI + 13400,627
Asus ROG STRIX B760-I GAMING WIFI + 13600,747
Asus ROG STRIX B760-I GAMING WIFI + 13600K,695
Asus ROG STRIX B760-I GAMING WIFI + 13600KF,650
Asus ROG STRIX B760-I GAMING WIFI + 13700K,836
Asus ROG STRIX B760-I GAMING WIFI + 13900F,1132
Asus ROG STRIX B760-I GAMING WIFI + 12700,887
Asus ROG STRIX B760-I GAMING WIFI + 13500,710
Asus TUF GAMING B760-PLUS WIFI,358
Asus TUF GAMING B760-PLUS WIFI + 14100,539
Asus TUF GAMING B760-PLUS WIFI + 14100F,517
Asus TUF GAMING B760-PLUS WIFI + 14400,643
Asus TUF GAMING B760-PLUS WIFI + 14400f,613
Asus TUF GAMING B760-PLUS WIFI + 14500,717
Asus TUF GAMING B760-PLUS WIFI + 14600,747
Asus TUF GAMING B760-PLUS WIFI + 14700,836
Asus TUF GAMING B760-PLUS WIFI + 14700F,821
Asus TUF GAMING B760-PLUS WIFI + 14900,1177
Asus TUF GAMING B760-PLUS WIFI + 14600K,717
Asus TUF GAMING B760-PLUS WIFI + 14600KF,687
Asus TUF GAMING B760-PLUS WIFI + 14700K,899
Asus TUF GAMING B760-PLUS WIFI + 14700KF,865
Asus TUF GAMING B760-PLUS WIFI + 14900K,1058
Asus TUF GAMING B760-PLUS WIFI + 14900F,1128
Asus TUF GAMING B760-PLUS WIFI + 14900KF,999
Asus TUF GAMING B760-PLUS WIFI + 12700KF,865
Asus TUF GAMING B760-PLUS WIFI + 12400F,532
Asus TUF GAMING B760-PLUS WIFI + 13100F,532
Asus TUF GAMING B760-PLUS WIFI + 13400,627
Asus TUF GAMING B760-PLUS WIFI + 13600,747
Asus TUF GAMING B760-PLUS WIFI + 13600K,695
Asus TUF GAMING B760-PLUS WIFI + 13600KF,650
Asus TUF GAMING B760-PLUS WIFI + 13700K,836
Asus TUF GAMING B760-PLUS WIFI + 13900F,1132
Asus TUF GAMING B760-PLUS WIFI + 12700,887
Asus TUF GAMING B760-PLUS WIFI + 13500,710
Asus TUF GAMING B760-PLUS WIFI D4,336
Asus TUF GAMING B760-PLUS WIFI D4 + 14100,517
Asus TUF GAMING B760-PLUS WIFI D4 + 14100F,495
Asus TUF GAMING B760-PLUS WIFI D4 + 14400,621
Asus TUF GAMING B760-PLUS WIFI D4 + 14400f,591
Asus TUF GAMING B760-PLUS WIFI D4 + 14500,695
Asus TUF GAMING B760-PLUS WIFI D4 + 14600,725
Asus TUF GAMING B760-PLUS WIFI D4 + 14700,814
Asus TUF GAMING B760-PLUS WIFI D4 + 14700F,799
Asus TUF GAMING B760-PLUS WIFI D4 + 14900,1155
Asus TUF GAMING B760-PLUS WIFI D4 + 14600K,695
Asus TUF GAMING B760-PLUS WIFI D4 + 14600KF,666
Asus TUF GAMING B760-PLUS WIFI D4 + 14700K,878
Asus TUF GAMING B760-PLUS WIFI D4 + 14700KF,843
Asus TUF GAMING B760-PLUS WIFI D4 + 14900K,1036
Asus TUF GAMING B760-PLUS WIFI D4 + 14900F,1106
Asus TUF GAMING B760-PLUS WIFI D4 + 14900KF,977
Asus TUF GAMING B760-PLUS WIFI D4 + 12700KF,843
Asus TUF GAMING B760-PLUS WIFI D4 + 12400F,510
Asus TUF GAMING B760-PLUS WIFI D4 + 13100F,510
Asus TUF GAMING B760-PLUS WIFI D4 + 13400,605
Asus TUF GAMING B760-PLUS WIFI D4 + 13600,725
Asus TUF GAMING B760-PLUS WIFI D4 + 13600K,673
Asus TUF GAMING B760-PLUS WIFI D4 + 13600KF,628
Asus TUF GAMING B760-PLUS WIFI D4 + 13700K,814
Asus TUF GAMING B760-PLUS WIFI D4 + 13900F,1110
Asus TUF GAMING B760-PLUS WIFI D4 + 12700,866
Asus TUF GAMING B760-PLUS WIFI D4 + 13500,688
Asus TUF GAMING B760M-PLUS WIFI,346
Asus TUF GAMING B760M-PLUS WIFI + 14100,527
Asus TUF GAMING B760M-PLUS WIFI + 14100F,505
Asus TUF GAMING B760M-PLUS WIFI + 14400,631
Asus TUF GAMING B760M-PLUS WIFI + 14400f,601
Asus TUF GAMING B760M-PLUS WIFI + 14500,705
Asus TUF GAMING B760M-PLUS WIFI + 14600,735
Asus TUF GAMING B760M-PLUS WIFI + 14700,824
Asus TUF GAMING B760M-PLUS WIFI + 14700F,809
Asus TUF GAMING B760M-PLUS WIFI + 14900,1165
Asus TUF GAMING B760M-PLUS WIFI + 14600K,705
Asus TUF GAMING B760M-PLUS WIFI + 14600KF,675
Asus TUF GAMING B760M-PLUS WIFI + 14700K,887
Asus TUF GAMING B760M-PLUS WIFI + 14700KF,853
Asus TUF GAMING B760M-PLUS WIFI + 14900K,1046
Asus TUF GAMING B760M-PLUS WIFI + 14900F,1116
Asus TUF GAMING B760M-PLUS WIFI + 14900KF,987
Asus TUF GAMING B760M-PLUS WIFI + 12700KF,853
Asus TUF GAMING B760M-PLUS WIFI + 12400F,520
Asus TUF GAMING B760M-PLUS WIFI + 13100F,520
Asus TUF GAMING B760M-PLUS WIFI + 13400,615
Asus TUF GAMING B760M-PLUS WIFI + 13600,735
Asus TUF GAMING B760M-PLUS WIFI + 13600K,683
Asus TUF GAMING B760M-PLUS WIFI + 13600KF,638
Asus TUF GAMING B760M-PLUS WIFI + 13700K,824
Asus TUF GAMING B760M-PLUS WIFI + 13900F,1120
Asus TUF GAMING B760M-PLUS WIFI + 12700,875
Asus TUF GAMING B760M-PLUS WIFI + 13500,698
Asus TUF GAMING B760M-PLUS WIFI D4,327
Asus TUF GAMING B760M-PLUS WIFI D4 + 14100,509
Asus TUF GAMING B760M-PLUS WIFI D4 + 14100F,486
Asus TUF GAMING B760M-PLUS WIFI D4 + 14400,612
Asus TUF GAMING B760M-PLUS WIFI D4 + 14400f,583
Asus TUF GAMING B760M-PLUS WIFI D4 + 14500,686
Asus TUF GAMING B760M-PLUS WIFI D4 + 14600,716
Asus TUF GAMING B760M-PLUS WIFI D4 + 14700,805
Asus TUF GAMING B760M-PLUS WIFI D4 + 14700F,790
Asus TUF GAMING B760M-PLUS WIFI D4 + 14900,1146
Asus TUF GAMING B760M-PLUS WIFI D4 + 14600K,686
Asus TUF GAMING B760M-PLUS WIFI D4 + 14600KF,657
Asus TUF GAMING B760M-PLUS WIFI D4 + 14700K,869
Asus TUF GAMING B760M-PLUS WIFI D4 + 14700KF,835
Asus TUF GAMING B760M-PLUS WIFI D4 + 14900K,1027
Asus TUF GAMING B760M-PLUS WIFI D4 + 14900F,1097
Asus TUF GAMING B760M-PLUS WIFI D4 + 14900KF,968
Asus TUF GAMING B760M-PLUS WIFI D4 + 12700KF,835
Asus TUF GAMING B760M-PLUS WIFI D4 + 12400F,501
Asus TUF GAMING B760M-PLUS WIFI D4 + 13100F,501
Asus TUF GAMING B760M-PLUS WIFI D4 + 13400,596
Asus TUF GAMING B760M-PLUS WIFI D4 + 13600,716
Asus TUF GAMING B760M-PLUS WIFI D4 + 13600K,664
Asus TUF GAMING B760M-PLUS WIFI D4 + 13600KF,620
Asus TUF GAMING B760M-PLUS WIFI D4 + 13700K,805
Asus TUF GAMING B760M-PLUS WIFI D4 + 13900F,1102
Asus TUF GAMING B760M-PLUS WIFI D4 + 12700,857
Asus TUF GAMING B760M-PLUS WIFI D4 + 13500,679
Asus PROART B760-CREATOR D4,424
Asus PROART B760-CREATOR D4 + 14100,603
Asus PROART B760-CREATOR D4 + 14100F,581
Asus PROART B760-CREATOR D4 + 14400,707
Asus PROART B760-CREATOR D4 + 14400f,678
Asus PROART B760-CREATOR D4 + 14500,781
Asus PROART B760-CREATOR D4 + 14600,811
Asus PROART B760-CREATOR D4 + 14700,900
Asus PROART B760-CREATOR D4 + 14700F,885
Asus PROART B760-CREATOR D4 + 14900,1241
Asus PROART B760-CREATOR D4 + 14600K,781
Asus PROART B760-CREATOR D4 + 14600KF,752
Asus PROART B760-CREATOR D4 + 14700K,964
Asus PROART B760-CREATOR D4 + 14700KF,930
Asus PROART B760-CREATOR D4 + 14900K,1122
Asus PROART B760-CREATOR D4 + 14900F,1192
Asus PROART B760-CREATOR D4 + 14900KF,1063
Asus PROART B760-CREATOR D4 + 12700KF,930
Asus PROART B760-CREATOR D4 + 12400F,596
Asus PROART B760-CREATOR D4 + 13100F,596
Asus PROART B760-CREATOR D4 + 13400,691
Asus PROART B760-CREATOR D4 + 13600,811
Asus PROART B760-CREATOR D4 + 13600K,759
Asus PROART B760-CREATOR D4 + 13600KF,715
Asus PROART B760-CREATOR D4 + 13700K,900
Asus PROART B760-CREATOR D4 + 13900F,1196
Asus PROART B760-CREATOR D4 + 12700,952
Asus PROART B760-CREATOR D4 + 13500,774
Asus PRIME B760M-A WIFI,273
Asus PRIME B760M-A WIFI + 14100,456
Asus PRIME B760M-A WIFI + 14100F,434
Asus PRIME B760M-A WIFI + 14400,560
Asus PRIME B760M-A WIFI + 14400f,530
Asus PRIME B760M-A WIFI + 14500,634
Asus PRIME B760M-A WIFI + 14600,664
Asus PRIME B760M-A WIFI + 14700,753
Asus PRIME B760M-A WIFI + 14700F,738
Asus PRIME B760M-A WIFI + 14900,1094
Asus PRIME B760M-A WIFI + 14600K,634
Asus PRIME B760M-A WIFI + 14600KF,605
Asus PRIME B760M-A WIFI + 14700K,816
Asus PRIME B760M-A WIFI + 14700KF,782
Asus PRIME B760M-A WIFI + 14900K,975
Asus PRIME B760M-A WIFI + 14900F,1045
Asus PRIME B760M-A WIFI + 14900KF,916
Asus PRIME B760M-A WIFI + 12700KF,782
Asus PRIME B760M-A WIFI + 12400F,449
Asus PRIME B760M-A WIFI + 13100F,449
Asus PRIME B760M-A WIFI + 13400,544
Asus PRIME B760M-A WIFI + 13600,664
Asus PRIME B760M-A WIFI + 13600K,612
Asus PRIME B760M-A WIFI + 13600KF,567
Asus PRIME B760M-A WIFI + 13700K,753
Asus PRIME B760M-A WIFI + 13900F,1049
Asus PRIME B760M-A WIFI + 12700,805
Asus PRIME B760M-A WIFI + 13500,627
Asus PRIME B760M-A WIFI D4-CSM,212
Asus PRIME B760M-A WIFI D4-CSM + 14100,397
Asus PRIME B760M-A WIFI D4-CSM + 14100F,375
Asus PRIME B760M-A WIFI D4-CSM + 14400,501
Asus PRIME B760M-A WIFI D4-CSM + 14400f,472
Asus PRIME B760M-A WIFI D4-CSM + 14500,575
Asus PRIME B760M-A WIFI D4-CSM + 14600,605
Asus PRIME B760M-A WIFI D4-CSM + 14700,694
Asus PRIME B760M-A WIFI D4-CSM + 14700F,679
Asus PRIME B760M-A WIFI D4-CSM + 14900,1035
Asus PRIME B760M-A WIFI D4-CSM + 14600K,575
Asus PRIME B760M-A WIFI D4-CSM + 14600KF,546
Asus PRIME B760M-A WIFI D4-CSM + 14700K,758
Asus PRIME B760M-A WIFI D4-CSM + 14700KF,724
Asus PRIME B760M-A WIFI D4-CSM + 14900K,916
Asus PRIME B760M-A WIFI D4-CSM + 14900F,986
Asus PRIME B760M-A WIFI D4-CSM + 14900KF,857
Asus PRIME B760M-A WIFI D4-CSM + 12700KF,724
Asus PRIME B760M-A WIFI D4-CSM + 12400F,390
Asus PRIME B760M-A WIFI D4-CSM + 13100F,390
Asus PRIME B760M-A WIFI D4-CSM + 13400,485
Asus PRIME B760M-A WIFI D4-CSM + 13600,605
Asus PRIME B760M-A WIFI D4-CSM + 13600K,553
Asus PRIME B760M-A WIFI D4-CSM + 13600KF,509
Asus PRIME B760M-A WIFI D4-CSM + 13700K,694
Asus PRIME B760M-A WIFI D4-CSM + 13900F,990
Asus PRIME B760M-A WIFI D4-CSM + 12700,746
Asus PRIME B760M-A WIFI D4-CSM + 13500,568
Asus PRIME H610M-A WIFI,207
Asus PRIME H610M-A WIFI + 14100,392
Asus PRIME H610M-A WIFI + 14100F,370
Asus PRIME H610M-A WIFI + 14400,496
Asus PRIME H610M-A WIFI + 14400f,466
Asus PRIME H610M-A WIFI + 14500,570
Asus PRIME H610M-A WIFI + 14600,599
Asus PRIME H610M-A WIFI + 14700,688
Asus PRIME H610M-A WIFI + 14700F,674
Asus PRIME H610M-A WIFI + 14900,1029
Asus PRIME H610M-A WIFI + 14600K,570
Asus PRIME H610M-A WIFI + 14600KF,540
Asus PRIME H610M-A WIFI + 14700K,752
Asus PRIME H610M-A WIFI + 14700KF,718
Asus PRIME H610M-A WIFI + 14900K,911
Asus PRIME H610M-A WIFI + 14900F,980
Asus PRIME H610M-A WIFI + 14900KF,851
Asus PRIME H610M-A WIFI + 12700KF,718
Asus PRIME H610M-A WIFI + 12400F,385
Asus PRIME H610M-A WIFI + 13100F,385
Asus PRIME H610M-A WIFI + 13400,479
Asus PRIME H610M-A WIFI + 13600,599
Asus PRIME H610M-A WIFI + 13600K,548
Asus PRIME H610M-A WIFI + 13600KF,503
Asus PRIME H610M-A WIFI + 13700K,688
Asus PRIME H610M-A WIFI + 13900F,985
Asus PRIME H610M-A WIFI + 12700,740
Asus PRIME H610M-A WIFI + 13500,562
Asus PRIME H610I-PLUS,188
Asus PRIME H610I-PLUS + 14100,373
Asus PRIME H610I-PLUS + 14100F,351
Asus PRIME H610I-PLUS + 14400,477
Asus PRIME H610I-PLUS + 14400f,448
Asus PRIME H610I-PLUS + 14500,551
Asus PRIME H610I-PLUS + 14600,581
Asus PRIME H610I-PLUS + 14700,670
Asus PRIME H610I-PLUS + 14700F,655
Asus PRIME H610I-PLUS + 14900,1011
Asus PRIME H610I-PLUS + 14600K,551
Asus PRIME H610I-PLUS + 14600KF,522
Asus PRIME H610I-PLUS + 14700K,734
Asus PRIME H610I-PLUS + 14700KF,700
Asus PRIME H610I-PLUS + 14900K,892
Asus PRIME H610I-PLUS + 14900F,962
Asus PRIME H610I-PLUS + 14900KF,833
Asus PRIME H610I-PLUS + 12700KF,700
Asus PRIME H610I-PLUS + 12400F,366
Asus PRIME H610I-PLUS + 13100F,366
Asus PRIME H610I-PLUS + 13400,461
Asus PRIME H610I-PLUS + 13600,581
Asus PRIME H610I-PLUS + 13600K,529
Asus PRIME H610I-PLUS + 13600KF,485
Asus PRIME H610I-PLUS + 13700K,670
Asus PRIME H610I-PLUS + 13900F,966
Asus PRIME H610I-PLUS + 12700,722
Asus PRIME H610I-PLUS + 13500,544
MSI MEG Z790 ACE MAX + 14100,1197
MSI MEG Z790 ACE MAX + 14100F,1175
MSI MEG Z790 ACE MAX + 14400,1301
MSI MEG Z790 ACE MAX + 14400f,1271
MSI MEG Z790 ACE MAX + 14500,1375
MSI MEG Z790 ACE MAX + 14600,1404
MSI MEG Z790 ACE MAX + 14700,1493
MSI MEG Z790 ACE MAX + 14700F,1478
MSI MEG Z790 ACE MAX + 14900,1834
MSI MEG Z790 ACE MAX + 14600K,1375
MSI MEG Z790 ACE MAX + 14600KF,1345
MSI MEG Z790 ACE MAX + 14700K,1557
MSI MEG Z790 ACE MAX + 14700KF,1523
MSI MEG Z790 ACE MAX + 14900K,1716
MSI MEG Z790 ACE MAX + 14900F,1785
MSI MEG Z790 ACE MAX + 14900KF,1656
MSI MEG Z790 ACE MAX + 12700KF,1523
MSI MEG Z790 ACE MAX + 12400F,1189
MSI MEG Z790 ACE MAX + 13100F,1189
MSI MEG Z790 ACE MAX + 13400,1284
MSI MEG Z790 ACE MAX + 13600,1404
MSI MEG Z790 ACE MAX + 13600K,1352
MSI MEG Z790 ACE MAX + 13600KF,1308
MSI MEG Z790 ACE MAX + 13700K,1493
MSI MEG Z790 ACE MAX + 13900F,1790
MSI MEG Z790 ACE MAX + 12700,1545
MSI MEG Z790 ACE MAX + 13500,1367
MSI MPG Z790I EDGE WIFI,513
MSI MPG Z790I EDGE WIFI + 14100,690
MSI MPG Z790I EDGE WIFI + 14100F,668
MSI MPG Z790I EDGE WIFI + 14400,794
MSI MPG Z790I EDGE WIFI + 14400f,764
MSI MPG Z790I EDGE WIFI + 14500,868
MSI MPG Z790I EDGE WIFI + 14600,898
MSI MPG Z790I EDGE WIFI + 14700,987
MSI MPG Z790I EDGE WIFI + 14700F,972
MSI MPG Z790I EDGE WIFI + 14900,1328
MSI MPG Z790I EDGE WIFI + 14600K,868
MSI MPG Z790I EDGE WIFI + 14600KF,839
MSI MPG Z790I EDGE WIFI + 14700K,1051
MSI MPG Z790I EDGE WIFI + 14700KF,1016
MSI MPG Z790I EDGE WIFI + 14900K,1209
MSI MPG Z790I EDGE WIFI + 14900F,1279
MSI MPG Z790I EDGE WIFI + 14900KF,1150
MSI MPG Z790I EDGE WIFI + 12700KF,1016
MSI MPG Z790I EDGE WIFI + 12400F,683
MSI MPG Z790I EDGE WIFI + 13100F,683
MSI MPG Z790I EDGE WIFI + 13400,778
MSI MPG Z790I EDGE WIFI + 13600,898
MSI MPG Z790I EDGE WIFI + 13600K,846
MSI MPG Z790I EDGE WIFI + 13600KF,802
MSI MPG Z790I EDGE WIFI + 13700K,987
MSI MPG Z790I EDGE WIFI + 13900F,1283
MSI MPG Z790I EDGE WIFI + 12700,1039
MSI MPG Z790I EDGE WIFI + 13500,861
MSI MPG B760I EDGE WIFI,306
MSI MPG B760I EDGE WIFI + 14100,489
MSI MPG B760I EDGE WIFI + 14100F,467
MSI MPG B760I EDGE WIFI + 14400,593
MSI MPG B760I EDGE WIFI + 14400f,563
MSI MPG B760I EDGE WIFI + 14500,667
MSI MPG B760I EDGE WIFI + 14600,696
MSI MPG B760I EDGE WIFI + 14700,785
MSI MPG B760I EDGE WIFI + 14700F,771
MSI MPG B760I EDGE WIFI + 14900,1126
MSI MPG B760I EDGE WIFI + 14600K,667
MSI MPG B760I EDGE WIFI + 14600KF,637
MSI MPG B760I EDGE WIFI + 14700K,849
MSI MPG B760I EDGE WIFI + 14700KF,815
MSI MPG B760I EDGE WIFI + 14900K,1008
MSI MPG B760I EDGE WIFI + 14900F,1077
MSI MPG B760I EDGE WIFI + 14900KF,949
MSI MPG B760I EDGE WIFI + 12700KF,815
MSI MPG B760I EDGE WIFI + 12400F,482
MSI MPG B760I EDGE WIFI + 13100F,482
MSI MPG B760I EDGE WIFI + 13400,576
MSI MPG B760I EDGE WIFI + 13600,696
MSI MPG B760I EDGE WIFI + 13600K,645
MSI MPG B760I EDGE WIFI + 13600KF,600
MSI MPG B760I EDGE WIFI + 13700K,785
MSI MPG B760I EDGE WIFI + 13900F,1082
MSI MPG B760I EDGE WIFI + 12700,837
MSI MPG B760I EDGE WIFI + 13500,659
MSI MPG Z790 EDGE WIFI DDR4,560
MSI MPG Z790 EDGE WIFI DDR4 + 14100,736
MSI MPG Z790 EDGE WIFI DDR4 + 14100F,714
MSI MPG Z790 EDGE WIFI DDR4 + 14400,840
MSI MPG Z790 EDGE WIFI DDR4 + 14400f,810
MSI MPG Z790 EDGE WIFI DDR4 + 14500,914
MSI MPG Z790 EDGE WIFI DDR4 + 14600,943
MSI MPG Z790 EDGE WIFI DDR4 + 14700,1032
MSI MPG Z790 EDGE WIFI DDR4 + 14700F,1017
MSI MPG Z790 EDGE WIFI DDR4 + 14900,1373
MSI MPG Z790 EDGE WIFI DDR4 + 14600K,914
MSI MPG Z790 EDGE WIFI DDR4 + 14600KF,884
MSI MPG Z790 EDGE WIFI DDR4 + 14700K,1096
MSI MPG Z790 EDGE WIFI DDR4 + 14700KF,1062
MSI MPG Z790 EDGE WIFI DDR4 + 14900K,1255
MSI MPG Z790 EDGE WIFI DDR4 + 14900F,1324
MSI MPG Z790 EDGE WIFI DDR4 + 14900KF,1195
MSI MPG Z790 EDGE WIFI DDR4 + 12700KF,1062
MSI MPG Z790 EDGE WIFI DDR4 + 12400F,728
MSI MPG Z790 EDGE WIFI DDR4 + 13100F,728
MSI MPG Z790 EDGE WIFI DDR4 + 13400,823
MSI MPG Z790 EDGE WIFI DDR4 + 13600,943
MSI MPG Z790 EDGE WIFI DDR4 + 13600K,891
MSI MPG Z790 EDGE WIFI DDR4 + 13600KF,847
MSI MPG Z790 EDGE WIFI DDR4 + 13700K,1032
MSI MPG Z790 EDGE WIFI DDR4 + 13900F,1329
MSI MPG Z790 EDGE WIFI DDR4 + 12700,1084
MSI MPG Z790 EDGE WIFI DDR4 + 13500,906
MSI MAG B760 TOMAHAWK WIFI DDR4,253
MSI MAG B760 TOMAHAWK WIFI DDR4 + 14100,437
MSI MAG B760 TOMAHAWK WIFI DDR4 + 14100F,415
MSI MAG B760 TOMAHAWK WIFI DDR4 + 14400,541
MSI MAG B760 TOMAHAWK WIFI DDR4 + 14400f,511
MSI MAG B760 TOMAHAWK WIFI DDR4 + 14500,615
MSI MAG B760 TOMAHAWK WIFI DDR4 + 14600,645
MSI MAG B760 TOMAHAWK WIFI DDR4 + 14700,733
MSI MAG B760 TOMAHAWK WIFI DDR4 + 14700F,719
MSI MAG B760 TOMAHAWK WIFI DDR4 + 14900,1074
MSI MAG B760 TOMAHAWK WIFI DDR4 + 14600K,615
MSI MAG B760 TOMAHAWK WIFI DDR4 + 14600KF,585
MSI MAG B760 TOMAHAWK WIFI DDR4 + 14700K,797
MSI MAG B760 TOMAHAWK WIFI DDR4 + 14700KF,763
MSI MAG B760 TOMAHAWK WIFI DDR4 + 14900K,956
MSI MAG B760 TOMAHAWK WIFI DDR4 + 14900F,1026
MSI MAG B760 TOMAHAWK WIFI DDR4 + 14900KF,897
MSI MAG B760 TOMAHAWK WIFI DDR4 + 12700KF,763
MSI MAG B760 TOMAHAWK WIFI DDR4 + 12400F,430
MSI MAG B760 TOMAHAWK WIFI DDR4 + 13100F,430
MSI MAG B760 TOMAHAWK WIFI DDR4 + 13400,524
MSI MAG B760 TOMAHAWK WIFI DDR4 + 13600,645
MSI MAG B760 TOMAHAWK WIFI DDR4 + 13600K,593
MSI MAG B760 TOMAHAWK WIFI DDR4 + 13600KF,548
MSI MAG B760 TOMAHAWK WIFI DDR4 + 13700K,733
MSI MAG B760 TOMAHAWK WIFI DDR4 + 13900F,1030
MSI MAG B760 TOMAHAWK WIFI DDR4 + 12700,785
MSI MAG B760 TOMAHAWK WIFI DDR4 + 13500,607
MSI MAG H670 TOMAHAWK WIFI DDR4,145
MSI MAG H670 TOMAHAWK WIFI DDR4 + 14100,332
MSI MAG H670 TOMAHAWK WIFI DDR4 + 14100F,310
MSI MAG H670 TOMAHAWK WIFI DDR4 + 14400,436
MSI MAG H670 TOMAHAWK WIFI DDR4 + 14400f,406
MSI MAG H670 TOMAHAWK WIFI DDR4 + 14500,510
MSI MAG H670 TOMAHAWK WIFI DDR4 + 14600,540
MSI MAG H670 TOMAHAWK WIFI DDR4 + 14700,628
MSI MAG H670 TOMAHAWK WIFI DDR4 + 14700F,614
MSI MAG H670 TOMAHAWK WIFI DDR4 + 14900,969
MSI MAG H670 TOMAHAWK WIFI DDR4 + 14600K,510
MSI MAG H670 TOMAHAWK WIFI DDR4 + 14600KF,480
MSI MAG H670 TOMAHAWK WIFI DDR4 + 14700K,692
MSI MAG H670 TOMAHAWK WIFI DDR4 + 14700KF,658
MSI MAG H670 TOMAHAWK WIFI DDR4 + 14900K,851
MSI MAG H670 TOMAHAWK WIFI DDR4 + 14900F,921
MSI MAG H670 TOMAHAWK WIFI DDR4 + 14900KF,792
MSI MAG H670 TOMAHAWK WIFI DDR4 + 12700KF,658
MSI MAG H670 TOMAHAWK WIFI DDR4 + 12400F,325
MSI MAG H670 TOMAHAWK WIFI DDR4 + 13100F,325
MSI MAG H670 TOMAHAWK WIFI DDR4 + 13400,419
MSI MAG H670 TOMAHAWK WIFI DDR4 + 13600,540
MSI MAG H670 TOMAHAWK WIFI DDR4 + 13600K,488
MSI MAG H670 TOMAHAWK WIFI DDR4 + 13600KF,443
MSI MAG H670 TOMAHAWK WIFI DDR4 + 13700K,628
MSI MAG H670 TOMAHAWK WIFI DDR4 + 13900F,925
MSI MAG H670 TOMAHAWK WIFI DDR4 + 12700,680
MSI MAG H670 TOMAHAWK WIFI DDR4 + 13500,502
MSI PRO H610M-G Wifi DDR4,167
MSI PRO H610M-G Wifi DDR4 + 14100,353
MSI PRO H610M-G Wifi DDR4 + 14100F,331
MSI PRO H610M-G Wifi DDR4 + 14400,457
MSI PRO H610M-G Wifi DDR4 + 14400f,427
MSI PRO H610M-G Wifi DDR4 + 14500,531
MSI PRO H610M-G Wifi DDR4 + 14600,561
MSI PRO H610M-G Wifi DDR4 + 14700,650
MSI PRO H610M-G Wifi DDR4 + 14700F,635
MSI PRO H610M-G Wifi DDR4 + 14900,990
MSI PRO H610M-G Wifi DDR4 + 14600K,531
MSI PRO H610M-G Wifi DDR4 + 14600KF,501
MSI PRO H610M-G Wifi DDR4 + 14700K,713
MSI PRO H610M-G Wifi DDR4 + 14700KF,679
MSI PRO H610M-G Wifi DDR4 + 14900K,872
MSI PRO H610M-G Wifi DDR4 + 14900F,942
MSI PRO H610M-G Wifi DDR4 + 14900KF,813
MSI PRO H610M-G Wifi DDR4 + 12700KF,679
MSI PRO H610M-G Wifi DDR4 + 12400F,346
MSI PRO H610M-G Wifi DDR4 + 13100F,346
MSI PRO H610M-G Wifi DDR4 + 13400,440
MSI PRO H610M-G Wifi DDR4 + 13600,561
MSI PRO H610M-G Wifi DDR4 + 13600K,509
MSI PRO H610M-G Wifi DDR4 + 13600KF,464
MSI PRO H610M-G Wifi DDR4 + 13700K,650
MSI PRO H610M-G Wifi DDR4 + 13900F,946
MSI PRO H610M-G Wifi DDR4 + 12700,701
MSI PRO H610M-G Wifi DDR4 + 13500,523
Gigabyte Z790 Aorus Elite AX ICE,390
Gigabyte Z790 Aorus Elite AX ICE + 14100,571
Gigabyte Z790 Aorus Elite AX ICE + 14100F,548
Gigabyte Z790 Aorus Elite AX ICE + 14400,674
Gigabyte Z790 Aorus Elite AX ICE + 14400f,645
Gigabyte Z790 Aorus Elite AX ICE + 14500,749
Gigabyte Z790 Aorus Elite AX ICE + 14600,778
Gigabyte Z790 Aorus Elite AX ICE + 14700,867
Gigabyte Z790 Aorus Elite AX ICE + 14700F,852
Gigabyte Z790 Aorus Elite AX ICE + 14900,1208
Gigabyte Z790 Aorus Elite AX ICE + 14600K,749
Gigabyte Z790 Aorus Elite AX ICE + 14600KF,719
Gigabyte Z790 Aorus Elite AX ICE + 14700K,931
Gigabyte Z790 Aorus Elite AX ICE + 14700KF,897
Gigabyte Z790 Aorus Elite AX ICE + 14900K,1090
Gigabyte Z790 Aorus Elite AX ICE + 14900F,1159
Gigabyte Z790 Aorus Elite AX ICE + 14900KF,1030
Gigabyte Z790 Aorus Elite AX ICE + 12700KF,897
Gigabyte Z790 Aorus Elite AX ICE + 12400F,563
Gigabyte Z790 Aorus Elite AX ICE + 13100F,563
Gigabyte Z790 Aorus Elite AX ICE + 13400,658
Gigabyte Z790 Aorus Elite AX ICE + 13600,778
Gigabyte Z790 Aorus Elite AX ICE + 13600K,726
Gigabyte Z790 Aorus Elite AX ICE + 13600KF,682
Gigabyte Z790 Aorus Elite AX ICE + 13700K,867
Gigabyte Z790 Aorus Elite AX ICE + 13900F,1164
Gigabyte Z790 Aorus Elite AX ICE + 12700,919
Gigabyte Z790 Aorus Elite AX ICE + 13500,741
Gigabyte Z790 Aorus PRO X Wifi 7,532
Gigabyte Z790 Aorus PRO X Wifi 7 + 14100,708
Gigabyte Z790 Aorus PRO X Wifi 7 + 14100F,686
Gigabyte Z790 Aorus PRO X Wifi 7 + 14400,812
Gigabyte Z790 Aorus PRO X Wifi 7 + 14400f,782
Gigabyte Z790 Aorus PRO X Wifi 7 + 14500,886
Gigabyte Z790 Aorus PRO X Wifi 7 + 14600,916
Gigabyte Z790 Aorus PRO X Wifi 7 + 14700,1005
Gigabyte Z790 Aorus PRO X Wifi 7 + 14700F,990
Gigabyte Z790 Aorus PRO X Wifi 7 + 14900,1345
Gigabyte Z790 Aorus PRO X Wifi 7 + 14600K,886
Gigabyte Z790 Aorus PRO X Wifi 7 + 14600KF,856
Gigabyte Z790 Aorus PRO X Wifi 7 + 14700K,1068
Gigabyte Z790 Aorus PRO X Wifi 7 + 14700KF,1034
Gigabyte Z790 Aorus PRO X Wifi 7 + 14900K,1227
Gigabyte Z790 Aorus PRO X Wifi 7 + 14900F,1297
Gigabyte Z790 Aorus PRO X Wifi 7 + 14900KF,1168
Gigabyte Z790 Aorus PRO X Wifi 7 + 12700KF,1034
Gigabyte Z790 Aorus PRO X Wifi 7 + 12400F,701
Gigabyte Z790 Aorus PRO X Wifi 7 + 13100F,701
Gigabyte Z790 Aorus PRO X Wifi 7 + 13400,796
Gigabyte Z790 Aorus PRO X Wifi 7 + 13600,916
Gigabyte Z790 Aorus PRO X Wifi 7 + 13600K,864
Gigabyte Z790 Aorus PRO X Wifi 7 + 13600KF,819
Gigabyte Z790 Aorus PRO X Wifi 7 + 13700K,1005
Gigabyte Z790 Aorus PRO X Wifi 7 + 13900F,1301
Gigabyte Z790 Aorus PRO X Wifi 7 + 12700,1056
Gigabyte Z790 Aorus PRO X Wifi 7 + 13500,879
Gigabyte B760M AORUS ELITE AX,278
Gigabyte B760M AORUS ELITE AX + 14100,462
Gigabyte B760M AORUS ELITE AX + 14100F,439
Gigabyte B760M AORUS ELITE AX + 14400,565
Gigabyte B760M AORUS ELITE AX + 14400f,536
Gigabyte B760M AORUS ELITE AX + 14500,640
Gigabyte B760M AORUS ELITE AX + 14600,669
Gigabyte B760M AORUS ELITE AX + 14700,758
Gigabyte B760M AORUS ELITE AX + 14700F,743
Gigabyte B760M AORUS ELITE AX + 14900,1099
Gigabyte B760M AORUS ELITE AX + 14600K,640
Gigabyte B760M AORUS ELITE AX + 14600KF,610
Gigabyte B760M AORUS ELITE AX + 14700K,822
Gigabyte B760M AORUS ELITE AX + 14700KF,788
Gigabyte B760M AORUS ELITE AX + 14900K,981
Gigabyte B760M AORUS ELITE AX + 14900F,1050
Gigabyte B760M AORUS ELITE AX + 14900KF,921
Gigabyte B760M AORUS ELITE AX + 12700KF,788
Gigabyte B760M AORUS ELITE AX + 12400F,454
Gigabyte B760M AORUS ELITE AX + 13100F,454
Gigabyte B760M AORUS ELITE AX + 13400,549
Gigabyte B760M AORUS ELITE AX + 13600,669
Gigabyte B760M AORUS ELITE AX + 13600K,617
Gigabyte B760M AORUS ELITE AX + 13600KF,573
Gigabyte B760M AORUS ELITE AX + 13700K,758
Gigabyte B760M AORUS ELITE AX + 13900F,1055
Gigabyte B760M AORUS ELITE AX + 12700,810
Gigabyte B760M AORUS ELITE AX + 13500,632
Gigabyte B760 AORUS ELITE AX DDR4,234
Gigabyte B760 AORUS ELITE AX DDR4 + 14100,418
Gigabyte B760 AORUS ELITE AX DDR4 + 14100F,396
Gigabyte B760 AORUS ELITE AX DDR4 + 14400,522
Gigabyte B760 AORUS ELITE AX DDR4 + 14400f,492
Gigabyte B760 AORUS ELITE AX DDR4 + 14500,596
Gigabyte B760 AORUS ELITE AX DDR4 + 14600,626
Gigabyte B760 AORUS ELITE AX DDR4 + 14700,715
Gigabyte B760 AORUS ELITE AX DDR4 + 14700F,700
Gigabyte B760 AORUS ELITE AX DDR4 + 14900,1056
Gigabyte B760 AORUS ELITE AX DDR4 + 14600K,596
Gigabyte B760 AORUS ELITE AX DDR4 + 14600KF,566
Gigabyte B760 AORUS ELITE AX DDR4 + 14700K,778
Gigabyte B760 AORUS ELITE AX DDR4 + 14700KF,744
Gigabyte B760 AORUS ELITE AX DDR4 + 14900K,937
Gigabyte B760 AORUS ELITE AX DDR4 + 14900F,1007
Gigabyte B760 AORUS ELITE AX DDR4 + 14900KF,878
Gigabyte B760 AORUS ELITE AX DDR4 + 12700KF,744
Gigabyte B760 AORUS ELITE AX DDR4 + 12400F,411
Gigabyte B760 AORUS ELITE AX DDR4 + 13100F,411
Gigabyte B760 AORUS ELITE AX DDR4 + 13400,506
Gigabyte B760 AORUS ELITE AX DDR4 + 13600,626
Gigabyte B760 AORUS ELITE AX DDR4 + 13600K,574
Gigabyte B760 AORUS ELITE AX DDR4 + 13600KF,529
Gigabyte B760 AORUS ELITE AX DDR4 + 13700K,715
Gigabyte B760 AORUS ELITE AX DDR4 + 13900F,1011
Gigabyte B760 AORUS ELITE AX DDR4 + 12700,766
Gigabyte B760 AORUS ELITE AX DDR4 + 13500,589
Gigabyte B760 AORUS ELITE DDR4,240
Gigabyte B760 AORUS ELITE DDR4 + 14100,425
Gigabyte B760 AORUS ELITE DDR4 + 14100F,402
Gigabyte B760 AORUS ELITE DDR4 + 14400,528
Gigabyte B760 AORUS ELITE DDR4 + 14400f,499
Gigabyte B760 AORUS ELITE DDR4 + 14500,603
Gigabyte B760 AORUS ELITE DDR4 + 14600,632
Gigabyte B760 AORUS ELITE DDR4 + 14700,721
Gigabyte B760 AORUS ELITE DDR4 + 14700F,706
Gigabyte B760 AORUS ELITE DDR4 + 14900,1062
Gigabyte B760 AORUS ELITE DDR4 + 14600K,603
Gigabyte B760 AORUS ELITE DDR4 + 14600KF,573
Gigabyte B760 AORUS ELITE DDR4 + 14700K,785
Gigabyte B760 AORUS ELITE DDR4 + 14700KF,751
Gigabyte B760 AORUS ELITE DDR4 + 14900K,943
Gigabyte B760 AORUS ELITE DDR4 + 14900F,1013
Gigabyte B760 AORUS ELITE DDR4 + 14900KF,884
Gigabyte B760 AORUS ELITE DDR4 + 12700KF,751
Gigabyte B760 AORUS ELITE DDR4 + 12400F,417
Gigabyte B760 AORUS ELITE DDR4 + 13100F,417
Gigabyte B760 AORUS ELITE DDR4 + 13400,512
Gigabyte B760 AORUS ELITE DDR4 + 13600,632
Gigabyte B760 AORUS ELITE DDR4 + 13600K,580
Gigabyte B760 AORUS ELITE DDR4 + 13600KF,536
Gigabyte B760 AORUS ELITE DDR4 + 13700K,721
Gigabyte B760 AORUS ELITE DDR4 + 13900F,1018
Gigabyte B760 AORUS ELITE DDR4 + 12700,773
Gigabyte B760 AORUS ELITE DDR4 + 13500,595
Gigabyte B760 GAMING X AX DDR4,212
Gigabyte B760 GAMING X AX DDR4 + 14100,397
Gigabyte B760 GAMING X AX DDR4 + 14100F,375
Gigabyte B760 GAMING X AX DDR4 + 14400,501
Gigabyte B760 GAMING X AX DDR4 + 14400f,472
Gigabyte B760 GAMING X AX DDR4 + 14500,575
Gigabyte B760 GAMING X AX DDR4 + 14600,605
Gigabyte B760 GAMING X AX DDR4 + 14700,694
Gigabyte B760 GAMING X AX DDR4 + 14700F,679
Gigabyte B760 GAMING X AX DDR4 + 14900,1035
Gigabyte B760 GAMING X AX DDR4 + 14600K,575
Gigabyte B760 GAMING X AX DDR4 + 14600KF,546
Gigabyte B760 GAMING X AX DDR4 + 14700K,758
Gigabyte B760 GAMING X AX DDR4 + 14700KF,724
Gigabyte B760 GAMING X AX DDR4 + 14900K,916
Gigabyte B760 GAMING X AX DDR4 + 14900F,986
Gigabyte B760 GAMING X AX DDR4 + 14900KF,857
Gigabyte B760 GAMING X AX DDR4 + 12700KF,724
Gigabyte B760 GAMING X AX DDR4 + 12400F,390
Gigabyte B760 GAMING X AX DDR4 + 13100F,390
Gigabyte B760 GAMING X AX DDR4 + 13400,485
Gigabyte B760 GAMING X AX DDR4 + 13600,605
Gigabyte B760 GAMING X AX DDR4 + 13600K,553
Gigabyte B760 GAMING X AX DDR4 + 13600KF,509
Gigabyte B760 GAMING X AX DDR4 + 13700K,694
Gigabyte B760 GAMING X AX DDR4 + 13900F,990
Gigabyte B760 GAMING X AX DDR4 + 12700,746
Ubiquiti ER-8-XG-U,3091
Ubiquiti PBE-5AC-400-ISO-EU,238
Ubiquiti U-Cable-Patch-RJ45-50,189
Ubiquiti UACC-Cable-Patch-EL-C6A-12M-W,68
Ubiquiti UACC-OFC-M2-LULU-0.5M-50,350
Ubiquiti UAP AC Lite Bulk Pack 50pcs,3000
Ubiquiti ER-RMKIT,39
Ubiquiti PBE-5AC-500,299
Ubiquiti U-Cable-Patch-RJ45-BK,15
Ubiquiti UACC-Cable-Patch-EL-C6A-15M-W,77
Ubiquiti UACC-OFC-M2-LULU-10M,39
Ubiquiti UAP AC Lite Bulk Pack 100pcs,5000
Ubiquiti ER-X,98
Ubiquiti PBE-5AC-500-EU,299
Ubiquiti U-Cable-Patch-RJ45-BK-50,189
Ubiquiti UACC-Cable-Patch-EL-C6A-1M-W,24
Ubiquiti UACC-OFC-M2-LULU-15M,53
Ubiquiti UAP-AC-Mesh-Pro Bulk Pack 5pcs,900
Ubiquiti ER-X-SFP-U,149
Ubiquiti PBE-5AC-500-U,299
Ubiquiti U-Cable-Patch-RJ45-BL,15
Ubiquiti UACC-Cable-Patch-EL-C6A-2M-W,28
Ubiquiti UACC-OFC-M2-LULU-1M-50,363
Ubiquiti UAP-AC-LR Bulk Pack 10pcs,1100
Ubiquiti ER-X-U,98
Ubiquiti PBE-5AC-620,398
Ubiquiti U-Cable-Patch-RJ45-BL-50,189
Ubiquiti UACC-Cable-Patch-EL-C6A-3M-W,31
Ubiquiti UACC-OFC-M2-LULU-30M,74
Ubiquiti UAP-AC-PRO Bulk Pack 10pcs,1300
Ubiquiti ES-10X-U,213
Ubiquiti PBE-5AC-620-EU,398
Ubiquiti U-LTE-Backup Pro-EU,563
Ubiquiti UACC-Cable-Patch-EL-C6A-5M-W,37
Ubiquiti UACC-OFC-M2-LULU-3M-50,539
Ubiquiti US-48-500w POE Switch 2 Pack,1600
Ubiquiti ES-10XP,238
Ubiquiti PBE-5AC-620-U,398
Ubiquiti U-LTE-Pro-EU,563
Ubiquiti UACC-Cable-Patch-EL-C6A-8M-W,47
Ubiquiti UACC-OFC-M2-LULU-5M,29
Ubiquiti US-24-250w POE Switch 2 Pack,900
Ubiquiti ES-12F-U,402
Ubiquiti PBE-5AC-Gen2,221
Ubiquiti U-PoE,26
Ubiquiti UACC-Cable-Patch-Outdoor-1M-BK,20
Ubiquiti UACC-OFC-MA-MPMP-0.5M,91
Ubiquiti US-16-150w POE Switch 4 Pack,1200
Ubiquiti ES-16-150W,589
Ubiquiti PBE-5AC-Gen2-5,1077
Ubiquiti U-POE-af,26
Ubiquiti UACC-Cable-Patch-Outdoor-1M-W,20
Ubiquiti UACC-OFC-MA-MPMP-0.5M-10,802
Ubiquiti US-8-150w POE Switch 4 Pack,1000
Ubiquiti ES-16-XG-U,1114
Ubiquiti PBE-5AC-Gen2-5-EU,1077
Ubiquiti U-POE-af-EU,26
Ubiquiti UACC-Cable-Patch-Outdoor-2M-BK,21
Ubiquiti UACC-OFC-MA-MPMP-100M,952
Ubiquiti UAP Accesspoint Bulk Pack 50pcs,2000
Ubiquiti ES-16XP,789
Ubiquiti PBE-5AC-Gen2-5-U,1077
Ubiquiti U-POE-at,40
Ubiquiti UACC-Cable-Patch-Outdoor-2M-W,21
Ubiquiti UACC-OFC-MA-MPMP-10M,219
Ubiquiti 60G-PM,158
Ubiquiti ES-18X-EU,339
Ubiquiti PBE-5AC-Gen2-EU,221
Ubiquiti U-POE-at-EU,40
Ubiquiti UACC-Cable-Patch-Outdoor-3M-BK,23
Ubiquiti UACC-OFC-MA-MPMP-15M,299
Ubiquiti ACB-AC,146
Ubiquiti ES-24-250W,802
Ubiquiti PBE-5AC-Gen2-U,221
Ubiquiti U-PoE-EU,26
Ubiquiti UACC-Cable-Patch-Outdoor-3M-W,23
Ubiquiti UACC-OFC-MA-MPMP-1M,98
Ubiquiti ACB-AC-EU,146
Ubiquiti ES-24-500W U,1090
Ubiquiti PBE-5AC-ISO-Gen2,248
Ubiquiti U-PoE+,40
Ubiquiti UACC-Cable-Patch-Outdoor-5M-BK,28
Ubiquiti UACC-OFC-MA-MPMP-1M-10,814
Ubiquiti ACB-AC-U,146
Ubiquiti ES-24-Lite,398
Ubiquiti PBE-5AC-ISO-Gen2-EU,248
Ubiquiti U-PoE+-EU,40
Ubiquiti UACC-Cable-Patch-Outdoor-5M-W,28
Ubiquiti UACC-OFC-MA-MPMP-30M,389
Ubiquiti ACB-ISP,66
Ubiquiti ES-48-500W U,1528
Ubiquiti PBE-5AC-ISO-Gen2-U,248
Ubiquiti U-PoE++,66
Ubiquiti UACC-Cable-Patch-Outdoor-8M-BK,34
Ubiquiti UACC-OFC-MA-MPMP-3M,118
Ubiquiti AF-11,2053
Ubiquiti ES-48-750W,1890
Ubiquiti PBE-M2-400,146
Ubiquiti U-PoE++-EU,66
Ubiquiti UACC-Cable-Patch-Outdoor-8M-W,34
Ubiquiti UACC-OFC-MA-MPMP-3M-10,1126
Ubiquiti AF-11-DUP-H,381
Ubiquiti ES-48-Lite-U,774
Ubiquiti PBE-M2-400-EU,146
Ubiquiti U-PRO-MP,26
Ubiquiti UACC-Cable-Patch-Outdoor-C6A-12M-W,71
Ubiquiti UACC-OFC-MA-MPMP-5M,139
Ubiquiti AF-11-DUP-L,381
Ubiquiti ES-5XP-U,171
Ubiquiti PBE-M2-400-U,146
Ubiquiti U-Rack-6U-TL,632
Ubiquiti UACC-OFC-MA-MPMP-60M,576
Ubiquiti AF-11-U,2053
Ubiquiti ES-8-150W,402
Ubiquiti PBE-M5-300,146
Ubiquiti U6-Enterprise,576
Ubiquiti UACC-Cable-Patch-Outdoor-C6A-15M-W,80
Ubiquiti UACC-OFC-MM-0.5M,20
Ubiquiti AF-24,3003
Ubiquiti ETH-SP-G2,34
Ubiquiti PBE-M5-300-EU,146
Ubiquiti U6-Enterprise-IW,638
Ubiquiti UACC-OFC-MM-1M,21
Ubiquiti AF-24HD-U,6006
Ubiquiti EXTD-cover-Black-3,93
Ubiquiti PBE-M5-300-ISO,173
Ubiquiti U6-Extender,322
Ubiquiti UACC-Cable-Patch-Outdoor-C6A-1M-W,29
Ubiquiti UACC-OFC-MM-2M,24
Ubiquiti AF-2G24-S45,374
Ubiquiti EXTD-cover-Concrete-3,93
Ubiquiti PBE-M5-300-ISO-EU,173
Ubiquiti U6-Extender-EU,322
Ubiquiti UACC-OFC-MM-3M,26
Ubiquiti AF-2X,965
Ubiquiti EXTD-cover-Wood-3,93
Ubiquiti PBE-M5-300-ISO-U,173
Ubiquiti U6-IW,386
Ubiquiti UACC-Cable-Patch-Outdoor-C6A-2M-W,31
Ubiquiti UACC-OFC-MM-5M,28
Ubiquiti AF-2X-EU,965
Ubiquiti F-POE-G2,68
Ubiquiti PBE-M5-300-U,146
Ubiquiti U6-Lite,208
Ubiquiti UACC-Cable-Patch-Outdoor-C6A-3M-W,36
Ubiquiti UACC-OFC-S2-LULU-0.5M-50,350
Ubiquiti AF-2X-U,965
Ubiquiti FC-SM-100,123
Ubiquiti PBE-M5-400,171
Ubiquiti U6-LR,381
Ubiquiti UACC-Cable-Patch-Outdoor-C6A-5M-W,40
Ubiquiti UACC-OFC-S2-LULU-10M,39
Ubiquiti AF-3G26-S45,499
Ubiquiti FC-SM-200,181
Ubiquiti PBE-M5-400-EU,171
Ubiquiti U6-Mesh,381
Ubiquiti UACC-Cable-Patch-Outdoor-C6A-8M-W,52
Ubiquiti UACC-OFC-S2-LULU-15M,53
Ubiquiti AF-3X-U,1528
Ubiquiti FC-SM-300,248
Ubiquiti PBE-M5-400-ISO,202
Ubiquiti U6-Mesh-EU,381
Ubiquiti UACC-Cable-PT-0.5M,31
Ubiquiti UACC-OFC-S2-LULU-1M-50,363
Ubiquiti AF-4X,776
Ubiquiti FlexHD-CM-3,98
Ubiquiti PBE-M5-400-ISO-EU,202
Ubiquiti U6-Mesh-Pro,402
Ubiquiti UACC-Cable-PT-1.5M,37
Ubiquiti UACC-OFC-S2-LULU-30M,74
Ubiquiti AF-5 U,2003
Ubiquiti GBE,277
Ubiquiti PBE-M5-400-ISO-U,202
Ubiquiti U6-Mesh-Pro-EU,402
Ubiquiti UACC-Cable-PT-10M,86
Ubiquiti UACC-OFC-S2-LULU-3M-50,539
Ubiquiti AF-5G-OMT-S45,76
Ubiquiti GBE-LR-EU,426
Ubiquiti PBE-M5-400-U,171
Ubiquiti U6-Mesh-Pro-UK,402
Ubiquiti UACC-Cable-PT-20M,131
Ubiquiti UACC-OFC-S2-LULU-5M,29
Ubiquiti AF-5G23-S45,189
Ubiquiti GBE-Plus-EU,381
Ubiquiti PC-12,1290
Ubiquiti U6-Mesh-UK,381
Ubiquiti UACC-Cable-PT-30M,195
Ubiquiti UACC-OFC-SA-MPMP-0.5M,133
Ubiquiti AF-5G30-S45,224
Ubiquiti HDD-8TB,426
Ubiquiti POE-15-12W,24
Ubiquiti U6-Pro,328
Ubiquiti UACC-Cable-PT-3M,52
Ubiquiti UACC-OFC-SA-MPMP-0.5M-10,1178
Ubiquiti AF-5G34-S45,602
Ubiquiti Horn-5-30,146
Ubiquiti POE-15-12W(EU),24
Ubiquiti U6+,203
Ubiquiti UACC-Cable-PT-50M,326
Ubiquiti UACC-OFC-SA-MPMP-10M,158
Ubiquiti AF-5U,2003
Ubiquiti Horn-5-45,146
Ubiquiti POE-24-12W,24
Ubiquiti U7-IW,301
Ubiquiti UACC-Cable-PT-5M,74
Ubiquiti UACC-OFC-SA-MPMP-15M,299
Ubiquiti AF-5XHD-U,789
Ubiquiti Horn-5-60,146
Ubiquiti POE-24-12W-5P,88
Ubiquiti U7-Lite,202
Ubiquiti UACC-Cable-PT-Ext,74
Ubiquiti UACC-OFC-SA-MPMP-1M,133
Ubiquiti AF-MPx4,163
Ubiquiti Horn-5-90,146
Ubiquiti POE-24-12W-5P-EU,88
Ubiquiti U7-Outdoor,398
Ubiquiti UACC-OFC-SM-PATCH-APC-APC,16
Ubiquiti UACC-OFC-SA-MPMP-1M-10,1178
Ubiquiti AF-MPx8,226
Ubiquiti INS-3AF-I-G,48
Ubiquiti POE-24-12W-G,34
Ubiquiti U7-Pro,368
Ubiquiti UACC-Cable-UHS-1M,48
Ubiquiti UACC-OFC-SA-MPMP-3M,139
Ubiquiti AF11-Complete-HB-EU,3085
Ubiquiti INS-3AF-O-G,52
Ubiquiti POE-24-12W-G EU,34
Ubiquiti U7-Pro-5,1750
Ubiquiti UACC-Cable-USB-100W-0.3M-BK,52
Ubiquiti UACC-OFC-SA-MPMP-3M-10,1202
Ubiquiti AF11-Complete-LB-EU,3066
Ubiquiti INS-3AF-USB,44
Ubiquiti POE-24-12W-G-WH,34
Ubiquiti U7-Pro-Max,557
Ubiquiti UACC-Cable-USB-100W-1M-BK,61
Ubiquiti UACC-OFC-SA-MPMP-5M,144
Ubiquiti AF60-EU,602
Ubiquiti INS-8023af-I,44
Ubiquiti POE-24-12W-G-WH-EU,34
Ubiquiti U7-Pro-Outdoor,563
Ubiquiti UACC-Cable-USB-100W-2M-BK,72
Ubiquiti UACC-OM-MM-10G-D,52
Ubiquiti AF60-HD,776
Ubiquiti INS-8023af-O,45
Ubiquiti POE-24-12W-WH,24
Ubiquiti U7-Pro-Wall,398
Ubiquiti UACC-Camera-AM-B,101
Ubiquiti UACC-OM-MM-10G-D-2,82
Ubiquiti AF60-LR-EU,632
Ubiquiti IP67CA-RPSMA,21
Ubiquiti POE-24-12W-WH-EU,24
Ubiquiti UA-Button,88
Ubiquiti UACC-Camera-AM-W,101
Ubiquiti UACC-OM-MM-10G-D-20,722
Ubiquiti AF60-U,602
Ubiquiti IS-5AC,238
Ubiquiti POE-24-12W(EU),24
Ubiquiti UA-Card,82
Ubiquiti UACC-Camera-CJB-B,101
Ubiquiti UACC-OM-MM-1G-D,29
Ubiquiti AF60-XG,2203
Ubiquiti IS-M5-U,206
Ubiquiti POE-24-24W,34
Ubiquiti UA-Card-B-10,71
Ubiquiti UACC-Camera-CJB-W,101
Ubiquiti UACC-OM-MM-1G-D-2,45
Ubiquiti AF60-XG-EU,2203
Ubiquiti ISO-BEAM-16,28
Ubiquiti POE-24-24W-5P,98
Ubiquiti UA-Card-EU,82
Ubiquiti UACC-Camera-DM-B,118
Ubiquiti UACC-OM-MM-1G-D-20,322
Ubiquiti AF60-XR,2203
Ubiquiti ISO-Beam-620,146
Ubiquiti POE-24-24W-5P-EU,98
Ubiquiti UA-Card-W-10,71
Ubiquiti UACC-Camera-DM-W,118
Ubiquiti UACC-OM-QSFP28-LR4,598
Ubiquiti AF60-XR-EU,2203
Ubiquiti IW-HD-BK-3,88
Ubiquiti POE-24-24W-G,39
Ubiquiti UA-G2,277
Ubiquiti UACC-Camera-JB-B,101
Ubiquiti UACC-OM-QSFP28-PSM4,358
Ubiquiti AF60LR-Radome,71
Ubiquiti IW-HD-CF-3,88
Ubiquiti POE-24-24W-G-EU,39
Ubiquiti UA-G2-Pro-Black,718
Ubiquiti UACC-Camera-JB-W,101
Ubiquiti UACC-OM-QSFP28-SR4,139
Ubiquiti AFi-ALN-EU,1477
Ubiquiti IW-HD-CT-3,88
Ubiquiti POE-24-24W-G-WH,34
Ubiquiti UA-G2-SK,576
Ubiquiti UACC-Chime-PoE,163
Ubiquiti UACC-OM-SFP10-1270,198
Ubiquiti AFi-ALN-R-EU,802
Ubiquiti IW-HD-MB-3,88
Ubiquiti POE-24-24W-G-WH-EU,34
Ubiquiti UA-G2-SK-Pro,1189
Ubiquiti UACC-CKG2-Plus Stand,48
Ubiquiti UACC-OM-SFP10-1290,198
Ubiquiti AFi-ALN-R-UK,802
Ubiquiti IW-HD-WD-3,88
Ubiquiti POE-24-24W-WH,34
Ubiquiti UA-G3-B,277
Ubiquiti UACC-CM-RJ45-10G,114
Ubiquiti UACC-OM-SFP10-1310,198
Ubiquiti AFi-Cable-USB-0.3M,52
Ubiquiti LAP-120-U,163
Ubiquiti POE-24-24W-WH-EU,34
Ubiquiti UA-G3-Flex-B,350
Ubiquiti UACC-CM-RJ45-1G,45
Ubiquiti UACC-OM-SFP10-1330,198
Ubiquiti AFi-Cable-USB-2M,72
Ubiquiti LAP-GPS-U,189
Ubiquiti POE-24-24W(EU),34
Ubiquiti UA-G3-Flex-W,350
Ubiquiti UACC-CM-RJ45-MG,139
Ubiquiti UACC-OM-SFP10-1450,299
Ubiquiti AFi-Cable-USB-4.5M,83
Ubiquiti LBE-5AC-Gen2,123
Ubiquiti POE-24-30W,39
Ubiquiti UA-G3-Pro-B,714
Ubiquiti UACC-CRB,61
Ubiquiti UACC-OM-SFP10-1470,299
Ubiquiti AFi-Cable-USB-7M,126
Ubiquiti LBE-5AC-Gen2-5,602
Ubiquiti POE-24-30W-EU,39
Ubiquiti UA-G3-Pro-W,714
Ubiquiti UACC-CRE,52
Ubiquiti UACC-OM-SFP10-1490,299
Ubiquiti AFi-G-UK,752
Ubiquiti LBE-5AC-Gen2-U,123
Ubiquiti POE-24-30W-G-WH,39
Ubiquiti UA-G3-SK,552
Ubiquiti UACC-CRS,61
Ubiquiti UACC-OM-SFP10-1510,299
Ubiquiti AFi-HD-EU,701
Ubiquiti LBE-5AC-LR,211
Ubiquiti POE-24-30W-G-WH-EU,39
Ubiquiti UA-G3-SK-Pro,1074
Ubiquiti UACC-CWDM-4,402
Ubiquiti UACC-OM-SFP10-1530,299
Ubiquiti AFi-HD-RU,701
Ubiquiti LBE-5AC-LR-5,1040
Ubiquiti POE-24-7W-G-WH,23
Ubiquiti UA-G3-W,277
Ubiquiti UACC-CWDM-8,701
Ubiquiti UACC-OM-SFP10-1550,299
Ubiquiti AFi-HD-UK,701
Ubiquiti LBE-5AC-LR-EU,211
Ubiquiti POE-24-7W-G-WH-EU,23
Ubiquiti UA-Hub,398
Ubiquiti UACC-DAC-QSFP28-0.5M,84
Ubiquiti UACC-OM-SFP10-1570,299
Ubiquiti AFi-INS,362
Ubiquiti LBE-5AC-XR,261
Ubiquiti POE-24-AF5X,39
Ubiquiti UA-Hub-Door,398
Ubiquiti UACC-DAC-QSFP28-0.5M-10,579
Ubiquiti UACC-OM-SFP10-1590,299
Ubiquiti AFi-INS-EU,362
Ubiquiti LBE-M5-23-U,91
Ubiquiti POE-24-AF5X-EU,39
Ubiquiti UA-Hub-Door-Mini,213
Ubiquiti UACC-DAC-QSFP28-1M,82
Ubiquiti UACC-OM-SFP28-LR,238
Ubiquiti AFi-INS-R,198
Ubiquiti Loco5AC,93
Ubiquiti POE-48-24W,34
Ubiquiti UA-Hub-Gate,552
Ubiquiti UACC-DAC-QSFP28-1M-10,638
Ubiquiti UACC-OM-SFP28-SR,101
Ubiquiti AFI-INS-R-EU,198
Ubiquiti Loco5AC-5,451
Ubiquiti POE-48-24W-G,39
Ubiquiti UA-Intercom,597
Ubiquiti UACC-DAC-QSFP28-3M,114
Ubiquiti UACC-OM-SM-10G-D-2,179
Ubiquiti AFI-INS-R-UK,198
Ubiquiti LocoM2,91
Ubiquiti POE-48-24W-G EU,39
Ubiquiti UA-Intercom-Viewer,301
Ubiquiti UACC-DAC-SFP10-0.5M,39
Ubiquiti UACC-OM-SM-10G-D-20,1622
Ubiquiti AFi-INS-UK,362
Ubiquiti LocoM2-U,91
Ubiquiti POE-48-24W-WH,34
Ubiquiti UA-Intercom-Viewer-3,899
Ubiquiti UACC-DAC-SFP10-1M,40
Ubiquiti UACC-OM-SM-10G-S-2,334
Ubiquiti AFi-P-HD-EU,238
Ubiquiti LocoM2(EU),91
Ubiquiti POE-48-24W-WH-EU,34
Ubiquiti UA-Lite-EU,198
Ubiquiti UACC-DAC-SFP10-3M,52
Ubiquiti UACC-OM-SM-10G-S-20,3024
Ubiquiti AFi-P-HD-UK,238
Ubiquiti LocoM5,123
Ubiquiti POE-48-24W(EU),34
Ubiquiti UA-Lock-Electric,158
Ubiquiti UACC-DAC-SFP28-0.5M,58
Ubiquiti UACC-OM-SM-1G-S-2,58
Ubiquiti AFi-R,277
Ubiquiti LocoM5-U,123
Ubiquiti POE-50-60W,66
Ubiquiti UA-Lock-Magnetic-270kg,301
Ubiquiti UACC-PoE+-2.5G,48
Ubiquiti UACC-OM-SM-1G-S-20,421
Ubiquiti AFi-R-EU,277
Ubiquiti LocoM5(EU),123
Ubiquiti POE-50-60W(EU),66
Ubiquiti UA-Lock-Magnetic-540kg,402
Ubiquiti UACC-PoE+-2.5G-EU,48
Ubiquiti AFi-R-RU,277
Ubiquiti LTU-Instant-5,699
Ubiquiti POE-54V-80W,66
Ubiquiti UA-Pocket,198
Ubiquiti UACC-PoE+-USBC,98
Ubiquiti AFi-R-UK,277
Ubiquiti LTU-Lite,194
Ubiquiti POE-54V-80W-EU,66
Ubiquiti UA-Pro,598
Ubiquiti UACC-PoE+-USBC-EU,98
Ubiquiti AM-2G15-120,248
Ubiquiti LTU-Lite-EU,194
Ubiquiti POE-WM,13
Ubiquiti UA-Reader Lite,198
Ubiquiti UACC-Display-AM,632
Ubiquiti AM-2G16-90,248
Ubiquiti LTU-Lite-U,194
Ubiquiti PS-5AC,557
Ubiquiti UA-Rescue,162
Ubiquiti UACC-Display-FM,421
Ubiquiti AM-3G18-120,349
Ubiquiti LTU-LR,277
Ubiquiti PS-5AC-EU,557
Ubiquiti UA-SK,1000
Ubiquiti UACC-Display-SM,274
Ubiquiti AM-5AC21-60,363
Ubiquiti LTU-LR-EU,277
Ubiquiti PS-5AC-U,557
Ubiquiti UA-SK-Elevator,1800
Ubiquiti UACC-Display-TS,317
Ubiquiti AM-5AC22-45,363
Ubiquiti LTU-LR-U,277
Ubiquiti Quick-Mount,52
Ubiquiti UA-SK-Gate-EU,1400
Ubiquiti UACC-Dome-FM-W,88
Ubiquiti AM-5G16-120,146
Ubiquiti LTU-Pro,350
Ubiquiti R2AC-PRISM,389
Ubiquiti UA-Ultra,202
Ubiquiti UACC-Dome-WS-W,68
Ubiquiti AM-5G17-90,146
Ubiquiti LTU-Pro-EU,350
Ubiquiti R2AC-PRISM-EU,389
Ubiquiti UACC-Adapter-AC-210W,168
Ubiquiti UACC-PSU-12V-150W,243
Ubiquiti AM-5G19-120,248
Ubiquiti LTU-Pro-U,350
Ubiquiti R2AC-PRISM-U,389
Ubiquiti UACC-Adapter-AC-210W-EU,168
Ubiquiti UACC-PSU-12V-550W,318
Ubiquiti AM-5G20-90,248
Ubiquiti LTU-Rocket,762
Ubiquiti R5AC-Lite,248
Ubiquiti UACC-Adapter-AC-210W-UK,168
Ubiquiti UACC-Dual-Power-Injector,163
Ubiquiti AM-9M13-120,499
Ubiquiti LTU-Rocket-EU,762
Ubiquiti R5AC-Lite-EU,248
Ubiquiti UACC-Adapter-DBAC-EU,74
Ubiquiti UACC-PSU-12V-550W-EU,318
Ubiquiti AM-M-V5G-Ti,314
Ubiquiti LTU-Rocket-U,762
Ubiquiti R5AC-Lite-U,248
Ubiquiti UACC-Adapter-PoE-USBC,110
Ubiquiti UACC-PSU-12V-550W-UK,318
Ubiquiti AM-V2G-Ti,499
Ubiquiti LTU-XR,261
Ubiquiti RAD-RD2,106
Ubiquiti UACC-Adapter-PT-120W,74
Ubiquiti UACC-PSU-27V-250W,277
Ubiquiti AMO-2G10,314
Ubiquiti LTU-XR-EU,261
Ubiquiti RAD-RD3,173
Ubiquiti UACC-Adapter-PT-120W-EU,74
Ubiquiti UACC-PSU-27V-250W-EU,277
Ubiquiti AMO-2G13,451
Ubiquiti MUSB-1A-B-5,39
Ubiquiti RD-2G24,288
Ubiquiti UACC-AE,66
Ubiquiti UACC-PSU-UDW,266
Ubiquiti AMO-3G12,288
Ubiquiti MUSB-1A-B-5-EU,39
Ubiquiti RD-5G30,248
Ubiquiti UACC-AI-360-JB,101
Ubiquiti UACC-Rack-Ear-1U,29
Ubiquiti AMO-5G10,226
Ubiquiti N-SW,84
Ubiquiti RD-5G30-LW,181
Ubiquiti UACC-AI-360-JB-W,101
Ubiquiti UACC-Rack-Ear-2U,40
Ubiquiti AMO-5G13,301
Ubiquiti nanoHD-RCM-3,93
Ubiquiti RD-5G31-AC,626
Ubiquiti UACC-AI-Port-RM,139
Ubiquiti UACC-Rack-Panel-Blank-1U,52
Ubiquiti AMY-9M16x2,363
Ubiquiti nanoHD-RetroFit-3,66
Ubiquiti RD-5G34,552
Ubiquiti UACC-AI-Pro-Enhancer,529
Ubiquiti UACC-Rack-Panel-Blank-2U,72
Ubiquiti AP-5AC-90-HD,827
Ubiquiti NB-OD3,61
Ubiquiti RocketM2,163
Ubiquiti UACC-AI-Pro-Enhancer-W,529
Ubiquiti UACC-G4 Doorbell Pro PoE-Gang Box,82
Ubiquiti B-DB-AC,181
Ubiquiti NB-OD9,61
Ubiquiti RocketM2-U,163
Ubiquiti UACC-AI-Theta-Angle Mount-Camera,71
Ubiquiti UACC-G4 Doorbell Pro PoE-Gang Box-White,82
Ubiquiti BulletAC-IP67,248
Ubiquiti NBE-16-WM,23
Ubiquiti RocketM2(EU),163
Ubiquiti UACC-AI-Theta-Audio-Cable-1M,48
Ubiquiti UACC-G4-DB-Pro-Cover-Brick,71
Ubiquiti BulletM2-HP,146
Ubiquiti NBE-2AC-13,184
Ubiquiti RocketM3,323
Ubiquiti UACC-AI-Theta-CMS,48
Ubiquiti UACC-G4-DB-Pro-Cover-Concrete,71
Ubiquiti CK-Enterprise,10258
Ubiquiti NBE-2AC-13-EU,184
Ubiquiti RocketM3-U,323
Ubiquiti UACC-AI-Theta-Pro-Angle Mount-Camera,71
Ubiquiti UACC-G4-DB-Pro-Cover-Silver,71
Ubiquiti CK-Enterprise-EU,10258
Ubiquiti NBE-2AC-13-U,184
Ubiquiti RocketM3(EU),323
Ubiquiti UACC-AI-Theta-Pro-PFM-Camera,71
Ubiquiti UACC-G4-DB-Pro-Cover-White,71
Ubiquiti CKG2-RM,198
Ubiquiti NBE-5AC-Gen2,184
Ubiquiti RocketM365,323
Ubiquiti UACC-AI-Theta-Video-Cable-1M,68
Ubiquiti UACC-G4-DB-Pro-Cover-Wood,71
Ubiquiti EAH-8,2000
Ubiquiti NBE-5AC-Gen2-EU,184
Ubiquiti RocketM365-U,323
Ubiquiti UACC-AOC-QSFP28-10M,358
Ubiquiti UACC-G4-DBP-Cable-USB-7M,76
Ubiquiti EAH-8-EU,2000
Ubiquiti NBE-5AC-Gen2-U,184
Ubiquiti RocketM365(EU),323
Ubiquiti UACC-AOC-QSFP28-20M,402
Ubiquiti UACC-G4-Dome-Arm Mount,48
Ubiquiti EP-24V-72W,326
Ubiquiti NBE-M5-16,123
Ubiquiti RocketM5,163
Ubiquiti UACC-AOC-QSFP28-5M,346
Ubiquiti UACC-G4-INS-Cable-USB-4.5M,53
Ubiquiti EP-24V-72W-EU,326
Ubiquiti NBE-M5-16 EU,123
Ubiquiti RocketM5-U,163
Ubiquiti UACC-AOC-SFP10-10M,91
Ubiquiti UACC-G4-INS-Cover-Dark Grey,34
Ubiquiti EP-24V-72W-U,326
Ubiquiti NBE-M5-16 U,123
Ubiquiti RP-5AC-Gen2,456
Ubiquiti UACC-AOC-SFP10-20M,110
Ubiquiti UACC-G4-INS-Cover-Grey,34
Ubiquiti EP-54V-150W,374
Ubiquiti NBE-WMK,15
Ubiquiti RP-5AC-Gen2-EU,456
Ubiquiti UACC-AOC-SFP10-30M,131
Ubiquiti UACC-G4-INS-Cover-Light Grey,34
Ubiquiti EP-54V-150W-AC,146
Ubiquiti NBM3,288
Ubiquiti RP-5AC-Gen2-U,456
Ubiquiti UACC-AOC-SFP10-5M,88
Ubiquiti UACC-G5-Dome-Ultra-FM-B,88
Ubiquiti EP-54V-150W-AC-EU,146
Ubiquiti NBM3-U,288
Ubiquiti RPS-AC-100W,131
Ubiquiti UACC-AOC-SFP28-10M,171
Ubiquiti UACC-G5-Dome-Ultra-FM-SB-B,88
Ubiquiti EP-54V-150W-DC,146
Ubiquiti NBM3(EU),288
Ubiquiti RPS-AC-100W-EU,131
Ubiquiti UACC-AOC-SFP28-20M,190
Ubiquiti UACC-G5-Dome-Ultra-FM-SB-W,88
Ubiquiti EP-54V-150W-EU,374
Ubiquiti NBM365,288
Ubiquiti RPS-DC-100W,168
Ubiquiti UACC-AOC-SFP28-30M,211
Ubiquiti UACC-G5-Dome-Ultra-FM-W,88
Ubiquiti EP-54V-72W,326
Ubiquiti NBM365-U,288
Ubiquiti SM-SP-40,402
Ubiquiti UACC-AOC-SFP28-5M,150
Ubiquiti UACC-G5-Enhancer,202
Ubiquiti EP-54V-72W-EU,326
Ubiquiti NBM365(EU),288
Ubiquiti SM-SW-40,402
Ubiquiti UACC-AP-AM,68
Ubiquiti UACC-G5-PTZ-CA,68
Ubiquiti EP-R6,226
Ubiquiti nHD-cover-Black-3,93
Ubiquiti TC-Con,2253
Ubiquiti UACC-Bullet-AB-B,48
Ubiquiti UACC-G5-PTZ-CM,48
Ubiquiti EP-R6-EU,226
Ubiquiti nHD-cover-Camo-3,93
Ubiquiti TC-GND,1502
Ubiquiti UACC-Bullet-AB-W,48
Ubiquiti UACC-G5-PTZ-ICM,88
Ubiquiti EP-R6-U,226
Ubiquiti nHD-cover-Concrete-3,93
Ubiquiti U-Cable-C6-CMP,677
Ubiquiti UACC-Cable-C5e-Outdoor-Pro-305M-W,339
Ubiquiti UACC-G5-PTZ-PM,48
Ubiquiti EP-R8,874
Ubiquiti nHD-cover-Fabric-3,93
Ubiquiti U-Cable-C6-CMR,402
Ubiquiti UACC-Cable-C6A-CMP,1051
Ubiquiti UACC-G5-PTZ-SM,68
Ubiquiti EP-R8-EU,874
Ubiquiti nHD-cover-Marble-3,93
Ubiquiti U-Cable-Patch-0.3M-RJ45,15
Ubiquiti UACC-Cable-C6A-CMR,594
Ubiquiti UACC-GB-Plate-W,88
Ubiquiti EP-R8-U,874
Ubiquiti nHD-cover-Wood-3,93
Ubiquiti U-Cable-Patch-0.3M-RJ45-BK,15
Ubiquiti UACC-Cable-DoorLockRelay-1P,248
Ubiquiti UACC-HDD-E-16TB,787
Ubiquiti EP-S16,1178
Ubiquiti NS-5AC,238
Ubiquiti U-Cable-Patch-0.3M-RJ45-BL,15
Ubiquiti UACC-Cable-DoorLockRelay-2P,323
Ubiquiti UACC-HDD-E-24TB,1125
Ubiquiti EP-S16-EU,1178
Ubiquiti NS-5AC-EU,238
Ubiquiti U-Cable-Patch-1M-RJ45,16
Ubiquiti UACC-Cable-Patch-EL-0.15M-W,20
Ubiquiti UACC-HDD-E-8TB,541
Ubiquiti EP-S16-U,1178
Ubiquiti NS-5AC-U,238
Ubiquiti U-Cable-Patch-1M-RJ45-BK,16
Ubiquiti UACC-Cable-Patch-EL-0.15M-W-24,171
Ubiquiti UACC-HDD-S-8TB,426
Ubiquiti ER-10X,213
Ubiquiti NS-WM,44
Ubiquiti U-Cable-Patch-1M-RJ45-BL,16
Ubiquiti UACC-Cable-Patch-EL-0.3M-W,21
Ubiquiti UACC-Uplink-SFP28-0.15M,68
Ubiquiti ER-10X-EU,213
Ubiquiti NSM2,163
Ubiquiti U-Cable-Patch-2M-RJ45,18
Ubiquiti UACC-Cable-Patch-EL-12M-W,56
Ubiquiti UACC-Uplink-SFP28-0.15M-10,499
Ubiquiti ER-12,464
Ubiquiti NSM2-U,163
Ubiquiti U-Cable-Patch-2M-RJ45-BK,18
Ubiquiti UACC-Cable-Patch-EL-15M-W,63
Ubiquiti UACC-Uplink-SFP28-0.3M,88
Ubiquiti ER-12-EU,464
Ubiquiti NSM2(EU),163
Ubiquiti U-Cable-Patch-2M-RJ45-BL,18
Ubiquiti UACC-Cable-Patch-EL-1M-W,23
Ubiquiti UACC-Uplink-SFP28-30M,162
Ubiquiti ER-12-U,464
Ubiquiti NSM365,238
Ubiquiti U-Cable-Patch-3M-RJ45,20
Ubiquiti UACC-Cable-Patch-EL-2M-W,24
Ubiquiti UACC-Uplink-SFP28-3M,122
Ubiquiti ER-12P,598
Ubiquiti NSM365-U,238
Ubiquiti U-Cable-Patch-3M-RJ45-BK,20
Ubiquiti UACC-Cable-Patch-EL-3M-W,29
Ubiquiti UACC-Wave-AP-Micro-Mount,203
Ubiquiti ER-4,363
Ubiquiti NSM365(EU),238
Ubiquiti U-Cable-Patch-3M-RJ45-BL,20
Ubiquiti UACC-Cable-Patch-EL-5M-W,32
Ubiquiti UACC-Junction-Utility,238
Ubiquiti ER-4-EU,363
Ubiquiti NSM5,163
Ubiquiti U-Cable-Patch-5M-RJ45,21
Ubiquiti UACC-Cable-Patch-EL-8M-W,40
Ubiquiti UAP-AC-HD,619
Ubiquiti ER-4-U,363
Ubiquiti NSM5-U,163
Ubiquiti U-Cable-Patch-5M-RJ45-BK,21
Ubiquiti UACC-Cable-Patch-EL-C6A-0.15M-W,21
Ubiquiti UAP-AC-HD-5,2990
Ubiquiti ER-6P,446
Ubiquiti NSM5(EU),163
Ubiquiti U-Cable-Patch-5M-RJ45-BL,21
Ubiquiti UACC-Cable-Patch-EL-C6A-0.15M-W-24,198
Ubiquiti UAP-AC-HD-EU,619
Ubiquiti ER-6P-EU,446
Ubiquiti PAK-620,74
Ubiquiti U-Cable-Patch-8M-RJ45,26
Ubiquiti UACC-Cable-Patch-EL-C6A-0.3M-W,23
Ubiquiti UAP-AC-HD-U,619
Ubiquiti ER-6P-U,446
Ubiquiti PBE-2AC-400,221
Ubiquiti U-Cable-Patch-8M-RJ45-BK,26
Ubiquiti UAP-AC-IW,184
Ubiquiti ER-8-XG,3091
Ubiquiti PBE-2AC-400-EU,221
Ubiquiti U-Cable-Patch-8M-RJ45-BL,26
Ubiquiti UAP-AC-IW-5,902
Ubiquiti ER-8-XG-EU,3091
Ubiquiti PBE-2AC-400-U,221
Ubiquiti U-Cable-Patch-RJ45,15
Ubiquiti UAP-AC-LITE,163
Ubiquiti UACC-Lite-AP-AM,52
Ubiquiti UAP-AC-LITE-5,739
Ubiquiti UACC-LRE,71
Ubiquiti UAP-AC-LITE-EU,163
Ubiquiti UACC-OADP-SC-APC-50,28
Intel 11th Gen i5 11600KF CPU,412
Intel 11th Gen i5 11600K CPU,429
Intel 11th Gen i7 11700F CPU,527
Intel 11th Gen i7 11700 CPU,569
Intel 11th Gen i7 11700K CPU,589
Intel 11th Gen i9 11900F CPU,639
Intel 11th Gen i9 11900KF CPU,647
Intel 11th Gen i9 11900K CPU,649
"Corsair 7000D Airflow , Black",329
"Corsair 7000D Airflow , White",329
"Corsair iCUE 7000X RGB , Black",419
"Corsair iCUE 7000X RGB , White",419
"Corsair iCUE 5000X RGB TG , Black",269
"Corsair iCUE 5000X RGB TG , White",269
"Corsair 5000D Airflow TG , Black",209
"Corsair 5000D Airflow TG , White",209
"Corsair 5000D TG , Black",209
"Corsair iCUE 4000X RGB TG , Black",189
"Corsair iCUE 4000X RGB TG , White",189
"Corsair 4000D TG , Black",139
"Corsair 4000D TG , White",139
"Corsair 4000D Airflow TG , White",139
"Corsair Carbide 275R Airflow , Black",119
"Corsair Carbide 275R Airflow , Whit",119
Corsair Carbide 275R — Black ( TG,115
Corsair Carbide 275R — White ( TG,115
Corsair Carbide 275R — Black (Windo,105
Corsair Carbide 275R — White (Windo,105
Corsair Carbide 275Q Quiet Gaming,115
Corsair Carbide 100R Silent Edition,99
Corsair Carbide 100R Mid Tower,82
CORSAIR Carbide 175R RGB TG Gaming,99
Corsair iCUE 220T RGB Airflow TG Sma,165
Corsair iCUE 220T RGB Airflow TG,165
CORSAIR iCUE 465X RGB TG - Black,219
CORSAIR iCUE 465X RGB TG - White,219
Crystal 280X RGB TG — Black,249
Crystal 280X RGB TG — White,249
CORSAIR Crystal 680X RGB -Black,369
CORSAIR Crystal 680X RGB -White,369
CORSAIR Carbide 678C - Black,199
CORSAIR Carbide 678C - White,199
Corsair Obsidian 500D RGB SE Premium,389
Crystal 570X RGB TG Black,299
Crystal 570X RGB TG White,299
Crystal 570X RGB TG Black Mirror,299
Obsidian 1000D Super-Tower,729
QNAP TS-233 2-Bay 2GB RAM Desktop,336
"QNAP 2-Bay Desktop NAS, Intel Cele",682
QNAP 4-Bay Desktop ARM A-55 2GHz C,627
QNAP 4-bay Intel Celeron N5105/N50,869
QNAP 4-Bay NAS AMD Ryzen quad-cor,1166
"QNAP 4-Bay NAS, Intel Core i3-8100",2233
QNAP 4-Bay quad-core 1.7GHz 1U sho,979
QNAP Short depth 1U rackmount 4-ba,1056
QNAP 6-bay Intel Celeron N5105/N50,1100
"QNAP 6-bay NAS, AMD Ryzen V1000 se",1320
"QNAP 6-Bay NAS, Intel Core i3 NAS",2640
"QNAP 8-bay NAS, AMD Ryzen V1000 s",1595
"QNAP 8-Bay NAS, Intel core i5-8400",3080
QNAP TS-873AeU-RP-4G 8-Bay Rackmou,2772
"QNAP 9-bay NAS, AMD Ryzen V1500B 4",1452
QNAP 2-bay 3.5” SATA HDD USB 3.1 G,264
QNAP 4-bay 3.5” SATA HDD USB 3.0 t,341
QNAP M.2 2280 PCIe NVMe to U.2 PCI,88
QNAP QM2-2P-384 Dual M.2 PCIe SSD,242
QNAP QM2-4P-384 Quad M.2 PCIe SSD,264
QNAP 2 x PCIe Gen3 NVMe SSD & 1 x,341
QNAP QXG-10G1TB Single-port (10Gba,193
QNAP 2 x RJ-45 10gBe Ports PCIe 3.,337
QNAP CAB-DAC30M-SFPP SFP+ 10GbE tw,113
QNAP CAB-SAS05M-8644 Mini SAS cabl,113
QNAP PWR-ADAPTER-65W-A01 65W exter,116
QNAP PWR-ADAPTER-90W-A01 90W exter,116
QNAP SP-2BAY-ADAPTOR-90W 90W exter,127
QNAP PWR-ADAPTER-120W-A01 120W 4pi,143
QNAP PWR-PSU-100W-DT01 100W open f,132
QNAP PWR-PSU-250W-DT02 250W Delta,171
QNAP PWR-PSU-300W-DT01 300W power,319
QNAP PWR-PSU-300W-DT02 300W power,319
QNAP SP-469U-S-PSU 250W single pow,424
QNAP RAIL-B02 Rack Slide Rail Kit,131
QNAP RAIL-A02-90 A02 (Chass,264
Fractal Design Define 7 XL Black - Solid Panel FD-C-DEF7X-01,330
Fractal Design Define 7 XL Black - Light Tint Tempered Glass FD-C-DEF7X-02,355
Fractal Design Define 7 XL Black - Dark Tint Tempered Glass FD-C-DEF7X-03,355
Fractal Design Define 7 Black Solid FD-C-DEF7A-01,268
Fractal Design Define 7 Black TG Light Tint FD-C-DEF7A-02,282
Fractal Design Define 7 Black TG Dark Tint FD-C-DEF7A-03,282
Fractal Design Define 7 White TG Clear Tint FD-C-DEF7A-06,282
Fractal Design Define 7 Grey TG Light Tint FD-C-DEF7A-08,282
Fractal Design Define 7 Compact Black Solid FD-C-DEF7C-01,179
Fractal Design Define 7 Compact White Solid FD-C-DEF7C-05,179
Fractal Design Define 7 Compact Black TG Dark Tint FD-C-DEF7C-02,199
Fractal Design Define 7 Compact Black TG Light Tint FD-C-DEF7C-03,199
Fractal Design Define 7 Compact White TG Clear Tint FD-C-DEF7C-04,199
Fractal Design Define 7 Mini Black Solid FD-C-DEF7M-01,188
Fractal Design Define 7 Mini Black TG Light Tint FD-C-DEF7M-02,188
Fractal Design Define 7 Nano Black Solid FD-C-DEF7N-01,168
Fractal Design Define 7 Nano Black TG Light Tint FD-C-DEF7N-02,168
Fractal Design North Charcoal Black FD-C-NOR1C-01,225
Fractal Design North Charcoal Black TG Dark Tint FD-C-NOR1C-02,225
Fractal Design North Chalk White FD-C-NOR1C-03,225
Fractal Design North Chalk White TG Clear Tint C-NOR1C-04,225
Fractal Design Torrent Black TG Light Tint FD-C-TOR1A-01,305
Fractal Design Torrent Gray TG Light Tint FD-C-TOR1A-02,305
Fractal Design Torrent White TG Clear Tint FD-C-TOR1A-03,305
Fractal Design Torrent Black RGB TG Light Tint FD-C-TOR1A-04,375
Fractal Design Torrent Black Solid FD-C-TOR1A-05,290
Fractal Design Torrent Black TG Dark Tint FD-C-TOR1A-06,305
Fractal Design Torrent RGB White TG clear tint FD-C-TOR1A-07,375
Fractal Design Torrent Compact Black TG Dark Tint FD-C-TOR1C-01,230
Fractal Design Torrent Compact RGB Black TG Light Tint FD-C-TOR1C-02,260
Fractal Design Torrent Compact White TG Clear Tint FD-C-TOR1C-03,230
Fractal Design Torrent Compact Black Solid FD-C-TOR1C-04,215
Fractal Design Torrent Nano Black TG Dark Tint FD-C-TOR1N-01,200
Fractal Design Torrent Nano RGB Black TG Light Tint FD-C-TOR1N-02,215
Fractal Design Torrent Nano White TG Clear Tint FD-C-TOR1N-03,200
Fractal Design Torrent Nano Black Solid FD-C-TOR1N-04,185
Fractal Design Meshify 2 XL Black TG Dark Tint FD-C-MES2X-01,320
Fractal Design Meshify 2 XL Black TG Light Tint FD-C-MES2X-02,320
Fractal Design Meshify 2 RGB Black TG Light tint FD-C-MES2A-06,279
Fractal Design Meshify 2 RGB White TG Clear tint FD-C-MES2A-08,279
Fractal Design Meshify 2 Black Solid FD-C-MES2A-01,230
Fractal Design Meshify 2 Black TG Dark Tint FD-C-MES2A-02,250
Fractal Design Meshify 2 Black TG Light Tint FD-C-MES2A-03,250
Fractal Design Meshify 2 Gray TG Light Tint FD-C-MES2A-04,250
Fractal Design Meshify 2 White TG Clear Tint FD-C-MES2A-05,250
Fractal Design Meshify 2 Lite Black TG Light tint FD-C-MEL2A-03,190
Fractal Design Meshify 2 Lite White TG Clear FD-C-MEL2A-04,190
Fractal Design Meshify 2 Lite RGB Black TG Light tint FD-C-MEL2A-05,225
Fractal Design Meshify 2 Compact Black Solid FD-C-MES2C-01,185
Fractal Design Meshify 2 Compact Black TG Dark Tint FD-C-MES2C-02,199
Fractal Design Meshify 2 Compact Black TG Light Tint FD-C-MES2C-03,199
Fractal Design Meshify 2 Compact Gray TG Light Tint FD-C-MES2C-04,199
Fractal Design Meshify 2 Compact White TG Clear Tint FD-C-MES2C-05,199
Fractal Design Meshify 2 Compact RGB Black TG Light Tint FD-C-MES2C-06,225
Fractal Design Meshify 2 Compact RGB White TG Clear Tint FD-C-MES2C-08,225
Fractal Design Meshify 2 Compact Lite Black TG Light tint FD-C-MEL2C-03,165
Fractal Design Meshify 2 Compact Lite White TG Clear FD-C-MEL2C-04,165
Fractal Design Meshify 2 Compact Lite RGB Black TG Light tint FD-C-MEL2C-05,199
Fractal Design Meshify 2 Mini Black TG Dark Tint FD-C-MES2M-01,185
Fractal Design Meshify 2 Mini White TG Clear Tint FD-C-MES2M-02,185
Fractal Design Meshify 2 Nano Black TG Dark Tint FD-C-MES2N-01,170
Fractal Design Meshify 2 Nano White TG Clear Tint FD-C-MES2N-02,170
Fractal Design Pop Air Black Solid FD-C-POA1A-01,128
Fractal Design Pop Air Black TG Clear Tint FD-C-POA1A-02,128
Fractal Design Pop Air White TG Clear Tint FD-C-POA1A-03,128
Fractal Design Pop Air RGB White TG Clear Tint FD-C-POR1A-01,145
Fractal Design Pop Air RGB Black TG Clear Tint FD-C-POR1A-02,145
Fractal Design Pop Air RGB Magenta Core TG Clear Tint FD-C-POR1A-03,145
Fractal Design Pop Air RGB Green Core TG Clear Tint FD-C-POR1A-04,145
Fractal Design Pop Air RGB Orange Core TG Clear Tint FD-C-POR1A-05,145
Fractal Design Pop Air RGB Black TG Clear Tint FD-C-POR1A-06,145
Fractal Design Pop Silent Black Solid FD-C-POS1A-01,128
Fractal Design Pop Silent Black TG Clear Tint C-POS1A-02,128
Fractal Design Pop Silent White TG Clear Tint FD-C-POS1A-04,128
Fractal Design Pop Mini Air RGB White TG Clear Tint FD-C-POR1M-01,145
Fractal Design Pop Mini Air RGB Black TG Clear Tint FD-C-POR1M-06,145
Fractal Design Pop Mini Silent Black Solid FD-C-POS1M-01,130
Fractal Design Pop Mini Silent Black TG Clear Tint FD-C-POS1M-02,130
Fractal Design Pop XL Air RGB White TG Clear Tint FD-C-POR1X-01,170
Fractal Design Pop XL Air RGB Black TG Clear Tint FD-C-POR1X-06,170
Fractal Design Pop XL Silent Black Solid FD-C-POS1X-01,155
Fractal Design Pop XL Silent Black TG Clear Tint FD-C-POS1X-02,155
Fractal Design Fractal Design Ridge Black Mitx FD-C-RID1N-01,220
Fractal Design Fractal Design Ridge White mITX FD-C-RID1N-02,220
Fractal Design Focus 2 Black TG Clear Tint FD-C-FOC2A-01,111
Fractal Design Focus 2 White TG Clear Tint FD-C-FOC2A-02,111
Fractal Design Focus 2 RGB Black TG Clear Tint FD-C-FOC2A-03,126
Fractal Design Focus 2 RGB White TG Clear Tint FD-C-FOC2A-04,126
Fractal Design Focus 2 Black Solid FD-C-FOC2A-07,111
Fractal Design Focus G Black (Window Edition) FD-CA-FOCUS-BK-W,90
Fractal Design Focus G Blue (Window Edition) FD-CA-FOCUS-BU-W,90
Fractal Design Focus G Red (Window Edition) FD-CA-FOCUS-RD-W,90
Fractal Design Focus G White (Window Edition) FD-CA-FOCUS-WT-W,90
Fractal Design Focus Mini G Black (Window Edition) FD-CA-FOCUS-MINI-BKW,90
Fractal Design Node 804 FD-CA-NODE-804-BL-W,170
Fractal Design Node 304 FD-CA-NODE-304-BL,140
Fractal Design Node 202 FD-CA-NODE-202-BK,140
Fractal Design Core 500 FD-CA-CORE-500-BK,105
"Fractal Design ION SFX Gold 500W, Black, UK Cord FD-PSU-ION-SFX-500G-BK-UK",175
"Fractal Design ION SFX Gold 650W, Black, UK Cord FD-PSU-ION-SFX-650G-BK-UK",210
"Fractal Design ION+ 660P, 660W Fully Modular Power Supply FD-PSU-IONP-660P-BK-UK",205
Fractal Design ION Gold 750W Fully Modular Power Supply FD-P-IA2G-750-UK,180
Fractal Design ION Gold 850W Fully Modular Power Supply FD-P-IA2G-850-UK,200
Fractal Design Prisma AL-12 ARGB PWM Fan - Single Pack FD-FAN-PRI-AL12-PWM,35
Fractal Design Prisma AL-12 ARGB PWM Fan - Triple Pack FD-FAN-PRI-AL12-PWM-3P,90
Fractal Design Prisma AL-14 ARGB PWM Fan - Single Pack FD-FAN-PRI-AL14-PWM,40
Fractal Design Prisma AL-14 ARGB PWM Fan - Triple Pack FD-FAN-PRI-AL14-PWM-3P,99
Fractal Design Prisma AL-18 ARGB PWM Fan - Single Pack FD-FAN-PRI-AL18-PWM,70
Fractal Design Prisma AL-18 ARGB PWM Fan - Dual Pack FD-FAN-PRI-AL18-PWM-2P,115
Fractal Design Venturi HP-12 PWM Fan FD-FAN-VENT-HP12-PWM,33
Fractal Design Venturi HP-14 PWM Fan FD-FAN-VENT-HP14-PWM,39
Fractal Design Dynamic X2 GP-12 Fan (Black) FD-FAN-DYN-X2-GP12BK,22
Fractal Design Dynamic X2 GP-12 Fan (White) FD-FAN-DYN-X2-GP12WT,22
Fractal Design Dynamic X2 GP-14 Fan (Black) FD-FAN-DYN-X2-GP14BK,25
Fractal Design Dynamic X2 GP-14 Fan (White) FD-FAN-DYN-X2-GP14WT,25
"Fractal Design HDD Cage kit - Type B, Black FD-A-CAGE-001",22
Fractal Design USB-C 10Gbps Cable- Model D FD-A-USBC-001,18
"Fractal Design HDD Drive Tray Kit - Type B, Black, Dual pack FD-A-TRAY-001",22
SUUNTO VERTICAL TITANIUM,1229
SUUNTO VERTICAL,899
SUUNTO 9 PEAK PRO TITANIUM,849
SUUNTO 9 PEAK PRO,679
SUUNTO 9 PEAK TITANIUM,589
SUUNTO 9 PEAK,459
SUUNTO 5 PEAK,329
"Huawei AP362 Settled AP, Wi-Fi 6, indoor, Dual Radio(2.4G/5GHz), 2*2/2*2 MU-MIMO, 1*GE Base-T, internal smart antennas",359
"Huawei AP263 Wall-plate AP, Wi-Fi 6, indoor, Dual Radio(2.4G/5GHz), 2*2/2*2 MU-MIMO, 1*GE Base-T, 1*GE Base-T, BLE, USB, internal smart antennas",339
"Huawei AC650-128AP 10*GE ports, 2*10GE SFP+ ports, built-in 128 license",1849
"Huawei AC650-256AP 10*GE ports, 2*10GE SFP+ ports, built-in 256 license",2499
"Huawei S310-24P4S L2+ (static router), 24*10/100/1000BASE-T ports, 4*GE SFP ports, POE+(370W)",1339
"Huawei S310-24T4S L2+ (static route), 24*10/100/1000BASE-T ports, 4*GE SFP ports",739
"Huawei S310-48T4S L2+ (static route), 48*10/100/1000BASE-T ports, 4*GE SFP ports",1079
"Huawei S380-L4T1T 1*GE WAN, 4*GE LAN, up to 150 users,forwarding performance 2Gbps",559
"Huawei S380-L4P1T 1*GE WAN, 4*GE LAN(PoE+, 50W), up to 150 users,forwarding performance 2Gbps",909
"Huawei S380-S8T2T 2*GE WAN, 8*GE LAN, up to 250 users,forwarding performance 2Gbps",1039
"Huawei S380-S8P2T 2*GE WAN, 8*GE LAN(PoE+, 124W), up to 350 users,forwarding performance 2Gbps",1329
"Huawei S380-H8T3ST 2*GE WAN, 1*GE(SFP) WAN, 8*GE LAN, up to 500 users, forwarding performance 2Gbps",1299
"Huawei AR730 2*GE combo WAN, 1*10GE(SFP+) WAN, 8*GE LAN, 1*GE combo LAN, 2*USB, 2*SIC, up to 700 users, forwarding performance 4Gbps",3019
"Huawei AR720 2*GE combo WAN, 8*GE LAN, 2*USB, 2*SIC, up to1200 users, forwarding performance 6Gbps",1429
"Huawei S110-8P2ST (8*10/100/1000BASE-T ports, PoE+, 1*GE SFP port, 1*10/100/1000BASE-T port, AC power, power adapter)",239
"Huawei S110-16LP2SR (16*10/100/1000BASE-T ports, 2*GE SFP ports, PoE+, AC power)",155
"Huawei S110-24LP2SR (24*10/100/1000BASE-T ports, 2*GE SFP ports, PoE+, AC power)",369
"Huawei S110-24T2SR (24*10/100/1000BASE-T ports, 2*GE SFP ports, AC power)",779
Synology DS2419+ 12-bay DiskStation,2531
Synology DS2419+ll,2531
Synology DS3617xs 12-bay DiskStation,4015
Synology DS3617xsll,4015
"Synology FS1018 12-bay FlashStation,",2531
"Synology RS217 2-bay RackStation, Du",733
Synology RS819 4-bay RackStation (up,1070
Synology RS820+ 4-bay RackStation (u,1691
Synology RS820RP+ 4-bay RackStation,2159
Synology RS1619xs+ 4-bay RackStation,3244
Synology RS1219+ 8-bay RackStation (,1707
Synology RS1221+ 8-bay RackStation (,2066
Synology RS1221RP+ 8-bay RackStation,2817
Synology RS2418+ 12-bay RackStation,2732
Synology RS2418RP+ 12-bay RackStation,3587
Synology RS2421+ 12-bay RackStation,3193
Synology RS2421RP+ 12-bay RackStation,3946
Synology RS3618xs 12-bay RackStation,4186
Synology RS3617RPxs 12-bay RackStation,5211
Synology RS3617xs+ 12-bay RackStation,6662
Synology RS4021xs+ 16-bay RackStation,9399
Synology RS3621xs+ 12-bay RackStation,7518
Synology RS3621RPxs 12-bay RackStation,6013
Synology SA3400 12-bay RackStation,9961
Synology SA3600 12-bay RackStation,13156
Synology SA3200D 12-bay Dual Control,12216
Synology RS2818RP+ 16-bay RackStation,4271
Synology RS2821RP+,5637
Synology RS4017xs+ 16-bay RackStation,8372
Synology FS3600 24-bay 2.5’’ SAS/SATA,15036
Synology FS3400 24-bay 2.5’’ SAS/SATA,11276
Synology UC3200 12-bay Dual Controller,10337
Synology DX517 5-bay SATA expansion,767
Synology DX1215 12-bay SATA expansion,1787
Synology DX1215ll,1787
Synology RX418 4-bay SATA expansion,853
Synology RX1217 12-bay SATA expansion,2128
Synology RX1217RP 12-bay SATA expansion,3179
Synology RX1216sas 12-bay SAS/SATA,4068
Synology RX1217sas 12-bay SAS/SATA,4068
Synology RX2417sas 24-bay 2.5’’ SAS/,4888
Synology RXD1215sas 12-bay SAS expan,4888
Synology SAT5200-3840G 3.84TB 2.5” SSD,1834
Synology SNV3400-400G 400GB M.2 2280,258
Synology SNV3400-800G 800GB M.2 2280,495
Synology SNV3500-400G 400GB M.2 22110,298
Synology SNV3500-800G 800GB M.2 22110,552
Synology HAT5300-8T Synology 3.5”,551
Synology HAT5300-12T Synology 3.5”,828
Synology HAT5300-16T Synology 3.5”,1104
Garmin Forerunner 55 Black GM-010-02562-50 upc 753759283322,309
Garmin Forerunner 55 Whitestone GM-010-02562-51 upc 753759283339,309
Garmin Forerunner 55 Aqua GM-010-02562-52 upc 753759283346,309
Garmin Forerunner 55 Monterra Grey GM-010-02562-53 upc 753759283353,309
Garmin Forerunner 255 Slate Grey GM-010-02641-43 upc 753759307264,549
Garmin Forerunner 255 Tidal Blue GM-010-02641-53 upc 753759307363,549
Garmin Forerunner 255s Powder Grey GM-010-02641-63 upc 753759307462,549
Garmin Forerunner 255s Light Pink GM-010-02641-73 upc 753759307561,549
Garmin Forerunner 255 Music Black GM-010-02641-48 upc 753759307318,629
Garmin Forerunner 255 Music Whitestone GM-010-02641-58 upc 753759307417,629
Forerunner 255s Music Black GM-010-02641-68 upc 753759307516,629
Garmin Forerunner 255s Music Whitestone GM-010-02641-78 upc 753759307615,629
"Garmin Forerunner 265 Black, 46mm GM-010-02810-50 upc 753759318635",689
"Garmin Forerunner 265 Whitestone, 46mm GM-010-02810-51 upc 753759318642",689
"Garmin Forerunner 265 Aqua, 46mm GM-010-02810-52 upc 753759318659",689
"Garmin Forerunner 265s Black, 42mm GM-010-02810-53 upc 753759318666",689
"Garmin Forerunner 265s Whitestone, 42mm GM-010-02810-54 upc 753759318673",689
"Garmin Forerunner 265s Pink, 42mm GM-010-02810-55 upc 753759318680",689
Garmin Forerunner 955 Black GM-010-02638-J0 upc 753759306144,789
Garmin Forerunner 955 White GM-010-02638-J1 upc 753759306151,789
Garmin Forerunner 955 Solar Black GM-010-02638-H0 upc 753759308162,919
Garmin Forerunner 955 Solar White GM-010-02638-H1 upc 753759306137,919
"Garmin Forerunner 965 Black, 47mm GM-010-02809-80 upc 753759318420",919
"Garmin Forerunner 965 Whitestone, 47mm GM-010-02809-81 upc 753759318437",919
"Garmin Forerunner 965 Yellow, 47mm GM-010-02809-82 upc 753759318444",919
Garmin Running Dynamic Pod Yellow GM-010-12520-10 upc 753759175535,108
Garmin HRM Dual Black GM-010-12883-01 upc 753759231873,109
Garmin HRM Pro Plus Black GM-010-13118-10 upc 753759312657,199
"Garmin Approach S70 White, 42mm GM-010-02746-50 upc 753759325923",999
"Garmin Approach S70 Powder Gray, 42mm GM-010-02746-51 upc 753759325930",999
"Garmin Approach S70 Black, 47mm GM-010-02746-52 upc 753759325947",1099
Seagate ST1000NM000A 1TB Exos 7E8 H,164
Seagate ST2000NM000A 2TB Exos 7E8 H,215
Seagate ST4000NM000A 4TB Exos 7E8 H,297
Seagate ST6000NM021A 6TB Exos 7E8 H,408
Seagate ST8000NM000A 8TB Exos 7E8 H,525
Seagate ST10000NM001G 10TB Exos X16,655
Seagate ST12000NM001G 12TB Exos X16,788
Seagate ST14000NM001G 14TB Exos X16,918
Seagate ST16000NM001G 16TB Exos X16,1048
Seagate ST18000NM000J 18TB Exos X18,1208
Seagate ST1000NM001A 1TB Exos 7E8 H,197
Seagate ST2000NM004A 2TB Exos 7E8 H,255
Seagate ST4000NM003A 4TB Exos 7E8 H,324
Seagate ST6000NM029A 6TB Exos 7E8 H,439
Seagate ST8000NM001A 8TB Exos 7E8 H,546
Seagate ST10000NM0096 10TB Exos X10,653
Seagate ST12000NM002G 12TB Exos X16,808
Seagate ST14000NM002G 14TB Exos X16,938
Seagate ST16000NM002G 16TB Exos X16,1071
Seagate ST18000NM004J 18TB Exos X18,1229
Seagate ST1000NX0313 1TB Exos 7E200,307
Seagate ST2000NX0253 2TB Exos 7E200,534
Seagate ST1000NX0333 1TB Exos 7E200,328
Seagate ST2000NX0343 2TB Exos 7E200,551
Seagate ST1000DM010 BarraCuda 1TB 3.5 SATA,62
Seagate ST2000DM008 BarraCuda 2TB 3.5 SATA,82
Seagate ST3000DM007 BarraCuda 3TB 3.5 SATA,115
Seagate ST4000DM004 BarraCuda 4TB 3.5 SATA,139
Seagate ST6000DM003 BarraCuda 6TB 3.5 SATA,222
Seagate ST8000DM004 BarraCuda 8TB 3.5 SATA,339
Seagate ST500LM030 BarraCuda 500GB 2.5 SATA,69
Seagate ST1000LM048 BarraCuda 1TB 2.5 SATA,88
Seagate ST2000LM015 BarraCuda 2TB 2.5 SATA,129
Seagate ST3000LM024 BarraCuda 3TB 2.5 SATA,208
Seagate ST4000LM024 BarraCuda 4TB 2.5 SATA,229
Seagate ST5000LM000 BarraCuda 5TB 2.5 SATA,249
Seagate ST1000VN002 IronWolf 1TB 3.5 SATA,99
Seagate ST2000VN004 IronWolf 2TB 3.5 SATA,125
Seagate ST3000VN007 IronWolf 3TB 3.5 SATA,154
Seagate ST4000VN008 IronWolf 4TB 3.5 SATA,185
Seagate ST6000VN001 IronWolf 6TB 3.5 SATA,285
Seagate ST8000VN004 IronWolf 8TB 3.5 SATA,389
Seagate ST10000VN0008 IronWolf 10TB 3.5 SATA,519
Seagate ST12000VN0008 IronWolf 12TB 3.5 SATA,619
Seagate ST4000NE001 IronWolf Pro 4TB 3.5 SATA,235
Seagate ST6000NE000 IronWolf Pro 6TB 3.5 SATA,349
Seagate ST8000NE001 IronWolf Pro 8TB 3.5 SATA,459
Seagate ST10000NE0008 IronWolf Pro 10TB,599
Seagate ST12000NE0008 IronWolf Pro 12TB,699
Seagate ST14000NE0008 IronWolf Pro 14TB,849
Seagate ST16000NE000 IronWolf Pro 16TB,999
Seagate ST18000NE000 IronWolf Pro 18TB,1149
Seagate ST1000VX005 SkyHawk 1TB 3.5 SATA,99
Seagate ST2000VX015 SkyHawk 2TB 3.5 SATA,125
Seagate ST3000VX009 SkyHawk 3TB 3.5 SATA,154
Seagate ST4000VX013 SkyHawk 4TB 3.5 SATA,185
Seagate ST6000VX001 SkyHawk 6TB 3.5 SATA,285
Seagate ST8000VE001 SkyHawk AI 8TB 3.5 SATA,429
Seagate ST10000VE0008 SkyHawk AI 10TB,569
Seagate ST12000VE0008 SkyHawk AI 12TB,669
Seagate ST14000VE0008 SkyHawk AI 14TB,819
Seagate ST16000VE002 SkyHawk AI 16TB 3.5 SATA,969
Seagate ST18000VE002 SkyHawk AI 18TB 3.5 SATA,1119
"Pure Base 500 (BG034), ATX, Solid Si",94
"Pure Base 500 Window (BGW34), ATX, T",117
"Pure Base 500 Window (BGW35), ATX,",117
"Pure Base 500 Window (BGW36), ATX, T",117
"Pure Base 500 DX (BGW37), ATX, ARGB",150
"Pure Base 500 DX (BGW38), ATX, ARGB",150
"Pure Base 600 (BG021), ATX, Solid Si",117
"Pure Base 600 (BGW21), ATX, TG Panel",136
"Dark Base 700 WIndow (BGW23), ATX, T",260
"Silent Base 601 (BG026), ATX, Steel",153
"Silent Base 601 Window (BGW26), ATX,",171
"Silent Base 802 Window (BGW39), Mesh",267
"Silent Base 802 Window (BGW40), Mesh",267
"Dark Base 900 (BG0116), Full ATX, 8P",303
"Dark Base Pro 900 rev.2 TG (BGW15),",366
"Silent Loop 2 240 (BW010), ARGB Pump",192
"Silent Loop 2 280 (BW011), ARGB Pump",207
"Silent Loop 2 360 (BW012), ARGB Pump",235
"Pure Rock 2 (BK006), 4x6mm heatpipes",58
"Pure Rock 2 Black (BK007), 4x6mm hea",64
"Shadow Rock 3 (BK004), 190W TDP, 5x6",80
"Dark Rock 4 (BK021), 200W TDP, 6x6mm",109
"Dark Rock 4 Slim (BK024), 180W TDP,",96
"Dark Rock 4 PRO (BK022), 250W TDP, 7",158
"Dark Rock 4 PRO TR4 (BK023), 250W TD",139
"Dark Rock TF (BK020), 220W TDP, 6x6m",130
"Silent Wings 3 120mm PWM HS (BL070),",33
"Silent Wings 3 140mm PWM HS (BL071),",34
"Pure Wings 2 120mm PWM HS (BL081), 2",15
"Pure Wings 2 140mm PWM HS (BL083), 1",16
ARCTIC BioniX P120 A-RGB,38
Seagate FireCuda 530 SSD (NEW) 500GB,199
Seagate FireCuda 530 SSD (NEW) 1TB,349
Seagate FireCuda 530 SSD (NEW) 2TB,729
Seagate FireCuda 530 SSD (NEW) 4TB,1399
Seagate FireCuda 530 w/ Heat Sink 500GB,229
Seagate FireCuda 530 w/ Heat Sink 1TB,389
Seagate FireCuda 530 w/ Heat Sink 2TB,819
Seagate FireCuda 530 w/ Heat Sink 4TB,1499
JABRA SPEAK 710 MS + Link 370 Dongle,418
JABRA SPEAK 710 UC + Link 370 Dongle,418
Jabra SPEAK 510+ link 370 MS,242
Jabra SPEAK 510+ link 370 UC,242
Jabra SPEAK 510 MS,195
Jabra SPEAK 510 UC,195
Jabra SPEAK 410 MS,172
Jabra SPEAK 410,172
Secure Mount for Speak 410/510,31
Secure Mount for Speak 710,42
GN 2125 NC-AP,145
JABRA GN2100 TELECOIL,182
GN 2120 NC-AP / SureFit Combo,145
Jabra Biz 1500 QD Mono,69
Jabra Biz 1500 QD Duo,82
Jabra Biz 1500 USB Mono,92
Jabra Biz 1500 USB Duo,105
"Jabra BIZ 2300 Mono, NC (Telephony Variant)",169
"Jabra BIZ 2300 Duo, NC (Telephony Variant)",195
"Jabra BIZ 2300 Mono, QD (Wideband Variant)",142
"Jabra BIZ 2300 Duo, QD (Wideband Variant)",169
"Jabra BIZ 2300 Mono, USB, MS",195
"Jabra BIZ 2300 Mono, USB, UC",195
"Jabra BIZ 2300 Duo, USB, MS",222
"Jabra BIZ 2300 Duo, USB, UC",222
"Biz 2300 Mono, USB-C, UC",195
"Biz 2300 Mono, USB-C, MS",195
"Biz 2300 Duo, USB-C, UC",222
"Biz 2300 Duo, USB-C, MS",222
"Jabra BIZ 2400 II Mono, NC, 82 mic, QD (Telephony Variant)",225
"Jabra BIZ 2400 II Mono 3-1, NC, 82 mic, QD (Telephony Variant)",235
"Jabra BIZ 2400 II Duo, NC, 82 mic, QD (Telephony Variant)",265
"Jabra BIZ 2400 II Mono 3-1, Ultra NC, 72 mic, QD (Telephony Variant)",255
"Jabra BIZ 2400 II Duo, Ultra NC, 72 mic, QD (Telephony Variant)",295
"Jabra BIZ 2400 II Mono 3-1, NC, 82 mic, Wideband, QD (Telephony Variant)",235
"Jabra BIZ 2400 II Duo, NC, 82 mic, Wideband, QD (Telephony Variant)",265
"Jabra BIZ 2400 II Mono USB 3-1, BT, UC",315
"Jabra BIZ 2400 II Duo USB, BT, UC",349
"Jabra BIZ 2400 II Mono USB 3-1, BT, MS",315
"Jabra BIZ 2400 II Duo USB, BT, MS",349
"Jabra BIZ 2400 II Mono USB 3-1, CC, UC",315
"Jabra BIZ 2400 II Duo USB, CC, UC",349
"Jabra BIZ 2400 II Mono USB 3-1, CC, MS",315
"Jabra BIZ 2400 II Duo USB, CC, MS",349
Jabra UC VOICE 150 MS Mono,99
Jabra UC VOICE 150 Mono,99
Jabra UC VOICE 150 MS Duo,115
Jabra UC VOICE 150 Duo,115
Jabra Evolve2 85 Link380a MS Stereo Black,639
Jabra Evolve2 85 Link380a MS Stereo Beige,639
Jabra Evolve2 85 Link380a MS Stereo Stand Black,689
Jabra Evolve2 85 Link380a MS Stereo Stand Beige,689
Jabra Evolve2 85 Link380c MS Stereo Black,639
Jabra Evolve2 85 Link380c MS Stereo Beige,639
Jabra Evolve2 85 Link380c MS Stereo Stand Black,689
Jabra Evolve2 85 Link380c MS Stereo Stand Beige,689
Jabra Evolve2 85 Link380a UC Stereo Black,639
Jabra Evolve2 85 Link380a UC Stereo Beige,639
Jabra Evolve2 85 Link380a UC Stereo Stand Black,689
Jabra Evolve2 85 Link380a UC Stereo Stand Beige,689
Jabra Evolve2 85 Link380c UC Stereo Black,639
Jabra Evolve2 85 Link380c UC Stereo Beige,639
Jabra Evolve2 85 Link380c UC Stereo Stand Black,689
Jabra Evolve2 85 Link380c UC Stereo Stand Beige,689
Jabra Evolve2 65 Link380a MS Stereo Black,329
Jabra Evolve2 65 Link380a MS Stereo Beige,329
Jabra Evolve2 65 Link380a MS Stereo Stand Black,379
Jabra Evolve2 65 Link380a MS Stereo Stand Beige,379
Jabra Evolve2 65 Link380c MS Stereo Black,329
Jabra Evolve2 65 Link380c MS Stereo Beige,329
Jabra Evolve2 65 Link380c MS Stereo Stand Black,379
Jabra Evolve2 65 Link380c MS Stereo Stand Beige,379
Jabra Evolve2 65 Link380a UC Stereo Black,329
Jabra Evolve2 65 Link380a UC Stereo Beige,329
Jabra Evolve2 65 Link380a UC Stereo Stand Black,379
Jabra Evolve2 65 Link380a UC Stereo Stand Beige,379
Jabra Evolve2 65 Link380c UC Stereo Black,329
Jabra Evolve2 65 Link380c UC Stereo Beige,329
Jabra Evolve2 65 Link380c UC Stereo Stand Black,379
Jabra Evolve2 65 Link380c UC Stereo Stand Beige,379
Jabra Evolve2 65 Link380a MS Mono Black,289
Jabra Evolve2 65 Link380a MS Mono Beige,289
Jabra Evolve2 65 Link380a MS Mono Stand Black,339
Jabra Evolve2 65 Link380a MS Mono Stand Beige,339
Jabra Evolve2 65 Link380c MS Mono Black,289
Jabra Evolve2 65 Link380c MS Mono Beige,289
Jabra Evolve2 65 Link380c MS Mono Stand Black,339
Jabra Evolve2 65 Link380c MS Mono Stand Beige,339
Jabra Evolve2 65 Link380c Mono Beige,289
"Jabra Evolve2 40 USB-A, MS Stereo",159
"Jabra Evolve2 40 USB-A, UC Mono",139
"Jabra Evolve2 40 USB-C, UC Mono",139
"JABRA EVOLVE2 30 USB-C, UC MONO",115
"JABRA EVOLVE2 30 USB-A, MS STEREO",135
Jabra Evolve 20 SE Mono MS,79
Jabra Evolve 20 SE UC Mono,79
Jabra Evolve 20 SE Stereo MS,89
Jabra Evolve 20 SE UC Stereo,89
JABRA EVOLVE 20 MS MONO,69
JABRA EVOLVE 20 UC MONO,69
JABRA EVOLVE 20 MS STEREO,79
JABRA EVOLVE 20 UC STEREO,79
Jabra EVOLVE 30 II MS Mono,99
Jabra EVOLVE 30 II UC Mono,99
Jabra EVOLVE 30 II MS Stereo,115
Jabra EVOLVE 30 II UC Stereo,115
JABRA EVOLVE 40 MS MONO,139
JABRA EVOLVE 40 UC MONO,139
JABRA EVOLVE 40 MS STEREO,159
JABRA EVOLVE 40 UC STEREO,159
"Jabra Engage 50 Mono, USB-C",249
Jabra MOTION UC MS UK charger,229
Jabra MOTION UC+ UK charger,269
Jabra MOTION UC+ MS UK charger,269
Jabra STEALTH UC,169
Jabra STEALTH UC MS,169
Jabra EVOLVE LINK MS,79
Jabra EVOLVE LINK UC,79
Jabra HANDSET 450 Smoke Gray,229
JABRA SPEAK 810 MS,999
JABRA SPEAK 810 UC,999
Jabra Speak 750 MS Teams USB/BT + Link 370,479
Jabra Speak 750 UC USB/BT + Link 370,479
Jabra Evolve 65 incl. charging stand UC Mono,319
Jabra Evolve 65 incl. charging stand MS Mono,319
JABRA EVOLVE 65 MS MONO + link 370,279
JABRA EVOLVE 65 UC MONO +link 370,279
Jabra Evolve 65 incl. charging stand MS Stereo,349
Jabra Evolve 65 incl. charging stand UC Stereo,349
JABRA EVOLVE 65 MS STEREO +link 370,309
JABRA EVOLVE 65 UC STEREO +link 370,309
Jabra Evolve 65e MS & Link 370,269
Jabra Evolve 65e UC & Link 370,269
"Jabra Evolve 65t, Titanium Black, Link 370, MS",479
"Jabra Evolve 65t, Titanium Black, Link 370, UC",479
Jabra panacast,1129
Jabra Panacast Table Stand,139
Jabra Panacast Wall Mount,139
Jabra PanaCast Hub USB C,319
Jabra Panacast USB Cable ( 1.8M ),69
Jabra PanaCast Hub USB C + UK Charger,429
"Jabra Panacast 50, Black",2159
"Jabra Panacast 50, Grey",2159
"Remote Control, PanaCast 50 Grey",109
"Remote Control, PanaCast 50 Black",109
"PanaCast 50, Table Stand Black",259
"PanaCast 50, Table Stand Grey",259
"PanaCast 50, Wall Mount Black",169
"PanaCast 50, Wall Mount Grey",169
"PanaCast 50, Screen Mount",259
"USB 3.0, 2m, USB-A to USB-C",45
"USB 2.0, 5m, USB-A to USB-C",79
Jabra Evolve 75 incl. charging stand UC Stereo USB-C SDPH62H-040T-SBAAD,2799
iDS-7208HUHI-M1/S,445
G-RAID SHUTTLE 4 24TB THUNDERBOLT 3 + USB-C SDPH34H-024T-SBAAB,3399
DS-7604NI-Q1/4P,275
DGS-1100-10MPPV2 10-port Gi,361
DES-1210-52 48-port UTP 10/,455
D-Link DAP-2662 Wireless AC1200 Wa,124
G-RAID SHUTTLE 4 48TB THUNDERBOLT 3 + USB-C SDPH34H-048T-SBAAB,5679
DS-7608NI-Q1/8P,370
D-Link DAP-2682 Wireless AC2300 Wa,156
G-RAID SHUTTLE 4 72TB THUNDERBOLT 3 + USB-C SDPH34H-072T-SBAAB,8099
DS-7616NI-Q2/16P,565
G-RAID SHUTTLE 4 80TB THUNDERBOLT 3 + USB-C SDPH34H-080T-SBAAB,8459
DS-K1T804BMF/BEF,188
D-Link DAP-2620 Wirless AC1200 Wav,134
DS-KIS603-P(B),500
D-Link DAP-3666 Wireless AC1200 Wa,446
DS-KH6320-WTE1,288
G-RAID SHUTTLE SSD 8TB THUNDERBOLT 3 + USB-C SDPS24H-008T-SBAAB,7799
DS-KIS703-P,545
CS-C1C-F0-1E2WF C1C-B,78
CS-CV246-A0-1C2WFR (C6CN),75
D-Link DGS-1100-16V2 16-port Gigab,159
G-RAID SHUTTLE SSD 16TB THUNDERBOLT 3 + USB-C SDPS24H-016T-SBAAB,10999
CS-C6N-B0-1G2WF,80
D-Link DGS-1100-26MPV2 26-port Gig,665
DAP-1682F 3KM Outdoor Bridg,153
CS-TY2-B0-1G2WF,75
G-RAID SHUTTLE SSD 32TB THUNDERBOLT 3 + USB-C SDPS24H-032T-SBAAB,16599
CS-CV346-A0-7A3WFR,185
D-Link DGS-1100-24V2 24-port Gigab,208
DAP-1683F 8KM Outdoor Bridg,199
CS-C6W-A0-3H4WF,195
G-RAID SHUTTLE 8 48TB THUNDERBOLT 3 + USB-C SDPH48H-048T-SBAAB,6979
CS-C8C-A0-1F2WF,175
DGS-1210-10 8-Port Gigabit,159
G-RAID SHUTTLE 8 96TB THUNDERBOLT 3 + USB-C SDPH48H-096T-SBAAB,11799
CS-C3W-A0-1F4WFL,195
D-Link DGS-1210-20 16-port UTP 10/,235
CS-C3TN-A0-1H2WF,98
G-RAID SHUTTLE 8 144TB THUNDERBOLT 3 + USB-C SDPH48H-144T-SBAAB,16799
CS-BC1C-B0-2C2WPBDL,285
D-Link DGS-1210-26 24-port UTP 10/,265
DPE-301GI 1-port Gigabit 80,36
CS-CMT-Solar Panel-C,65
G-RAID SHUTTLE 8 160TB THUNDERBOLT 3 + USB-C SDPH48H-160T-SBAAB,17599
CS-DB2C-A0-1E3WPBR (DB2C Kit(With Chime),185
D-Link DGS-1210-28 24-port UTP 10/,312
DPE-301GS 1-port Gigabit 80,38
MOUNTAIN Cable Organizer - MOOY Clingman,13
CS-DP2C-A0-6E2WPFBSDP2C,230
MOUNTAIN Everest Max / US / MX Brown / Black,399
CS-CMT-Bracket-WallMount,10
D-Link DGS-1210-52 48-port UTP 10/,626
DGS-3130-30PS,2083
MOUNTAIN Everest Max / US / MX Brown / Gray,399
D-Link DES-F1006P-E 250M 4-Port 10,58
DGS-3130-30S,1552
MOUNTAIN Everest Max / US / MX Red / Black,399
D-Link DES-F1010P-E 250M 8-Port 10,121
DGS-1250-28X 24 Ports 10/10,452
DGS-3130-30TS,1155
MOUNTAIN Everest Max / US / MX Red / Gray,399
DES-F1018P-E 250M 16-Port 1,308
D-Link DGS-1210-10P 8-port UTP 80,235
DGS-3130-54PS,3079
MOUNTAIN Makalu 67 Black Mouse,99
D-Link DGS-F1005P-E 250M 4-Port Gi,65
DGS-1210-10MP 8-P,361
DGS-3130-54S,2943
MOUNTAIN Makalu 67 White Mouse,99
D-Link DGS-F1018P-E 250M 16-Port G,330
D-Link DGS-1210-28P 24-port UTP 80,626
DGS-3130-54TS,2264
MOUNTAIN Nunatak M Mousepad,24.9
D-Link DGS-F1026P-E 250M 24-Port G,431
D-Link DGS-1210-28MP 24-port UTP 8,822
MOUNTAIN Nunatak XL Mousepad,49.9
Nitro Concepts E250 Gaming Chair - Black,239
D-Link DGS-1210-52MP 48-port UTP 8,1175
Nitro Concepts E250 Gaming Chair - Black / Blue,239
DGS-1210-52MPP 48-port UTP,1488
Nitro Concepts E250 Gaming Chair - Black / Red,239
DGS-3630-28TC,2184
Nitro Concepts E250 Gaming Chair - Black / White,239
DGS-F1100-10PS-E 10-port Gi,189
DGS-3630-28TC-SE-LIC DGS-36,146
Nitro Concepts S300 EX Gaming Chair - Carbon Black,339
DGS-F1210-26PS-E 26-port Gi,514
DGS-3630-28TC-EM-LIC DGS-36,582
Nitro Concepts S300 EX Gaming Chair - Inferno Red,339
DGS-3630-28TC-SM-LIC DGS-36,728
Nitro Concepts S300 EX Gaming Chair - Radiant White,339
DGS-1100-08PV2 8-port Gigab,125
Nitro Concepts S300 EX Gaming Chair - Stealth Black,339
DGS-1510-20 16-port UTP 10/,411
DMS-1100-10TS • 8 x,707
Nitro Concepts S300 Gaming Chair - black,309
DGS-1510-28X 24-port UTP 10,579
DMS-1100-10TP • 8 x 100/1,942
Nitro Concepts S300 Gaming Chair - black/ red,309
DGS-1510-52X 48-port UTP 10,1195
Nitro Concepts S300 Gaming Chair - black/ white,309
DXS-1210-10TS 8-port UTP 10,1568
"Noblechairs EPIC GAMING CHAIR, short gas lift - Mercedes-AMG Petronas Formula One Team - 2021Edition",559
DPS-520 Redundant Power Sup,589
DXS-1210-12TC 8-port UTP 10,2053
Noblechairs EPIC Gaming Chair - black / black,369
DPS-800 Chassis of Redundan,112
DXS-1210-12SC 10-port 10G S,1792
Noblechairs EPIC Gaming Chair - black / blue,369
DXS-1210-16TC 12-port UTP 1,2732
Noblechairs EPIC Gaming Chair - black / gold,369
DGS-1250-28XMP 28-port Giga,868
DXS-1210-28T 24 x 10G Base-,3847
Noblechairs EPIC Gaming Chair - black / red,369
DGS-1250-52XMP 52-port Giga,1335
Noblechairs EPIC Gaming Chair - white,369
DGS-3630-28SC 20-ports Giga,2456
"Noblechairs EPIC TX GAMING CHAIR, short gas lift - anthracite",389
DGS-3630-28SC-SE-LIC DGS-36,165
Noblechairs HERO Gaming Chair - black,439
DGS-3630-28SC-EM-LIC DGS-36,692
Noblechairs HERO Gaming Chair - black/blue,439
DGS-1510-28P 24-port UTP802,986
DGS-3630-28SC-SM-LIC DGS-36,856
Noblechairs HERO Gaming Chair - black/gold,439
DGS-1510-28XMP 24-port UTP,1213
Noblechairs HERO Gaming Chair - black/platinum white,439
DGS-3630-52TC 44-port UTP 1,3459
Noblechairs HERO Gaming Chair - black/red,439
DGS-3630-52TC-SE-LIC DGS-36,255
Noblechairs HERO Gaming Chair -Black Edition,499
DGS-1520-28MP 28-port Gigab,1570
"Noblechairs HERO TX GAMING CHAIR, short gas lift - anthracite",459
DGS-1520-52MP 52-port Gigab,2199
Noblechairs ICON Gaming Chair - WHITE/BLACK,359
Noblechairs ICON Gaming Chair - black/blue,359
Noblechairs ICON Gaming Chair - black/platinum white,359
Noblechairs ICON Gaming Chair BLACK,359
Noblechairs ICON Gaming Chair BLACK/GOLD,359
Noblechairs ICON Gaming Chair BLACK/RED,359
DS-2CE16D0T-EXIF 2.8mm,43
DS-2CE76D0T-EXIMF 2.8mm,43
DS-2CE76D0T-ITPFS 2.8mm,58
DS-2CE16D0T-ITFS 2.8mm,70
DS-2CE16D0T-VFIR3F 2.8-12mm,120
DS-2CE56D0T-VFIR3F 2.8-12mm,120
DS-2CE5AD0T-VPIT3F 2.8-12mm,113
DS-2CE76H0T-ITPF 2.8mm,63
DS-2CE16H0T-ITF© 3.6mm,78
DS-2CE10DF0T-F 3.6mm,78
DS-2CE70DF0T-MF 3.6mm,78
DS-2CD1123G0E-I(L) 2.8mm,100
DS-2CD1023G0E-I(L) 2.8mm,100
DS-2CD1023G0-IUF © 2.8mm,135
DS-2CD1323G0-IUF © 2.8mm,135
DS-2CD1027G0-L 2.8mm,170
DS-2CD1327G0-L 2.8mm,170
DS-2CD1143G0-I 2.8mm,183
DS-2CD1043G0-I 2.8mm,188
DS-2CD2121G0-I 2.8mm,150
DS-2CD2021G1-I 2.8mm,150
DS-2CD2121G1-IDW1 2.8mm,150
DS-2CD2021G1-IDW1 2.8mm,150
D-Link DGS-1100-10MPV2 10-port Gig,269
DS-2CD2421G0-IW 2.8mm,168
DS-2CV2Q21FD-IW(B) 2.8mm,120
DS-2DE2A204IW-DE3© 2.8-12mm(S6),288
DS-2DE4215IW-DE(S5),688
iDS-7204HQHI-M1/S,170
iDS-7208HQHI-M1/S,255
iDS-7216HQHI-M1/S,475
iDS-7216HQHI-M2/S,500
iDS-7204HUHI-M1/S,263
G-DRIVE ARMORATD SPACE GREY 1TB USB-C SDPH81G-001T-GBAND,135
G-DRIVE ARMORATD SPACE GREY 2TB USB-C SDPH81G-002T-GBAND,165
G-DRIVE ARMORATD SPACE GREY 4TB USB-C SDPH81G-004T-GBAND,229
G-DRIVE ARMORATD SPACE GREY 5TB USB-C SDPH81G-005T-GBAND,279
G-DRIVE ARMORLOCK SSD 1TB USB-C (1000MB/s) SDPS41A-001T-SBANB,339
G-DRIVE ARMORLOCK SSD 2TB USB-C (1000MB/s) SDPS41A-002T-SBANB,599
G-DRIVE ARMORLOCK SSD 4TB USB-C (1000MB/s) SDPS41A-004T-SBANB,1199
G-DRIVE SSD 500GB USB-C (1000MB/s) SDPS11A-500G-GBANB,209
G-DRIVE SSD 1TB USB-C (1000MB/s) SDPS11A-001T-GBANB,329
G-DRIVE SSD 2TB USB-C (1000MB/s) SDPS11A-002T-GBANB,579
G-DRIVE SSD 4TB USB-C (1000MB/s) SDPS11A-004T-GBANB,1169
G-DRIVE PRO SSD 500GB THUNDERBOLT 3 (2800MB/s) SDPS51F-500G-GBANB,349
G-DRIVE PRO SSD 1TB THUNDERBOLT 3 (2800MB/s) SDPS51F-001T-GBANB,599
G-DRIVE PRO SSD 2TB THUNDERBOLT 3 (2800MB/s) SDPS51F-002T-GBANB,1169
G-DRIVE SPACE GREY 4TB USB-C SDPH91G-004T-SBAAD,289
G-DRIVE SPACE GREY 6TB USB-C SDPH91G-006T-SBAAD,339
G-DRIVE SPACE GREY 12TB USB-C SDPH91G-012T-SBAAD,649
G-DRIVE SPACE GREY 18TB USB-C SDPH91G-018T-SBAAD,868
G-DRIVE SPACE GREY 20TB USB-C SDPH91G-020T-SBAAD,1009
G-DRIVE PRO SPACE GREY 4TB THUNDERBOLT 3 + USB-C SDPH51J-004T-SBAAD,519
G-DRIVE PRO SPACE GREY 6TB THUNDERBOLT 3 + USB-C SDPH51J-006T-SBAAD,569
G-DRIVE PRO SPACE GREY 12TB THUNDERBOLT 3 + USB-C SDPH51J-012T-SBAAD,1019
G-DRIVE PRO SPACE GREY 18TB THUNDERBOLT 3 + USB-C SDPH51J-018T-SBAAD,1339
G-DRIVE PRO SPACE GREY 20TB THUNDERBOLT 3 + USB-C SDPH51J-020T-SBAAD,1499
G-RAID 2 SPACE GREY 8TB THUNDERBOLT 3 + USB-C SDPH62H-008T-SBAAD,989
G-RAID 2 SPACE GREY 12TB THUNDERBOLT 3 + USB-C SDPH62H-012T-SBAAD,1239
G-RAID 2 SPACE GREY 24TB THUNDERBOLT 3 + USB-C SDPH62H-024T-SBAAD,1899
G-RAID 2 SPACE GREY 36TB THUNDERBOLT 3 + USB-C SDPH62H-036T-SBAAD,2639
G-RAID 2 SPACE GREY 40TB THUNDERBOLT 3 + USB-C SDPH62H-040T-SBAAD,2999
D-Link DES-1210-28 24-port UTP 10/100Mbps,217
D-Link DAP-X1810F WiFi 6 AX1800 Indoor Access point,133
DNH-100 Nuclias Connect Hub,202
D-Link DAP-X2810 Wireless AX1800 WIFI 6 (2 x 2) Dual-Band INDOOR Access Point,242
D-Link DAP-X2850 Wireless AX3600 WIFI 6 (4 x 4) Dual-Band INDOOR Access Point,410
DAP-2610 Wireless AC1300 Wave 2,101
D-Link DEM-CB300S 10-GbE SFP+ 3m Direct Attach Cable for all D-Link 10GbE switches 3m,157
D-Link DEM-210 100BASE-FX (Duplex LC) Single-Mode 15km SFP (Mini-GBIC) Transceiver,92
"D-Link DIS-S350LHX 1000BASE-LHX, Single-Mode, 50 km, -40 to 85 °C Operating Temperature Range",381
D-Link DGS-3630-52TC-EM-LIC DGS-3630-52TC DLMS license Pack from Standard Image to MPLS Image,1001
D-Link DEM-CB700S 10-GbE SFP+ 7m Direct Attach Cable for all D-Link 10GbE switches 7m,230
D-Link DEM-211 100BASE-FX (Duplex LC) Multi-Mode 2KM SFP (Mini-GBIC) Transceiver,84
D-Link DMC-700SC/E 1000Base-TX (UTP) to 1000Base-SX (SC) Multi-mode 550m Fiber Media Converter (Usable in DMC-1000 Chassis),235
"D-Link DIS-S380ZX 1000BASE-ZX, Single-Mode, 80 km, -40 to 85 °C Operating Temperature Range",381
D-Link DGS-3630-52TC-SM-LIC DGS-3630-52TC DLMS license Pack from Standard Image to MPLS Image,1256
D-Link DEM-220R 100BASE-BX-U (Simplex LC) Single-Mode 20KM SFP (Mini-GBIC) Transceiver (TX-1310/RX-1550 nm),99
D-Link DMC-805G/E 1000Base-TX (UTP) to GBIC Media Converter (Usable in DMC-1000 Chassis),122
"D-Link DIS-S380ZX 1000BASE-ZX, Single-Mode, 80 km, -40 to 85 °C Operating Temperature Range",396
"D-Link DGS-3630-52PC 44-port UTP 10/100/1000Mbps 802.3af PoE & 802.3at Gigabit Managed Switch with 2 x full load front-to-back AC PSUs and 5 x front-to-back fan modules, MAC Address 288K, Standard Image Feature",6032
D-Link DEM-220T 100Base-BX-D (Simplex LC) Single-Mode 20KM SFP (Mini-GBIC) Transceiver (TX-1550/RX-1310 nm),106
D-Link DMC-810SC/E 1000Base-TX (UTP) to 1000Base-LX (SC) Single-mode 10km Fiber Media Converter (Usable in DMC-1000 Chassis),437
"D-Link DXS-3610-54S 48 x 10G SFP+, 6 x 40/100G QSFP+/QSFP28 Layer 3 Stackable 10 Gigabit Managed Switch",14838
D-Link DMC-1910/E 1000Base-TX (UTP) to 1000Base-LX (SC) Single-mode 10km Fiber Media Converter (Usable in DMC-1000 Chassis),976
D-Link DGS-3630-52PC-SE-LIC DGS-3630-52PC DLMS license Pack from Standard Image to Enhanced Image,447
"D-Link DPS-200A Redundant Power Supply for DGS-3000 , DGS-3120-24TC, DGS-3120-24SC",224
D-Link DMC-1910R/E 1000Base-TX to 1000Base-LX Single Fiber Media converter (TX: 1310μm; RX: 1550μm),437
D-Link DGS-3630-52PC-EM-LIC DGS-3630-52PC DLMS license Pack from Enhanced Image to MPLS Image,893
"D-Link DPS-500A Redundant Power Supply for DGS-3000 , DGS-3120-48TC, DGS-3420-26SC/28TC/28SC/52T, DGS-3620-28TC/28SC/52T",280
D-Link DMC-1910T/E 1000Base-TX to 1000Base-LX Single Fiber Media converter (TX: 1550μm; RX: 1310μm),662
D-Link DGS-3630-52PC-SM-LIC DGS-3630-52PC DLMS license Pack from Standard Image to MPLS Image,1340
D-Link DXS-3610-54S-SE-LIC DXS-3610-54S Standard Image to Enhanced Image License,1962
D-Link DPS-700 Redundant Power Supply for DGS-3120/3420/3620 PoE switches,821
D-Link DMC-F02SC/E 100Base-TX to 100Base-FX (SC) Single-mode Media Converter (2km),69
"D-Link DXS-3400-24TC/EEI 20-port UTP 10GBASE-T, 4-port UTP 10GBASE-T/10G SFP+ Combo (H/W: A1, Rackmountable) /ESI: EU 2 round pin power cord, /BSI: UK 3-pin power cord /EEI: EU 2 round pin power cord, /BEI: UK 3-pin power cord",9060
D-Link DEM-CB100Q28 100G QSFP28 to QSFP28 Direct Attach Cable 1m 1m,241
"D-Link DPS-800 Chassis of Redundant Power Supply Unit (DPS-200A, DPS-500A)",112
D-Link DMC-F15SC/E 100Base-TX to 100Base-FX (SC) Single-mode Media Converter (15km),78
D-Link DXS-5000-54S 10G Data Center Switch which includes 48 x 10G SFP+ and 6 x 40G QSFP+,8911
D-Link DEM-CB100Q28-4S28 100G QSFP28 to 4 x SFP28 Direct Attach Cable 1m 1m,284
D-Link DPS-CB150-2PS 150CM RPS cable for connecting DGS-3000 and DPS-200A/500A,37
D-Link DMC-F20SC-BXD/E 100Base-TX to 100Base-FX (LC) Single-mode Media Converter (20km),87
D-Link DXS-5K-54S-DC-LIC License to activate D-Link OS for DXS-5000-54S,2747
D-Link DMC-F20SC-BXU/E 100Base-TX to 100Base-FX (LC) Single-mode Media Converter (20km),87
D-Link DQS-5000-32Q28 100G Data Center Switch which includes 32 x 100G QSFP28,18841
D-Link DMC-F30SC/E 100Base-TX to 100Base-FX (SC) Single-mode Media Converter (30km),87
D-Link DQS-5000-32S 40G Data Center Switch which includes 32 x 40G QSFP+,11776
D-Link DMC-F60SC/E 100Base-TX to 100Base-FX (SC) Single-mode Media Converter (60km),104
"D-Link DQS-5000-54SQ28 25G Data Center Switch which includes 48 x 25G SFP28, 6 x 100G QSFP28",16486
D-Link DMC-G01LC/E 10/100/1000Mbps to SFP Media Converter (Stand-Alone),62
"D-Link DXS-3400-24TC/ESI 20-port UTP 10GBASE-T, 4-port UTP 10GBASE-T/10G SFP+ Combo (H/W: A1, Rackmountable) /ESI: EU 2 round pin power cord, /BSI: UK 3-pin power cord",8733
"D-Link DEM-QX01Q-SR4 40GBase-SR4 Multi-mode, OM3:100M/OM4:150M, QSFP+ (850 nm) (w/o DDM)",274
D-Link DSR-250V2 Nuclias Connect Dual-WAN Unified Service VPN Router,314
D-Link DXS-3400-24TC-SE-LIC DXS-3400-24TC DLMS license Pack from Standard Image to Enhanced Image,328
D-Link DEM-QX10Q-LR4 40GBASE-LR4 QSFP+ Transceiver 10km (w/ DDM),1805
D-Link DSR-250V2-WCF-12-LIC License for DSR-250v2 supporting Web Content Filtering for one year,114
"D-Link DXS-3400-24SC/EEI 20-port 10G SFP+, 4-port UTP 10GBASE-T/10G SFP+ Combo",6695
D-Link DEM-CB100QXS-4XS 1M 40G QSFP+ to 4-port 10G SFP+ Direct Attach Cable 1M,235
"D-Link DSR-500 4-port Gigabit LAN, 2-port Gigabit WAN, 1-port USB, Wired Dual-Wan VPN Service Router",398
"D-Link DXS-3400-24SC/ESI 20-port 10G SFP+, 4-port UTP 10GBASE-T/10G SFP+ Combo",6368
"D-Link DEM-410T 10G SFP+ to 10GBase-T Cat 6 Transceiver, 30m",235
D-Link DSR-500-WCF-12-LIC License for DSR-500 supporting Web Content Filtering for one year,141
D-Link DXS-3400-24SC-SE-LIC DXS-3400-24SC DLMS License Pack from Standard to Enhanced Image,328
"D-Link DEM-431XT 10GBASE-SR (Duplex LC) Multi-mode SFP+ Transceiver, OM1:33M, OM2:82M, OM3:300M (w/o DDM)",277
"D-Link DSR-500AC 4-port Gigabit LAN, 2-port Gigabit WAN, 1-port USB 2.0, Wireless AC Dual-band Selectable Dual-Wan VPN Service Router",485
D-Link DXS-PWR300AC 300W hot-swappable modular AC PSU with front-to-back airflow,637
"D-Link DEM-431XT-DD 10GBASE-LR (Duplex LC) Single-mode SFP+ Transceiver, 10Km (w/o DDM)",277
D-Link DSR-500AC-WCF-12-LIC License for DSR-500AC supporting Web Content Filtering for one year,141
D-Link DXS-FAN100 Hot-swappable fan module with front-to-back airflow,73
"D-Link DEM-432XT 10GBASE-LR (Duplex LC) Single-mode SFP+ Transceiver, 10Km (w/o DDM)",410
"D-Link DSR-1000 4-port Gigabit LAN, 2-port Gigabit WAN, 2-port USB, Wireless-N Dual-Wan VPN Service Router",524
D-Link DXS-3600-16S/EEI 8 fixed SFP+ 10G ports with one expansion module,7662
D-Link DEM-433XT 10GBASE-ER SFP+ Transceiver 40km (w/o DDM),1872
D-Link DSR-1000-WCF-12-LIC License for DSR-1000 supporting Web Content Filtering for one year,141
D-Link DXS-3600-16S/ESI,6772
D-Link DEM-434XT 10GBASE-ZR SFP+ Transceiver 80km (w/o DDM),3474
"D-Link DSR-1000AC 4-port Gigabit LAN, 2-port Gigabit WAN, 1-port USB 2.0, Wireless AC Dual-band Concurrent Dual-Wan VPN Service Router",542
D-Link DXS-3600-16S-SE-LIC DXS-3600-16S DLMS License Pack from Standard to Enhanced Features,802
"D-Link DEM-435XT 10GBASE-LRM Multi-Mode, 200M SFP+ Transceiver (w/o DDM)",356
D-Link DSR-1000AC-WCF-12-LIC License for DSR-1000AC supporting Web Content Filtering for one year,141
D-Link DXS-3600-32S/EEI 24 fixed SFP+ 10G ports with one expansion module,13542
"D-Link DEM-436XT-BXD 10GBASE-LR BiDi SFP+ Transceiver 20km (w/o DDM), TX: 1330nm, RX: 1270nm",624
D-Link DXS-3600-32S/ESI,12294
"D-Link DEM-436XT-BXU 10GBASE-LR BiDi SFP+ Transceiver 20km (w/o DDM) TX: 1270nm, RX: 1330nm",660
D-Link DXS-3600-32S-SE-LIC DXS-3600-32S DLMS License Pack from Standard to Enhanced Features,1426
"D-Link DEM-311GT 1-port 1000Base-SX (LC) Multi-mode Fiber SFP (Mini-GBIC) Transceiver (Up to 550m, Support 3.3V Power)",73
D-Link DXS-3600-EM-4QXS 4 x 40Gbps QSFP+ module for DXS-3600,3208
"D-Link DEM-312GT2 1-port 1000Base-LX (LC) Multi-mode Fiber SFP (Mini-GBIC) Transceiver (Up to 2km, Support 3.3V Power)",277
D-Link DXS-3600-EM-4XT 4-Port 10GBASE-T Module for DXS-3600,1727
"D-Link DEM-314GT 1-port 1000Base-LHX (LC) Single-mode Fiber SFP (Mini-GBIC) Transceiver (Up to 50km, Support 3.3V Power)",333
D-Link DXS-3600-EM-8T 8-Port UTP 10/100/1000Mbps Module for DXS-3600,480
"D-Link DEM-315GT 1-port 1000Base-TX (LC) Single-mode Fiber SFP (Mini-GBIC) Transceiver (Up to 80km, Support 3.3V Power)",370
D-Link DXS-3600-EM-8XS 8-Port 10G SFP+ Module for DXS-3600,1623
"D-Link DEM-330R 1000Base-BX-U (Simplex LC) Single-mode SFP (Mini-GBIC) Transceiver (Up to 10Km, Support 3.3V Power) (TX-1310/RX-1550 nm)",80
D-Link DXS-3600-EM-Stack 2-Port 120G CXP Stacking Module for DXS-3600-32S only,437
"D-Link DEM-330T 1000Base-BX-D (Simplex LC) Single-mode SFP (Mini-GBIC) Transceiver (Up to 10Km, Support 3.3V Power) (TX-1550/RX-1310 nm)",94
D-Link DEM-CB100QXS 1M 40G QSFP+ to QSFP+ Direct Attach Cable for DXS-3600-EM-4QXS 1M,99
"D-Link DEM-331R 1000Base-BX-U (Simplex LC) Single-mode SFP (Mini-GBIC) Transceiver (Up to 40Km, Support 3.3V Power) (TX-1310/RX-1550 nm)",333
D-Link DEM-CB100QXS-4XS 1M 40G QSFP+ to 4-port 10G SFP+ Direct Attach Cable for DXS-3600-EM-4QXS 1M,196
"D-Link DEM-331T 1000Base-BX-D (Simplex LC) Single-mode SFP (Mini-GBIC) Transceiver (Up to 40Km, Support 3.3V Power) (TX-1550/RX-1310 nm)",370
D-Link DEM-CB300QXS 3M 40G QSFP+ to QSFP+ Direct Attach Cable for DXS-3600-EM-4QXS 3M,125
"D-Link DGS-712 10/100/1000Base-T (UTP) SFP (Mini-GBIC) Transceiver (Up to 100m, Support 3.3V Power)",110
"D-Link DEM-QX01Q-SR4 40GBASE-SR4 Multi-mode QSFP+ Transceiver, OM3:100m, OM4:150m (For use on DXS-3600-EM-4QXS module)",1047
"D-Link DEM-QX10Q-LR4 40GBASE-LR4 Single-mode QSFP+ Transceiver, 10km (For use on DXS-3600-EM-4QXS module)",5583
D-Link DEM-CB50CXP 120G CXP to CXP 50cm Direct Attach Cable (For use on DXS-3600-EM-Stack module) 50cm,200
D-Link DXS-3600-FAN-BF A fan tray with back-to-front airflow,500
D-Link DEM-CB100S 10-GbE SFP+ 1m Direct Attach Cable for all D-Link 10GbE switches 1m,84
"D-Link DMC-1000/E 19” Rackmount Media Converter Chassis, 16-slot for DMC Transceivers and Hot-swappable Redundant Power Supply",575
D-Link DMC-1001 Redundant Power Supply Unit for DMC-1000,288
D-Link DMC-1002 SNMP Management Module for DMC-1000,261
D-Link DMC-300SC/E 10/100Base-TX (UTP) to 100Base-FX (SC) Multi-mode 2km Fiber Media Converter (Usable in DMC-1000 Chassis),106
D-Link DMC-515SC/E 10/100Base-TX (UTP) to 100Base-FX (SC) Single-mode 15km Fiber Media Converter (Usable in DMC-1000 Chassis),134
D-Link DMC-530SC/E 10/100Base-TX (UTP) to 100Base-FX (SC) Single-mode 30km Fiber Media Converter (Usable in DMC-1000 Chassis),154
D-Link DMC-920/E 10/100Base-TX to 100Base-FX (SC) Single-Fiber Dual Wavelength Media Converter Kit (w/Linear Adapter),326
"D-Link DMC-920R 10/100Base-TX to 100Base-FX Single Fiber Media converter (TX: 1310μm; RX: 1550μm, Single-mode, 20km)",132
"D-Link DMC-920T 10/100Base-TX to 100Base-FX Single Fiber Media converter (TX: 1550μm; RX: 1310μm, Single-mode, 20km)",144
D-Link DMC-1530SC/E 10/100Base-TX (UTP) to 100Base-FX (SC) Single-mode 30km Fiber Smart Media Converter (Usable in DMC-1000 Chassis),163
D-Link DMC-1580SC/E 10/100Base-TX (UTP) to 100Base-FX (SC) Single-mode 80km Fiber Smart Media Converter (Usable in DMC-1000 Chassis),804
D-Link DFL-870M UTM Firewall 10-po,2041
D-Link DFL-870M-AV-12-LIC 1-year License for DFL-870M supporting Anti-virus,550
D-Link DFL-870M-AV-24-LIC 2-year License for DFL-870M supporting Anti-virus,1024
D-Link DFL-870M-AV-36-LIC 3-year License for DFL-870M supporting Anti-virus,1351
D-Link DFL-870M-AC-12-LIC 1-year License for DFL-870M supporting Application Control,550
D-Link DFL-870M-AC-24-LIC 2-year License for DFL-870M supporting Application Control,1024
D-Link DFL-870M-AC-36-LIC 3-year License for DFL-870M supporting Application Control,1351
D-Link DFL-870M-IPS-12-LIC 1-year License for DFL-870M supporting IPS,550
D-Link DFL-870M-IPS-24-LIC 2-year License for DFL-870M supporting IPS,1024
D-Link DFL-870M-IPS-36-LIC 3-year License for DFL-870M supporting IPS,1351
D-Link DIS-F2010PS-E 10-port Gigabit Layer 2 Managed Industrial 250m PoE (240W) Switch with 4-port Gigabit Uplinks,446
D-Link DIS-F2020PS-E 20-port Gigabit Layer 2 Managed Industrial PoE (240W) Switch,776
D-Link NDR-240-48 DIN Rail Power Supplies 240W 48V 5A Industrial Din Rail,157
D-Link DWM-312 4G LTE Industrial VPN Mobile Router,416
D-Link DWM-312W 4G LTE Industrial VPN Wi-Fi Mobile Router,469
"D-Link DIS-200G-12PS 8-port UTP 802.3af PoE & 802.3at PoE+ 10/100/1000Mbps, 2-port UTP 10/100/1000Mbps, 2-port Gigabit SFP",1177
"D-Link DIS-200G-12PSW 8-port UTP 802.3af PoE & 802.3at PoE+ 10/100/1000Mbps, 2-port UTP 10/100/1000Mbps, 2-port Gigabit SFP",1296
"D-Link DIS-200G-12SW 10 x 10/100/1000Base-T, 2 x 100/1000Mbps SFP, DIN-Rail Gigabit Smart Managed Industrial Switch",1060
"D-Link DIS-PWR40AC/M 40W power adapter, 100 ~ 240 VAC input, 12 VDC output",69
"D-Link DIS-PWR180AC/M 180W power adapter, 100 ~ 240 VAC input, 54 VDC output",240
D-Link DIS-200G-RPK180 Rack-mount kit and 180 W power adaptor,235
D-Link DIS-RK200G Standard 19” rack mounting kit for DIS-200G,24
D-Link DWM-321 4G LTE In-Vehicle Wi-Fi Hotspot,1173
"D-Link DIS-300G-8PSW 4 x 10/100/1000Base-T 802.3af/802.3at PoE, 2 x 10/100/1000Base-T, 2 x 100/1000Mbps SFP DIN-Rail Gigabit Managed Industrial Switch",2418
"D-Link DIS-300G-14PSW 8 x 10/100/1000Base-T 802.3af/802.3at PoE, 2 x 10/100/1000Base-T, 4 x 100/1000Mbps SFP DIN-Rail Gigabit Managed Industrial Switch",2747
"D-Link DIS-300G-12SW 8 x 10/100/1000Base-T, 4 x 100/1000Mbps SFP DIN-Rail Gigabit Managed Industrial Switch",1884
"D-Link DIS-700G-28XS 24 x 100/1000Mbps SFP, 4 x 10G SFP+ Layer 2+ Gigabit Managed Switch",7772
"D-Link DIS-S301SX 1000BASE-SX, Multi-Mode, 550m",132
"D-Link DIS-S302SX 1000BASE-SX, Multi-Mode, 2 km",132
"D-Link DIS-S310LX 1000BASE-LX, Single-Mode, 10 km",161
"D-Link DIS-S330EX 1000BASE-EX, Single-Mode, 30 km",345
D-Link DWM-313 4G LTE Industrial VPN Wi-Fi Mobile Router,586
D-Link DWM-315 4G LTE Cat 6 Industrial VPN Mobile Router,469
D-Link DECS-1Y D-Link Edge Cloud Subscription - 1 Year / unit 1 Year,37
D-Link DECS-2Y D-Link Edge Cloud Subscription - 2 Year / unit 2 Year,60
D-Link DECS-3Y D-Link Edge Cloud Subscription - 3 Year / unit 3 Year,88
D-Link DIS-100G-5PSW (No Power Adapter Included),542
D-Link DIS-100G-5SW 4-port 1GBASE-T and 1-port SFP DIN-Rail unmanaged industrial switch,384
D-Link DIS-100G-5W 5-port 1GBASE-T DIN-Rail unmanaged industrial switch,353
D-Link DIS-100G-8SW 6-port 1GBASE-T and 2-port SFP DIN-Rail unmanaged industrial switch,542
D-Link DIS-100G-8W 8-port 1GBASE-T DIN-Rail unmanaged industrial switch,511
D-Link NCB-C6UBLUR-305-24 CAT6 UTP 24AWG Cable Rolls,144
D-Link DWM-550-G 5G NR Multi-Connect Industrial VPN Dual-SIM Wi-Fi 6 Mobile Router,1079
"D-Link D-View 8 Network Management Software Standard Edition (DV-800S) (< 5,000* nodes) FREE 1-year Maintenance Support",7259
"D-Link D-View 8 Network Management Software Enterprise Edition (DV-800E) (< 5,000 nodes) FREE 1-year Maintenance Support",10889
"D-Link DV-800-SE-LIC The Upgrade License from Standard to Enterprise Edition (<5,000 nodes)",5807
D-Link DV-800MS-Y1-LIC D-View 8 Standard Maintenance License (Y1=365 days) Y1,3630
D-Link DV-800MS-Y2-LIC D-View 8 Standard Maintenance License (Y2=730 days) Y2,6533
D-Link DV-800MS-Y3-LIC D-View 8 Standard Maintenance License (Y3=1095 days) Y3,8711
D-Link DV-800MS-Y4-LIC D-View 8 Standard Maintenance License (Y4=1460 days) Y4,10163
D-Link DV-800MS-Y5-LIC D-View 8 Standard Maintenance License (Y5=1825 days) Y5,10889
D-Link DV-800ME-Y1-LIC D-View 8 Enterprise Maintenance License (Y1=365 days) Y1,5807
D-Link DV-800ME-Y2-LIC D-View 8 Enterprise Maintenance License (Y2=730 days) Y2,10889
D-Link DV-800ME-Y3-LIC D-View 8 Enterprise Maintenance License (Y3=1095 days) Y3,15244
"Ugreen MD114-20417 3 in 1 Mini DP to HDMI/VGA/DVI - White, 1080p White",72
"Ugreen MD114-20418 3 in 1 Mini DP to HDMI/VGA/DVI - Black, 1080p Black",72
"Ugreen MD115-20421 Mini DisplayPort to HDMI & VGA Converter Silver , HDMI 4K*2K@30Hz , VGA 1920x1200 @60hz, HDMI port support audio, VGA port don’t support audio Silver",64
"Ugreen 10448 Mini DP Cable Male to DVI Female converter cable, Active, 4Kx2K, Support ATI Infinity EOL",66
ASUS ROG-STRIX-1000G GOLD PSU,349
ROG-STRIX-850G-WHITE,268
ROG-STRIX-850G-WHITE GOLD PSU,329
ROG-STRIX-850G,268
ROG-STRIX-850G-WHITE GOLD PSU,329
ROG-STRIX-750G,493
ASUS ROG-STRIX-750G Gold PSU,249
"EPSON C13T05B200 Hopkins3, C/Large",554
"EPSON C13T05B300 Hopkins3, M/Large",554
"EPSON C13T05B400 Hopkins3, Y/Large",554
TUF-GAMING-750B,144
TUF-GAMING-750B 80+ BRONZE,179
EPSON C13T973100 Black Standard Ink Pack,144
TUF-GAMING-650B,268
TUF-GAMING-650B 80+ BRONZE,159
EPSON C13T973200 Cyan Standard Ink Pack,268
EPSON C13T973300 Magenta Standard Ink Pack,268
EPSON C13T973400 Yellow Standard Ink Pack,268
ASUS ROG RYUJIN 360 OLED AIO CPU COOLER,519
EPSON C13T974100 Black Large Ink Pack,495
EPSON C13T974200 Cyan Large Ink Pack,918
EPSON C13T974300 Magenta Large Ink Pack,918
EPSON C13T974400 Yellow Large Ink Pack,918
ASUS ROG RYUJIN 240 OLED AIO CPU COOLER,419
EPSON C11CH605024NTB1 1+4 years Coverplus for WF-C878R (with Option),1014
ASUS ROG STRIX LC 360 RGB WHITE EDITION,399
EPSON C11CH605022NTB1 1+2 years Coverplus for WF-C878R (with Option),479
ASUS ROG STRIX LC 240 RGB WHITE EDITION,349
EPSON C11CH355024NTB1 1+4 years Coverplus for WF-C879R (with Option),1165
ASUS ROG RYUO 240 OLED AIO CPU COOLER,359
EPSON C11CH355022NTB1 1+2 years Coverplus for WF-C879R (with Option),556
ASUS ROG RYUO 120 OLED AIO CPU COOLER,309
EPSON IC579R3N101 2+3 year Coverplus for WF-C579R,398
ASUS TUF GAMING LC 240 RGB,229
EPSON IC579R1N101 2+1 year Coverplus for WF-C579R,131
ASUS EXTERNAL 16X BLU-RAY ODD WRITER,199
ASUS EXTERNAL 6X BLU-RAY ODD WRITER,149
Canon 3850C003 LV-X350 Compact Projector LCD Fixed Lens Lamp 3500 lumens XGA - 2 x HDMI - 1 x VGA Input - 1 x VGA Output - 1 x USB Type A - 1 x USB Type B,999
ASUS EXT 8X DVD WRITER W/7.1 SOUNDCARD,159
ASUS EXT 8X GOLD DVD WRITER W/TYPE-C,65
ASUS EXT 8X BLACK DVD WRITER W/TYPE-C,65
ASUS EXT 8X SILVER DVD WRITER W/TYPE-C,65
ASUS EXT 8X BLACK DVD WRITER M-DISC,59
ASUS EXT 8X SILVER DVD WRITER M-DISC,59
ASUS EXTERNAL 8X BLACK DVD WRITER,49
"BLACK STANDARD CARTRIDGE WF-5621, WF-5111",90
"CYAN STANDARD CARTRIDGE WF-5621, WF-5111",99
"MAGENTA STANDARD CARTRIDGE WF-5621, WF-5111",99
"YELLOW STANDARD CARTRIDGE WF-5621, WF-5111",99
MAINTENANCE BOX (WF-5621/WF-5111),36.5
BLACK STANDARD CARTRIDGE WF-6091,135
CYAN STANDARD CARTRIDGE WF-6091,105
MAGENTA STANDARD CARTRIDGE WF-6091,105
YELLOW STANDARD CARTRIDGE WF-6091,105
Replacement Pick Up Roller (Standard Cassette) WF-6091,55
Replacement Pick Up Roller (Optional Cassette) WF-6091,55
MAINTENANCE BOX (WF-6091),103
EPSON C12C932871 OPTIONAL CASSETTE (WF-C579R),383
EPSON C13T671600 MAINTENANCE BOX (WF-C579R),52
EPSON C12C932611 500-sheet Paper Cassette Unit (PCU),500
EPSON C12C934321 RIPS3 PRINTER STAND,253
EPSON C12C934361 WF-C879R Manual Stapler,440
EPSON C12C934471 EPSONNET 10/100/1000BASE TX INT - C879 only,455
EPSON C12C934491 SUPER G3 MULTI FAXBOARD - C879 only,1296
EPSON C12C934911 WF-C879R STAPLE CARTRIDGE - C879 only,58
EPSON C12C934921 WF-C879R Authentication Device Table - C879 only,41
EPSON C13S210048 Standard Cassette Maintenance Roller,68
EPSON C13S210049 Optional Cassette Maintenance Roller,68
EPSON C12C935941 MAINTENANCE ROLLER FOR PAPER CASSETTE,31
EPSON C12C935961 MAINTENANCE ROLLER FOR MAIN UNIT,27
EPSON C12C934471 EPSONNET 10/100/1000BASE TX INT.,455
EPSON C12C934491 SUPER G3 MULTI FAXBOARD,1296
EPSON C13T671400 MAINTENANCE BOX (WF-C878R/879R),121
EPSON C13S210048 Standard Cassette Maintenance Roller,68
EPSON C13S210049 Optional Cassette Maintenance Roller,68
EPSON C13T01D400 WF-579R Y/Large,201
EPSON C13T01D300 WF-579R M/Large,201
EPSON C13T01D200 WF-579R C/Large,201
EPSON C13T01D100 WF-579R BK/Large,591
EPSON C13T01C400 WF-579R Y/Standard,131
EPSON C13T01C300 WF-579R M/Standard,131
EPSON C13T01C200 WF-579R C/Standard,131
EPSON C13T01C100 WF-579R BK/Standard,302
"EPSON C13T05A100 Hopkins3, BK/Standard",131
Canon 3851C003 LV-WX370 Compact Projector LCD Fixed Lens Lamp 3700 lumens WXGA,1099
Canon 3852C003 LV-WU360 Compact Projector LCD Fixed Lens Lamp 3600 lumens WUXGA (1920 x 1200),1799
Canon 2136C003 XEED WUX500ST Compact Short-throw Full HD LCOS Projector LCOS Fixed Lens Lamp 5000 lumens WUXGA (1920 x 1200) - 1 x HDMI - 1 x VGA Input - 1 x x DVI - 1 x USB,11000
Canon 3899C001 LV-LP43 LV-X350 / WX370 / WU360 Lamps,180
Canon 1907C001 LV-LP42 LV-X420 / HD420 Lamps,450
Canon 1035C001 LX-LP02 MW500 / MU500 Lamps,900
Canon 0953C001 LX-LP01 MU700 Lamps,2000
Canon 5322B001 LV-LP34 7490 / 8320 Lamps,280
Canon 5323B001 LV-LP35 7292 / 7290 / 7392 Lamps,180
Canon 5806B001 LV-LP36 8235UST Lamps,350
Canon 0030C001 LV-LP37 S300 / X300 Lamps,300
Canon 0031C001 LV-LP38 X300ST / X320 / X310ST Lamps,350
Canon 0119C001 LV-LP39 WX300 Lamps,300
Canon 0120C001 LV-LP40 WX300ST / WX320 / WX310ST Lamps,350
Canon 0740C001 LV-LP41 WX300UST / WX300USTi Lamps,400
Canon 2406C001 RS-LP12 WUX7500 / WUX6700 / WUX5800 Lamps,700
Canon 8377B001 RS-LP08 WX520 / WUX400ST / WUX450 / WX450ST / WUX500ST / WUX500 Lamps,550
Canon 9963B001 RS-LP09 WUX6000/WUX6010 Lamps,550
Canon 2141C001 RS-LP11 WUX6500 Lamps,900
CANON SCANNER LiDE 300 ASA 2995C012AA,149
CANON SCANNER LiDE 400 ASA 2996C012AA,189
CANON SCANNER P-215 II 9705B002,459
CANON SCANNER DR-F120 9017B003,689
CANON IMAGEFORMULA 3258C003AD DR-C225 II,1562
CANON IMAGEFORMULA 0651C003AF DR-C240,2095
CANON IMAGEFORMULA 4044C003AC DR-S150,2625
CANON IMAGEFORMULA 2405C003AE DR-M260,3474
CANON IMAGEFORMULA 1255C003AF ScanFront 400,8415
CANON IMAGEFORMULA 4624B003AJ DR-6030C,8800
CANON IMAGEFORMULA 3150C003AC DR-G2110,13788
CANON IMAGEFORMULA 3149C003AC DR-G2140,19310
CANON IMAGEFORMULA 2152C003AB !A4 size Flatbed Unit 102 (FSU 102),1080
Apple AirTag Loop - White MX4F2FE/A UPC 190199315044,45
Apple AirTag (1 Pack) MX532ZP/A UPC 190199320253,45
Apple AirTag Loop - Pink Citrus MLYY3FE/A UPC 194252749494,45
Apple AirTag FineWoven Key Ring - Black MT2H3FE/A UPC 194253945970,55
Apple AirTag FineWoven Key Ring - Mulberry MT2J3FE/A UPC 194253946007,55
Apple AirTag FineWoven Key Ring - Pacific Blue MT2K3FE/A UPC 194253946038,55
Apple AirTag FineWoven Key Ring - Taupe MT2L3FE/A UPC 194253946069,55
Apple AirTag FineWoven Key Ring - Coral MT2M3FE/A UPC 194253946090,55
Apple AirTag (4 Pack) MX542ZP/A UPC 190199320345,149
Apple iPhone 12 mini Silicone Case with MagSafe - Deep Navy MHKU3ZA/A UPC 194252168714,75
Apple iPhone 12 mini Silicone Case with MagSafe - Olive MQUD3FE/A UPC 194253727651,75
Apple iPhone 12 mini Silicone Case with MagSafe - White MHKV3ZA/A UPC 194252168752,75
Apple iPhone 12 mini Silicone Case with MagSafe - Sky MQUE3FE/A UPC 194253727682,75
Apple iPhone 12 mini Silicone Case with MagSafe - Evergreen MT4F3FE/A UPC 194253945642,89
Apple iPhone 12 mini Silicone Case with MagSafe - (PRODUCT)RED MHKW3ZA/A UPC 194252168790,75
Apple iPhone 12 mini Silicone Case with MagSafe - Iris MQUF3FE/A UPC 194253727712,75
Apple iPhone 12 mini Silicone Case with MagSafe - Black MHKX3ZA/A UPC 194252168837,75
Apple iPhone 12 | 12 Pro Silicone Case with MagSafe - Canary Yellow MQUG3FE/A UPC 194253727743,75
Apple iPhone 12 | 12 Pro Silicone Case with MagSafe - Deep Navy MHL43ZA/A UPC 194252169032,75
Apple iPhone 12 | 12 Pro Silicone Case with MagSafe - Olive MQUH3FE/A UPC 194253727774,75
Apple iPhone 12 | 12 Pro Silicone Case with MagSafe - White MHL53ZA/A UPC 194252169070,75
Apple iPhone 12 | 12 Pro Silicone Case with MagSafe - Sky MQUJ3FE/A UPC 194253727804,75
Apple iPhone 12 | 12 Pro Silicone Case with MagSafe - Iris MQUK3FE/A UPC 194253727835,75
Apple iPhone 12 | 12 Pro Silicone Case with MagSafe - (PRODUCT)RED MHL63ZA/A UPC 194252169117,75
Apple iPhone 12 | 12 Pro Silicone Case with MagSafe - Canary Yellow MQUL3FE/A UPC 194253727866,75
Apple iPhone 12 | 12 Pro Silicone Case with MagSafe - Black MHL73ZA/A UPC 194252169155,75
Apple iPhone 12 | 12 Pro Silicone Case with MagSafe - Olive MQUN3FE/A UPC 194253727897,75
Apple iPhone 12 mini Clear Case with MagSafe MHLL3ZA/A UPC 194252169513,75
Apple iPhone 12 | 12 Pro Clear Case with MagSafe MHLM3ZA/A UPC 194252169551,75
Apple iPhone 13 mini Silicone Case with MagSafe - Chalk Pink MM203FE/A UPC 194252780602,75
Apple iPhone 13 mini Silicone Case with MagSafe - Abyss Blue MM213FE/A UPC 194252780633,75
Apple iPhone 13 mini Silicone Case with MagSafe - Midnight MM223FE/A UPC 194252780664,75
Apple iPhone 13 mini Silicone Case with MagSafe – (PRODUCT)RED MM233FE/A UPC 194252780695,75
Apple iPhone 13 Silicone Case with MagSafe – Chalk Pink MM283FE/A UPC 194252780848,75
Apple iPhone 13 Silicone Case with MagSafe – Abyss Blue MM293FE/A UPC 194252780879,75
Apple iPhone 13 Silicone Case with MagSafe – Midnight MM2A3FE/A UPC 194252780909,75
Apple iPhone 13 Silicone Case with MagSafe – (PRODUCT)RED MM2C3FE/A UPC 194252780930,75
Apple iPhone 13 Pro Silicone Case with MagSafe – Chalk Pink MM2H3FE/A UPC 194252781081,75
Apple iPhone 13 Pro Silicone Case with MagSafe – Abyss Blue MM2J3FE/A UPC 194252781111,75
Apple iPhone 13 Pro Silicone Case with MagSafe – Midnight MM2K3FE/A UPC 194252781142,75
Apple iPhone 13 Pro Silicone Case with MagSafe – (PRODUCT)RED MM2L3FE/A UPC 194252781173,75
Apple iPhone 13 Pro Max Silicone Case with MagSafe – Chalk Pink MM2R3FE/A UPC 194252781326,75
Apple iPhone 13 Pro Max Silicone Case with MagSafe – Abyss Blue MM2T3FE/A UPC 194252781357,75
Apple iPhone 13 Pro Max Silicone Case with MagSafe – Midnight MM2U3FE/A UPC 194252781388,75
Apple iPhone 13 Pro Max Silicone Case with MagSafe – (PRODUCT)RED MM2V3FE/A UPC 194252781418,75
Apple iPhone 13 mini Clear Case with MagSafe MM2W3FE/A UPC 194252819128,75
Apple iPhone 13 Clear Case with MagSafe MM2X3FE/A UPC 194252781470,75
Apple iPhone 13 Pro Clear Case with MagSafe MM2Y3FE/A UPC 194252819135,75
Apple iPhone 13 Pro Max Clear Case with MagSafe MM313FE/A UPC 194252781531,75
Apple iPhone 13 mini Silicone Case with MagSafe - Pink Pomelo MM1V3FE/A UPC 194252780510,75
Apple iPhone 13 mini Silicone Case with MagSafe - Clover MM1X3FE/A UPC 194252780541,75
Apple iPhone 13 Silicone Case with MagSafe – Pink Pomelo MM253FE/A UPC 194252780756,75
Apple iPhone 14 Silicone Case with MagSafe - Midnight MPRU3FE/A UPC 194253415947,75
Apple iPhone 14 Plus Silicone Case with MagSafe - Midnight MPT33FE/A UPC 194253416180,75
Apple iPhone 14 Pro Silicone Case with MagSafe - Midnight MPTE3FE/A UPC 194253416425,75
Apple iPhone 14 Pro Max Silicone Case with MagSafe - Midnight MPTP3FE/A UPC 194253416661,75
Apple iPhone 14 Clear Case with MagSafe MPU13FE/A UPC 194253416906,75
Apple iPhone 14 Plus Clear Case with MagSafe MPU43FE/A UPC 194253416937,75
Apple iPhone 14 Pro Clear Case with MagSafe MPU63FE/A UPC 194253416968,75
Apple iPhone 14 Pro Max Clear Case with MagSafe MPU73FE/A UPC 194253416999,75
Apple iPhone 14 Silicone Case with MagSafe - Storm Blue MPRV3FE/A UPC 194253415978,75
Apple iPhone 14 Silicone Case with MagSafe - (PRODUCT)RED MPRW3FE/A UPC 194253416005,75
Apple iPhone 14 Silicone Case with MagSafe - Chalk Pink MPRX3FE/A UPC 194253416036,75
Apple iPhone 14 Plus Silicone Case with MagSafe - Storm Blue MPT53FE/A UPC 194253416210,75
Apple iPhone 14 Plus Silicone Case with MagSafe - (PRODUCT)RED MPT63FE/A UPC 194253416241,75
Apple iPhone 14 Plus Silicone Case with MagSafe - Chalk Pink MPT73FE/A UPC 194253416272,75
Apple iPhone 14 Pro Silicone Case with MagSafe - Storm Blue MPTF3FE/A UPC 194253416456,75
Apple iPhone 14 Pro Silicone Case with MagSafe - (PRODUCT)RED MPTG3FE/A UPC 194253416487,75
Apple iPhone 14 Pro Silicone Case with MagSafe - Chalk Pink MPTH3FE/A UPC 194253416517,75
Apple iPhone 14 Pro Max Silicone Case with MagSafe - Storm Blue MPTQ3FE/A UPC 194253416692,75
Apple iPhone 14 Pro Max Silicone Case with MagSafe - (PRODUCT)RED MPTR3FE/A UPC 194253416722,75
Apple iPhone 14 Pro Max Silicone Case with MagSafe - Chalk Pink MPTT3FE/A UPC 194253416753,75
Apple iPhone 14 Silicone Case with MagSafe - Canary Yellow MQU73FE/A UPC 194253727507,75
Apple iPhone 14 Silicone Case with MagSafe - Olive MQU83FE/A UPC 194253727538,75
Apple iPhone 14 Silicone Case with MagSafe - Sky MQU93FE/A UPC 194253727569,75
Apple iPhone 14 Silicone Case with MagSafe - Iris MQUA3FE/A UPC 194253727590,75
Apple iPhone 14 Plus Silicone Case with MagSafe - Canary Yellow MQUC3FE/A UPC 194253727620,75
Apple iPhone 14 Plus Silicone Case with MagSafe - Olive MQUH3FE/A UPC 194253727774,75
Apple iPhone 14 Plus Silicone Case with MagSafe - Sky MQUE3FE/A UPC 194253727682,75
Apple iPhone 14 Plus Silicone Case with MagSafe - Iris MQUF3FE/A UPC 194253727712,75
Apple iPhone 14 Pro Silicone Case with MagSafe - Olive MQUH3FE/A UPC 194253727774,75
Apple iPhone 14 Pro Silicone Case with MagSafe - Sky MQUJ3FE/A UPC 194253727804,75
Apple iPhone 14 Pro Silicone Case with MagSafe - Iris MQUK3FE/A UPC 194253727835,75
Apple iPhone 14 Pro Max Silicone Case with MagSafe - Canary Yellow MQUL3FE/A UPC 194253727866,75
Apple iPhone 14 Pro Max Silicone Case with MagSafe - Olive MQUN3FE/A UPC 194253727897,75
Apple iPhone 14 Pro Max Silicone Case with MagSafe - Sky MQUP3FE/A UPC 194253727927,75
Apple iPhone 14 Pro Max Silicone Case with MagSafe - Iris MQUQ3FE/A UPC 194253727958,75
Apple iPhone 15 Silicone Case with MagSafe - Black MT0J3FE/A UPC 194253939283,75
Apple iPhone 15 Silicone Case with MagSafe - Storm Blue MT0N3FE/A UPC 194253939313,75
Apple iPhone 15 Silicone Case with MagSafe - Clay MT0Q3FE/A UPC 194253939344,75
Apple iPhone 15 Silicone Case with MagSafe - Light Pink MT0U3FE/A UPC 194253939375,75
Apple iPhone 15 Silicone Case with MagSafe - Guava MT0V3FE/A UPC 194253939405,75
Apple iPhone 15 Silicone Case with MagSafe - Orange Sorbet MT0W3FE/A UPC 194253939436,75
Apple iPhone 15 Silicone Case with MagSafe - Cypress MT0X3FE/A UPC 194253939467,75
Apple iPhone 15 Silicone Case with MagSafe - Winter Blue MT0Y3FE/A UPC 194253939498,75
Apple iPhone 15 Plus Silicone Case with MagSafe - Black MT103FE/A UPC 194253939528,75
Apple iPhone 15 Plus Silicone Case with MagSafe - Storm Blue MT123FE/A UPC 194253939559,75
Apple iPhone 15 Plus Silicone Case with MagSafe - Clay MT133FE/A UPC 194253939580,75
Apple iPhone 15 Plus Silicone Case with MagSafe - Light Pink MT143FE/A UPC 194253939610,75
Apple iPhone 15 Plus Silicone Case with MagSafe - Guava MT163FE/A UPC 194253939641,75
Apple iPhone 15 Plus Silicone Case with MagSafe - Orange Sorbet MT173FE/A UPC 194253939672,75
Apple iPhone 15 Plus Silicone Case with MagSafe - Cypress MT183FE/A UPC 194253939702,75
Apple iPhone 15 Plus Silicone Case with MagSafe - Winter Blue MT193FE/A UPC 194253939733,75
Apple iPhone 15 Pro Silicone Case with MagSafe - Black MT1A3FE/A UPC 194253939764,75
Apple iPhone 15 Pro Silicone Case with MagSafe - Storm Blue MT1D3FE/A UPC 194253939795,75
Apple iPhone 15 Pro Silicone Case with MagSafe - Clay MT1E3FE/A UPC 194253939825,75
Apple iPhone 15 Pro Silicone Case with MagSafe - Light Pink MT1F3FE/A UPC 194253939856,75
Apple iPhone 15 Pro Silicone Case with MagSafe - Guava MT1G3FE/A UPC 194253939887,75
Apple iPhone 15 Pro Silicone Case with MagSafe - Orange Sorbet MT1H3FE/A UPC 194253939917,75
Apple iPhone 15 Pro Silicone Case with MagSafe - Cypress MT1J3FE/A UPC 194253939948,75
Apple iPhone 15 Pro Silicone Case with MagSafe - Winter Blue MT1L3FE/A UPC 194253939979,75
Apple iPhone 15 Pro Max Silicone Case with MagSafe - Black MT1M3FE/A UPC 194253940005,75
Apple iPhone 15 Pro Max Silicone Case with MagSafe - Storm Blue MT1P3FE/A UPC 194253940036,75
Apple iPhone 15 Pro Max Silicone Case with MagSafe - Clay MT1Q3FE/A UPC 194253940067,75
Apple iPhone 15 Pro Max Silicone Case with MagSafe - Light Pink MT1U3FE/A UPC 194253940098,75
Apple iPhone 15 Pro Max Silicone Case with MagSafe - Guava MT1V3FE/A UPC 194253940128,75
Apple iPhone 15 Pro Max Silicone Case with MagSafe - Orange Sorbet MT1W3FE/A UPC 194253940159,75
Apple iPhone 15 Pro Max Silicone Case with MagSafe - Cypress MT1X3FE/A UPC 194253940180,75
Apple iPhone 15 Pro Max Silicone Case with MagSafe - Winter Blue MT1Y3FE/A UPC 194253940210,75
Apple iPhone 15 Clear Case with MagSafe MT203FE/A UPC 194253940241,75
Apple iPhone 15 Plus Clear Case with MagSafe MT213FE/A UPC 194253940272,75
Apple iPhone 15 Pro Clear Case with MagSafe MT223FE/A UPC 194253940302,75
Apple iPhone 15 Pro Max Clear Case with MagSafe MT233FE/A UPC 194253940333,75
Apple iPhone FineWoven Wallet with MagSafe - Taupe MT243FE/A UPC 194253940364,89
Apple iPhone FineWoven Wallet with MagSafe - Mulberry MT253FE/A UPC 194253940395,89
Apple iPhone FineWoven Wallet with MagSafe - Pacific Blue MT263FE/A UPC 194253940425,89
Apple iPhone FineWoven Wallet with MagSafe - Evergreen MT273FE/A UPC 194253940456,89
Apple iPhone FineWoven Wallet with MagSafe - Black MT2N3FE/A UPC 194253940753,89
Apple iPhone 15 FineWoven Case with MagSafe - Black MT393FE/A UPC 194253945376,89
Apple iPhone 15 FineWoven Case with MagSafe - Taupe MT3C3FE/A UPC 194253945406,89
Apple iPhone 15 FineWoven Case with MagSafe - Mulberry MT3E3FE/A UPC 194253945437,89
Apple iPhone 15 FineWoven Case with MagSafe - Pacific Blue MT3G3FE/A UPC 194253945468,89
Apple iPhone 15 FineWoven Case with MagSafe - Evergreen MT3J3FE/A UPC 194253945499,89
Apple iPhone 15 Plus FineWoven Case with MagSafe - Black MT423FE/A UPC 194253945529,89
Apple iPhone 15 Plus FineWoven Case with MagSafe - Taupe MT473FE/A UPC 194253945550,89
Apple iPhone 15 Plus FineWoven Case with MagSafe - Mulberry MT4A3FE/A UPC 194253945581,89
Apple iPhone 15 Plus FineWoven Case with MagSafe - White MHKV3ZA/A UPC 194252168752,75
Apple iPhone 15 Plus FineWoven Case with MagSafe - White MHKV3ZA/A UPC 194252168752,75
Apple iPhone 15 Plus FineWoven Case with MagSafe - Evergreen MT4F3FE/A UPC 194253945642,89
Apple iPhone 15 Pro FineWoven Case with MagSafe - Black MT4H3FE/A UPC 194253945673,89
Apple iPhone 15 Pro FineWoven Case with MagSafe - Taupe MT4J3FE/A UPC 194253945703,89
Apple iPhone 15 Pro FineWoven Case with MagSafe - Mulberry MT4L3FE/A UPC 194253945734,89
Apple iPhone 15 Pro FineWoven Case with MagSafe - Pacific Blue MT4Q3FE/A UPC 194253945765,89
Apple iPhone 15 Pro FineWoven Case with MagSafe - Evergreen MT4U3FE/A UPC 194253945796,89
Apple iPhone 15 Pro Max FineWoven Case with MagSafe - Black MT4V3FE/A UPC 194253945826,89
Apple iPhone 15 Pro Max FineWoven Case with MagSafe - Taupe MT4W3FE/A UPC 194253945857,89
Apple iPhone 15 Pro Max FineWoven Case with MagSafe - Mulberry MT4X3FE/A UPC 194253945888,89
Apple iPhone 15 Pro Max FineWoven Case with MagSafe - Pacific Blue MT4Y3FE/A UPC 194253945918,89
Apple iPhone 15 Pro Max FineWoven Case with MagSafe - Evergreen MT503FE/A UPC 194253945949,89
Apple iPhone XR Clear Case MRW62FE/A UPC 190198763099,59.55
Apple Smart Cover for iPad (9th generation) - White MVQ32FE/A UPC 190199131323,75.7
Apple iPhone XS Max Silicone Case - Papaya MVF72FE/A UPC 190199125902,59.55
Apple iPhone 11 Pro Silicone Case - Pomegranate MXM62FE/A UPC 190199544574,59.55
Apple iPhone 11 Pro Silicone Case - Beryl MXM72FE/A UPC 190199544604,59.55
Apple iPhone 11 Pro Max Silicone Case - Beryl MXM92FE/A UPC 190199544543,59.55
Apple Smart Cover for iPad (9th generation) - Black MX4U2FE/A UPC 190199315877,75.7
Apple Smart Folio for iPad Air (5th generation) - White MH0A3FE/A UPC 194252087435,120.1
Apple Smart Folio for iPad Air (5th generation) - Black MH0D3FE/A UPC 194252087466,120.1
Apple Smart Folio for iPad Pro 11-inch (4th generation) - Black MJM93FE/A UPC 194252438398,120.1
Apple Smart Folio for iPad Pro 11-inch (4th generation) - White MJMA3FE/A UPC 194252438428,120.1
Apple Smart Folio for iPad Pro 12.9-inch (6th generation) - Black MJMG3FE/A UPC 194252438541,150.35
Apple Smart Folio for iPad Pro 12.9-inch (6th generation) - White MJMH3FE/A UPC 194252438572,150.35
Apple Smart Folio for iPad mini (6th generation) - Black MM6G3FE/A UPC 194252789315,89.8
Apple Smart Folio for iPad mini (6th generation) - White MM6H3FE/A UPC 194252789346,89.8
Apple Smart Folio for iPad mini (6th generation) - Electric Orange MM6J3FE/A UPC 194252789377,89.8
Apple Smart Folio for iPad mini (6th generation) - Dark Cherry MM6K3FE/A UPC 194252789407,89.8
Apple Smart Folio for iPad mini (6th generation) - English Lavender MM6L3FE/A UPC 194252789438,89.8
Apple Smart Folio for iPad mini (6th generation) - English Lavender MM6M3FE/A UPC 194252794388,75.7
Apple iPhone SE Silicone Case - Midnight MN6E3FE/A UPC 194253035411,49.45
Apple iPhone SE Silicone Case - Abyss Blue MN6F3FE/A UPC 194253035442,49.45
Apple iPhone SE Silicone Case - Chalk Pink MN6G3FE/A UPC 194253035473,49.45
Apple iPhone SE Silicone Case - (PRODUCT)RED MN6H3FE/A UPC 194253035503,49.45
Apple Smart Folio for iPad Air (5th generation) - Dark Cherry MNA43FE/A UPC 194253109310,120.1
Apple Smart Folio for iPad Air (5th generation) - English Lavender MNA63FE/A UPC 194253109341,120.1
Apple Smart Folio for iPad Air (5th generation) - Marine Blue MNA73FE/A UPC 194253109372,120.1
Apple Smart Folio for iPad (10th generation) - White MQDQ3FE/A UPC 194253477518,120.1
Apple Smart Folio for iPad (10th generation) - Lemonade MQDR3FE/A UPC 194253477556,120.1
Apple Smart Folio for iPad (10th generation) - Watermelon MQDT3FE/A UPC 194253477594,120.1
Apple Smart Folio for iPad (10th generation) - Sky MQDU3FE/A UPC 194253477631,120.1
Apple Smart Folio for iPad Pro 11-inch (4th generation) - Marine Blue MQDV3FE/A UPC 194253478850,120.1
Apple Smart Folio for iPad Pro 12.9-inch (6th generation) - Marine Blue MQDW3FE/A UPC 194253478881,150.35
Apple Apple Pencil Tips - 4 pack MLUN2FE/A UPC 888462756853,29.25
Apple Apple Pencil (2nd Generation) MU8F2ZA/A UPC 190198893369,200.85
Apple Apple Pencil (1st Generation) MQLY3ZA/A UPC 194253687962,150.35
Apple USB-C to Apple Pencil Adapter MQLU3ZA/A UPC 194253665175,15.1
Apple Apple Pencil (USB-C) MUWA3ZA/A UPC 195949133671,119
Apple Radeon Pro Vega II MPX Module MW672ZA/A UPC 190199184169,3300
Apple Radeon Pro Vega II Duo MPX Module MW732ZA/A UPC 190199184060,6600
Apple VESA Mount Adapter MWUF2ZA/A UPC 190199474543,281.6
Apple Pro Stand MWUG2ZA/A UPC 190199474796,1412.05
Apple Pro Display XDR - Standard glass MWPE2ZP/A UPC 190199287020,7367.2
Apple Pro Display XDR - Nano-texture glass MWPF2ZP/A UPC 190199287389,8780.25
Apple Apple Studio Display - Standard Glass - Tilt- and Height-Adjustable Stand MK0Q3ZP/A UPC 194253030232,2926.05
Apple Apple Studio Display - Standard Glass - Tilt-Adjustable Stand MK0U3ZP/A UPC 194253030614,2320.45
Apple Apple Studio Display - Standard Glass UPC 194253727620,75
Apple Apple Studio Display - Nano-Texture Glass UPC 194253945611,89
Apple Apple Studio Display - Nano-Texture Glass - Tilt- and Height-Adjustable Stand MMYV3ZP/A UPC 194253032519,3329.8
Apple Apple Studio Display - Nano-Texture Glass - Tilt-Adjustable Stand MMYW3ZP/A UPC 194253032892,2724.2
Apple Apple Studio Display - Nano-Texture Glass - VESA Mount Adapter MMYX3ZP/A UPC 194253033271,2724.2
Apple EarPods with Lightning Connector MMTN2FE/A UPC 190198001719,29
Apple EarPods (USB-C) MTJY3FE/A UPC 195949121449,29
Apple AirPods Pro (2nd generation) with MagSafe Case (USB-C) MTJV3ZA/A UPC 195949052613,362.35
Apple EarPods with 3.5mm Headphone Plug MNHF2FE/A UPC 190198107046,29.25
Apple Wireless Charging Case for AirPods MR8U2ZA/A UPC 190198659514,120.1
Apple AirPods (2nd generation) MV7N2ZA/A UPC 190199098558,200.85
Apple Lightning to 3.5mm Audio Cable (1.2m) - Black MR2C2FE/A UPC 190198616432,49
Apple AirPods Max - Space Gray MGYH3ZA/A UPC 194252085165,806.45
Apple AirPods Max - Silver MGYJ3ZA/A UPC 194252085295,806.45
Apple AirPods Max - Sky Blue MGYL3ZA/A UPC 194252085554,806.45
Apple AirPods Max - Pink MGYM3ZA/A UPC 194252085684,806.45
Apple AirPods Max - Green MGYN3ZA/A UPC 194252085813,806.45
Apple AirPods (3rd generation) with MagSafe Charging Case MME73ZA/A UPC 194252818503,271.5
Apple AirPods (3rd generation) with Lightning Charging Case MPNY3ZA/A UPC 194253324157,261.4
Apple 16GB (2x8GB) DDR4 ECC Memory Kit,120.1
Apple 32GB (2x16GB) DDR4 ECC Memory Kit MX1H2G/A UPC 190199288942,1200
Apple 64GB (2x32GB) DDR4 ECC Memory Kit MX1J2G/A UPC 190199288959,1800
Apple 128GB (2x64GB) DDR4 ECC Memory Kit MX1K2G/A UPC 190199288966,4200
Apple 256GB (2x128GB) DDR4 ECC Memory Kit MX8G2G/A UPC 194252067048,9000
Apple Apple Mac Pro Wheels Kit MX572FE/A UPC 190199319455,1008.3
Apple Apple Mac Pro Feet Kit MXNM2FE/A UPC 190199565357,402.7
Apple Radeon Pro W5700X MPX Module,1500
Apple 1TB SSD Kit for Mac Pro MXNN2FE/A UPC 190199565401,900
Apple 2TB SSD Kit for Mac Pro MXNP2FE/A UPC 190199565470,1500
Apple 4TB SSD Kit for Mac Pro MXNQ2FE/A UPC 190199565548,2400
Apple 8TB SSD Kit for Mac Pro MXNR2FE/A UPC 190199565616,4200
Apple Radeon Pro W5500X MPX Module MXM52ZA/A UPC 190199535558,900
Apple Radeon Pro W6800X MPX Module MJ073ZA/A UPC 194252243824,4200
Apple Polishing Cloth MM6F3ZA/A UPC 194252788905,29.25
Apple Radeon Pro W6600X MPX Module MKGY3ZA/A UPC 194252554012,1050
Apple Apple 2TB SSD Upgrade Kit for Mac Pro MR393FE/A UPC 195949013515,1500
Apple Apple 4TB SSD Upgrade Kit for Mac Pro MR3A3FE/A UPC 195949013577,2400
Apple Apple 8TB SSD Upgrade Kit for Mac Pro MR3C3FE/A UPC 195949013638,4200
Apple Magic Keyboard with Numeric Keypad - US English - Silver MQ052ZA/A UPC 190198383587,170.55
Apple Smart Keyboard for iPad (9th generation) - US English MX3L2ZA/A UPC 190199307223,251.3
Apple Smart Keyboard Folio for iPad Pro 11-inch (4th generation) and iPad Air (5th generation)– US English MXNK2ZA/A UPC 190199568662,281.6
Apple Smart Keyboard Folio for 12.9-inch iPad Pro (6th generation) - US English MXNL2ZA/A UPC 190199569249,301.75
Apple Magic Keyboard for iPad Pro 11-inch (4th generation) and iPad Air (5th generation) - US English - Black MXQT2ZA/A UPC 190199600171,453.15
Apple Smart Keyboard for iPad (9th generation) - British English MX3L2BX/A UPC 190199306714,251.3
Apple Smart Keyboard for iPad (9th generation) - Chinese (Pinyin) MX3L2CV/A UPC 190199306813,251.3
Apple Smart Keyboard for iPad (9th generation) - Japanese MX3L2JX/A UPC 190199306936,251.3
Apple Smart Keyboard for iPad (9th generation) - Chinese (Zhuyin) MX3L2MO/A UPC 190199307025,251.3
Apple Smart Keyboard Folio for iPad Pro 11-inch (4th generation) and iPad Air (5th generation) — British English MXNK2BX/A UPC 190199568150,281.6
Apple Smart Keyboard Folio for iPad Pro 11-inch (4th generation) and iPad Air (5th generation) — Chinese (Pinyin) MXNK2CV/A UPC 190199568259,281.6
Apple Smart Keyboard Folio for iPad Pro 11-inch (4th generation) and iPad Air (5th generation) — Japanese MXNK2JX/A UPC 190199568372,281.6
Apple Smart Keyboard Folio for iPad Pro 11-inch (4th generation) and iPad Air (5th generation) - Chinese (Zhuyin) MXNK2MO/A UPC 190199568464,281.6
Apple Magic Keyboard for iPad Pro 11-inch (4th generation) and iPad Air (5th generation) - British English - Black MXQT2BX/A UPC 190199599666,453.15
Apple Magic Keyboard for iPad Pro 11-inch (4th generation) and iPad Air (5th generation) - Chinese (Pinyin) - Black MXQT2CV/A UPC 190199599765,453.15
Benq Projector LU930 5000lm WUXGA 8R030PA Win11,1279
Apple Magic Keyboard for iPad Pro 11-inch (4th generation) and iPad Air (5th generation) - Japanese MQDP3JX/A UPC 194253417194,382.5
"Benq Projector LU935 6000lm WUXGA 8Q328PA Win11 (1920x1200) 3,000,000:1",1254
HP ProOne 440 G9 AiO i5-13500 8GB/512GB Pro,1619
Dell AO7010PMTI78512 Opti 7010PLUSMT|I7-13700|8GB|512GB SSD|RW|BRZ|W11 Win 11 Pro,3699
Lenovo ThinkPad X1 Carbon G11 i7-1365U/32GB/1TB SSD 21HM008HSG W11 Pro,382.5
Apple Magic Keyboard Folio for iPad (10th generation) - Chinese (Zhuyin) MQDP3MO/A UPC 194253417293,382.5
"Benq Projector LU935ST 5500lm WUXGA 915N6PA Win11 (1920x1200) 3,000,000:1",1369
HP Elite SFF 600 G9 i7-13700 16GB/512GB Pro,1857
Dell AO7010PMTI7161TB Opti 7010PLUSMT|I7-13700|16GB|1TB SSD|RW|BRZ|W11 Win 11 Pro DG 64,3499
Lenovo ThinkPad X1 Carbon G11 i7-1360P/16GB/512GB SSD 21HM001USG W11 Pro,453.15
Apple Magic Keyboard for iPad Pro 11-inch (4th generation) and iPad Air (5th generation) - Chinese (Zhuyin) - Black MXQT2MO/A UPC 190199599970,453.15
Apple Apple Watch Magnetic Charging Cable (1 m) MX2E2AM/A UPC 190199291027,39
"Benq Projector LK936ST 5100lm 4k UHD RX 6300 2GB GDDR6 8Q327PA Win11 (3840x2160) 3,000,000:1",1637
HP Elite Tower 600 G9 i7-13700 16GB/512GB/,1734
Dell AO7010PMTI716512 Opti 7010PLUSMT|I7-13700|16GB|512GB SSD|RW|BRZ|W11 Win 11 Pro,3419
Lenovo ThinkPad X1 Carbon G11 i7-1360P/16GB/512GB SSD 21HM008FSG W11 Pro,453.15
Apple Apple World Travel Adapter Kit MD837AM/A UPC 888462169363,45
Apple Lightning to USB Cable (2 m) MD819AM/A UPC 888462322997,45
"Benq Projector MW855UST+ 3500lm WXGA 8B5W9PA Win11 (1280x800) 10,000:1",1153
HP Elite Mini 800 G9 i5-13500T 8GB/256GB Pro,1854
Dell AO7410AIOI516G512GB-T Opti 7410AIO|I5-13500|16GB|512GB SSD|W11|TOUCH Win 11 Pro,3549
Lenovo ThinkPad X1 Carbon G11 i7-1360P/16GB/1TB SSD 21HM008GSG W11 Pro,3899
Apple Lightning to USB Camera Adapter MD821AM/A UPC 888462323017,45
"Benq Projector LH890UST 4000lm FULL HD 8B5Z4PA Win11 (1920x1080) 100,000:1",1395
HP Elite Mini 800 G9 i7-13700T 8GB/512GB Pro,2019
Dell AO7410AIOI516G1TG-T Opti 7410AIO|I5-13600|16GB|1TB SSD|W11|TOUCH Win 11 Pro,1060
Lenovo ThinkPad X1 Yoga G8 i7-1355U/32B/1TB SSD (Touch) 21HQ004YSG W11 Pro,533.9
Apple USB-C to Lightning Cable (2 m) MQGH2ZA/A UPC 190198496195,45
"Benq Projector TH575 3800lm FULL HD (1920x1080) 15,000:1",1450
HP Elite SFF 800 G9 i5-13500 8GB/512GB,2075
Dell AO7410AIOI716G512GB-T Opti 7410AIO|I7-13700|16GB|512GB SSD|W11|TOUCH Win 11 Pro,1415
Lenovo ThinkCentre M75s G2 R5 Pro 2650G/8GB/512GB SSD 11R8002JSG W11 Pro DG 64,453.15
Apple 240W USB-C Charge Cable (2 m) MU2G3ZA/A UPC 195949093449,45
Apple USB-C to Lightning Adapter MUQX3ZA/A UPC 195949122866,45
"Benq Projector TH685i 3500lm FULL HD (1920x1080) 10,000:1",1570
HP Elite SFF 800 G9 i7-13700 8GB/512GB,2206
Dell AO7410AIOI716G1TG-T Opti 7410AIO|I7-13700|16GB|1TB SSD|W11|TOUCH Win 11 Pro,1765
Lenovo ThinkCentre M70S G3 i5-12500/8GB/512GB SSD 11T8004DSG W11 Pro DG 64,453.15
Apple Thunderbolt 4 (USB-C) Pro Cable (1 m) MU883ZA/A UPC 195949093494,95
"Benq Projector TK700 3200lm 4k UHD 8A6M9PA Win11 (3840x2160) 10,000:1",1668
HP Elite SFF 800 G9 i7-13700 16GB/512GB Pro,1399
Lenovo ThinkCentre M90S G3 i7-12700/16GB/512GB SSD 11TT001XSG W11 Pro DG 64,533.9
Apple Apple MagSafe to MagSafe 2 Converter MD504ZM/A UPC 885909604203,15.1
"Benq Projector TK700STi 3000lm 4k UHD 8A6M8PA Win11 (3840x2160) 4,500:1",1759
HP Elite SFF 800 G9 i7-13700 16GB/1TB Pro,1838
Dell S014L344014SG_VP42 Lati 3440|i5-1335U|8GB|512GB SSD|W11 Win 11 Pro,1599
Lenovo ThinkCentre M70S G4 i5-13400/8GB/512GB SSD 12DN000ASG W11 Pro,533.9
Apple Apple 45W MagSafe 2 Power Adapter (for MacBook Air) MD592B/B UPC 885909934157,99.9
"Benq Projector TK850i 3000lm 4k UHD 8A6U6PA Win11 (3840x2160) 30,000:1",1570
HP Elite Tower 800 G9 i7-13700 8GB/512GB Pro,1949
Dell Lati3440i516G512 Lati 3440|i5-1335U|16GB|512GB SSD|W11 Win 11 Pro,1249
Lenovo ThinkCentre M70S G4 i7-13700/16GB/512GB SSD 12DN000BSG W11 Pro,533.9
Apple Apple Thunderbolt cable (2.0 m) MD861ZM/A UPC 885909630141,59.55
"Benq Projector X3000i 3000lm 4k UHD 8A6V1PA Win11 (3840x2160) 500,000:1 (Dynamic Black)",1668
HP Elite Tower 800 G9 i7-13700 16GB/512GB,2070
Dell Lati3440i78G512 Lati 3440|i7-1355U|8GB|512GB SSD|W11 Win 11 Pro,1599
Lenovo ThinkCentre M70Q G4 i5-13400T/8GB/512GB SSD 12E30011SG W11 Pro,533.9
Apple Apple 85W MagSafe 2 Power Adapter (for MacBook Pro with Retina display) MD506B/B UPC 885909934188,99.9
"Benq Projector W5700 1800lm 4k UHD 8A6V5PA Win11 (3840x2160) 100,000:1",4299
HP Elite Tower 800 G9 i7-13700 16GB/1TB Pro,2289
Dell Lati3440i716G512_V1 Lati 3440|i7-1355U|16GB|512GB SSD|W11 Win 11 Pro,1715
Lenovo ThinkCentre M70Q G4 i7-13700T/16GB/512GB SSD 12E30012SG W11 Pro,200.85
Apple Apple 60W MagSafe 2 Power Adapter (MacBook Pro with 13-inch Retina display) MD565B/B UPC 885909934171,99.9
BENQ InstasShow WDC10,1488
HP EliteOne 840 G9 23.8 AiO Touchscreen i7-13700 16GB/1TB SSD 8T700PA Win 11,2111
Dell Lati5340i58G512 Lati 5340|i5-1335U|8GB|512GB SSD|W11 Win 11 Pro,1869
Lenovo ThinkCentre neo 30a 24 23.8” i5-1240P/8GB/512GB SSD (non-touch) 12B000CDSG W11 Pro DG 64,130.2
Apple Lightning to VGA Adapter MD825AM/A UPC 888462323055,75.7
BENQ GW2480 IPS 23.8” 1920x1080 20Mil:1 5ms (GtG) 1x 2x 1W 100x100mm,179
HP EliteOne 870 G9 27 AiO Non-Touch QHD i7-13700 32GB/1TB SSD 8T701PA Win 11,2559
Dell S002L534013SG_VP Lati 5340|i5-1345U|16GB|512GB SSD|W11 Win 11 Pro,1949
Lenovo ThinkCentre M70a G3 21.5’’ i5-12500/8GB/512GB SSD (Touch) 11VL0008SG W11 Pro DG 64,241.2
Apple Lightning to Digital AV Adapter MD826AM/A UPC 888462323062,75.7
BENQ GW2480L IPS 23.8” 1920x1080 20Mil:1 5ms (GtG) 1x 2x 1W 100x100mm,179
HP Z2 SFF G9 i7-12700 8GB/512GB SSD 6V1Z6PA Win 11,2275
Dell Lati5340i716G512 Lati 5340|i7-1365U|16GB|512GB SSD|W11 Win 11 Pro,2289
Lenovo ThinkCentre M90a G3 23.8’’ i7-12700/16GB/512GB SSD (Touch) 11VF009TSG W11 Pro DG 64,170.55
Apple Lightning to USB Cable (0.5 m) ME291AM/A UPC 888462322898,29.25
BENQ GW2480T IPS 23.8” 1920x1080 20Mil:1 5ms (GtG) 1x 2x 1W 100x100mm,229
HP Z2 SFF G9 i7-13700 16GB/512GB SSD 8D0J9PA Win 11,2864
Dell Lati5440i58G512 Lati 5440|i5-1335U|8GB|512GB SSD|W11 Win 11 Pro,1973
Apple USB-C VGA Multiport Adapter MJ1L2AM/A UPC 888462074995,95.85
BENQ GW2485TC IPS 23.8” 1920x1080 20Mil:1 5ms (GtG) NA 2x2W 100x100mm,319
HP Z2 SFF G9 i7-13700 16GB/256GB SSD/1TB SATA 8D0H3PA Win 11,2957
Dell Lati5440i516g512 Lati 5440|i5-1335U|16GB|512GB SSD|W11 Win 11 Pro,2112
Apple USB-C to USB Adapter MJ1M2AM/A UPC 888462108416,29.25
BENQ GW2780 IPS 27”W 1920x1080 20Mil:1 5ms (GtG) 1x 2x2W 100x100mm,239
HP Z2 Mini G9 i7-13700 32GB/512GB SSD 8D0H4PA Win 11,3858
Dell S021L544014SG_VP Lati 5440|i7-1365U|16GB|512GB SSD|W11 Win 11 Pro,2314
Apple Lightning to SD Card Camera Reader MJYT2AM/A UPC 888462314473,45.4
BENQ GW2780T IPS 27”W 1920x1080 20Mil:1 5ms (GtG) 1x 2x2W 100x100mm,289
HP Z2 G9 TWR i7-13700K 32GB/256GB SSD/2TB SATA 8D0H6PA Win 11,3418
Dell S011L554015SG_VP Lati 5540|i5-1345U|8GB|512GB SSD|W11 Win 11 Pro,1889
Apple Lightning to USB3 Camera Adapter MK0W2AM/A UPC 888462314527,59.55
BENQ GW2785TC IPS 27”W 1920x1080 20Mil:1 5ms (GtG) NA 2x2W 100x100mm,359
HP Z2 G9 TWR i7-13700 16GB/256GB SSD/2TB SATA 8D0H8PA Win 11,3010
Dell AL5540i755U16G512ssd Lati 5540|i7-1355U|16GB|512GB SSD|W11 Win 11 Pro,2329
Apple Lightning to 3.5 mm Headphone Jack Adapter MMX62FE/A UPC 190198001771,15.1
BENQ EX240 IPS 23.8”” 1920x1080 20Mil:1 2ms (GtG) 1ms(MPRT) NA 2x2.5W 100x100mm,329
HP Z2 G9 TWR i7-13700 16GB/1TB SSD 8D0H9PA Win 11,2942
Dell AL7340i58G512ssd Lati 7340|i5-1335U|8GB|512GB SSD|W11 Win 11 Pro,2256
Apple Thunderbolt 3 (USB-C) to Thunderbolt 2 Adapter MMEL2ZA/A UPC 888462859172,65.6
BENQ EX240N VA 23.8”” 1920x1080 20Mil:1 4ms (GtG) 1ms(MPRT) NA 2x2.5W 100x100mm,279
HP EliteBook 1030 G8 i5-1135 13.3 16GB/512GB SSD (Touch) 72194607 Win 10,2992.09
Dell AL7340i516G512ssd Lati 7340|i5-1335U|16GB|512GB SSD|W11 Win 11 Pro,2352
Apple Apple 30-pin to USB Cable MA591G/C UPC 885909686896,29.25
BENQ EX2510S IPS 24.5”” 1920x1080 20Mil:1 2ms (GtG) 1ms(MPRT) NA 2x2.5W 100x100mm,339
HP EliteBook 830G9 i5-1235U 16GB/512GB SSD 6C1V1PA Win 11,2449
Dell AL7340i716G512ssd Lati 7340|i7-1355U|16GB|512GB SSD|W11 Win 11 Pro,2580
Apple USB-C to 3.5 mm Headphone Jack Adapter MU7E2FE/A UPC 190198886828,15.1
BENQ EX2710S IPS 27”” 1920x1080 20Mil:1 2ms (GtG) 1ms(MPRT) NA 2x2.5W 100x100mm,359
HP EliteBook X360 1040 G9 i7-1255U 16GB/1TB SSD (Touch +Intel Evo+ Sure View) 6C1Z9PA Win 11,3789
Dell AL7340i716G1TBssd Lati 7340|i7-1355U|16GB|1TB SSD|W11 Win 11 Pro,2705
Apple USB-C to SD Card Reader MUFG2ZA/A UPC 190198905024,59.55
BENQ EX2710Q IPS 27 2560x1440 20Mil:1 2ms (GtG) 1ms(MPRT) NA 2.1 Channel Speaker Audio DSP 2Wx2 + 5W (Woofer) 100x100mm,579
HP Elite Dragonfly G3 i5-1235U 16GB/512GB SSD (Intel Evo + Sure View) 6C224PA Win 11,3069
Dell AL7440I58G512 Lati 7440|i5-1335U|8GB|512GB SSD|W11 Win 11 Pro,2367
Apple Lightning to 3.5mm Audio Cable (1.2m) - Black MR2C2FE/A UPC 190198616432,49
BENQ EX270M IPS 27 1920x1080 20Mil:1 1ms (GtG) 1ms(MPRT) NA 2.1 Channel Speaker Audio DSP 2Wx2 + 5W (Woofer) 100x100mm,579
HP Elite Dragonfly G3 i7-1255U 16GB/1TB SSD (Intel Evo + Sure View) 6C225PA Win 11,3779
Dell s002l744014sg_vp Lati 7440|i5-1345U|16GB|512GB SSD|W11 Win 11 Pro,2395
Apple Lightning to USB Cable (1 m) MXLY2ZA/A UPC 190199534841,29.25
BENQ EX270QM IPS 27 2560x1440 20Mil:1 1ms (GtG) 1ms(MPRT) NA 2.1 Channel Speaker Audio DSP 2Wx2 + 5W (Woofer) 100x100mm,1139
HP ProBook 440 G10 i5-1335U 8GB/512GB SSD 8B210PA Win 11,1609
Dell AL7440I716G512 Lati 7440|i7-1355U|16GB|512GB SSD|W11 Win 11 Pro,2693
Apple Power Adapter Extension Cable MK122B/A UPC 888462315883,29.25
BENQ EX2710U IPS 27 3840x2160 20Mil:1 2ms (GtG) 1ms(MPRT) NA 2.1 Channel Speaker Audio DSP 2Wx2 + 5W (Woofer) 100x100mm,1129
HP ProBook 440 G10 i7-1355U 16GB/512GB SSD 8B209PA Win 11,1879
Dell AL7440I716G1TBSSD Lati 7440|i7-1365U|16GB|1TB SSD|W11 Win 11 Pro,2874
Apple 96W USB-C Power Adapter MX0J2ZP/A UPC 190199351417,99.9
BENQ EX3210U IPS 32 3840x2160 20Mil:1 2ms (GtG) 1ms(MPRT) NA 2.1 Channel Speaker Audio DSP 2Wx2 + 5W (Woofer) 100x100mm,1449
HP ProBook 450 G10 i5-1335U 16GB/512GBSSD 8H2G4PA Win 11,1649
Dell AWM3480i516GB512GBSSDA500 Preci 3480|I5-1350P|16GB|512GB SSD|W11|Nvidia A500 Win 11 Pro,2385
Apple Apple 85W MagSafe Power Adapter (for 15- and 17-inch MacBook Pro) MC556B/C UPC 885909934218,99.9
BENQ EX3410R VA 34”” 3440x1440 20Mil:1 2ms (GtG) 1ms(MPRT) NA 2.1 Channel Speaker Audio DSP 2Wx2 + 5W (Woofer) 100x100mm,799
HP EliteBook 630 G10 i5-1335U 8GB/512GB SSD 8B217PA Win 11,1609
Dell AWM3480i716GB512GBSSDA500 Preci 3480|I7-1370P|16GB|512GB SSD|W11|Nvidia A500 Win 11 Pro,2622
Apple 30W USB-C Power Adapter MY1W2ZP/A UPC 190199796966,55.5
BENQ EX3415R IPS 34”” 3440x1440 20Mil:1 2ms (GtG) 1ms(MPRT) NA 2.1 Speaker | Audio DSP: 2Wx2 + 5W (Woofer) 100x100mm,1099
HP EliteBook 630 G10 i7-1355U 16GB/512GB SSD 8B221PA Win 11,1879
Dell AWM3580i516GB512GBSSDA500 Preci 3580|I7-1360P|16GB|512GBSSD|W11|Nvidia A500 Win 11 Pro,2851
Apple Apple 12W USB Power Adapter MGN03ZP/A UPC 194252025116,29.25
BENQ EX480UZ OLED 48”” 3840x1260 20Mil:1 0.1ms (GtG) NA 2.1 Channel Speaker Audio DSP 5Wx2 + 10W (Woofer) 200x200mm,2599
HP EliteBook 640 G10 i5-1335U 8GB/512GBSSD 8B224PA Win 11,1729
Dell AWM3580i532GB1TBSSDA500 Preci 3580|I7-1370P|32GB|1TBSSD|W11|Nvidia A500 Win 11 Pro,3333
Apple MagSafe Charger MHXH3AM/A UPC 194252192375,59.55
BENQ EW2480 IPS 24” 1920x1080 20Mil:1 5ms (GtG) NA 2x2W 100x100mm,249
HP EliteBook 640 G10 i7-1355U 16GB/512GBSSD 8B225PA Win 11,2009
Apple 20W USB-C Power Adapter MHJF3ZP/A UPC 194252157060,29.25
BENQ EW2780 IPS 27” 1920x1080 20Mil:1 5ms (GtG) NA 2x 2.5W 100x100mm,270
HP EliteBook 830 G10 i5-1335U 16GB/512GB SSD 8B229PA Win 11,2129
Dell AWT3660MTI716G512GB-T400 Preci3660 MT|i7-12700|16GB|512GB SSD |W10|T400 Win 10 Pro,2150
Apple Lightning to 3.5 mm Audio Cable (1.2m) - White MXK22FE/A UPC 190199552609,49.45
BENQ EW2880U IPS 28” 3840x2160 12Mil:1 5ms (GTG) NA Audio DSP;2x3W 100x100mm,549
HP EliteBook 830 G10 i7-1355U 16GB/512GB SSD 8B230PA Win 11,2369
Dell AWT3660MTI713165122TBT400 Preci3660 MT|i7-13700|16GB|512GB SSD|2TB SATA|W11|T400 Win 11 Pro,2318
Apple 67W USB-C Power Adapter MKU63ZP/A UPC 194252646342,85.75
BENQ EW3270U VA 31.5” 3840x2160 20Mil:1 4ms (GtG) NA 2x 2W 100x100mm,499
HP EliteBook 840 G10 i5-1335U 16GB/512GBSSD 8B232PA Win 11,2179
Dell AWT5820MTXeon32G2TBT1000 Preci5820 MT|W-2223|32GB|512GB SSD| 2TB|W11|T1000 Win 11 Pro,3114
Apple 140W USB-C Power Adapter MLYU3ZP/A UPC 194252750773,120.1
BENQ EW3280U IPS 32”” 3840x2160 20Mil:1 5ms (GtG) NA 2.1 Speaker | Audio DSP: 2Wx2 + 5W (Woofer) 100x100mm,899
HP EliteBook 840 G10 i7-1355U 16GB/512GBSSD 8B234PA Win 11,2429
Apple USB-C to MagSafe 3 Cable (2m) - Silver MLYV3ZA/A UPC 194252750803,65.6
BENQ SW240 IPS 24.1” 1920x1200 20Mil:1 5ms (GtG) NA NA 100c100mm,529
HP EliteBook 1040 G10 i7-1355U 32GB/1TB SSD (Intel EVO + HP Sure View) 8B2P3PA Win 11,3089
Lenovo ThinkBook 14 G4 i5-1235U/8GB/512GB SSD 21DH00CUSB W11 Pro DG 64,1515
Apple USB-C to Lightning Cable (1 m) MM0A3FE/A UPC 194252750858,29.25
BENQ SH240 Shading Hood for SW240,109
HP EliteBook X360 1040 G10 i7-1355U 16GB/1TB SSD (Intel EVO + HP Sure View + Touch) 8H2G5PA Win 11,3619
Lenovo ThinkBook 14 G4 i5-1340P/8GB/512GB SSD 21JC007FSB W11 Pro,1515
Apple Thunderbolt 4 Pro Cable (1.8 m) MN713ZA/A UPC 194253080121,180.65
BENQ SW270C IPS 27”W 2560x1440 20Mil:1 5ms (GtG) NA NA 100x100mm,1199
HP Elite Dragonfly G4 i5-1335U 16GB/1TB SSD (Intel Evo + Sure View) 8B258PA Win 11,3149
Lenovo ThinkBook 14 G5 i7-1360P/8GB/512GB SSD 21JC007GSB W11 Pro,1718
Apple Thunderbolt 4 Pro Cable (3 m) MWP02ZA/A UPC 190199228122,221
BENQ SW271C IPS 27”W 3840x2160 20Mil:1 5ms (GtG) NA NA 100x100mm,2349
HP Elite Dragonfly G4 i7-1355U 32GB/1TB SSD (Intel Evo + Sure View) 8B260PA Win 11,3549
Lenovo ThinkPad E14 G5 i5-1335U/8GB/512GB SSD 21JK0066SG W11 Pro,1549
Apple 35W Dual USB-C Port Power Adapter MNWP3ZP/A UPC 194253337348,85.75
BENQ SW321C IPS 32”W 3840x2160 20Mil:1 5ms (GtG) NA NA 100x100mm,2649
HP Zbook FireFly14 G10 A500 i7-1355U 14 32GB/512GB 8C5R5PA Win 11,3042
Lenovo ThinkPad E14 G5 i5-1340P/16GB/512GB SSD 21JKS00C00 W11 Pro,1634
Apple 60W USB-C Charge Cable (1m) MQKJ3ZA/A UPC 194253494836,29.25
BENQ PD2705U IPS 27” 3840x2160 20Mil:1 5ms (GtG) NA 2x 2.5W 100x100mm,779
HP Zbook FireFly 14 G10 A500 i7-1355U 14 32GB/1TB 8C5T4PA Win 11,3143
Lenovo ThinkPad E14 G5 i7-1355U/8GB/512GGB SSD 21JK0067SG W11 Pro,1749
Apple 70W USB-C Power Adapter MQLN3ZP/A UPC 194253789703,85.75
BENQ PD2705UA IPS 27” 3840x2160 20Mil:1 5ms (GtG) NA 2x 2.5W 100x100mm,899
HP Zbook Power G10 i7-13700H 15.6 32GB/512GB 8C5R2PA Win 11,3875.01
Lenovo ThinkPad E14 G5 i7-1360P/16GB/512GGB SSD 21JKS00B00 W11 Pro,1836
Apple Apple USB SuperDrive MD564ZM/A UPC 885909575794,99.9
"BENQ PD2725U IPS 27” 3840x2160 20Mil:1 5ms (GtG) NA; USB Hub; 2x ThunderBolt3 (1- Power Delivery 65W, DP altmode, Data; 1- Power Delivery 15W) 2x 2.5W 100x100mm",1219
HP Zbook Studio G10 16 RTX3000 8GB i7-13700H 16 32GB/512GB 8F166PA Win 11,6162
Lenovo ThinkPad E16 G1 i7-1355U/8GB/512GGB SSD 21JN005HSG W11 Pro,1698
Apple Wireless Charging Case for AirPods MR8U2ZA/A UPC 190198659514,119
BENQ PD3205U IPS 32” 3840x2160 20Mil:1 5ms (GtG) NA 2x 2.5W 100x100mm,999
HP Zbook Studio G10 i7-13700H 16 32GB/1TB 8C5R3PA Win 11,7086.73
Lenovo ThinkPad L14 G4 i5-1335U/8GB/512GB SSD 21H1005QSG W11 Pro,1749
Apple AirPods (2nd generation) MV7N2ZA/A UPC 190199098558,200.85
BENQ PD3205UA IPS 32” 3840x2160 20Mil:1 5ms (GtG) NA 2x 2.5W 100x100mm,1129
Lenovo ThinkPad L14 G4 i7-1335U/8GB/512GB SSD 21H1005RSG W11 Pro,1949
Apple AirPods (3rd generation) with MagSafe Charging Case MME73ZA/A UPC 194252818503,271.5
"BENQ PD3220U IPS 32” 3840x2161 20Mil:1 5ms (GtG) NA; USB Hub; 2x ThunderBolt3 (1- Power Delivery 85W, DP altmode, Data; 1- Power Delivery 15W, DP alt mode, Data) 2x 2W 100x100mm",1599
Dell 210-BFXE Opti 7010PLUSSFF|I5-13500|16GB|512GB SSD|RW|BRZ|W10 Win 10 Pro,1561
Lenovo ThinkPad T14 G3 i7-1260P/16GB/512GB SSD 21AH00M3SG W11 Pro DG 64,1949
Apple AirPods (3rd generation) with Lightning Charging Case MPNY3ZA/A UPC 194253324157,261.4
Dell AO7010BMFFI5600T8512 Opti 7010BASICMFF|I5-13600T|8GB|512GB SSD|WLAN|W11 Win 11 Pro,1191
Lenovo ThinkPad T14 G4 i5-1335U/16GB/512GB SSD 21HD005TSG W11 Pro,1999
Apple AirPods Max - Space Gray MGYH3ZA/A UPC 194252085165,806.45
Dell AO7010BSFFI55008512 Opti 7010BASICSFF|I5-13500|8GB|512GB SSD|RW|BRZ|W11 Win 11 Pro,1192
Lenovo ThinkPad T14 G4 i7-1355U/16GB/512GB SSD 21HD005USG W11 Pro,2199
Apple AirPods Max - Silver MGYJ3ZA/A UPC 194252085295,806.45
Dell AO7010BMTI56008512 Opti 7010BASICMT|I5-13600|8GB|512GB SSD|RW|BRZ|W11 Win 11 Pro,1300
Lenovo ThinkPad T14s G4 i5-1340P/16GB/512GB SSD 21F6006USG W11 Pro,2149
Apple AirPods Max - Sky Blue MGYL3ZA/A UPC 194252085554,806.45
Dell AO7010PMFFI78512 Opti 7010PLUSMFF|I7-13700T|8GB|512GBSSD|WLAN|W11 Win 11 Pro,1587
Lenovo ThinkPad T14s G4 i7-1360P/16GB/512GB SSD 21F6006SSG W11 Pro,2339
Apple AirPods Max - Pink MGYM3ZA/A UPC 194252085684,806.45
Dell AO7010PSFFI78512 Opti 7010PLUSSFF|I7-13700|8GB|512GB SSD|RW|BRZ|W11 Win 11 Pro,1619
Lenovo ThinkPad T16 G2 i7-1355U/16GB/512GB SSD 21HH003KSG W11 Pro,2299
Apple AirPods Max - Green MGYN3ZA/A UPC 194252085813,806.45
Dell AO7010PSFFI7161TB Opti 7010PLUSSFF|I7-13700|16GB|1TB SSD|RW|BRZ|W11 Win 11 Pro,1857
Lenovo ThinkPad X13 G4 I7-1355U/32GB/1TB SSD 21EXS00T00 W11 Pro,2789
Apple AirPods Pro (2nd generation) with MagSafe Case (USB-C) MTJV3ZA/A UPC 195949052613,362.35
"Benq Projector MS560 4000lm SVGA (800x600) 20,000:1",579
HP ProDesk 400 G9 SFF i5-12500 8GB/512GB SSD 8T832AA Win11,1207
"Benq Projector MX560 4000lm XGA (1024x768) 20,000:1",649
HP Pro SFF 400 G9 i5-13500 8GB/512GB 8Q318PA Win11,1023
"Benq Projector MW560 4000lm WXGA (1280x800) 20,000:1",749
HP Pro SFF 400 G9 i7-13700 8GB/1TB 8R031PA Win11,1279
"Benq Projector MH560 3800lm FHD (1920x1080) 20,000:1",1199
HP Pro Mini 400 G9 i5-13500T 8GB/512GB 8Q322PA Win11,1049
"Benq Projector EX600 3600lm XGA (1024x768) 20,000:1",1049
HP Pro Tower 400 G9 i5-13500 8GB/512GB 8Q324PA Win11,1023
"Benq Projector EW600 3600lm WXGA (1280x800) 20,000:1",1149
"Benq Projector EH600 3500lm FHD (1920x1080) 10,000:1",1449
"Garmin Instinct 2 Solar, Tactical",789
Surface Pro 8 1TB i7 32GB - Platinum (Windows 11 Pro) EED-00011,3598
90MP01Y0-BKUA00 195553322034,299
Asus ROG CETRA II CORE 90YH02V0-B2UA00,89
BLACK CLOTH GAMING MOUSEPAD,69
Garmin fenix 7X Sapphire Solar,1699
Surface Pro 8 1TB i7 32GB - Platinum (Windows 11 Pro) EFI-00011,4098
LOGITECH G PRO X SUPERLIGHT GAMING MSE RED,239
"Garmin Descent G1, Dive Computer,",1029
Surface Pro 8 256GB i5 16GB LTE - Platinum (Windows 11 Pro) EIN-00012,2478
195553567718,299
Asus ROG CLAVIS 90YH02N0-B2UA00,59
LOGITECH G840 XL MAGENTA GAMING MOUSE PAD,74.9
"Garmin Drive 52, GPS Navigator",189
Surface Pro 8 256GB i7 16GB LTE - Platinum (Windows 11 Pro) EIV-00012,2778
Asus AS ROG FALCHION RED 90MP01Y0-BKUA00,189
LOGITECH G PRO X SUPERLIGHT 2 GAMING MSE BLACK,249
Garmin GM-010-02293-32 Instinct Solar,689
Asus AS ROG FALCHION BLUE 90MP01Y2-BKUA00,279
Asus ASUS AI NC MIC ADAPTER/USB C 90YH02L1-B2UA00,59
LOGITECH POWERPLAY WIRELESS CHARGING SYSTEM,199
Garmin 010-12105-20 Trolling Motor,59
Asus AS ROG FALCHION NX RED 90MP01Y6-BKUA00,279
Asus ASUS WEBCAM C3 90YH0340-B2UA00,89
LOGITECH G PRO X SUPERLIGHT 2 GAMING MSE WHITE,249
Garmin Epix Premium Active,1629
Asus AS ROG FALCHION NX BLUE 90MP01Y8-BKUA00,279
Asus ROG EYE S 90YH0350-B2UA00,179
LOGITECH G PRO SUPERLIGHT 2 GAMING MSE MAGENTA,249
Garmin Delta XC Bundle,269
Surface Pro Signature Type Cover - Black (Alcantara Fabric) 8XB-00015,239
Asus ROG STRIX SCOPE DELUXE NX RED WIRELESS 90MP01Y2-BKUA00,269
LOGITECH G560 LIGHTSYNC RGB PC GAMING SPEAKERS,329
Garmin Forerunner 255 Music,669
Surface Pro Signature Type Cover - Poppy Red (Alcantara Fabric) 8XB-00035,239
Asus ROG STRIX SCOPE DELUXE NX BLUE WIRELESS 90MP01Y2-BKUA00,269
Asus ROG STRIX SCOPE DELUXE NX 90YH01K0-B2UA00,219
LOGITECH G413 TKL SE MECH KEYBOARD (TACTILE),105
Garmin 176971 Vivoactive 3 Smartwatch,289
Surface Pro Signature Type Cover - Ice Blue (Alcantara Fabric) 8XB-00055,239
LOGITECH G413 SE MECH KEYBOARD (TACTILE),125
Garmin GM-010-02384-F0 Lily Classic,369
Surface Pro Signature Type Cover - Platinum (Alcantara Fabric) 8XB-00075,239
Asus ROG STRIX FLARE CHERRY RGB MX RED PNK 90MP00M0-B0UA04,269
LOGITECH G331 STEREO GAMING HEADSET,99
Garmin Garmin HRM-Run,169
Surface Pro Signature Type Cover - Black Fingerprint (Alcantara Fabric) 8XG-00015,289
Asus ROG GLADIUS II ORIGIN PNK LTD 90MP00U3-B0UA01,149
LOGITECH G512 CARBON RGB KB GX-BLUE CLICKY,189
"Garmin Lily Classic Editi, White w/Light Gold",329
Surface Pro Signature Type Cover with Surface Slim Pen 2 - Black (Alcantara Fabric) 8X8-00015,399
Asus ROG SHEATH PNK LTD 90MP00K2-B0UA00,69
LOGITECH G512 CARBON RGB KB GX-BROWN TACTILE,189
Suunto Core Wrist-Top Computer Watch,319
Surface Pro Signature Type Cover with Surface Slim Pen 2 - Poppy Red (Alcantara Fabric) 8X8-00035,399
Asus ROG STRIX FUSION 300 PNK 90YH02CC-BXUA00,229
LOGITECH G512 CARBON RGB KB GX-RED LINEAR,189
"Garmin vívoactive 4S, Smaller-Sized",429
Surface Pro Signature Type Cover with Surface Slim Pen 2 - Ice Blue (Alcantara Fabric) 8X8-00055,399
Asus ROG STRIX SCOPE TKL EP/RD/US - X803 90MP01V0-BKUA00,229
LOGITECH G513 CARBON RGB KB GX-BROWN TACTILE,199
Garmin GM-010-02384-52 Lily Sport Edition,319
Surface Pro Signature Type Cover with Surface Slim Pen 2 - Platinum (Alcantara Fabric) 8X8-00075,399
Asus ROG STRIX IMPACT II EP - P512 90MP01U0-BMUA00,69
LOGITECH G335 STEREO GAMING HEADSET BLACK,99
Surface Keyboard Bluetooth - 3YJ-00013,164
Surface Pro X 128GB SQ1 ARM Processor 8GB LTE - Black JQG-00010,1638
Asus ROG SHEATH EP - NC01 90MP01Z0-BPUA00,69
LOGITECH G713 MECH RGB KB (GX-BROWN TACTILE),269
Surface Arc Mouse - Bluetooth FHD-00020,119
Surface Pro X 256GB SQ1 ARM Processor 8GB LTE - Black KHL-00010,1998
Asus ROG STRIX GO 2.4 EP 90YH02P1-B3UA00,319
LOGITECH G335 STEREO GAMING HEADSET WHITE,99
Surface Arc Mouse - Bluetooth FHD-00005,119
Surface Pro X 256GB SQ2 ARM Processor 16GB LTE - Platinum 1WX-00009,2298
Asus ROG STRIX FLARE II NX RED ANIMATE (PBT) 90MP02E6-BKUA01,399
LOGITECH G335 STEREO GAMING HEADSET MINT,99
Surface Arc Mouse - Bluetooth - FHD-00066,119
Surface Pro X 512GB SQ2 ARM Processor 16GB LTE - Black 1X7-00022,2598
Asus ROG STRIX FLARE II NX BLUE ANIMATE (PBT) 90MP02E8-BKUA01,399
LOGITECH G431 7.1 WIRED GAMING HEADSET,129
Surface Arc Mouse - Bluetooth FHD-00076,119
Surface Pro X 256GB SQ2 ARM Processor 16GB WIFI - Platinum E8I-00012,2098
Asus ROG DELTA S ANIMATE 90MP02C0-BMUA00,419
LOGITECH G333 WIRED IN-EAR HEADPHONE BLACK,89
Surface Mouse Bluetooth - Grey 3YR-00005,82
Surface Pro X 512GB SQ2 ARM Processor 16GB WIFI - Platinum E8S-00012,2398
Asus ROG STRIX SCOPE TKL NX RED MOONLIGHT 90MP02B6-BKUA00,259
LOGITECH G333 WIRED IN-EAR HEADPHONE WHITE,89
Surface Precision Mouse FUH-00005,148
Surface Pro X Type Cover - Black QJX-00015,219
Asus ROG STRIX SCOPE TKL NX BLUE MOONLIGHT 90MP02B8-BKUA00,259
LOGITECH G333 WIRED IN-EAR HEADPHONE PURPLE,89
Srfce Mobile Mouse SC Bluetooth Comm Black KGZ-00035,54
Surface Slim Pen - Black LLM-00005,219
Asus ROG STRIX IMPACT II MOONLIGHT 90MP02C0-BMUA00,79
LOGITECH G715 WIRELESS RGB KB (GX-RED LINEAR),299
Srfce Mobile Mouse SC Bluetooth Comm Platinum KGZ-00005,54
Surface Go 3 64GB Pentium Gold 6500Y 4GB - Platinum (Windows 10 Pro) 8V8-00024,678
Asus ROG CETRA II CORE MOONLIGHT 90YH0360-B2UA00,99
LOGITECH G715 WIRELESS RGB KB (GX-BROWN TACTILE),299
Srfce Mobile Mouse SC Bluetooth Comm Ice Blue KGZ-00045,54
Surface Go 3 64GB i3 4GB - Platinum (Windows 10 Pro) 8V9-00022,758
Asus ROG STRIX GO CORE MOONLIGHT 90YH0381-B1UA00,159
LOGITECH G915 TKL W.LESS MECH RGB KB (GL-TACTILE),349
Srfce Mobile Mouse SC Bluetooth Comm Poppy Red KGZ-00055,54
Surface Go 3 128GB i3 8GB - Platinum (Windows 10 Pro) 8VD-00038,998
Asus SL300C ROG CHARIOT 90GC00E0-MSG010,799
LOGITECH G915 TKL W.LESS MECH RGB KB (GL-LINEAR),349
Surface Pen - Silver EYV-00013,148
Surface Go 3 128GB i3 8GB - Black (Windows 10 Pro) 8VD-00054,998
Asus SL300 ROG CHARIOT CORE 90GC00D0-MSG010,549
LOGITECH G915 TKL W.LESS MECH RGB KB (GL-CLICKY),349
Surface Pen - Charcoal EYV-00005,148
Surface Go 3 64GB i3 4GB LTE - Platinum (Windows 10 Pro) I4G-00023,908
Razer Deathhadder V2 Wired Mouse,79
LOGITECH G915 TKL WHITE W.LESS MECH (GL-TACTILE),349
Surface Pen - Poppy Red EYV-00045,148
Surface Go 3 128GB i3 8GB LTE - Black (Windows 10 Pro) 8VI-00051,1158
Razer Cynosa V2 Chroma RGB keyboard,79
LOGITECH G915 WIRELESS MECH RGB KB (GL-TACTILE),399
Surface Pen - Ice Blue EYV-00053,148
Surface Go 3 256GB i3 8GB LTE - Black (Windows 10 Pro) 8VJ-00049,1298
Coolermaster MM731 Wireless RGB Mouse,95
LOGITECH G915 WIRELESS MECH RGB KB (GL-LINEAR),399
Surface Slim Pen 2 - Black 8WX-00005,179
EVGA Z15 keyboard,30
LOGITECH G915 WIRELESS MECH RGB KB (GL-CLICKY),399
Surface Slim Pen 2 Charger 8X3-00007,39
Surface Go 3 64GB Pentium Gold 6500Y 4GB - Platinum (Windows 11 Pro) 8V8-00009,678
EVGA Z12 keyboard,17
LOGITECH G PRO X WIRELESS LIGHTSPEED HEADSET,329
Surface Docking Station PF3-00011,314
Surface Go 3 64GB i3 4GB - Platinum (Windows 11 Pro) 8V9-00009,758
EVGA X17 Mouse Grey,20
LOGITECH G PRO X 2 LIGHTSPEED BT GAMING HS BLK,389
Surface Docking Station 2 1GK-00007,388
Surface Go 3 128GB i3 8GB - Platinum (Windows 11 Pro) 8VD-00008,998
EVGA X12 Mouse White,20
LOGITECH G PRO X 2 LIGHTSPEED BT GAMING HS WHT,389
Surface Earbuds - Glacier 3BW-00011,300
Surface Go 3 128GB i3 8GB - Black (Windows 11 Pro) 8VD-00024,998
Coolermaster Devastator 3 Plus Set,78
LOGITECH G PRO X 2 LIGHTSPEED BT HS MAGENTA,389
Surface Headphones 2+ - Black 3BS-00004,458
Surface Go Type Cover - Black KCN-00037,138
Coolermaster CK530 RGB Mechanical Red,69
Modern USB Headset - Black 8JN-00005,78
Surface Go Signature Type Cover - Light Charcoal (Alcantara Fabric) KCT-00115,188
Coolermaster CK550 RGB Mechanical Red,79
LOGI FITS TRUE WIRELESS GAMING EARBUDS BLACK,389
Modern USB-C Headset - Black I6P-00004,79
Surface Go Signature Type Cover - Ice Blue (Alcantara Fabric) KCT-00095,188
Coolermaster SK622 RGB Mechanical Red,128
LOGI FITS TRUE WIRELESS GAMING EARBUDS WHITE,389
Modern Wireless Headset - Black 8JU-00010,149.99
Surface Go Signature Type Cover - Poppy Red (Alcantara Fabric) KCT-00075,188
Coolermaster MK730 RGB Mechanical Red,139
LOGITECH GX TACTILE MECH SWITCHES FOR PRO-X,79
Mini Display to HDMI Adapter EJU-00002,64
Surface Laptop Go 128GB i5 8GB - Platinum TNU-00018,1228
Cooler Master Masterkeys Mk750 Rgb,139
LOGITECH GX LINEAR MECH SWITCHES FOR PRO-X,79
Mini Display to VGA Adapter EJQ-00002,64
Surface Laptop Go 256GB i5 8GB - Platinum TNV-00018,1528
LOGITECH F310 GAMEPAD,35
USB-C to 3.5mm Audio Adapter LKZ-00007,18
Surface Laptop Go 256GB i5 16GB - Platinum 21O-00018,1838
LOGITECH F710 WIRELESS GAMEPAD,69
USB-C to HDMI Adapter HFP-00005,64
Surface Laptop 4 256GB AMD Ryzen 5 8GB - 13.5” Platinum 5Q1-00018,1638
LOGITECH G203 LIGHTSYNC RGB WIRED MOUSE BLACK,59
LOGITECH DRIVING FORCE SHIFTER,99
USB-C to VGA Adapter HFT-00005,64
Surface Laptop 4 256GB i5 8GB - 13.5” Platinum 5BL-00018,1788
LOGITECH G203 LIGHTSYNC RGB WIRED MOUSE WHITE,59
LOGITECH G29 DRIVING FORCE RACING WHEEL,599
USB-C to Display Port Adapter JWG-00007,64
Surface Laptop 4 256GB i5 8GB - 13.5” Black 5BL-00043,1788
LOGITECH G402 HYPERION FURY FPS GAMING MOUSE,79
LOGITECH EXTREME 3D PRO JOYSTICK,69
Surface USB-C Travel Hub 1E4-00005,150
Surface Laptop 4 512GB i5 8GB - 13.5” Black 5BV-00018,2038
LOGITECH G403 HERO WIRED RGB MOUSE,109
BCAMADE II MOUSE BUNGEE,39
USB 3.0 to Ethernet Adapter Commercial (Lan Port) EJS-00007,64
Surface Laptop 4 512GB i5 8GB - 13.5” Platinum 5BV-00052,2038
LOGITECH G PRO HERO WIRED RGB GAMING MOUSE,109
G-SR GAMING MOUSE PAD (BLUE),59
USB-C to Ethernet and USB 3.0 Adapter JWM-00007,69
Surface Laptop 4 256GB i5 16GB - 13.5” Black 58Z-00018,2188
LOGITECH G502 HERO PERFORMANCE RGB MOUSE,129
G-SR GAMING MOUSE PAD (LARGE),49
USB-C to USB 3.0 Adapter JTZ-00007,34
Surface Laptop 4 512GB i5 16GB - 13.5” Black 5B2-00018,2388
LOGITECH G502 X WIRED GAMING MOUSE BLACK,121
GTF-X GAMING MOUSE PAD (LARGE),49
Surface Power Supply Adapter (65W) Q5N-00005,124
Surface Laptop 4 256GB i7 16GB - 13.5” Black 5D1-00018,2388
LOGITECH G502 X WIRED GAMING MOUSE WHITE,121
P-SR GAMING MOUSE PAD (SMALL),29
Surface Power Supply Adapter (24W) LAC-00005,64
Surface Laptop 4 512GB AMD Ryzen 7 16GB - 13.5” Black 7IC-00018,2488
LOGITECH G304 LIGHTSPEED WL GAMING MOUSE BLACK,84
PTF-X GAMING MOUSEPAD (SMALL),39
Surface Dial 2WS-00004,159
Surface Laptop 4 512GB i7 16GB - 13.5” Black 5F1-00018,2638
LOGITECH G304 LIGHTSPEED WL GAMING MOUSE WHITE,84
ZOWIE EC1 GAMING MOUSE (LARGE),109
Surface Pro 7+ 128GB i5 8GB - Platinum 1N9-00011,1528
Surface Laptop 4 256GB AMD Ryzen 7 8GB - 15” Platinum 5V8-00018,2088
LOGITECH G703 HERO LIGHTSPEED W/L RGB MOUSE,159
Surface Pro 7+ 256GB i5 8GB - Platinum 1NA-00011,1938
Surface Laptop 4 256GB i7 8GB - 15” Platinum 5JI-00018,2258
LOGITECH G705 LIGHTSPEED W/L MOUSE OFF-WHITE,162
Surface Pro 7+ 256GB i5 8GB - Black 1NA-00026,1938
Surface Laptop 4 512GB i7 8GB - 15” Black 5L1-00018,2558
LOGITECH G303 SHROUD EDITION LIGHTSPEED MSE,219
Surface Pro 7+ 256GB i5 16GB - Platinum 1NB-00011,2238
Surface Laptop 4 256GB i7 16GB - 15” Black 5IF-00018,2558
LOGITECH G502 HERO LIGHTSPEED W/L RGB MOUSE,249
Surface Pro 7+ 256GB i7 16GB - Black 1NC-00026,2338
Surface Laptop 4 256GB i7 16GB - 15” Platinum 5IF-00041,2558
LOGITECH G502 X PLUS LIGHTSPEED RGB MSE BLACK,255
Surface Pro 7+ 512GB i7 16GB - Black 1ND-00026,2938
Surface Laptop 4 512GB AMD Ryzen 7 16GB - 15” Black 1MW-00041,2638
LOGITECH G502 X PLUS LIGHTSPEED RGB MSE WHITE,255
Surface Pro 7+ 1TB i7 32GB - Platinum 1NG-00011,4098
Surface Laptop 4 512GB i7 16GB - 15” Black 5IP-00018,2738
LOGITECH G903 HERO LIGHTSPEED W/L RGB MOUSE,249
Surface Pro 7+ 128GB i5 8GB LTE - Platinum 1S2-00011,1758
Surface Laptop 4 512GB i7 16GB - 15” Platinum 5IP-00041,2738
LOGITECH G240 CLOTH GAMING MOUSEPAD,21
Surface Pro 7+ 256GB i5 8GB LTE - Platinum 1S3-00011,2168
Kaloc KLC-DS100 Gas Spring Monitor,99
LOGITECH G PRO HERO LIGHTSPEED W/L RGB MOUSE,199
Surface Pro 7+ 256GB i5 16GB LTE - Platinum 1S4-00011,2468
Kaloc KLC-DS90-2 Gas Spring Monitor,169
LOGITECH G PRO X SUPERLIGHT GAMING MOUSE BLACK,239
Surface Pro Type Cover - Black FMN-00015,199
Kaloc KLC-DW220J Gas Spring Monitor,129
LOGITECH G PRO X SUPERLIGHT GAMING MOUSE WHITE,239
Surface Pro Signature Type Cover - Poppy Red (Alcantara Fabric) FFQ-00115,249
Kaloc KLC-DW220T Gas Spring Monitor,135
LOGITECH G PRO X SUPERLIGHT GAMING MSE MAGENTA,239
Surface Pro Signature Type Cover - Ice Blue (Alcantara Fabric) FFQ-00135,249
Asus ROG CLAYMORE II RED 90MP01W0-BKUA00,429
LOGITECH G840 XL THICK CLOTH GAMING MOUSEPAD,59
Surface Pro Signature Type Cover - Light Charcoal (Alcantara Fabric) FFQ-00155,249
Asus ROG CLAYMORE II BLUE 90MP01W2-BKUA00,429
LOGITECH G740 LARGE CLOTH GAMING MOUSEPAD,49
Surface Pro Fingerprint Type Cover - Black GKG-00015,249
LOGITECH G440 HARD GAMING MOUSEPAD,35
Surface Pro 8 128GB i5 8GB - Platinum (Windows 10 Pro) 8PP-00028,1788
Asus AS ROG CETRA 90YH01I0-B2UA00,159
LOGITECH G640 LARGE CLOTH GAMING MOUSEPAD,59
Surface Pro 8 256GB i5 8GB - Platinum (Windows 10 Pro) 8PR-00044,1938
Asus ROG CETRA II 90YH02S0-B2UA00,159
Surface Pro 8 256GB i5 8GB - Black (Windows 10 Pro) 8PR-00060,1938
Asus ROG CETRA RGB 90YH02U0-B2UA00,169
Surface Pro 8 256GB i5 16GB - Platinum (Windows 10 Pro) 8PU-00043,2248
Asus ROG CETRA TRUE WIRELESS 90YH03G1-B5UA00,199
Surface Pro 8 256GB i5 16GB - Black (Windows 10 Pro) 8PU-00058,2248
Asus AS TUF GAMING M3 90MP01J0-B0UA00,34
Surface Pro 8 512GB i5 8GB - Black (Windows 10 Pro) EBQ-00056,2248
Asus AS CERBERUS MOUSE 90YH00Q1-BAUA00,29
Surface Pro 8 256GB i7 16GB - Platinum (Windows 10 Pro) 8PW-00042,2548
Asus ROG BALTEUS QI 90MP0110-B0UA00,209
Surface Pro 8 256GB i7 16GB - Black (Windows 10 Pro) 8PW-00057,2548
Asus ROG SCABBARD II 90MP0210-BPUA00,79
Surface Pro 8 512GB i7 16GB - Black (Windows 10 Pro) 8PY-00056,2998
Asus ROG SCABBARD II MEDIUM 90MP02H0-BPUA00,45
Surface Pro 8 1TB i7 16GB - Platinum (Windows 10 Pro) EED-00026,3598
Asus AS ROG SHEATH 90MP00K1-B0UA00,69
Surface Pro 8 1TB i7 32GB - Platinum (Windows 10 Pro) EFI-00026,4098
Asus AS ROG STRIX SLICE 90MP01M0-BPUA00,39
Surface Pro 8 128GB i5 8GB LTE - Platinum (Windows 10 Pro) EHL-00028,2018
Asus TUF GAMING P3 GAMING MOUSEMAT 90MP01C0-B0UA00,25
Surface Pro 8 256GB i5 8GB LTE - Platinum (Windows 10 Pro) EIG-00028,2168
Asus TUF GAMING P1 GAMING MOUSEMAT 90MP02G0-BPPA00,19
Surface Pro 8 256GB i5 16GB LTE - Platinum (Windows 10 Pro) EIN-00028,2478
Asus CERBERUS PAD MINI RED 90YH01C3-BDUA00,15
Surface Pro 8 256GB i7 16GB LTE - Platinum (Windows 10 Pro) EIV-00028,2778
Asus AS ROG THETA 7.1 90YH01W7-B2UA00,479
Surface Pro 8 128GB i5 8GB - Platinum (Windows 11 Pro) 8PP-00012,1788
Asus ROG DELTA S - Ty-C RGB 90YH02K0-B2UA00,379
Surface Pro 8 256GB i5 8GB - Platinum (Windows 11 Pro) 8PR-00012,1938
Asus ROG STRIX GO BT 90YH02Y1-B5UA00,399
Surface Pro 8 256GB i5 8GB - Black (Windows 11 Pro) 8PR-00028,1938
Asus AS ROG STRIX GO 2.4 Wireless 90YH01X1-B3UA00,319
Surface Pro 8 256GB i7 16GB - Black (Windows 11 Pro) 8PW-00027,2548
Asus ROG STRIX GO - Ty-C 90YH02Q1-B2UA00,179
Surface Pro 8 1TB i7 16GB - Platinum (Windows 11 Pro) EED-00026,3598
Asus ROG STRIX GO CORE - 3.5mm 90YH02R1-B1UA00,159
Asus AS TUF GAMING H3 WIRELESS 90YH02ZG-B3UA00,179
Asus AS TUF GAMING H3 (Silver) 90YH025S-B1UA00,69
Asus AS TUF GAMING H3 (Red) 90YH02AR-B1UA00,69
Asus AS TUF GAMING H3 (GUN METAL) 90YH028G-B1UA00,69
Asus TUF GAMING H1 WIRELESS 90YH0391-B3UA00,139
Asus TUF GAMING H1 90YH03A1-B1UA00,69
Asus ROG STRIX SCOPE TKL DELUXE RX RED 90MP02I0-B0UA00,269
Asus ROG STRIX SCOPE TKL DELUXE BL (XA04) 90MP01I2-B0UA00,269
Asus AS ROG STRIX SCOPE NX DELUXE RED 90MP01I6-B0UA00,269
Asus AS ROG STRIX SCOPE NX DELUXE BLUE 90MP01I8-B0UA00,269
Asus ROG STRIX SCOPE CHERRY RGB MX RED 90MP0180-B0UA00,209
Asus ROG STRIX SCOPE CHERRY RGB MX BLUE 90MP0182-B0UA00,209
Asus ROG STRIX SCOPE NX RED 90MP0186-B0UA00,209
Asus ROG STRIX SCOPE NX BLUE 90MP0188-B0UA00,209
Asus AS ROG STRIX SCOPE TKL NX RED 90MP01N6-BKUA00,199
Asus ROG STRIX SCOPE TKL NX BLUE 90MP01N8-BKUA00,199
Asus ROG STRIX SCOPE RX GAMING 90MP0240-BKUA00,169
Asus ROG STRIX FLARE CHERRY RGB MX RED 90MP00M0-B0UA00,249
Asus ROG STRIX FLARE CHERRY RGB MX BLUE 90MP00M2-B0UA00,249
Asus AS ROG STRIX SCOPE TKL DELUXE RD (X801) 90MP00N0-BKUA00,219
Asus AS ROG STRIX SCOPE TKL DELUXE SV (X801) 90MP00N4-BKUA00,219
Asus TUF GAMING K3 RD 90MP01Q0-BKUA00,139
Asus TUF GAMING K3 BL 90MP01Q2-BKUA00,139
Asus TUF GAMING K1 90MP01X0-BKUA00,69
Asus AS ROG CHAKRAM 90MP01K0-BMUA00,259
Asus ROG SPATHA X 90MP0220-BMUA00,249
Asus ROG GLADIUS III WIRELESS 90MP0200-BMUA00,189
Asus AS ROG PUGIO II (P705) 90MP01L0-BMUA00,159
Asus ROG KERIS WIRELES (P513) 90MP0230-B0UA00,139
Asus ROG STRIX IMPACT II WIRELESS 90MP01P0-BMUA00,119
Asus AS ROG STRIX CARRY WIRELESS 90MP01B0-B0UA00,109
Asus TUF GAMING M4 WIRELESS 90MP02F0-BMUA00,89
Asus ROG CHAKRAM CORE (P511) 90MP01T0-BMUA00,129
Asus ROG GLADIUS III 90MP0270-BMUA00,139
Asus ROG KERIS (P509) 90MP01R0-B0UA00,99
Asus AS ROG STRIX IMPACT II 90MP01E0-B0UA00,69
Asus TUF GAMING M4 AIR 90MP02K0-BMUA00,79
Razer Basilisk V3 X HyperSpeed - Wireless Ergonomic Gaming Mouse AP Packaging,109.9
Razer Orochi V2 - Wireless Gaming Mouse AP Packaging,104.9
Razer Orochi V2 - Mobile Wireless Gaming Mouse - White Edition AP Packaging,104.9
Razer Orochi V2 - Wireless Gaming mouse - Quartz Edition AP Packaging,119.9
Razer Cobra Pro - Ambidextrous Wired/Wireless Gaming Mouse AP Packaging,2099
Razer Viper V2 Pro - Wireless Gaming Mouse AP Packaging,229.9
Razer Viper V2 Pro - Wireless Gaming Mouse - White AP Packaging,229.9
Razer Naga V2 Pro - Wireless MMO Gaming Mouse,289
Razer Viper V3 HyperSpeed - Wireless Esports Gaming Mouse FRML Packaging,109.9
Razer Naga V2 HyperSpeed - Wireless MMO Gaming Mouse AP Packaging,159
Razer Goliathus Chroma Soft Gaming Mouse Mat Chroma,59.9
Razer Goliathus Chroma Extended - Soft Gaming Mouse Mat with Chroma FRML Packaging,89.9
Razer Goliathus Extended Chroma - Soft Gaming Mouse Mat with Chroma - Mercury FMRL Packaging,89.9
Razer Goliathus Extended Chroma - Soft Gaming Mouse Mat with Chroma - Quartz FMRL Packaging,89.9
Razer Goliathus Chroma 3XL - Soft Gaming Mouse Mat with Chroma FRML Packaging,159
RAZER GOLIATHUS MOBILE - SMALL,13.9
Razer Goliathus Mobile Stealth Edition - Small,13.9
Razer Gigantus V2 - Soft Gaming Mouse Mat Medium FRML Packaging,15.9
Razer Gigantus V2 - Soft Gaming Mouse Mat Large FRML Packaging,24.9
Razer Gigantus V2 - Soft Gaming Mouse Mat XXL FRML Packaging,49.9
Razer Gigantus V2 - Soft Gaming Mouse Mat 3XL FRML Packaging,79.9
Razer Strider Chroma - Gaming Mouse Mat FRML Packaging,209
Razer Strider - Hybrid Gaming Mouse Mat - Large FRML Packaging,49.9
Razer Strider - Hybrid Gaming Mouse Mat - Large - Quartz Edition FRML Packaging,49.9
Razer Strider - Hybrid Gaming Mouse Mat - XXL FRML Packaging,80.9
Razer Firefly V2,79.9
Razer Atlas,159.9
Razer Atlas White Edition,159.9
Razer Sphex V3 – Ultra-Thin Gaming Mouse Mat - Small FRML Packaging,15.9
Razer Sphex V3 - Ultra-Thin Gaming Mouse Mat - Large FRML Packaging,39.9
Razer Huntsman V3 Pro - Analog Optical Esports Keyboard - US Layout FRML,399.9
Razer Huntsman V3 Pro Tenkeyless - Tenkeyless Analog Optical Esports Keyboard - US Layout FRML,349.9
Razer Huntsman V3 Pro Mini - 60% Analog Optical Esports Keyboard - US Layout FRML,279.9
Razer Huntsman V2 - Optical Gaming Keyboard (Clicky Purple Switch) - US Layout FRML Packaging,299.9
Razer Huntsman V2 - Optical Gaming Keyboard (Linear Red Switch),309.9
Razer Basilisk V3 - Ergonomic Wired Gaming Mouse FRML Packaging,109.9
Razer Huntsman V2 Tenkeyless - Optical Gaming Keyboard (Clicky Purple Switch) - US Layout,239.9
Razer Huntsman V2 Tenkeyless - Optical Gaming Keyboard (Linear Red Switch),254.9
Razer Huntsman V2 Tenkeyless - Wireless - Optical Gaming Keyboard (Linear Red Switch) - Quartz Edition - US Layout FRML,269.9
Razer Huntsman Mini - 60% Optical Gaming Keyboard (Clicky Purple Switch) FRML Packaging,189.9
Razer Huntsman Mini - 60% Optical Gaming Keyboard (Linear Red Switch) FRML Packaging,209.9
Razer Huntsman Mini Faker Edition - Ergonomic Wireless Gaming Mouse FRML World Packaging,269.9
Razer Huntsman Mini Analog - 60% Analog Optical Gaming Keyboard (Analog Switch) - US Layout FRML Packaging,229.9
Razer DeathAdder V2 X HyperSpeed - Wireless Ergonomic Gaming Mouse,94.9
Razer BlackWidow V4 Pro - Mechanical Gaming Keyboard (Green Switch) - US Layout FRML,359
Razer BlackWidow V4 Pro - Mechanical Gaming Keyboard (Yellow Switch) - US Layout FRML,359
Razer Cobra - Wired Gaming Mouse FRML Packaging,64.9
Razer™ Naga X - Wired MMO Gaming Mouse FRML Packaging,129.9
Razer DeathAdder V3 - Ultra-lightweight Ergonomic Esports Mouse,109.9
Razer DeathAdder V3 Pro - Ergonomic Wireless Gaming Mouse AP Packaging,229
Razer DeathAdder V3 Pro - White Edition - Ultra-lightweight Wireless Ergonomic Esports Mouse,229
Razer Basilisk V3 Pro - Ergonomic Wireless Gaming Mouse AP Packaging,249
Razer Basilisk V3 Pro White Edition - Ergonomic Wireless Gaming Mouse AP Packaging,249
RZ03-04690100-R3M1 Gaming Headset - FRML Packaging,159.9
RAZER SEIREN BT-BLUETOOTH MIC FOR MOBILE STREAMING,159.9
Belkin 3-IN-1 WIRELESS CHARGING STAND WITH WIZ017MYBK,209
MPE-A501-AFCAG-3UK CM MWE GOLD V2 1050W FULL MODULAR ATX3 PSU,311.92
BlackWidow V4 - Mechanical Gaming Keyboard (Green Switch) - US Layout - FRML,269.9
Razer Kraken V3 X - Wired USB Gaming Headset - FRML Packaging,109.9
Razer Kiyo Pro - USB Camera with High-Performance Adaptive Light Sensor,299.9
Razer Fujin Pro - Fully Adjustable Mesh Gaming Chair - NASA+AP Packaging,1499
Belkin 3-IN-1 WIRELESS CHARGING STAND WITH WIZ017MYWH,209
MPE-8501-AFAAG-UK CM MWE GOLD V2 850W FULL MODULAR PSU,184.8
BlackWidow V4 - Mechanical Gaming Keyboard (Yellow Switch) - US Layout - FRML,269.9
Razer Kraken Kitty V2 Pro - Wired RGB Headset with Interchangeable Ears - Black - FRML Packaging,329.99
Razer Kiyo,159.9
Razer Fujin – Mesh Gaming Chair - NASA+AP Packaging,939
MPE-7501-AFAAG-UK CM MWE GOLD V2 750W FULL MODULAR PSU,165.24
BlackWidow V4 X - Mechanical Gaming Keyboard (Green Switch) - US Layout - FRML,209
Razer Kraken Kitty V2 Pro - Wired RGB Headset with Interchangeable Ears - Quartz Edition - FRML Packaging,329.99
Razer Kiyo X - USB Broadcasting Camera - FRML Packaging,119
Razer Iskur - Gaming chair with built-in lumbar support,749.9
MPE-6501-AFAAG-UK CM MWE GOLD V2 650W FULL MODULAR PSU,145.69
MCC-C700M-MG5N-S00 CM COSMOS C700M ARGB TOWER W/T.GLASS,565.72
BlackWidow V4 X - Mechanical Gaming Keyboard (Yellow Switch) - US Layout - FRML,209
Razer Kraken Kitty V2 - USB Headset with RGB Kitty Ears - Black - FRML Packaging,155.9
RAZER AUDIO MIXER,386.9
Razer Iskur Gaming chair with built-in lumbar support - Black Colour,749.9
H700E-IGNN-S00 CM HAF700 EVO ARGB TOWER WITH T.G,660.17
Razer BlackWidow V4 75% - Hot-swappable Mechanical Gaming Keyboard - US Layout - FRML,290.9
Razer Kraken Kitty V2 - USB Headset with RGB Kitty Ears - Quartz Edition - FRML Packaging,155.9
Razer Key Light Chroma – All-in-one lighting kit for Streaming - FRML Packaging,439
Razer Iskur - Dark Gray Fabric - Gaming Chair With Built In Lumbar Support - NASA + AP Packaging,749.9
MPW-8001-ACAAG-UK CM G800 GOLD NON MODULAR PSU,131.28
Razer BlackWidow V4 75% - Hot-swappable Mechanical Gaming Keyboard - White Edition - US Layout - World Packaging,305.9
Razer Kraken Kitty V2 BT - Quartz Edition - Wireless Bluetooth RGB Headset with Kitty Ears - FRML Packaging,155.9
Razer Stream Controller – All-in-one Keypad for Streaming - FRML Packaging,409.9
Razer Iskur X - Ergonomic Gaming Chair,599.9
MCS-S600-KG5N-S00 CM SILENCIO S600 ATX CASE WITH TG / SD CARD READER,132.44
Razer™ BlackWidow V3 - Mechanical Gaming Keyboard (Green Switch) - US Layout – FRML Packaging,219.9
Razer Barracuda Pro - Wireless Gaming Headset with Hybrid ANC - FRML Packaging,409.9
Razer Stream Controller X - All-in-one Keypad for Streaming - FRML Packaging,239.9
MCS-S400-KG5N-S00 CM SILENCIO S400 m-ATX CASE WITH TG /SDCARD READER,114.67
Razer™ BlackWidow V3 - Mechanical Gaming Keyboard (Yellow Switch) - US Layout – FRML Packaging,219.9
Razer Barracuda - Wireless Multi-platform Gaming and Mobile Headset - FRML Packaging,264.9
Razer Viper V2 Pro - Wireless Gaming Mouse - PUBG: Battlegrounds Edition - World Packaging,265.9
MPE-5001-ACABW-UK CM MWE WHITE 500W 80+ 230v EU PSU V2,79.11
Razer™ BlackWidow V3 - Mechanical Gaming Keyboard (Green Switch) - Quartz Edition - US Layout FRML Packaging,219.9
Razer Barracuda - Wireless Multi-platform Gaming and Mobile Headset - Mercury White - FRML Packaging,279.9
Razer Barracuda X (2022) - Wireless Multi-Platform Gaming and Mobile Headset - PUBG: Battlegrounds Edition - World Packaging,205.9
MPE-4501-ACABW-UK CM MWE WHITE 450W 80+ 230v EU PSU V2,70.22
Razer™ BlackWidow V3 Tenkeyless - Mechanical Gaming Keyboard - US Layout – FRML packaging,159.9
Razer Barracuda - Wireless Multi-platform Gaming and Mobile Headset - Quartz Pink - FRML Packaging,279.9
Razer Huntsman V2 - Optical Gaming Keyboard - PUBG: Battlegrounds Edition (Linear Optical Switch) - World Packaging,399.9
MCF-MF700-KGNN-S00 CM MASTERFRAME 700 OPEN-AIR FRAME,272.94
Razer™ BlackWidow V3 Tenkeyless - Mechanical Gaming Keyboard (Yellow Switch) - US Layout - FRML packaging,159.9
Razer Barracuda X (2022) - Wireless Multi-Platform Gaming and Mobile Headset - FRML Packaging,159.9
Razer Orochi V2 - Wireless Gaming Mouse - Roblox Edition - FRML Packaging,139.9
"Belkin CABLE,CAT6,UTP,RJ45M/M,10M,BLU,PATCH,SNAGLESS A3L980bt10MBLUS",22
Razer™ BlackWidow V3 Mini HyperSpeed - Phantom Pudding Edition - 65% Wireless Mechanical Gaming Keyboard (Yellow Switch) - FRML Packaging,309.9
Razer Barracuda X (2022) - Wireless Multi-Platform Gaming and Mobile Headset - Mercury White - FRML Packaging,159.9
Razer™ BlackWidow V3 - Mechanical Gaming Keyboard - Roblox Edition - US Layout FRML Packaging,279.9
"Belkin CABLE,HDMI 2.1, M/M, 2M,BLACK AV10175bt2MBKV2",59
Razer DeathStalker V2 Pro - Wireless Low Profile Optical Gaming Keyboard (Linear Red Switch) - US Layout – FRML,319
Razer Barracuda X (2022) - Wireless Multi-Platform Gaming and Mobile Headset - Quartz Pink - FRML Packaging,159.9
Razer Barracuda X (2022) - Wireless Multi-Platform Gaming and Mobile Headset - Roblox Edition - FRML Packaging,209.9
"Belkin CABLE,HDMI 2.1, M/M, 1M,BLACK AV10176bt1M-BLK",69
Razer DeathStalker V2 Pro - Wireless Low Profile Optical Gaming Keyboard (Clicky Purple Switch) - White Edition - US Layout - World Packaging,329
Razer Opus X - Mercury - Active Noise Cancellation Headset - FRML Packaging,154.9
Razer BlackWidow V3 Tenkeyless (Green Switch) - Pokemon Edition,299.9
"Belkin CABLE,HDMI 2.1, M/M, 2M,BLACK AV10176bt2M-BLK",85
Razer DeathStalker V2 Pro Tenkeyless - Wireless Low Profile Optical Gaming Keyboard (Linear Red Switch) - US Layout – FRML,299
Razer Opus X - Quartz - Active Noise Cancellation Headset - FRML Packaging,154.9
Razer Gigantus V2 – Soft Gaming Mouse Mat – Medium – Pokemon Edition - AP Packaging,43.9
"Belkin ADAPTER, USB-C TO VGA, 60W PD, BLK AVC001btBK",19
Razer DeathStalker V2 Pro Tenkeyless - Wireless Low Profile Optical Gaming Keyboard (Linear Red Switch) - White Edition - US Layout - World Packaging,309
Razer Opus X - Green - Active Noise Cancellation Headset - FRML Packaging,154.9
Razer Gigantus V2 – Soft Gaming Mouse Mat – XXL – Pokemon Edition - AP Packaging,65.9
"Belkin ADAPTER, USB-C TO HDMI, 60W PD, BLK AVC002btBK",69
Razer DeathStalker V2 - Low Profile Optical Gaming Keyboard (Linear Red Switch) - US Layout – FRML,249
Razer Hammerhead True Wireless Pro - Earbuds - AP Packaging,299.9
Razer Kraken V3 X - Wired USB Gaming Headset - Pokemon Edition - AP Packaging,139.9
Belkin USB-C Video Adapter AVC003btBK,109
Razer Ornata V3 - Low Profile Gaming Keyboard - US Layout – FRML,109.9
Razer Hammerhead HyperSpeed (Xbox Licensed) - Wireless Multi-Platform Gaming Earbuds - AP Packaging,249.9
Razer Leviathan V2 X - PC Gaming Sound Bar - Pokemon Edition - AP Packaging,235.9
Belkin USB-C 5-IN-1 MULTIPORT ADAPTER AVC007BTSGY,79
Razer Ornata V3 X - Low Profile Gaming Keyboard - US Layout – FRML,64.9
Razer Moray - Ergonomic In-ear Monitor for All-day Streaming - FRML Packaging,2005
Razer Base Station V2 Chroma - Chroma Enabled Headset Stand with USB 3.1 Hub and 7.1 Surround Sound,109.9
Belkin USB-C 7-IN-1 MULTIPORT ADAPTER AVC009btSGY,99
Razer Ornata V3 Tenkeyless - Low Profile Gaming Keyboard - US Layout – FRML,109.9
Razer Nommo V2 Pro - Full-Range 2.1 PC Gaming Speakers with Wireless Subwoofer - EU/IDN + UK/MY/SG/UAE Packaging,669.9
Razer Base Station V2 Chroma - Chroma Enabled Headset Stand with USB 3.1 Hub and 7.1 Surround Sound - Quartz - FRML Packaging,129.9
"Belkin SURGE,4OT,525J,2M, 2 USB-2.4A SHARED BSV401sa2M",55
Razer™ BlackWidow V3 Pro - Wireless Mechanical Gaming Keyboard (Green Switch) - US Layout - FRML Packaging,359.9
Razer Nommo V2 - Full-Range 2.1 PC Gaming Speakers with Wired Subwoofer - EU/IDN + UK/MY/SG/UAE Packaging,419.9
Razer Base Station V2 Chroma - Chroma Enabled Headset Stand with USB 3.1 Hub and 7.1 Surround Sound - Mercury - FRML Packaging,129.9
"Belkin SURGE,6OT,650J,2M, 2 USB-2.4A SHARED BSV604sa2M",63
Razer™ BlackWidow V3 Pro - Wireless Mechanical Gaming Keyboard (Yellow Switch) - US Layout - FRML Packaging,359.9
Razer Nommo V2 X - Full-Range 2.0 PC Gaming Speakers - EU/IDN/RUS//UKR/ISR/EGY/ZAF + UK/MY/SG/UAE/SAU Packaging,249.9
Razer Ergonomic Wrist Rest Pro For Full-sized Keyboards - FRML Packaging,56.9
"Belkin SURGE,80T,900J,2M, 2 USB-2.4A SHARED BSV804sa2M",79
Razer Nommo Chroma 2.0 Gaming Speakers,229.9
Razer Ergonomic Wrist Rest For Full-sized Keyboards - FRML Packaging,32.9
"Belkin USB-A TO LTG, SILICONE, 1M, BLK CAA008bt1MBK",27
Razer Nommo 2.0 Gaming Speakers,159.9
Razer Phantom Keycap Upgrade Set - Black - FRML Packaging,59.9
"Belkin USB-A TO LTG, SILICONE, 1M, BLUE CAA008bt1MBL",27
Razer Leviathan V2 - PC Gaming Sound Bar with Subwoofer,379
Razer Phantom Keycap Upgrade Set - White - FRML Packaging,59.9
"Belkin USB-A TO LTG, SILICONE, 1M, PINK PURPLE CAA008BT1MPK",27
Razer BlackShark V2 Pro (2023) - Wireless Gaming Headset - FRML Packaging,324.9
Razer Leviathan V2 X - PC Gaming Soundbar - FRML Packaging,165
Razer PBT Keycap + Coiled Cable Upgrade Set - Classic Black - FRML Packaging,74.9
"Belkin USB-A TO LTG, SILICONE, 1M, WHT CAA008bt1MWH",27
Razer BlackShark V2 Pro (2023) - Wireless Gaming Headset - White Edition - FRML Packaging,324.9
Razer Wolverine V2 Pro - Wireless PlayStation 5 & PC Gaming Controller - White - AP Packaging,399
Razer PBT Keycap + Coiled Cable Upgrade Set - Mercury White - FRML Packaging,74.9
"Belkin CABLE,THUNDERBOLT 3,C-C,40Gbps,.5M,BLACK,5A F2CD084bt0.5MBK",59
Razer BlackShark V2 Pro - Wireless Gaming Headset - White Edition - FRML Packaging,269.9
RAZER KAIRA PRO HYPERSPEED-PS5 WLESS GMING HDSET,329.9
Razer PBT Keycap + Coiled Cable Upgrade Set - Quartz Pink - FRML Packaging,74.9
"Belkin ADAPTER,USB-C,HDMI,4K,60HZ,BLACK F2CU038btBLK",79
Razer BlackShark V2 Pro - Wireless Gaming Headset - FRML Packaging,269.9
RAZER KAIRA HYPERSPEED-PS5 WLESS GAMING HEADSET,214.9
Razer PBT Keycap + Coiled Cable Upgrade Set - Razer Green - FRML Packaging,74.9
"Belkin USB-C 4-PORT MINI HUB,3.0,BLK F4U090btBLK",90
Razer BlackShark V2 HyperSpeed - Wireless Ultra-Lightweight Esports Headset - FRML Packaging,205.9
RAZER KAIRA X FOR PLAYSTATION-FOR PS5,89.9
Razer PBT Keycap Upgrade Set - Classic Black - FRML Packaging,48.9
"Belkin USB-C MULTIMEDIA HUB+ POWER,SPACE GRAY F4U092btSGY",299
Razer BlackShark V2 - Wired Gaming Headset + USB Sound Card - FRML Packaging,159.9
RAZER HAMMERHEAD HYPERSPEED-PS5,249.9
Razer PBT Keycap Upgrade Set - Mercury White - FRML Packaging,48.9
Belkin THUNDERBOLT 4 CABLE 2M ACTIVE INZ002BT2MBK,115
Razer BlackShark V2 - Wired Gaming Headset + USB Sound Card - CourageJD Edition - FRML Packaging,169.9
Razer Kishi V2 - Gaming Controller for Android - FRML Packaging,149.9
Razer PBT Keycap Upgrade Set - Quartz Pink - FRML Packaging,48.9
"Belkin GLASS,EZ TRAY,APPLE,13 MINI,TEMPERED GLASS AM OVA068zz",24
Razer BlackShark V2 - Wired Gaming Headset + USB Sound Card - SE - World Packaging,169.9
Razer Kishi V2 - Gaming Controller for iPhone - FRML Packaging,149.9
Razer PBT Keycap Upgrade Set - Razer Green - FRML Packaging,48.9
"Belkin GLASS,EZ TRAY,APPLE,13/13 PRO,TEMPERED GLASS AM OVA069zz",24
Razer BlackShark V2 X USB - Wired Gaming Headset - FRML Packaging,105
Razer Gaming Finger Sleeve,14.9
"Belkin GLASS,EZ TRAY,APPLE,13 PRO MAX,TEMPERED GLASS AM OVA070zz",24
Razer BlackShark V2 X - Wired Gaming Headset - FRML Packaging,94.9
Razer Seiren V2 Pro - Professional Grade USB Microphone - FRML Packaging,239.9
Razer Ergonomic Wrist Rest for Tenkeyless Keyboards - FRML Packaging,29.9
"Belkin GLASS, EZ TRAY, 2022 C, TEMPERED GLASS AM OVA101zz",24
Razer BlackShark V2 X - Wired Gaming Headset - White - FRML Packaging,94.9
Razer Seiren V2 X - USB Microphone for Streamers - FRML Packaging,159.9
Razer Ergonomic Wrist Rest for Mini Keyboards - FRML Packaging,29.9
"Belkin GLASS, EZ TRAY, 2022 D, TEMPERED GLASS AM OVA102zz",24
Razer BlackShark V2 X - Wired Gaming Headset - Quartz Edition - FRML Packaging,94.9
Razer Seiren Mini - Ultra-Compact Condenser Microphone - FRML Packaging,79.9
Razer Mouse Dock Pro - FRML Packaging,119.9
"Belkin GLASS, EZ TRAY, 2022 C, LAS GLASS AM OVA103zz",26
Razer Kraken V3 Pro - Wireless Gaming Headset with Razer HyperSense - FRML Packaging,329.9
Razer Seiren Mini - Ultra-Compact Condenser Microphone - Quartz - FRML Packaging,79.9
Razer Mouse Dock Chroma – FRML Packaging,79.9
"Belkin GLASS, EZ TRAY, 2022 D, LAS GLASS AM OVA104zz",26
Razer Kraken V3 HyperSense - Wired USB Gaming Headset with Haptic Technology - FRML Packaging,209.9
Razer Seiren Mini - Ultra-Compact Condenser Microphone - Mercury - FRML Packaging,79.9
Razer Mouse Bungee V3 Chroma - FRML Packaging,59.9
"Belkin 20W AC CHARGER, STANDALONE, WHT WCA003myWH",25
Razer Kraken V3 - Wired USB Gaming Headset,169.9
Belkin PD 25W PPS USB-C WALL CHARGER WCA004myWH,29
"Belkin 63W USB-C CHARGER,GAN,50C/18C,WHT WCH003myWH",69
"Belkin 108W USB-C CHARGER,GAN,4-PORT,WHT,2M WCH010MYWH",119
Belkin 65W DUAL USB-C GAN WALL CHARGER WITH WCH013MYWH,75
"Belkin MAGSAFE PAD WITH STAND, NO PSU, BK WIA004btBK",99
"Belkin MAGSAFE PAD WITH STAND, NO PSU, BL WIA004btBL",99
"Belkin MAGSAFE PAD WITH STAND, NO PSU, WH WIA004btWH",99
"Belkin MAGNET PAD 7.5W, PSU, BK WIA005myBK",59
"Belkin MAGNET PAD 7.5W, PSU, WH WIA005myWH",59
"Belkin STAND,15W,PSU,BLACK WIB002myBK",59
"Belkin STAND,15W,PSU,WHITE WIB002myWH",59
"Belkin MAGNET STAND 7.5W, PSU, BK WIB003myBK",69
"Belkin MAGNET STAND 7.5W, PSU, WH WIB003myWH",69
"Belkin STAND/PAD/PUCK,PSU,BLACK WIZ001myBK",159
"Belkin STAND/PAD/PUCK,PSU,WHITE WIZ001myWH",159
"Belkin DUAL PAD,15W,PSU,BLACK WIZ008myBK",99
"Belkin DUAL PAD,15W,PSU,WHITE WIZ008myWH",99
"Belkin MAGSAFE 2/1 STAND, BK WIZ010myBK",132
"Belkin MAGSAFE 2/1 STAND, WH WIZ010myWH",132
Belkin 3-IN-1 WIRELESS CHARGING PAD WITH MAGSAFE WIZ016myBK,209
Belkin 3-IN-1 WIRELESS CHARGING PAD WITH MAGSAFE WIZ016myWH,209
MPE-C501-AFCAG-3UK CM MWE GOLD V2 1250W FULL MODULAR ATX3 PSU,341.24
MPG-8501-AFBAP-XUK CM XG PLUS PLATINUM 850 FULL MODULAR ARGB PSU,360.8
MPG-7501-AFBAP-XUK CM XG PLUS PLATINUM 750 FULL MODULAR ARGB PSU,321.69
MPG-8501-AFBAP-UK CM XG PLATINUM 850 FULL MODULAR PSU,263.02
MPG-7501-AFBAP-UK CM XG PLATINUM 750 FULL MODULAR PSU,223.91
MPY-8501-SFHAGV-WK CM V SFX GOLD 850 FULL MODULAR WHITE PSU,233.69
MPY-7501-SFHAGV-WK CM V SFX GOLD 750 FULL MODULAR WHITE PSU,214.13
MPY-8501-SFHAGV-UK CM V SFX GOLD 850 FULL MODULAR PSU,223.91
MPY-7501-SFHAGV-UK CM V SFX GOLD 750 FULL MODULAR PSU,204.36
MPY-6501-SFHAGV-UK CM V SFX GOLD 650 FULL MODULAR PSU,184.8
MPZ-D001-AFBAPV-UK CM V PLATINUM 1300 FULL MODULAR PSU,419.47
MPZ-A001-AFBAPV-UK CM V PLATINUM 1000 FULL MODULAR PSU,360.8
MPZ-8501-AFBAPV-UK CM V PLATINUM 850 FULL MODULAR PSU,311.91
MPY-850V-AFBAG-UK CM V GOLD V2 850 FULL MODULAR PSU,223.91
MPY-750V-AFBAG-UK CM V GOLD V2 750 FULL MODULAR PSU,204.36
MPY-650V-AFBAG-UK CM V GOLD V2 650 FULL MODULAR PSU,184.8
MPY-750V-AGBAG-UK CM V GOLD V2 750 FULL MODULAR WHITE PSU,214.13
MPY-650V-AGBAG-UK CM V GOLD V2 650 FULL MODULAR WHITE PSU,194.58
MCM-EG200-KNNA55-S00 CM MASTERCASE EG200 eGPU WITH SFX550 GOLD PSU,471.28
MCM-H500M-IHNN-S00 CM MASTERCASE H500M ARGB CASE WITH 4 T.G,282.39
MCM-H500-IGNN-S01 CM MASTERCASE H500 ARGB CASE WITH T.G,159.61
MCB-CM694-KG5N-S00 CM MASTERBOX CM694 ATX CASE WITH T.G,178.5
MCB-D500D-WGNN-S01 CM MASTERBOX TD500 MESH ARGB ATX CASE - WHITE,141.33
MCB-D500D-KGNN-S01 CM MASTERBOX TD500 MESH ARGB ATX CASE,132.44
TD300-WGNN-S00 CM MASTERBOX TD300 MESH ARGB m-ATX CASE - WHITE,105.78
TD300-KGNN-S00 CM MASTERBOX TD300 MESH ARGB m-ATX CASE,105.78
MCB-NR600P-KNNN-S00 CM MASTERBOX NR600P ATX CASE WITH HOTSWAP BAYS,187.94
MCB-NR600-KG5N-S00 CM MASTERBOX NR600 ATX CASE WITH T.G / ODD,105.78
MCB-NR400-KGNN-S00 CM MASTERBOX NR400 m-ATX CASE WITH T.G,88
NR200P-MCNN85-SL0 CM MASTERBOX NR200P MAX WITH 850W PSU & 280MM AIO,471.28
MCB-NR200P-PCNN-S00 CM MASTERBOX NR200P SFF m-ITX CASE WITH T.G,150.22
MCB-NR200P-OCNN-S00 CM MASTERBOX NR200P SFF m-ITX CASE WITH T.G ORANGE,150.22
MCB-NR200P-KGNN-S00 CM MASTERBOX NR200P SFF m-ITX CASE WITH T.G,132.44
MCB-NR200P-WGNN-S00 CM MASTERBOX NR200P SFF m-ITX CASE WITH T.G -WHITE,132.44
MCB-NR200-KNNN-S00 CM MASTERBOX NR200 SFF m-ITX CASE,105.78
MCB-NR200-WNNN-S00 CM MASTERBOX NR200 SFF m-ITX CASE - WHITE,105.78
MB600L2-KN5N-S00 CM MASTERBOX MB600L V2 ATX CASE WITH ODD,70.22
MB540-KGNN-S00 CM MASTERBOX MB540 ARGB ATX CASE WITH T.G,141.33
MCB-B530P-KHNN-S01 CM MASTERBOX MB530 ARGB ATX CASE WITH 3 T.G,150.22
MCB-B520-KGNN-RGA CM MASTERBOX MB520 ARGB ATX CASE WITH T.G,114.67
MCB-B511D-KGNN-RGA CM MASTERBOX MB511 ARGB ATX CASE WITH T.G,114.67
MCB-B320L-KGNN-S02 CM MASTERBOX MB320L ARGB m-ATX CASE WITH T.G,88
MCB-B311L-KGNN-S02 CM MASTERBOX MB311L ARGB m-ATX CASE WITH T.G,88
MB500-KGNN-S00 CM MASTERBOX 500 ARGB ATX CASE,114.67
E500-KN5N-S00 CM ELITE 500 ATX CASE WITH ODD,70.22
MFY-B2DN-203PA-R1 CM MF120 PRISMATIC 3IN1 ARGB CRYSTAL FAN (2),124.17
MFY-B2DN-20NPA-R1 CM MF120 PRISMATIC ARGB CRYSTAL FAN (2),49.17
MFX-B2D3-18NPA-R1 CM MASTERFAN SF360R ARGB FAN,69.22
MFL-B4DN-15NPA-R1 CM MASTERFAN MF140 HALO ARGB ARGB FAN,35
MFL-B2DW-183PA-R1 CM MASTERFAN MF120 HALO 3IN1 ARGB ARGB FAN - WHITE,77
MFL-B2DW-18NPA-R1 CM MASTERFAN MF120 HALO ARGB FAN - WHITE,30.33
MFL-B2DN-183PA-R1 CM MASTERFAN MF120 HALO 3IN1 ARGB FAN,77
MFL-B2DN-18NPA-R1 CM MASTERFAN MF120 HALO ARGB FAN,30.33
MFZ-M2DN-24NP2-R1 CM MOBIUS 120P ARGB RING BLADE FAN,38.11
MFX-B4DN-14NPA-R1 CM SICKLEFLOW 140 PWM ARGB FAN,27.22
MFX-B2DW-18NPA-R1 CM SICKLEFLOW 120 PWM ARGB FAN - WHITE,20.94
MFX-B2DN-183PA-R1 CM SICKLEFLOW 120 ARGB 3IN1 WITH CONTROLLER,61.44
MFX-B2DR-18NPA-R1 CM SICKLEFLOW 120 PWM ARGB REVERSE FAN,20.94
MFX-B2DN-18NPA-R1 CM SICKLEFLOW 120 PWM ARGB FAN,20.94
MFX-B2DN-18NPC-R1 CM SICKLEFLOW 120 PWM RGB FAN,16.54
MFX-B2DN-18NPR-R1 CM SICKLEFLOW 120 PWM RED LED FAN,12.93
MFX-B2DN-18NPB-R1 CM SICKLEFLOW 120 PWM BLUE FAN,12.93
MFX-B2DN-18NPW-R1 CM SICKLEFLOW 120 PWM WHITE LED FAN,12.93
MFX-B2NN-18NPK-R1 CM SICKLEFLOW 120 PWM NON LED FAN,11.48
MFX-B9NN-23NPK-R1 CM SICKLEFLOW 92 PWM NON LED FAN,10.76
MFX-B8NN-25NPK-R1 CM SICKLEFLOW 80 PWM NON LED FAN,10.76
MFY-ACBN-NNUNN-R2 CM A1 GEN 2 ARGB CONTROLLER,30.96
MFX-ATHN-12NNN-R1 CM A1 GEN 2 ARGB TUBE SLEEVE FOR AIO COOLER,70.22
MFX-GSHN-40NNN-R1 CM A1 GEN 2 ARGB STRIP 40CM,22.56
MFX-ZHHN-1NNN6-R1 CM MASTERFAN ARGB & PWM 6 PORTS HUB,23.4
MFX-AWHN-1NNN5-R1 CM UNIVERSAL 1-5 ARGB SPLITTER CABLE,12.37
MCA-U000R-GSBTG-00 CM MASTERACCESSORY - ARGB GPU SUPPORT BRACKET,38.4
MAZ-IMGB-N30NA-R1 CM ELV8 ARGB UNIVERSAL GRAPHICS CARD HOLDER,38.4
MCA-U000C-KPCI40-300 CM MASTERACCESSORY RISER CABLE PCI-E 4.0 300MM,99.17
MCA-U000C-KPCI30-200 CM MASTERACCESSORY RISER CABLE PCI-E 200MM V2,46.2
MLZ-D36M-A19PK-12 CM MASTERLIQUID ML360 SUB-ZERO CPU COOLER,535.5
MLY-D36M-A18PA-R1 CM MASTERLIQUID ML360P ARGB CPU COOLER-SILVER,310.22
MLY-D24M-A20PA-R1 CM MASTERLIQUID ML240P MIRAGE ARGB CPU COOLER,212.44
MLX-D36M-A20PC-R1 CM MASTERLIQUID ML360R ARGB CPU COOLER,185.78
MLY-D36M-A23PZ-R1 CM MASTERLIQUID PL360 FLUX ARGB CPU COOLER,239.11
MLY-D24M-A23PZ-R1 CM MASTERLIQUID PL240 FLUX ARGB CPU COOLER,203.56
MLX-D36M-A18P2-R1 CM MASTERLIQUID ML360 ILLUSION ARGB ARGB COOLER,194.67
MLX-D24M-A18P2-R1 CM MASTERLIQUID ML240 ILLUSION ARGB ARGB COOLER,150.22
MLX-D24M-A18PW-R1 CM MASTERLIQUID ML240 ILLUSION ARGB ARGB WHITE,159.11
MLW-D36M-A18PW-RW CM MASTERLIQUID ML360L V2 ARGB CPU COOLER - WHITE,141.33
MLW-D24M-A18PW-RW CM MASTERLIQUID ML240L V2 ARGB CPU COOLER - WHITE,123.56
MLW-D36M-A18PA-R2 CM MASTERLIQUID ML360L V2 ARGB CPU COOLER,132.44
MLW-D24M-A18PA-R2 CM MASTERLIQUID ML240L V2 ARGB CPU COOLER,114.67
MAM-D6PS-314PK-R1 CM MA624 STEALTH CPU COOLER,159.11
MAP-T6PS-218PA-R1 CM MA612 STEALTH ARGB CPU COOLER,123.56
MAP-T6PS-218PK-R1 CM MA612 STEALTH CPU COOLER,105.78
RR-212S-20PC-R2 CM HYPER 212 RGB BLACK EDITION CPU COOLER,70.22
RR-212S-20PK-R2 CM HYPER 212 BLACK EDITION CPU COOLER,61.33
RR-212TK-18PA-R1 CM HYPER 212 LED TURBO ARGB CPU COOLER,70.22
