item,price_sgd
Intel 15th Gen Processor + U5 245K,471
Intel 15th Gen Processor + U5 245KF,447
Intel 15th Gen Processor + U7 265K,606
Intel 15th Gen Processor + U7 265KF,591
Intel 15th Gen Processor + U9 285K,894
Intel 15th Gen Processor + U5 225,375
Intel 15th Gen Processor + U5 225F,351
Intel 15th Gen Processor + U5 235,389
Intel 15th Gen Processor + U7 265,595
Intel 15th Gen Processor + U7 265F,575
Intel 15th Gen Processor + U9 285,862
Gigabyte Z890 AORUS MASTER,962
Gigabyte Z890 AORUS MASTER + U5 245K,1370
Gigabyte Z890 AORUS MASTER + U5 245KF,1348
Gigabyte Z890 AORUS MASTER + U7 265K,1495
Gigabyte Z890 AORUS MASTER + U7 265KF,1481
Gigabyte Z890 AORUS MASTER + U9 285K,1819
Gigabyte Z890 AORUS MASTER + U5 225,1282
Gigabyte Z890 AORUS MASTER + U5 225F,1260
Gigabyte Z890 AORUS MASTER + U5 235,1295
Gigabyte Z890 AORUS MASTER + U7 265,1485
Gigabyte Z890 AORUS MASTER + U7 265F,1466
Gigabyte Z890 AORUS MASTER + U9 285,1731
Gigabyte Z890 AORUS ELITE WIFI 7 ICE,480
Gigabyte Z890 AORUS ELITE WIFI 7 ICE + U5 245K,902
Gigabyte Z890 AORUS ELITE WIFI 7 ICE + U5 245KF,880
Gigabyte Z890 AORUS ELITE WIFI 7 ICE + U7 265K,1027
Gigabyte Z890 AORUS ELITE WIFI 7 ICE + U7 265KF,1012
Gigabyte Z890 AORUS ELITE WIFI 7 ICE + U9 285K,1351
Gigabyte Z890 AORUS ELITE WIFI 7 ICE + U5 225,813
Gigabyte Z890 AORUS ELITE WIFI 7 ICE + U5 225F,791
Gigabyte Z890 AORUS ELITE WIFI 7 ICE + U5 235,827
Gigabyte Z890 AORUS ELITE WIFI 7 ICE + U7 265,1016
Gigabyte Z890 AORUS ELITE WIFI 7 ICE + U7 265F,997
Gigabyte Z890 AORUS ELITE WIFI 7 ICE + U9 285,1262
Gigabyte Z890 AORUS ELITE WIFI 7,464
Gigabyte Z890 AORUS ELITE WIFI 7 + U5 245K,886
Gigabyte Z890 AORUS ELITE WIFI 7 + U5 245KF,864
Gigabyte Z890 AORUS ELITE WIFI 7 + U7 265K,1012
Gigabyte Z890 AORUS ELITE WIFI 7 + U7 265KF,997
Gigabyte Z890 AORUS ELITE WIFI 7 + U9 285K,1335
Gigabyte Z890 AORUS ELITE WIFI 7 + U5 225,798
Gigabyte Z890 AORUS ELITE WIFI 7 + U5 225F,776
Gigabyte Z890 AORUS ELITE WIFI 7 + U5 235,811
Gigabyte Z890 AORUS ELITE WIFI 7 + U7 265,1001
Gigabyte Z890 AORUS ELITE WIFI 7 + U7 265F,982
Gigabyte Z890 AORUS ELITE WIFI 7 + U9 285,1247
Gigabyte Z890 EAGLE WIFI 7,390
Gigabyte Z890 EAGLE WIFI 7 + U5 245K,815
Gigabyte Z890 EAGLE WIFI 7 + U5 245KF,792
Gigabyte Z890 EAGLE WIFI 7 + U7 265K,940
Gigabyte Z890 EAGLE WIFI 7 + U7 265KF,925
Gigabyte Z890 EAGLE WIFI 7 + U9 285K,1263
Gigabyte Z890 EAGLE WIFI 7 + U5 225,726
Gigabyte Z890 EAGLE WIFI 7 + U5 225F,704
Gigabyte Z890 EAGLE WIFI 7 + U5 235,739
Gigabyte Z890 EAGLE WIFI 7 + U7 265,929
Gigabyte Z890 EAGLE WIFI 7 + U7 265F,910
Gigabyte Z890 EAGLE WIFI 7 + U9 285,1175
Gigabyte Z890 UD WIFI 6E,368
Gigabyte Z890 UD WIFI 6E + U5 245K,793
Gigabyte Z890 UD WIFI 6E + U5 245KF,771
Gigabyte Z890 UD WIFI 6E + U7 265K,918
Gigabyte Z890 UD WIFI 6E + U7 265KF,903
Gigabyte Z890 UD WIFI 6E + U9 285K,1242
Gigabyte Z890 UD WIFI 6E + U5 225,704
Gigabyte Z890 UD WIFI 6E + U5 225F,682
Gigabyte Z890 UD WIFI 6E + U5 235,718
Gigabyte Z890 UD WIFI 6E + U7 265,907
Gigabyte Z890 UD WIFI 6E + U7 265F,888
Gigabyte Z890 UD WIFI 6E + U9 285,1153
Gigabyte Z890M AORUS ELITE WIFI 7,386
Gigabyte Z890M AORUS ELITE WIFI 7 + U5 245K,810
Gigabyte Z890M AORUS ELITE WIFI 7 + U5 245KF,788
Gigabyte Z890M AORUS ELITE WIFI 7 + U7 265K,935
Gigabyte Z890M AORUS ELITE WIFI 7 + U7 265KF,921
Gigabyte Z890M AORUS ELITE WIFI 7 + U9 285K,1259
Gigabyte Z890M AORUS ELITE WIFI 7 + U5 225,722
Gigabyte Z890M AORUS ELITE WIFI 7 + U5 225F,700
Gigabyte Z890M AORUS ELITE WIFI 7 + U5 235,735
Gigabyte Z890M AORUS ELITE WIFI 7 + U7 265,925
Gigabyte Z890M AORUS ELITE WIFI 7 + U7 265F,906
Gigabyte Z890M AORUS ELITE WIFI 7 + U9 285,1171
Gigabyte B860 GAMING X WIFI6E,341
Gigabyte B860 GAMING X WIFI6E + U5 245K,767
Gigabyte B860 GAMING X WIFI6E + U5 245KF,744
Gigabyte B860 GAMING X WIFI6E + U7 265K,892
Gigabyte B860 GAMING X WIFI6E + U7 265KF,877
Gigabyte B860 GAMING X WIFI6E + U9 285K,1215
Gigabyte B860 GAMING X WIFI6E + U5 225,678
Gigabyte B860 GAMING X WIFI6E + U5 225F,656
Gigabyte B860 GAMING X WIFI6E + U5 235,691
Gigabyte B860 GAMING X WIFI6E + U7 265,881
Gigabyte B860 GAMING X WIFI6E + U7 265F,862
Gigabyte B860 GAMING X WIFI6E + U9 285,1127
Gigabyte B860 DS3H WIFI6E,274
Gigabyte B860 DS3H WIFI6E + U5 245K,701
Gigabyte B860 DS3H WIFI6E + U5 245KF,679
Gigabyte B860 DS3H WIFI6E + U7 265K,826
Gigabyte B860 DS3H WIFI6E + U7 265KF,812
Gigabyte B860 DS3H WIFI6E + U9 285K,1150
Gigabyte B860 DS3H WIFI6E + U5 225,613
Gigabyte B860 DS3H WIFI6E + U5 225F,591
Gigabyte B860 DS3H WIFI6E + U5 235,626
Gigabyte B860 DS3H WIFI6E + U7 265,816
Gigabyte B860 DS3H WIFI6E + U7 265F,797
Gigabyte B860 DS3H WIFI6E + U9 285,1062
Gigabyte B860M DS3H WIFI6E,256
Gigabyte B860M DS3H WIFI6E + U5 245K,684
Gigabyte B860M DS3H WIFI6E + U5 245KF,662
Gigabyte B860M DS3H WIFI6E + U7 265K,809
Gigabyte B860M DS3H WIFI6E + U7 265KF,794
Gigabyte B860M DS3H WIFI6E + U9 285K,1133
Gigabyte B860M DS3H WIFI6E + U5 225,595
Gigabyte B860M DS3H WIFI6E + U5 225F,573
Gigabyte B860M DS3H WIFI6E + U5 235,609
Gigabyte B860M DS3H WIFI6E + U7 265,798
Gigabyte B860M DS3H WIFI6E + U7 265F,779
Gigabyte B860M DS3H WIFI6E + U9 285,1044
Gigabyte B860M EAGLE WIFI6,222
Gigabyte B860M EAGLE WIFI6 + U5 245K,651
Gigabyte B860M EAGLE WIFI6 + U5 245KF,629
Gigabyte B860M EAGLE WIFI6 + U7 265K,776
Gigabyte B860M EAGLE WIFI6 + U7 265KF,761
Gigabyte B860M EAGLE WIFI6 + U9 285K,1100
Gigabyte B860M EAGLE WIFI6 + U5 225,563
Gigabyte B860M EAGLE WIFI6 + U5 225F,541
Gigabyte B860M EAGLE WIFI6 + U5 235,576
Gigabyte B860M EAGLE WIFI6 + U7 265,766
Gigabyte B860M EAGLE WIFI6 + U7 265F,747
Gigabyte B860M EAGLE WIFI6 + U9 285,1012
Gigabyte B860I AORUS PRO ICE,386
Gigabyte B860I AORUS PRO ICE + U5 245K,810
Gigabyte B860I AORUS PRO ICE + U5 245KF,788
Gigabyte B860I AORUS PRO ICE + U7 265K,935
Gigabyte B860I AORUS PRO ICE + U7 265KF,921
Gigabyte B860I AORUS PRO ICE + U9 285K,1259
Gigabyte B860I AORUS PRO ICE + U5 225,722
Gigabyte B860I AORUS PRO ICE + U5 225F,700
Gigabyte B860I AORUS PRO ICE + U5 235,735
Gigabyte B860I AORUS PRO ICE + U7 265,925
Gigabyte B860I AORUS PRO ICE + U7 265F,906
Gigabyte B860I AORUS PRO ICE + U9 285,1171
MSI MAG Z890 ACE,1053
MSI MAG Z890 ACE + U5 245K,1460
MSI MAG Z890 ACE + U5 245KF,1438
MSI MAG Z890 ACE + U7 265K,1585
MSI MAG Z890 ACE + U7 265KF,1570
MSI MAG Z890 ACE + U9 285K,1909
MSI MAG Z890 ACE + U5 225,1371
MSI MAG Z890 ACE + U5 225F,1349
MSI MAG Z890 ACE + U5 235,1385
MSI MAG Z890 ACE + U7 265,1575
MSI MAG Z890 ACE + U7 265F,1555
MSI MAG Z890 ACE + U9 285,1820
MSI MAG Z890 TOMAHAWK WIFI,554
MSI MAG Z890 TOMAHAWK WIFI + U5 245K,974
MSI MAG Z890 TOMAHAWK WIFI + U5 245KF,952
MSI MAG Z890 TOMAHAWK WIFI + U7 265K,1099
MSI MAG Z890 TOMAHAWK WIFI + U7 265KF,1084
MSI MAG Z890 TOMAHAWK WIFI + U9 285K,1422
MSI MAG Z890 TOMAHAWK WIFI + U5 225,885
MSI MAG Z890 TOMAHAWK WIFI + U5 225F,863
MSI MAG Z890 TOMAHAWK WIFI + U5 235,899
MSI MAG Z890 TOMAHAWK WIFI + U7 265,1088
MSI MAG Z890 TOMAHAWK WIFI + U7 265F,1069
MSI MAG Z890 TOMAHAWK WIFI + U9 285,1334
MSI MPG Z890 CARBON WIFI,913
MSI MPG Z890 CARBON WIFI + U5 245K,1324
MSI MPG Z890 CARBON WIFI + U5 245KF,1301
MSI MPG Z890 CARBON WIFI + U7 265K,1449
MSI MPG Z890 CARBON WIFI + U7 265KF,1434
MSI MPG Z890 CARBON WIFI + U9 285K,1772
MSI MPG Z890 CARBON WIFI + U5 225,1235
MSI MPG Z890 CARBON WIFI + U5 225F,1213
MSI MPG Z890 CARBON WIFI + U5 235,1248
MSI MPG Z890 CARBON WIFI + U7 265,1438
MSI MPG Z890 CARBON WIFI + U7 265F,1419
MSI MPG Z890 CARBON WIFI + U9 285,1684
MSI Z890 GAMING PLUS WIFI,439
MSI Z890 GAMING PLUS WIFI + U5 245K,861
MSI Z890 GAMING PLUS WIFI + U5 245KF,839
MSI Z890 GAMING PLUS WIFI + U7 265K,986
MSI Z890 GAMING PLUS WIFI + U7 265KF,972
MSI Z890 GAMING PLUS WIFI + U9 285K,1310
MSI Z890 GAMING PLUS WIFI + U5 225,773
MSI Z890 GAMING PLUS WIFI + U5 225F,751
MSI Z890 GAMING PLUS WIFI + U5 235,786
MSI Z890 GAMING PLUS WIFI + U7 265,976
MSI Z890 GAMING PLUS WIFI + U7 265F,957
MSI Z890 GAMING PLUS WIFI + U9 285,1222
MSI PRO Z890-P WIFI,387
MSI PRO Z890-P WIFI + U5 245K,811
MSI PRO Z890-P WIFI + U5 245KF,789
MSI PRO Z890-P WIFI + U7 265K,936
MSI PRO Z890-P WIFI + U7 265KF,922
MSI PRO Z890-P WIFI + U9 285K,1260
MSI PRO Z890-P WIFI + U5 225,723
MSI PRO Z890-P WIFI + U5 225F,701
MSI PRO Z890-P WIFI + U5 235,736
MSI PRO Z890-P WIFI + U7 265,926
MSI PRO Z890-P WIFI + U7 265F,907
MSI PRO Z890-P WIFI + U9 285,1172
ASROCK H810M-X WIFI,140
ASROCK H810M-X WIFI + U5 245K,570
ASROCK H810M-X WIFI + U5 245KF,548
ASROCK H810M-X WIFI + U7 265K,695
ASROCK H810M-X WIFI + U7 265KF,681
ASROCK H810M-X WIFI + U9 285K,1019
ASROCK H810M-X WIFI + U5 225,482
ASROCK H810M-X WIFI + U5 225F,460
ASROCK H810M-X WIFI + U5 235,495
ASROCK H810M-X WIFI + U7 265,685
ASROCK H810M-X WIFI + U7 265F,666
ASROCK H810M-X WIFI + U9 285,931
Asrock B860M X WIFI,190
Asrock B860M X WIFI + U5 245K,619
Asrock B860M X WIFI + U5 245KF,597
Asrock B860M X WIFI + U7 265K,744
Asrock B860M X WIFI + U7 265KF,730
Asrock B860M X WIFI + U9 285K,1068
Asrock B860M X WIFI + U5 225,531
Asrock B860M X WIFI + U5 225F,509
Asrock B860M X WIFI + U5 235,544
Asrock B860M X WIFI + U7 265,734
Asrock B860M X WIFI + U7 265F,715
Asrock B860M X WIFI + U9 285,980
ASROCK Z890 PRO-A WIFI,316
ASROCK Z890 PRO-A WIFI + U5 245K,743
ASROCK Z890 PRO-A WIFI + U5 245KF,720
ASROCK Z890 PRO-A WIFI + U7 265K,868
ASROCK Z890 PRO-A WIFI + U7 265KF,853
ASROCK Z890 PRO-A WIFI + U9 285K,1191
ASROCK Z890 PRO-A WIFI + U5 225,654
ASROCK Z890 PRO-A WIFI + U5 225F,632
ASROCK Z890 PRO-A WIFI + U5 235,668
ASROCK Z890 PRO-A WIFI + U7 265,857
ASROCK Z890 PRO-A WIFI + U7 265F,838
ASROCK Z890 PRO-A WIFI + U9 285,1103
ASRock Z890I NOVA WIFI (ITX),480
ASRock Z890I NOVA WIFI (ITX) + U5 245K,902
ASRock Z890I NOVA WIFI (ITX) + U5 245KF,880
ASRock Z890I NOVA WIFI (ITX) + U7 265K,1027
ASRock Z890I NOVA WIFI (ITX) + U7 265KF,1012
ASRock Z890I NOVA WIFI (ITX) + U9 285K,1351
ASRock Z890I NOVA WIFI (ITX) + U5 225,813
ASRock Z890I NOVA WIFI (ITX) + U5 225F,791
ASRock Z890I NOVA WIFI (ITX) + U5 235,827
ASRock Z890I NOVA WIFI (ITX) + U7 265,1016
ASRock Z890I NOVA WIFI (ITX) + U7 265F,997
ASRock Z890I NOVA WIFI (ITX) + U9 285,1262
ASROCK Z890 NOVA WIFI,565
ASROCK Z890 NOVA WIFI + U5 245K,985
ASROCK Z890 NOVA WIFI + U5 245KF,962
ASROCK Z890 NOVA WIFI + U7 265K,1110
ASROCK Z890 NOVA WIFI + U7 265KF,1095
ASROCK Z890 NOVA WIFI + U9 285K,1433
ASROCK Z890 NOVA WIFI + U5 225,896
ASROCK Z890 NOVA WIFI + U5 225F,874
ASROCK Z890 NOVA WIFI + U5 235,909
ASROCK Z890 NOVA WIFI + U7 265,1099
ASROCK Z890 NOVA WIFI + U7 265F,1080
ASROCK Z890 NOVA WIFI + U9 285,1345
ASROCK Z890 PRO RS WIFI WHITE,368
ASROCK Z890 PRO RS WIFI WHITE + U5 245K,793
ASROCK Z890 PRO RS WIFI WHITE + U5 245KF,771
ASROCK Z890 PRO RS WIFI WHITE + U7 265K,918
ASROCK Z890 PRO RS WIFI WHITE + U7 265KF,903
ASROCK Z890 PRO RS WIFI WHITE + U9 285K,1242
ASROCK Z890 PRO RS WIFI WHITE + U5 225,704
ASROCK Z890 PRO RS WIFI WHITE + U5 225F,682
ASROCK Z890 PRO RS WIFI WHITE + U5 235,718
ASROCK Z890 PRO RS WIFI WHITE + U7 265,907
ASROCK Z890 PRO RS WIFI WHITE + U7 265F,888
ASROCK Z890 PRO RS WIFI WHITE + U9 285,1153
ASUS ROG STRIX Z890-F GAMING WIFI,736
ASUS ROG STRIX Z890-F GAMING WIFI + U5 245K,1151
ASUS ROG STRIX Z890-F GAMING WIFI + U5 245KF,1129
ASUS ROG STRIX Z890-F GAMING WIFI + U7 265K,1276
ASUS ROG STRIX Z890-F GAMING WIFI + U7 265KF,1262
ASUS ROG STRIX Z890-F GAMING WIFI + U9 285K,1600
ASUS ROG STRIX Z890-F GAMING WIFI + U5 225,1063
ASUS ROG STRIX Z890-F GAMING WIFI + U5 225F,1041
ASUS ROG STRIX Z890-F GAMING WIFI + U5 235,1076
ASUS ROG STRIX Z890-F GAMING WIFI + U7 265,1266
ASUS ROG STRIX Z890-F GAMING WIFI + U7 265F,1247
ASUS ROG STRIX Z890-F GAMING WIFI + U9 285,1512
ASUS PRIME Z890-P WIFI-CSM,424
ASUS PRIME Z890-P WIFI-CSM + U5 245K,847
ASUS PRIME Z890-P WIFI-CSM + U5 245KF,825
ASUS PRIME Z890-P WIFI-CSM + U7 265K,972
ASUS PRIME Z890-P WIFI-CSM + U7 265KF,958
ASUS PRIME Z890-P WIFI-CSM + U9 285K,1296
ASUS PRIME Z890-P WIFI-CSM + U5 225,759
ASUS PRIME Z890-P WIFI-CSM + U5 225F,737
ASUS PRIME Z890-P WIFI-CSM + U5 235,772
ASUS PRIME Z890-P WIFI-CSM + U7 265,962
ASUS PRIME Z890-P WIFI-CSM + U7 265F,943
ASUS PRIME Z890-P WIFI-CSM + U9 285,1208
ASUS ROG STRIX Z890-A GAMING WIFI,689
ASUS ROG STRIX Z890-A GAMING WIFI + U5 245K,1106
ASUS ROG STRIX Z890-A GAMING WIFI + U5 245KF,1083
ASUS ROG STRIX Z890-A GAMING WIFI + U7 265K,1231
ASUS ROG STRIX Z890-A GAMING WIFI + U7 265KF,1216
ASUS ROG STRIX Z890-A GAMING WIFI + U9 285K,1554
ASUS ROG STRIX Z890-A GAMING WIFI + U5 225,1017
ASUS ROG STRIX Z890-A GAMING WIFI + U5 225F,995
ASUS ROG STRIX Z890-A GAMING WIFI + U5 235,1030
ASUS ROG STRIX Z890-A GAMING WIFI + U7 265,1220
ASUS ROG STRIX Z890-A GAMING WIFI + U7 265F,1201
ASUS ROG STRIX Z890-A GAMING WIFI + U9 285,1466
ASUS ROG MAXIMUS Z890 EXTREME E-,1607
ASUS ROG MAXIMUS Z890 EXTREME E- + U5 245K,1998
ASUS ROG MAXIMUS Z890 EXTREME E- + U5 245KF,1976
ASUS ROG MAXIMUS Z890 EXTREME E- + U7 265K,2123
ASUS ROG MAXIMUS Z890 EXTREME E- + U7 265KF,2109
ASUS ROG MAXIMUS Z890 EXTREME E- + U9 285K,2447
ASUS ROG MAXIMUS Z890 EXTREME E- + U5 225,1910
ASUS ROG MAXIMUS Z890 EXTREME E- + U5 225F,1888
ASUS ROG MAXIMUS Z890 EXTREME E- + U5 235,1923
ASUS ROG MAXIMUS Z890 EXTREME E- + U7 265,2113
ASUS ROG MAXIMUS Z890 EXTREME E- + U7 265F,2094
ASUS ROG MAXIMUS Z890 EXTREME E- + U9 285,2359
ASUS ROG STRIX Z890-I GAMING WIFI,812
ASUS ROG STRIX Z890-I GAMING WIFI + U5 245K,1224
ASUS ROG STRIX Z890-I GAMING WIFI + U5 245KF,1202
ASUS ROG STRIX Z890-I GAMING WIFI + U7 265K,1349
ASUS ROG STRIX Z890-I GAMING WIFI + U7 265KF,1335
ASUS ROG STRIX Z890-I GAMING WIFI + U9 285K,1673
ASUS ROG STRIX Z890-I GAMING WIFI + U5 225,1136
ASUS ROG STRIX Z890-I GAMING WIFI + U5 225F,1114
ASUS ROG STRIX Z890-I GAMING WIFI + U5 235,1149
ASUS ROG STRIX Z890-I GAMING WIFI + U7 265,1339
ASUS ROG STRIX Z890-I GAMING WIFI + U7 265F,1320
ASUS ROG STRIX Z890-I GAMING WIFI + U9 285,1585
ASUS ROG MAXIMUS Z890 hero,1133
ASUS ROG MAXIMUS Z890 hero + U5 245K,1537
ASUS ROG MAXIMUS Z890 hero + U5 245KF,1515
ASUS ROG MAXIMUS Z890 hero + U7 265K,1662
ASUS ROG MAXIMUS Z890 hero + U7 265KF,1648
ASUS ROG MAXIMUS Z890 hero + U9 285K,1986
ASUS ROG MAXIMUS Z890 hero + U5 225,1449
ASUS ROG MAXIMUS Z890 hero + U5 225F,1427
ASUS ROG MAXIMUS Z890 hero + U5 235,1462
ASUS ROG MAXIMUS Z890 hero + U7 265,1652
ASUS ROG MAXIMUS Z890 hero + U7 265F,1633
ASUS ROG MAXIMUS Z890 hero + U9 285,1898
Asus ROG STRIX Z890-E GAMING WIFI,850
Asus ROG STRIX Z890-E GAMING WIFI + U5 245K,1261
Asus ROG STRIX Z890-E GAMING WIFI + U5 245KF,1239
Asus ROG STRIX Z890-E GAMING WIFI + U7 265K,1386
Asus ROG STRIX Z890-E GAMING WIFI + U7 265KF,1372
Asus ROG STRIX Z890-E GAMING WIFI + U9 285K,1710
Asus ROG STRIX Z890-E GAMING WIFI + U5 225,1173
Asus ROG STRIX Z890-E GAMING WIFI + U5 225F,1151
Asus ROG STRIX Z890-E GAMING WIFI + U5 235,1186
Asus ROG STRIX Z890-E GAMING WIFI + U7 265,1376
Asus ROG STRIX Z890-E GAMING WIFI + U7 265F,1357
Asus ROG STRIX Z890-E GAMING WIFI + U9 285,1622
ASUS ROG MAXIMUS Z890 APEX,1115
ASUS ROG MAXIMUS Z890 APEX + U5 245K,1520
ASUS ROG MAXIMUS Z890 APEX + U5 245KF,1498
ASUS ROG MAXIMUS Z890 APEX + U7 265K,1645
ASUS ROG MAXIMUS Z890 APEX + U7 265KF,1630
ASUS ROG MAXIMUS Z890 APEX + U9 285K,1969
ASUS ROG MAXIMUS Z890 APEX + U5 225,1431
ASUS ROG MAXIMUS Z890 APEX + U5 225F,1409
ASUS ROG MAXIMUS Z890 APEX + U5 235,1445
ASUS ROG MAXIMUS Z890 APEX + U7 265,1635
ASUS ROG MAXIMUS Z890 APEX + U7 265F,1615
ASUS ROG MAXIMUS Z890 APEX + U9 285,1880
ASUS TUF Gaming Z890-Plus WIFI,515
ASUS TUF Gaming Z890-Plus WIFI + U5 245K,935
ASUS TUF Gaming Z890-Plus WIFI + U5 245KF,913
ASUS TUF Gaming Z890-Plus WIFI + U7 265K,1061
ASUS TUF Gaming Z890-Plus WIFI + U7 265KF,1046
ASUS TUF Gaming Z890-Plus WIFI + U9 285K,1384
ASUS TUF Gaming Z890-Plus WIFI + U5 225,847
ASUS TUF Gaming Z890-Plus WIFI + U5 225F,825
ASUS TUF Gaming Z890-Plus WIFI + U5 235,860
ASUS TUF Gaming Z890-Plus WIFI + U7 265,1050
ASUS TUF Gaming Z890-Plus WIFI + U7 265F,1031
ASUS TUF Gaming Z890-Plus WIFI + U9 285,1296
ASUS TUF Gaming Z890-PRO WIFI,547
ASUS TUF Gaming Z890-PRO WIFI + U5 245K,967
ASUS TUF Gaming Z890-PRO WIFI + U5 245KF,945
ASUS TUF Gaming Z890-PRO WIFI + U7 265K,1092
ASUS TUF Gaming Z890-PRO WIFI + U7 265KF,1077
ASUS TUF Gaming Z890-PRO WIFI + U9 285K,1416
ASUS TUF Gaming Z890-PRO WIFI + U5 225,879
ASUS TUF Gaming Z890-PRO WIFI + U5 225F,857
ASUS TUF Gaming Z890-PRO WIFI + U5 235,892
ASUS TUF Gaming Z890-PRO WIFI + U7 265,1082
ASUS TUF Gaming Z890-PRO WIFI + U7 265F,1063
ASUS TUF Gaming Z890-PRO WIFI + U9 285,1328
ASUS PRIME Z890M-PLUS WIFI-CSM,396
ASUS PRIME Z890M-PLUS WIFI-CSM + U5 245K,820
ASUS PRIME Z890M-PLUS WIFI-CSM + U5 245KF,798
ASUS PRIME Z890M-PLUS WIFI-CSM + U7 265K,945
ASUS PRIME Z890M-PLUS WIFI-CSM + U7 265KF,930
ASUS PRIME Z890M-PLUS WIFI-CSM + U9 285K,1269
ASUS PRIME Z890M-PLUS WIFI-CSM + U5 225,732
ASUS PRIME Z890M-PLUS WIFI-CSM + U5 225F,710
ASUS PRIME Z890M-PLUS WIFI-CSM + U5 235,745
ASUS PRIME Z890M-PLUS WIFI-CSM + U7 265,935
ASUS PRIME Z890M-PLUS WIFI-CSM + U7 265F,916
ASUS PRIME Z890M-PLUS WIFI-CSM + U9 285,1180
ASUS ProArt Z890-CREATOR WIFI,850
ASUS ProArt Z890-CREATOR WIFI + U5 245K,1261
ASUS ProArt Z890-CREATOR WIFI + U5 245KF,1239
ASUS ProArt Z890-CREATOR WIFI + U7 265K,1386
ASUS ProArt Z890-CREATOR WIFI + U7 265KF,1372
ASUS ProArt Z890-CREATOR WIFI + U9 285K,1710
ASUS ProArt Z890-CREATOR WIFI + U5 225,1173
ASUS ProArt Z890-CREATOR WIFI + U5 225F,1151
ASUS ProArt Z890-CREATOR WIFI + U5 235,1186
ASUS ProArt Z890-CREATOR WIFI + U7 265,1376
ASUS ProArt Z890-CREATOR WIFI + U7 265F,1357
ASUS ProArt Z890-CREATOR WIFI + U9 285,1622
Asus ROG STRIX B860-F GAMING WIFI,472
Asus ROG STRIX B860-F GAMING WIFI + U5 245K,894
Asus ROG STRIX B860-F GAMING WIFI + U5 245KF,872
Asus ROG STRIX B860-F GAMING WIFI + U7 265K,1019
Asus ROG STRIX B860-F GAMING WIFI + U7 265KF,1004
Asus ROG STRIX B860-F GAMING WIFI + U9 285K,1343
Asus ROG STRIX B860-F GAMING WIFI + U5 225,806
Asus ROG STRIX B860-F GAMING WIFI + U5 225F,784
Asus ROG STRIX B860-F GAMING WIFI + U5 235,819
Asus ROG STRIX B860-F GAMING WIFI + U7 265,1009
Asus ROG STRIX B860-F GAMING WIFI + U7 265F,990
Asus ROG STRIX B860-F GAMING WIFI + U9 285,1255
Asus ROG STRIX B860-A GAMING WIFI,443
Asus ROG STRIX B860-A GAMING WIFI + U5 245K,866
Asus ROG STRIX B860-A GAMING WIFI + U5 245KF,844
Asus ROG STRIX B860-A GAMING WIFI + U7 265K,991
Asus ROG STRIX B860-A GAMING WIFI + U7 265KF,976
Asus ROG STRIX B860-A GAMING WIFI + U9 285K,1315
Asus ROG STRIX B860-A GAMING WIFI + U5 225,777
Asus ROG STRIX B860-A GAMING WIFI + U5 225F,755
Asus ROG STRIX B860-A GAMING WIFI + U5 235,791
Asus ROG STRIX B860-A GAMING WIFI + U7 265,981
Asus ROG STRIX B860-A GAMING WIFI + U7 265F,961
Asus ROG STRIX B860-A GAMING WIFI + U9 285,1226
Asus ROG STRIX B860-G GAMING WIFI,424
Asus ROG STRIX B860-G GAMING WIFI + U5 245K,847
Asus ROG STRIX B860-G GAMING WIFI + U5 245KF,825
Asus ROG STRIX B860-G GAMING WIFI + U7 265K,972
Asus ROG STRIX B860-G GAMING WIFI + U7 265KF,958
Asus ROG STRIX B860-G GAMING WIFI + U9 285K,1296
Asus ROG STRIX B860-G GAMING WIFI + U5 225,759
Asus ROG STRIX B860-G GAMING WIFI + U5 225F,737
Asus ROG STRIX B860-G GAMING WIFI + U5 235,772
Asus ROG STRIX B860-G GAMING WIFI + U7 265,962
Asus ROG STRIX B860-G GAMING WIFI + U7 265F,943
Asus ROG STRIX B860-G GAMING WIFI + U9 285,1208
Asus ROG STRIX B860-I GAMING WIFI,396
Asus ROG STRIX B860-I GAMING WIFI + U5 245K,820
Asus ROG STRIX B860-I GAMING WIFI + U5 245KF,798
Asus ROG STRIX B860-I GAMING WIFI + U7 265K,945
Asus ROG STRIX B860-I GAMING WIFI + U7 265KF,930
Asus ROG STRIX B860-I GAMING WIFI + U9 285K,1269
Asus ROG STRIX B860-I GAMING WIFI + U5 225,732
Asus ROG STRIX B860-I GAMING WIFI + U5 225F,710
Asus ROG STRIX B860-I GAMING WIFI + U5 235,745
Asus ROG STRIX B860-I GAMING WIFI + U7 265,935
Asus ROG STRIX B860-I GAMING WIFI + U7 265F,916
Asus ROG STRIX B860-I GAMING WIFI + U9 285,1180
Asus TUF GAMING B860-PLUS WIFI,377
Asus TUF GAMING B860-PLUS WIFI + U5 245K,801
Asus TUF GAMING B860-PLUS WIFI + U5 245KF,779
Asus TUF GAMING B860-PLUS WIFI + U7 265K,927
Asus TUF GAMING B860-PLUS WIFI + U7 265KF,912
Asus TUF GAMING B860-PLUS WIFI + U9 285K,1250
Asus TUF GAMING B860-PLUS WIFI + U5 225,713
Asus TUF GAMING B860-PLUS WIFI + U5 225F,691
Asus TUF GAMING B860-PLUS WIFI + U5 235,726
Asus TUF GAMING B860-PLUS WIFI + U7 265,916
Asus TUF GAMING B860-PLUS WIFI + U7 265F,897
Asus TUF GAMING B860-PLUS WIFI + U9 285,1162
Asus TUF GAMING B860M-PLUS WIFI,372
Asus TUF GAMING B860M-PLUS WIFI + U5 245K,797
Asus TUF GAMING B860M-PLUS WIFI + U5 245KF,775
Asus TUF GAMING B860M-PLUS WIFI + U7 265K,922
Asus TUF GAMING B860M-PLUS WIFI + U7 265KF,907
Asus TUF GAMING B860M-PLUS WIFI + U9 285K,1246
Asus TUF GAMING B860M-PLUS WIFI + U5 225,709
Asus TUF GAMING B860M-PLUS WIFI + U5 225F,687
Asus TUF GAMING B860M-PLUS WIFI + U5 235,722
Asus TUF GAMING B860M-PLUS WIFI + U7 265,912
Asus TUF GAMING B860M-PLUS WIFI + U7 265F,893
Asus TUF GAMING B860M-PLUS WIFI + U9 285,1158
Asus TUF GAMING B860M-PLUS,344
Asus TUF GAMING B860M-PLUS + U5 245K,770
Asus TUF GAMING B860M-PLUS + U5 245KF,748
Asus TUF GAMING B860M-PLUS + U7 265K,895
Asus TUF GAMING B860M-PLUS + U7 265KF,880
Asus TUF GAMING B860M-PLUS + U9 285K,1219
Asus TUF GAMING B860M-PLUS + U5 225,682
Asus TUF GAMING B860M-PLUS + U5 225F,659
Asus TUF GAMING B860M-PLUS + U5 235,695
Asus TUF GAMING B860M-PLUS + U7 265,885
Asus TUF GAMING B860M-PLUS + U7 265F,865
Asus TUF GAMING B860M-PLUS + U9 285,1130
Asus PRIME B860-PLUS WIFI-CSM,311
Asus PRIME B860-PLUS WIFI-CSM + U5 245K,737
Asus PRIME B860-PLUS WIFI-CSM + U5 245KF,715
Asus PRIME B860-PLUS WIFI-CSM + U7 265K,862
Asus PRIME B860-PLUS WIFI-CSM + U7 265KF,847
Asus PRIME B860-PLUS WIFI-CSM + U9 285K,1186
Asus PRIME B860-PLUS WIFI-CSM + U5 225,649
Asus PRIME B860-PLUS WIFI-CSM + U5 225F,627
Asus PRIME B860-PLUS WIFI-CSM + U5 235,662
Asus PRIME B860-PLUS WIFI-CSM + U7 265,852
Asus PRIME B860-PLUS WIFI-CSM + U7 265F,833
Asus PRIME B860-PLUS WIFI-CSM + U9 285,1098
Asus PRIME B860-PLUS-CSM,283
Asus PRIME B860-PLUS-CSM + U5 245K,710
Asus PRIME B860-PLUS-CSM + U5 245KF,688
Asus PRIME B860-PLUS-CSM + U7 265K,835
Asus PRIME B860-PLUS-CSM + U7 265KF,820
Asus PRIME B860-PLUS-CSM + U9 285K,1159
Asus PRIME B860-PLUS-CSM + U5 225,622
Asus PRIME B860-PLUS-CSM + U5 225F,600
Asus PRIME B860-PLUS-CSM + U5 235,635
Asus PRIME B860-PLUS-CSM + U7 265,825
Asus PRIME B860-PLUS-CSM + U7 265F,806
Asus PRIME B860-PLUS-CSM + U9 285,1070
Asus PRIME B860M-A WIFI-CSM,302
Asus PRIME B860M-A WIFI-CSM + U5 245K,728
Asus PRIME B860M-A WIFI-CSM + U5 245KF,706
Asus PRIME B860M-A WIFI-CSM + U7 265K,853
Asus PRIME B860M-A WIFI-CSM + U7 265KF,839
Asus PRIME B860M-A WIFI-CSM + U9 285K,1177
Asus PRIME B860M-A WIFI-CSM + U5 225,640
Asus PRIME B860M-A WIFI-CSM + U5 225F,618
Asus PRIME B860M-A WIFI-CSM + U5 235,653
Asus PRIME B860M-A WIFI-CSM + U7 265,843
Asus PRIME B860M-A WIFI-CSM + U7 265F,824
Asus PRIME B860M-A WIFI-CSM + U9 285,1089
Asus PRIME B860M-A-CSM,278
Asus PRIME B860M-A-CSM + U5 245K,706
Asus PRIME B860M-A-CSM + U5 245KF,683
Asus PRIME B860M-A-CSM + U7 265K,831
Asus PRIME B860M-A-CSM + U7 265KF,816
Asus PRIME B860M-A-CSM + U9 285K,1154
Asus PRIME B860M-A-CSM + U5 225,617
Asus PRIME B860M-A-CSM + U5 225F,595
Asus PRIME B860M-A-CSM + U5 235,630
Asus PRIME B860M-A-CSM + U7 265,820
Asus PRIME B860M-A-CSM + U7 265F,801
Asus PRIME B860M-A-CSM + U9 285,1066
Asus PRIME B860M-K-CSM,236
Asus PRIME B860M-K-CSM + U5 245K,664
Asus PRIME B860M-K-CSM + U5 245KF,642
Asus PRIME B860M-K-CSM + U7 265K,789
Asus PRIME B860M-K-CSM + U7 265KF,774
Asus PRIME B860M-K-CSM + U9 285K,1113
Asus PRIME B860M-K-CSM + U5 225,576
Asus PRIME B860M-K-CSM + U5 225F,554
Asus PRIME B860M-K-CSM + U5 235,589
Asus PRIME B860M-K-CSM + U7 265,779
Asus PRIME B860M-K-CSM + U7 265F,760
Asus PRIME B860M-K-CSM + U9 285,1025
Toshiba X300 14TB,495
Toshiba X300 10T,385
Toshiba X300 12T,410
Toshiba X300 16T,545
Toshiba N300 NAS 7200r 14TB,440
Toshiba N300 NAS 7200r 10T,330
Toshiba N300 NAS 7200r 12T,408
Toshiba N300 NAS 7200r 16T,505
Toshiba N300 NAS 7200r 18TB,590
Toshiba N300 NAS 7200r 20TB,710
Toshiba N300 NAS 7200r 22TB,845
TOSHIBA Enterprise Nearline 14TB,450
TOSHIBA Enterprise Nearline 10T,360
TOSHIBA Enterprise Nearline 12T,399
TOSHIBA Enterprise Nearline 16T,545
TOSHIBA Enterprise Nearline 18TB,605
TOSHIBA Enterprise Nearline 20TB,645
Seagate Ironwolf Red NAS 10T,437
Seagate Ironwolf Red NAS 12T,488
Seagate Ironwolf Red NAS 16T,668
Seagate Ironwolf Red NAS 18TB,739
Seagate Ironwolf Pro 7200rpm 10T,479
Seagate Ironwolf Pro 7200rpm 12T,580
Seagate Ironwolf Pro 7200rpm 16T,695
Seagate Ironwolf Pro 7200rpm 18TB,848
Seagate Ironwolf Pro 7200rpm 20TB,955
Seagate Skyhawk CCTV DVR NVR SV35 10T,399
Seagate Skyhawk CCTV DVR NVR SV35 12T,505
Seagate Skyhawk CCTV DVR NVR SV35 18TB,709
Seagate EXOS Sata Enterprise 10T,415
Seagate EXOS Sata Enterprise 12T,558
Seagate EXOS Sata Enterprise 16T,569
Seagate EXOS Sata Enterprise 18TB,699
Seagate EXOS Sata Enterprise 20TB,729
Seagate EXOS Sata Enterprise 22TB,1209
HGST Ultrastar 24TB,1080
HGST Ultrastar 10T,369
HGST Ultrastar 12T,439
HGST Ultrastar 16T,585
HGST Ultrastar 18TB,620
HGST Ultrastar 20TB,715
HGST Ultrastar 22TB,920
Western Digital WD Red Plus NAS 10T,385
Western Digital WD Red Plus NAS 12T,489
Western Digital WD Red Pro 14T,599
Western Digital WD Red Pro 10T,465
Western Digital WD Red Pro 12T,529
Western Digital WD Red Pro 16T,778
Western Digital WD Red Pro 18TB,805
Western Digital WD Red Pro 20TB,967
Western Digital WD Red Pro 22TB,1179
Western Digital WD Purple Pro* 8T,375
Western Digital WD Purple Pro* 10T,385
Western Digital WD Purple Pro* 12T,499
Western Digital WD Purple Pro* 16T,720
Western Digital WD Purple Pro* 18TB,785
KLEVV CRAS V RGB DDR5 6000 CL30 32GB,166
KLEVV CRAS V RGB DDR5 6000 CL30 64GB,300
KLEVV CRAS V RGB DDR5 6400 CL32 32GB,177
KLEVV CRAS V RGB DDR5 6400 CL32 64GB,297
KLEVV FIT V DDR5 6000 CL32 32GB,125
Klevv Cras V RGB DDR5 7200 ROG CL34 32GB,163
Klevv Cras V RGB DDR5 7200 ROG CL34 48GB,208
Crucial Pro Black 5600 DDR5 Kit 32GB,150
Crucial Pro Black 5600 DDR5 Kit 64GB,299
ADATA XPG LANCER/ Blade 6000 cl30 32GB,165
ADATA XPG LANCER/ Blade 6000 cl30 64GB,325
ADATA XPG LANCER/ Blade 6000 cl30 16GB kit,85
Corsair Vengenance DDR5-5200 16G,95
Corsair Vengenance DDR5-5200 32GB,144
Corsair Vengenance DDR5-5200 64GB,265
Corsair Vengenance DDR5-5600 32GB,156
Corsair Vengenance DDR5-5600 64GB,286
Corsair Vengenance DDR5-6000 32GB,167
Corsair Vengenance DDR5-6000 64GB,300
Corsair Vengenance DDR5-6000 96GB,518
Corsair Vengenance RGB DDR5-5200 32GB,162
Corsair Vengenance RGB DDR5-5200 64GB,279
Corsair Vengenance RGB DDR5-5600 32GB,185
Corsair Vengenance RGB DDR5-5600 64GB,330
Corsair Vengenance RGB DDR5-6000 32GB,179
Corsair Vengenance RGB DDR5-6000 64GB,324
Corsair Vengenance RGB DDR5-6000 48GB,235
Corsair Vengenance RGB DDR5-6000 96GB,526
Corsair Vengenance RGB DDR5-6200 32GB,245
Corsair Vengenance RGB DDR5-6200 64GB,375
Corsair Vengenance RGB DDR5-6400 c38 32GB,213
Corsair Vengenance RGB DDR5-6400 c38 64GB,364
Corsair Vengenance RGB DDR5-6400 c38 48GB,286
Corsair Vengenance RGB DDR5-6400 c38 96GB,548
Corsair Dominator Platinum 6000 32GB,245
Corsair Dominator Platinum 6000 64GB,399
Corsair Dominator Platinum 6400 32GB,256
Corsair Dominator Platinum 6400 64GB,489
Kingston Fury Beast RGB 5200 AMD expo 32GB,149
G-Skill Ripjaws S5 5600mhz 32GB,165
G-Skill Ripjaws S5 5600mhz 64GB,300
G-Skill Ripjaws S5 6000mhz cl32 32GB,180
G-Skill Ripjaws S5 6000mhz cl32 64GB,338
G-Skill Ripjaws S5 6000mhz cl30/ 6400 32GB,185
G-Skill Ripjaws S5 6000mhz cl30/ 6400 64GB,427
G.SKILL Flare X5 AMD Expo 5600/6000 32GB,189
G.SKILL Flare X5 AMD Expo 5600/6000 64GB,359
G.SKILL Flare X5 AMD Expo 5600/6000 CL30 32GB,199
G.SKILL Flare X5 AMD Expo 5600/6000 CL30 64GB,369
G.Skill Trident Z5 RGB 5600mhz CL36 32GB,195
G.Skill Trident Z5 RGB 5600mhz CL36 64GB,357
G.Skill Trident Z5 RGB 6000mhz CL36 M NEO RGB 32GB,210
G.Skill Trident Z5 RGB 6000mhz CL36 M NEO RGB 64GB,368
G.Skill Trident Z5 RGB 6400mhz CL32 32GB,235
G.Skill Trident Z5 RGB 6400mhz CL32 64GB,385
G.Skill Trident Z5 RGB 6600mhz CL34 32GB,252
G.Skill Trident Z5 RGB 7200mhz C34 32GB,306
G.Skill Trident Z5 RGB 7200mhz C34 z 7800 32G,312
G.Skill Trident Z5 RGB DDR5 7600 24GB 48GB,365
G.Skill Trident Z Neo RGB AMD-6000 32GB,207
G.Skill Trident Z Neo RGB AMD-6000 64GB,390
G.Skill Trident Z Neo RGB AMD-6000 6400,228
G.Skill M5 Neo DDR5-6000 32GB,150
G.Skill M5 Neo RGB DDR5-6000 6000 32GB,170
G.Skill M5 Neo RGB DDR5-6000 6400 32GB,240
G.Skill M5 Neo RGB DDR5-6000 6400 7200mhz,255
Toshiba X300/P300 (X300 + $30) 2yr 1TB,110
Toshiba X300/P300 (X300 + $30) 2yr 2TB,87
Toshiba X300/P300 (X300 + $30) 2yr 3TB,115
Toshiba X300/P300 (X300 + $30) 2yr 4TB,176
Toshiba X300/P300 (X300 + $30) 2yr 6TB,240
Toshiba X300/P300 (X300 + $30) 2yr 8TB,258
Synology NAS Enterprise HAT3300 4TB,205
Synology NAS Enterprise HAT3300 6TB,290
Synology NAS Enterprise HAT3300 8TB,360
Western Digital Blue 500G,98
Western Digital Blue 1TB,99
Western Digital Blue 2TB,155
Western Digital Blue 3TB,159
Western Digital Blue 4TB,272
Western Digital Blue 6TB,310
Western Digital Red Plus 1TB,118
Western Digital Red Plus 2TB,115
Western Digital Red Plus 3TB,169
Western Digital Red Plus 4TB,188
Western Digital Red Plus 6TB,289
Western Digital Red Plus 8TB,310
Western Digital Red Pro 7200rpm 2TB,190
Western Digital Red Pro 7200rpm 4TB,315
Western Digital Red Pro 7200rpm 6TB,360
Western Digital Red Pro 7200rpm 8TB,398
Western Digital Purple CCTV 1TB,89
Western Digital Purple CCTV 2TB,98
Western Digital Purple CCTV 3TB,118
Western Digital Purple CCTV 4TB,128
Western Digital Purple CCTV 6TB,229
Western Digital Purple CCTV 8TB,288
Western Digital Black 7200rpm 1TB,128
Western Digital Black 7200rpm 2TB,188
Western Digital Black 7200rpm 4TB,285
Western Digital Black 7200rpm 6TB,335
Western Digital Black 7200rpm 8TB,399
Seagate Barracuda 3.5 500G,88
Seagate Barracuda 3.5 1TB,100
Seagate Barracuda 3.5 2TB,153
Seagate Barracuda 3.5 3TB,159
Seagate Barracuda 3.5 4TB,235
Seagate Barracuda 3.5 6TB,315
Seagate Skyhawk CCTV/DVR/NVR 1TB,85
Seagate Skyhawk CCTV/DVR/NVR 2TB,99
Seagate Skyhawk CCTV/DVR/NVR 3TB,161
Seagate Skyhawk CCTV/DVR/NVR 4TB,135
Seagate Skyhawk CCTV/DVR/NVR 6TB,215
Seagate Skyhawk CCTV/DVR/NVR 8TB,278
Seagate IronWolf NAS Drive 1TB,98
Seagate IronWolf NAS Drive 2TB,135
Seagate IronWolf NAS Drive 3TB,160
Seagate IronWolf NAS Drive 4TB,182
Seagate IronWolf NAS Drive 6TB,299
Seagate IronWolf NAS Drive 8TB,358
Seagate IronWolf Pro 7200rpm 6TB,278
Seagate IronWolf Pro 7200rpm 8TB,359
Seagate IronWolf Pro 7200rpm 10TB,379
Seagate Firecuda SSHD / SSd with HDD 1TB,118
Seagate Firecuda SSHD / SSd with HDD 3TB,285
Seagate Firecuda SSHD / SSd with HDD 6TB,449
Seagate EXOS Enterprise 1TB,217
Seagate EXOS Enterprise 2TB,189
Seagate EXOS Enterprise 4TB,269
Seagate EXOS Enterprise 6TB,335
Seagate EXOS Enterprise 8TB,352
WD Ultrastar Enterprise HGST 1TB,159
WD Ultrastar Enterprise HGST 2TB,199
WD Ultrastar Enterprise HGST 4TB,259
WD Ultrastar Enterprise HGST 6TB,289
WD Ultrastar Enterprise HGST 8TB,329
Toshiba N300 NAS 7200Rpm 4TB,169
Toshiba N300 NAS 7200Rpm 6TB,250
Toshiba N300 NAS 7200Rpm 8TB,285
Toshiba SATA Enterprise Tomcat Nearline 1TB,170
Toshiba SATA Enterprise Tomcat Nearline 2TB,195
Toshiba SATA Enterprise Tomcat Nearline 4TB,229
Toshiba SATA Enterprise Tomcat Nearline 6TB,300
Toshiba SATA Enterprise Tomcat Nearline 8TB,318
Hikvision E2000 Heatsink PS5 512G,100
Hikvision E2000 Heatsink PS5 1T,170
Gigabyte AG473 (128G $35) / AG450* 512G,99
Gigabyte AG473 (128G $35) / AG450* 1T,188
Gigabyte AG473 (128G $35) / AG450* 2TB,245
Samsung 990 PRO 1T,155
Samsung 990 PRO 2TB,275
Samsung 990 PRO 4TB,479
Samsung 990 Pro Heatsink 1T,170
Samsung 990 Pro Heatsink 2TB,286
Samsung 990 Pro Heatsink 4TB,490
Samsung 980 PRO 1T,169
Samsung 980 PRO 2TB,269
Samsung 980/ WD Blue SN580 NVME 256G,80
Samsung 980/ WD Blue SN580 NVME 512G,81
Samsung 980/ WD Blue SN580 NVME 1T,138
Samsung 970 Evo Plus 256G,72
Samsung 970 Evo Plus 512G,88
Samsung 970 Evo Plus 1T,139
Samsung 970 Evo Plus 2TB,249
Samsung 990 EVO 256G,87
Samsung 990 EVO 512G,116
Samsung 990 EVO 1T,148
Samsung 990 EVO 2TB,237
Samsung 990 EVO PLUS 1T,159
Samsung 990 EVO PLUS 2TB,263
Samsung 990 EVO PLUS 4TB,477
Transcend SSD PCIE MTE110S 256G,79
Transcend SSD PCIE MTE110S 512G,99
Transcend SSD PCIE MTE110S 1T,149
Transcend SSD PCIE MTE110S 2TB,269
Transcend SSD PCIE MTE110S 4TB,589
Adata XPG Gammix S70 Blade Gen4 1T,108
Adata XPG Gammix S70 Blade Gen4 2TB,186
Adata XPG Gammix S70 Blade Gen4 4TB,399
Adata Legend 960 1T,115
Adata Legend 960 2TB,195
Adata Legend 960 4TB,409
Adata Gammix S55 1T,129
Adata Gammix S55 2TB,278
Adata Legend 710 Gen3 / XPG SX8200* 512G,52
Adata Legend 710 Gen3 / XPG SX8200* 1T,88
Adata Legend 850 512G,62
Adata Legend 850 1T,94
Adata Legend 850 2TB,174
KLEVV C710 Gen3 M.2 NVME / C730 512G,40
KLEVV C710 Gen3 M.2 NVME / C730 1T,84
KLEVV C910 Gen4 M.2 5000MB/s 1T,82
KLEVV C910 Gen4 M.2 5000MB/s 2TB,142
KLEVV C910 Gen4 M.2 5000MB/s 4TB,285
Lexar NM790 / Crucial P310 1T,100
Lexar NM790 / Crucial P310 2TB,172
Lexar NM790 / Crucial P310 4TB,332
Lexar NM790 / Crucial P310 8TB,1129
Lexar NM620 / Crucial E100 256G,25
Lexar NM620 / Crucial E100 512G,45
Lexar NM620 / Crucial E100 1T,75
Lexar NM620 / Crucial E100 2TB,163
Lexar NQ710 / NM710* 512G,63
Lexar NQ710 / NM710* 1T,78
Lexar NQ710 / NM710* 2TB,143
Lexar NQ790 Gen4 (7000R/6000W) 2TB,96
Lexar NQ790 Gen4 (7000R/6000W) 4TB,348
Lexar NQ790 Gen4 (7000R/6000W) 8TB,1129
WD Black SN850X / Heatsink 1TB 2TB,149
WD Black SN850X / Heatsink 1TB 4TB,229
WD Black SN850X / Heatsink 1TB 8TB,455
Crucial P3 Plus / Crucial P3 500g,55
Crucial P3 Plus / Crucial P3 1TB,105
Crucial P3 Plus / Crucial P3 2TB,205
Crucial P3 Plus / Crucial P3 4TB,415
Crucial T500 Pcie Gen4 Micron 500g,79
Crucial T500 Pcie Gen4 Micron 1TB,111
Crucial T500 Pcie Gen4 Micron 2TB,200
Crucial T500 Pcie Gen4 Micron 4TB,459
Crucial T500 Pcie Gen4 Heatsink Micron 1TB,209
Crucial T500 Pcie Gen4 Heatsink Micron 2TB,309
Crucial T700 Gen 5 or T700 Heatsink Micron 1TB,209
Crucial T700 Gen 5 or T700 Heatsink Micron 2TB,349
Crucial T700 Gen 5 or T700 Heatsink Micron 4TB,749
Crucial T705 1TB PCIe Gen5 Micron 1TB,259
Crucial T705 1TB PCIe Gen5 Micron 2TB,429
Crucial T705 1TB PCIe Gen5 Micron 4TB,809
Corsair MP600 Pro M.2 2280 Gen4 Heatsink 1TB,369
Corsair MP600 Pro M.2 2280 Gen4 Heatsink 2TB,589
Corsair MP600 Pro M.2 2280 Gen4 Heatsink 4TB,1029
Corsair MP600 Pro M.2 2280 Gen4 Heatsink 8TB,1799
ASRock Intel Arc B580 Challenger 12GB OC,399
ASRock Intel Arc B580 Steel Legend 12GB,429
Nvidia Nano Orin Developer Kit,799
Asus TUF 4070Ti 12GB Gaming OC,1785
Asus TUF-RTX4070Ti Super 12GB,1885
Asus ROG-STRIX-RTX4060Ti-O8G-GAMIN,856
Asus TUF-RTX4060TI-O8G-GAMING8GB G,846
Asus DUAL-RTX4060Ti-O8G-White8GB G,689
Asus DUAL-RTX4060Ti-O8G8GB GDDR6,667
Asus ROG-STRIX-RTX4060-O8G-GAMING8,661
Asus DUAL-RTX4060-O8G-WHITE,556
Asus DUAL-RTX4060-O8GB GDDR6,459
Asus PROART-RTX4060-8GB GDDR6,592
Asus GT1030-SL-2G-BRK 2GB GDDR5,159
Asus GT730-SL-2GD5-BRK 2GB GDDR5,119
Asus GT730-4H-SL-2GD5 2GB GDDR5,189
MSI RTX 4060 Ti GAMING X TRIO 8G,727
MSI RTX 4060 Ti GAMING X 8G,689
MSI RTX 4060 Ti VENTUS 3X 8G OC,653
MSI RTX 4060 Ti VENTUS 3X E 8G OC,628
MSI RTX 4060 Ti VENTUS 2X BLACK 16G OC,725
MSI RTX 4060 Ti VENTUS 2X BLACK 8G OC,648
MSI RTX 4060 GAMING X 8G MLG,535
MSI RTX 4060 GAMING X 8G,529
MSI RTX 4060 VENTUS 2X WHITE 8G OC,489
MSI RTX 4060 VENTUS 2X BLACK 8G OC,469
ZOTAC GT 730 ZONE Edition 2GB DDR3,99
ZOTAC GT 710 LP 2GB DDR3,89
ZOTAC RTX 3050 ECO SOLO 8GB,325
ZOTAC RTX 3050 6GB,279
ZOTAC RTX 4060 SOLO 8GB,449
ZOTAC RTX 4060 TWIN EDGE OC 8GB,458
ZOTAC RTX 4060 TWIN EDGE OC WHITE 8GB,475
ZOTAC RTX 4060 Ti 8GB TWIN EDGE,555
ZOTAC RTX 4060 Ti 8GB TWIN EDGE OC (W,576
ZOTAC GT 1030 LP 2GB GDDR5,125
Gigabyte GT 710 2GB N710D5-2GIL,99
Gigabyte GT1030 2GB (4GB $229),189
Gigabyte 4060 8GB N4060WF2OC-8GD,453
Gigabyte 4060 8GB N4060EAGLE OC-8G,471
Gigabyte 4060 8GB N4060EAGLEOC ICE,486
Gigabyte 4060 8GB N4060AORUS E-8G,559
Gigabyte 4060 Ti 8GB N406TWF2OC-,593
Gigabyte 4060 Ti 8GB N406TEAGLEOC,625
Gigabyte 4060 Ti 8GB N406TGAMING,686
Gigabyte 4060 Ti 8GB N406TAORUS,743
Gigabyte 4090 24GB GAMING BOX EGPU-,3980
Galax RTX 4060 1-Click OC 2X V2 8G,429
Galax RTX 4060 EX 1-Click OC 8GB G,469
Galax RTX 4060 EX White 1-Click OC,499
Galax RTX 4060 Ti 8GB EX 1-Click O,609
Galax RTX 4060 Ti 8GB EX White 1-C,629
PNY VCNRTXA6000-BLK NVIDIA Quadro RTX A6000 48GB GDDR6 PCIe,8299
NVIDIA RTX A4000 16GB,2050
NVIDIA RTX A2000 12GB (Ampere),1125
NVIDIA RTX A2000 6GB (Ampere),982
NVIDIA A1000 8GB (Ampere),845
NVIDIA A400 4GB (Ampere),349
NVIDIA T1000 4GB (Turing),620
NVIDIA T1000 8GB (Turing),789
NVIDIA A400 4GB (Ampere),369
NVIDIA T400 4GB (Turing),369
Nvidia Quadro 600 1GB PCIE,459
Nvidia Quadro P1000 4GB PCIE,769
Nvidia Quadro A5000 24GB PCIE,3920
Nvidia Quadro A6000 48gb,7750
ATI PCI 128MB Graphic Card,59
Asus NUC 13 Rugged BNUC13BRKP200B00I,383
Asus NUC 13 Rugged Barebone 90AS0021-M000J0 (BNUC13BRFA200B00I),460
ASUS Nuc 13 Rugged Barebone Atom X7425E X74 BNUC13BRFA400B00 (90AS0021-M000S0),502
ASUS NUC 13 PRO TALL i3-1315U INTEL UHD GRAPHICS BAREBONE 90AR00C1-M00010 RNUC13ANHI300000I,514
ASUS NUC 13 PRO TALL i5-1340P INTEL IRIS XE GRAPHICS BAREBONE 90AR00C1-M00080 RNUC13ANHI500000I,698
ASUS NUC 13 PRO TALL i7-1360P INTEL IRIS XE GRAPHICS BAREBONE 90AR00C1-M000F0 RNUC13ANHI700000I,966
ASUS NUC 13 PRO SLIM i3-1315U INTEL UHD GRAPHICS BAREBONE 90AR0031-M00010 RNUC13ANKI300000I,535
ASUS NUC 13 PRO SLIM i5-1340P INTEL IRIS XE GRAPHICS BAREBONE 90AR0031-M00060 RNUC13ANKI500000I,728
ASUS NUC 13 PRO SLIM i7-1360P INTEL IRIS XE GRAPHICS BAREBONE 90AR0031-M000B0 RNUC13ANKI700000I,885
Intel RNUC12WSHI30000 90AR00E1-M00010 Intel® Core™ i3-1220P Proc,454
Intel RNUC12WSHI50000 90AR00E1-M00060 Intel® Core™ i5-1240P Proc,605
Intel RNUC12WSHI70000 90AR00E1-M000F0 Intel® Core™ i7-1260P Proc,788
Intel RNUC13ANHI30000 90AR00C2-M001B0 Intel® Core™ i3-1315U Proc,480
Intel RNUC13ANHI50000 90AR00C1-M00080 Intel® Core™ i5-1340P Proc,676
Intel RNUC13ANHI70000 90AR00C1-M000F0 Intel® Core™ i7-1360P Proc,867
Intel RNUC14RVHI300000I 90AR0072-M00010 Intel® Core™ 3-100U Proc,527
Intel RNUC14RVHU500000I 90AR0072-M000L0 Intel® Core™ U5-125H Pro,693
Intel RNUC14RVHU700000I 90AR0072-M001L0 Intel® Core™ U7-155H Pro,910
Intel RNUC14RVSU900000I 90AR0051-M000E0 Intel® Core™ U9-185H Pro,1127
Intel RNUC14RVHV500000 90AR0072-M00130 Intel® Core™ U5-135H Proc,1027
Intel RNUC14RVHV700000 90AR0072-M00250 Intel® Core™ U7-165H Proc,1269
Intel RNUC13RNGI70000 90AB3RNG-MR8100 Intel® Core™ i7-13700K Pro,1810
Intel RNUC14SRKU710000I 90AR0042-M00130 Intel® Core™ Ultra 7 155,1954
Intel RNUC14SRKU910000I 90AR0042-M001K0 Intel® Core™ Ultra 9 185,2349
Intel RNUC14SRKU7168A0I 90AS0051-M00020 Intel® Core™ Ultra 7 155,2436
Intel RNUC14SRKU9189A0I 90AS0051-M000X0 Intel® Core™ Ultra 9 185,3014
"GMKtec NucBox G5 12G/512G/W11P Intel N100 /2.5G Lan , Wifi 6",329
"GMKtec NucBox G3 16G/1TB/W11P Intel N100/ 2.5G LAN , Wifi 6",419
"GMKtec NucBox M3 32G/1TB/W11P Intel Core i5-12450H, 2.5G LAN , Wifi 6",749
"GMKtec NucBox K7 Plus 32G/1TB/W11P I7-13620H DDR5, Dual 2.5G , Wifi 6",949
"GMKtec NucBox K8 Plus 16G/1TB/W11P I7-13620H DDR5, Dual 2.5G , Wifi 6",969
"GMKtec NucBox K9 32G/1TB/W11P / Intel Core Ultra 5 125H DDR5, Dual 2.5G, Wifi 6",1099
Gigabyte Brix GB-BEi3H-1220 Barebone,625
Asus NUC 13 Rugged Barebone 90AS0021-M000J0 (BNUC13BRFA200B00I),460
Gigabyte Brix GB-BEi5H-1240 Barebone,789
Gigabyte BRIX GB-BSi7HS-1355 Barebone,1115
Gigabyte BRIX GB-BSi7HS-1260 Barebone,1185
Raspberry Pi4 RPI4 B 4GB Board,100
Raspberry Pi4 RPI4 B 8GB Board,159
Raspberry RPI5 B 4GB Board,169
Raspberry RPI5 B 8GB Board,249
Raspberry RPI5 B 16GB Board,299
Raspberry PI case / PI USB-C Power/Argon,30
Raspberry PI Heatsink,20
Lenovo Ideacenter 3 27IAP7 27” FHD Touch i5 16GB 512GB W11 AIO Desktop - White,1289
KOBO CLARA BLACK WHITE (BLACK),209.9
KOBO CLARA COLOUR (BLACK),239.9
KOBO LIBRA COLOUR (BLACK),349.9
KOBO LIBRA COLOUR (WHITE),359.9
KOBO SAGE - 8” CARTA DISPLAY,449.9
KOBO ELIPSA 2E BLACK BUNDLE (WITH STYLUS),679.9
Gigabyte 5070Ti EAGLE OC 16GB,1599
Gigabyte 5070Ti EAGLE OC ICE 16GB,1629
Gigabyte 5070Ti Gaming OC 16GB,1699
Gigabyte 5070Ti Aero OC 16GB,1729
Gigabyte 5070Ti Aorus Master 16GB,1799
Gigabyte GV N5080GAMING OC-16GD,2639
Gigabyte GV N5080AERO OC-16GD,2689
Gigabyte GV N5080AORUS M-16GD,2769
Gigabyte GV N5080AORUSM ICE-16GD,2799
Gigabyte GV N5080AORUSX W-16GD,2895
Gigabyte GV N5090GAMING OC-32GD,5899
Gigabyte GV N5090AORUS M-32GD,6169
Gigabyte GV N5090AORUSM ICE-32GD,6199
Gigabyte GV N5090AORUSX W-32GD,6299
Asus TUF-RTX5070Ti-O16G-Gaming OC,1999
ZOTAC RTX 5070 Ti SOLID OC 16GB,1499
Zotac Gaming RTX 5070 Ti AMP EXTREME INFINITY 16GB,1629
Asus Mini PC PN64-B-S3037MD,698
Asus Mini PC PN64-B-S5036MD,852
Asus Mini PC PN64-B-S7035MD,996
Asus Mini PN64-E1-B-S7068MD i7-13,1523
Asus Mini PN64-E1-B-S7074MD i7-13,1008
Asus Mini PN64-E1-B-S5048MD i5-13,798
Asus Mini PN64-E1-BC503AD Celeron,453
ASUS NUC 14 ESSENTIAL N97 INTEL GRAPHICS BAREBONE 90AR00M2-M000C0,299
Asus Intel NUC RNUC12WSHI30000 Intel® Core™ i3-1220P Processor (1 8GB 512GB Windows 11 Home Unactivated,574
Asus Intel NUC RNUC12WSHI50000 Intel® Core™ i5-1240P Processor (1 8GB 512GB Windows 11 Home Unactivated,723
Asus Intel NUC RNUC12WSHI70000 Intel® Core™ i7-1260P Processor (1 8GB 512GB Windows 11 Home Unactivated,904
Asus Intel NUC RNUC13ANHI30000 Intel® Core™ i3-1315U Processor (1 8GB 512GB Windows 11 Home Unactivated,600
Asus Intel NUC RNUC13ANHI50000 Intel® Core™ i5-1340P Processor (1 8GB 512GB Windows 11 Home Unactivated,793
Asus Intel NUC RNUC13ANHI70000 Intel® Core™ i7-1360P Processor (1 8GB 512GB Windows 11 Home Unactivated,981
Asus Intel NUC RNUC14RVHI300000I Intel® Core™ 3-100U Processor (1 8GB 512GB Windows 11 Home Unactivated,646
Asus Intel NUC RNUC14RVHU500000I Intel® Core™ U5-125H Processor ( 8GB 512GB Windows 11 Home Unactivated,810
Asus Intel NUC RNUC14RVHU700000I Intel® Core™ U7-155H Processor ( 8GB 512GB Windows 11 Home Unactivated,1024
Asus Intel NUC RNUC14RVSU900000I Intel® Core™ U9-185H Processor ( 8GB 512GB Windows 11 Home Unactivated,1238
Asus Intel NUC RNUC14RVHV500000 Intel® Core™ U5-135H Processor (1 8GB 512GB Windows 11 Home Unactivated,1139
Asus Intel NUC RNUC14RVHV700000 Intel® Core™ U7-165H Processor (2 8GB 512GB Windows 11 Home Unactivated,1377
Asus Intel NUC RNUC13RNGI70000 Intel® Core™ i7-13700K Processor ( 8GB 512GB Windows 11 Home Unactivated,1910
Asus Intel NUC RNUC14SRKU710000I Intel® Core™ Ultra 7 155H Proces 8GB 512GB Windows 11 Home Unactivated,2053
Asus Intel NUC RNUC14SRKU910000I Intel® Core™ Ultra 9 185H Proces 8GB 512GB Windows 11 Home Unactivated,2441
Asus Intel NUC RNUC14SRKU7168A0I Intel® Core™ Ultra 7 155H Proces 8GB 512GB Windows 11 Home Unactivated,2528
Asus Intel NUC RNUC14SRKU9189A0I Intel® Core™ Ultra 9 185H Proces 8GB 512GB Windows 11 Home Unactivated,3097
"Asus Intel NUC RNUC14SRKU9189A0I Intel® Core™ Ultra 9 185H Proces 32GB 1TB Windows 11 Home, Nvidia RTX4070",3097
Asus TUF GAMING Z790-PLUS WIFI SI,491
Asus TUF GAMING Z790-PLUS WIFI SI + 14100,662
Asus TUF GAMING Z790-PLUS WIFI SI + 14100F,610
Asus TUF GAMING Z790-PLUS WIFI SI + 14400,766
Asus TUF GAMING Z790-PLUS WIFI SI + 14400f,729
Asus TUF GAMING Z790-PLUS WIFI SI + 14500,836
Asus TUF GAMING Z790-PLUS WIFI SI + 14600,884
Asus TUF GAMING Z790-PLUS WIFI SI + 14700,959
Asus TUF GAMING Z790-PLUS WIFI SI + 14700F,921
Asus TUF GAMING Z790-PLUS WIFI SI + 14900,1305
Asus TUF GAMING Z790-PLUS WIFI SI + 14600K,833
Asus TUF GAMING Z790-PLUS WIFI SI + 14600KF,803
Asus TUF GAMING Z790-PLUS WIFI SI + 14700K,1018
Asus TUF GAMING Z790-PLUS WIFI SI + 14700KF,981
Asus TUF GAMING Z790-PLUS WIFI SI + 14900K,1166
Asus TUF GAMING Z790-PLUS WIFI SI + 14900F,1265
Asus TUF GAMING Z790-PLUS WIFI SI + 14900KF,1136
Asus TUF GAMING Z790-PLUS WIFI SI + 12700KF,1003
Asus TUF GAMING Z790-PLUS WIFI SI + 12400F,669
Asus TUF GAMING Z790-PLUS WIFI SI + 13100F,669
Asus TUF GAMING Z790-PLUS WIFI SI + 13400,764
Asus TUF GAMING Z790-PLUS WIFI SI + 13600,884
Asus TUF GAMING Z790-PLUS WIFI SI + 13600K,833
Asus TUF GAMING Z790-PLUS WIFI SI + 13600KF,788
Asus TUF GAMING Z790-PLUS WIFI SI + 13700K,973
Asus TUF GAMING Z790-PLUS WIFI SI + 13900F,1270
Asus TUF GAMING Z790-PLUS WIFI SI + 12700,1025
Asus TUF GAMING Z790-PLUS WIFI SI + 13500,847
Asus TUF GAMING Z790-PLUS WIFI SI D4,477
Asus TUF GAMING Z790-PLUS WIFI SI D4 + 14100,648
Asus TUF GAMING Z790-PLUS WIFI SI D4 + 14100F,596
Asus TUF GAMING Z790-PLUS WIFI SI D4 + 14400,752
Asus TUF GAMING Z790-PLUS WIFI SI D4 + 14400f,715
Asus TUF GAMING Z790-PLUS WIFI SI D4 + 14500,821
Asus TUF GAMING Z790-PLUS WIFI SI D4 + 14600,870
Asus TUF GAMING Z790-PLUS WIFI SI D4 + 14700,944
Asus TUF GAMING Z790-PLUS WIFI SI D4 + 14700F,907
Asus TUF GAMING Z790-PLUS WIFI SI D4 + 14900,1291
Asus TUF GAMING Z790-PLUS WIFI SI D4 + 14600K,818
Asus TUF GAMING Z790-PLUS WIFI SI D4 + 14600KF,789
Asus TUF GAMING Z790-PLUS WIFI SI D4 + 14700K,1004
Asus TUF GAMING Z790-PLUS WIFI SI D4 + 14700KF,967
Asus TUF GAMING Z790-PLUS WIFI SI D4 + 14900K,1152
Asus TUF GAMING Z790-PLUS WIFI SI D4 + 14900F,1251
Asus TUF GAMING Z790-PLUS WIFI SI D4 + 14900KF,1122
Asus TUF GAMING Z790-PLUS WIFI SI D4 + 12700KF,989
Asus TUF GAMING Z790-PLUS WIFI SI D4 + 12400F,655
Asus TUF GAMING Z790-PLUS WIFI SI D4 + 13100F,655
Asus TUF GAMING Z790-PLUS WIFI SI D4 + 13400,750
Asus TUF GAMING Z790-PLUS WIFI SI D4 + 13600,870
Asus TUF GAMING Z790-PLUS WIFI SI D4 + 13600K,818
Asus TUF GAMING Z790-PLUS WIFI SI D4 + 13600KF,774
Asus TUF GAMING Z790-PLUS WIFI SI D4 + 13700K,959
Asus TUF GAMING Z790-PLUS WIFI SI D4 + 13900F,1256
Asus TUF GAMING Z790-PLUS WIFI SI D4 + 12700,1011
Asus TUF GAMING Z790-PLUS WIFI SI D4 + 13500,833
Asus ROG STRIX B760-I GAMING WIFI SI,357
Asus ROG STRIX B760-I GAMING WIFI SI + 14100,528
Asus ROG STRIX B760-I GAMING WIFI SI + 14100F,476
Asus ROG STRIX B760-I GAMING WIFI SI + 14400,632
Asus ROG STRIX B760-I GAMING WIFI SI + 14400f,595
Asus ROG STRIX B760-I GAMING WIFI SI + 14500,701
Asus ROG STRIX B760-I GAMING WIFI SI + 14600,750
Asus ROG STRIX B760-I GAMING WIFI SI + 14700,824
Asus ROG STRIX B760-I GAMING WIFI SI + 14700F,787
Asus ROG STRIX B760-I GAMING WIFI SI + 14900,1171
Asus ROG STRIX B760-I GAMING WIFI SI + 14600K,698
Asus ROG STRIX B760-I GAMING WIFI SI + 14600KF,669
Asus ROG STRIX B760-I GAMING WIFI SI + 14700K,884
Asus ROG STRIX B760-I GAMING WIFI SI + 14700KF,847
Asus ROG STRIX B760-I GAMING WIFI SI + 14900K,1032
Asus ROG STRIX B760-I GAMING WIFI SI + 14900F,1131
Asus ROG STRIX B760-I GAMING WIFI SI + 14900KF,1002
Asus ROG STRIX B760-I GAMING WIFI SI + 12700KF,869
Asus ROG STRIX B760-I GAMING WIFI SI + 12400F,535
Asus ROG STRIX B760-I GAMING WIFI SI + 13100F,535
Asus ROG STRIX B760-I GAMING WIFI SI + 13400,630
Asus ROG STRIX B760-I GAMING WIFI SI + 13600,750
Asus ROG STRIX B760-I GAMING WIFI SI + 13600K,698
Asus ROG STRIX B760-I GAMING WIFI SI + 13600KF,654
Asus ROG STRIX B760-I GAMING WIFI SI + 13700K,839
Asus ROG STRIX B760-I GAMING WIFI SI + 13900F,1136
Asus ROG STRIX B760-I GAMING WIFI SI + 12700,891
Asus ROG STRIX B760-I GAMING WIFI SI + 13500,713
Asus TUF GAMING B760-PLUS WIFI D4 SI,338
Asus TUF GAMING B760-PLUS WIFI D4 SI + 14100,509
Asus TUF GAMING B760-PLUS WIFI D4 SI + 14100F,458
Asus TUF GAMING B760-PLUS WIFI D4 SI + 14400,613
Asus TUF GAMING B760-PLUS WIFI D4 SI + 14400f,576
Asus TUF GAMING B760-PLUS WIFI D4 SI + 14500,683
Asus TUF GAMING B760-PLUS WIFI D4 SI + 14600,732
Asus TUF GAMING B760-PLUS WIFI D4 SI + 14700,806
Asus TUF GAMING B760-PLUS WIFI D4 SI + 14700F,769
Asus TUF GAMING B760-PLUS WIFI D4 SI + 14900,1153
Asus TUF GAMING B760-PLUS WIFI D4 SI + 14600K,680
Asus TUF GAMING B760-PLUS WIFI D4 SI + 14600KF,650
Asus TUF GAMING B760-PLUS WIFI D4 SI + 14700K,865
Asus TUF GAMING B760-PLUS WIFI D4 SI + 14700KF,828
Asus TUF GAMING B760-PLUS WIFI D4 SI + 14900K,1013
Asus TUF GAMING B760-PLUS WIFI D4 SI + 14900F,1113
Asus TUF GAMING B760-PLUS WIFI D4 SI + 14900KF,984
Asus TUF GAMING B760-PLUS WIFI D4 SI + 12700KF,850
Asus TUF GAMING B760-PLUS WIFI D4 SI + 12400F,517
Asus TUF GAMING B760-PLUS WIFI D4 SI + 13100F,517
Asus TUF GAMING B760-PLUS WIFI D4 SI + 13400,612
Asus TUF GAMING B760-PLUS WIFI D4 SI + 13600,732
Asus TUF GAMING B760-PLUS WIFI D4 SI + 13600K,680
Asus TUF GAMING B760-PLUS WIFI D4 SI + 13600KF,635
Asus TUF GAMING B760-PLUS WIFI D4 SI + 13700K,821
Asus TUF GAMING B760-PLUS WIFI D4 SI + 13900F,1117
Asus TUF GAMING B760-PLUS WIFI D4 SI + 12700,873
Asus TUF GAMING B760-PLUS WIFI D4 SI + 13500,695
Asus TUF GAMING B760M-PLUS WIFI D4 SI,327
Asus TUF GAMING B760M-PLUS WIFI D4 SI + 14100,497
Asus TUF GAMING B760M-PLUS WIFI D4 SI + 14100F,446
Asus TUF GAMING B760M-PLUS WIFI D4 SI + 14400,601
Asus TUF GAMING B760M-PLUS WIFI D4 SI + 14400f,564
Asus TUF GAMING B760M-PLUS WIFI D4 SI + 14500,671
Asus TUF GAMING B760M-PLUS WIFI D4 SI + 14600,720
Asus TUF GAMING B760M-PLUS WIFI D4 SI + 14700,794
Asus TUF GAMING B760M-PLUS WIFI D4 SI + 14700F,757
Asus TUF GAMING B760M-PLUS WIFI D4 SI + 14900,1141
Asus TUF GAMING B760M-PLUS WIFI D4 SI + 14600K,668
Asus TUF GAMING B760M-PLUS WIFI D4 SI + 14600KF,638
Asus TUF GAMING B760M-PLUS WIFI D4 SI + 14700K,853
Asus TUF GAMING B760M-PLUS WIFI D4 SI + 14700KF,816
Asus TUF GAMING B760M-PLUS WIFI D4 SI + 14900K,1001
Asus TUF GAMING B760M-PLUS WIFI D4 SI + 14900F,1101
Asus TUF GAMING B760M-PLUS WIFI D4 SI + 14900KF,972
Asus TUF GAMING B760M-PLUS WIFI D4 SI + 12700KF,838
Asus TUF GAMING B760M-PLUS WIFI D4 SI + 12400F,505
Asus TUF GAMING B760M-PLUS WIFI D4 SI + 13100F,505
Asus TUF GAMING B760M-PLUS WIFI D4 SI + 13400,600
Asus TUF GAMING B760M-PLUS WIFI D4 SI + 13600,720
Asus TUF GAMING B760M-PLUS WIFI D4 SI + 13600K,668
Asus TUF GAMING B760M-PLUS WIFI D4 SI + 13600KF,623
Asus TUF GAMING B760M-PLUS WIFI D4 SI + 13700K,809
Asus TUF GAMING B760M-PLUS WIFI D4 SI + 13900F,1105
Asus TUF GAMING B760M-PLUS WIFI D4 SI + 12700,861
Asus TUF GAMING B760M-PLUS WIFI D4 SI + 13500,683
Asus PRIME B760M-A WIFI D4 SI,282
Asus PRIME B760M-A WIFI D4 SI + 14100,453
Asus PRIME B760M-A WIFI D4 SI + 14100F,401
Asus PRIME B760M-A WIFI D4 SI + 14400,557
Asus PRIME B760M-A WIFI D4 SI + 14400f,519
Asus PRIME B760M-A WIFI D4 SI + 14500,626
Asus PRIME B760M-A WIFI D4 SI + 14600,675
Asus PRIME B760M-A WIFI D4 SI + 14700,749
Asus PRIME B760M-A WIFI D4 SI + 14700F,712
Asus PRIME B760M-A WIFI D4 SI + 14900,1096
Asus PRIME B760M-A WIFI D4 SI + 14600K,623
Asus PRIME B760M-A WIFI D4 SI + 14600KF,594
Asus PRIME B760M-A WIFI D4 SI + 14700K,809
Asus PRIME B760M-A WIFI D4 SI + 14700KF,772
Asus PRIME B760M-A WIFI D4 SI + 14900K,957
Asus PRIME B760M-A WIFI D4 SI + 14900F,1056
Asus PRIME B760M-A WIFI D4 SI + 14900KF,927
Asus PRIME B760M-A WIFI D4 SI + 12700KF,794
Asus PRIME B760M-A WIFI D4 SI + 12400F,460
Asus PRIME B760M-A WIFI D4 SI + 13100F,460
Asus PRIME B760M-A WIFI D4 SI + 13400,555
Asus PRIME B760M-A WIFI D4 SI + 13600,675
Asus PRIME B760M-A WIFI D4 SI + 13600K,623
Asus PRIME B760M-A WIFI D4 SI + 13600KF,579
Asus PRIME B760M-A WIFI D4 SI + 13700K,764
Asus PRIME B760M-A WIFI D4 SI + 13900F,1061
Asus PRIME B760M-A WIFI D4 SI + 12700,816
Asus PRIME B760M-A WIFI D4 SI + 13500,638
Asus TUF GAMING B760-PLUS WIFI D5 SI,365
Asus TUF GAMING B760-PLUS WIFI D5 SI + 14100,536
Asus TUF GAMING B760-PLUS WIFI D5 SI + 14100F,484
Asus TUF GAMING B760-PLUS WIFI D5 SI + 14400,639
Asus TUF GAMING B760-PLUS WIFI D5 SI + 14400f,602
Asus TUF GAMING B760-PLUS WIFI D5 SI + 14500,709
Asus TUF GAMING B760-PLUS WIFI D5 SI + 14600,758
Asus TUF GAMING B760-PLUS WIFI D5 SI + 14700,832
Asus TUF GAMING B760-PLUS WIFI D5 SI + 14700F,795
Asus TUF GAMING B760-PLUS WIFI D5 SI + 14900,1179
Asus TUF GAMING B760-PLUS WIFI D5 SI + 14600K,706
Asus TUF GAMING B760-PLUS WIFI D5 SI + 14600KF,676
Asus TUF GAMING B760-PLUS WIFI D5 SI + 14700K,891
Asus TUF GAMING B760-PLUS WIFI D5 SI + 14700KF,854
Asus TUF GAMING B760-PLUS WIFI D5 SI + 14900K,1040
Asus TUF GAMING B760-PLUS WIFI D5 SI + 14900F,1139
Asus TUF GAMING B760-PLUS WIFI D5 SI + 14900KF,1010
Asus TUF GAMING B760-PLUS WIFI D5 SI + 12700KF,877
Asus TUF GAMING B760-PLUS WIFI D5 SI + 12400F,543
Asus TUF GAMING B760-PLUS WIFI D5 SI + 13100F,543
Asus TUF GAMING B760-PLUS WIFI D5 SI + 13400,638
Asus TUF GAMING B760-PLUS WIFI D5 SI + 13600,758
Asus TUF GAMING B760-PLUS WIFI D5 SI + 13600K,706
Asus TUF GAMING B760-PLUS WIFI D5 SI + 13600KF,662
Asus TUF GAMING B760-PLUS WIFI D5 SI + 13700K,847
Asus TUF GAMING B760-PLUS WIFI D5 SI + 13900F,1143
Asus TUF GAMING B760-PLUS WIFI D5 SI + 12700,899
Asus TUF GAMING B760-PLUS WIFI D5 SI + 13500,721
ASUS PROART Z790-CREATOR WIFI,728
ASUS PROART Z790-CREATOR WIFI + 14100,899
ASUS PROART Z790-CREATOR WIFI + 14100F,847
ASUS PROART Z790-CREATOR WIFI + 14400,1002
ASUS PROART Z790-CREATOR WIFI + 14400f,965
ASUS PROART Z790-CREATOR WIFI + 14500,1072
ASUS PROART Z790-CREATOR WIFI + 14600,1121
ASUS PROART Z790-CREATOR WIFI + 14700,1195
ASUS PROART Z790-CREATOR WIFI + 14700F,1158
ASUS PROART Z790-CREATOR WIFI + 14900,1542
ASUS PROART Z790-CREATOR WIFI + 14600K,1069
ASUS PROART Z790-CREATOR WIFI + 14600KF,1039
ASUS PROART Z790-CREATOR WIFI + 14700K,1254
ASUS PROART Z790-CREATOR WIFI + 14700KF,1217
ASUS PROART Z790-CREATOR WIFI + 14900K,1403
ASUS PROART Z790-CREATOR WIFI + 14900F,1502
ASUS PROART Z790-CREATOR WIFI + 14900KF,1373
ASUS PROART Z790-CREATOR WIFI + 12700KF,1240
ASUS PROART Z790-CREATOR WIFI + 12400F,906
ASUS PROART Z790-CREATOR WIFI + 13100F,906
ASUS PROART Z790-CREATOR WIFI + 13400,1001
ASUS PROART Z790-CREATOR WIFI + 13600,1121
ASUS PROART Z790-CREATOR WIFI + 13600K,1069
ASUS PROART Z790-CREATOR WIFI + 13600KF,1025
ASUS PROART Z790-CREATOR WIFI + 13700K,1210
ASUS PROART Z790-CREATOR WIFI + 13900F,1506
ASUS PROART Z790-CREATOR WIFI + 12700,1262
ASUS PROART Z790-CREATOR WIFI + 13500,1084
ASUS ROG STRIX Z790-I GAMING WIFI,717
ASUS ROG STRIX Z790-I GAMING WIFI + 14100,888
ASUS ROG STRIX Z790-I GAMING WIFI + 14100F,836
ASUS ROG STRIX Z790-I GAMING WIFI + 14400,991
ASUS ROG STRIX Z790-I GAMING WIFI + 14400f,954
ASUS ROG STRIX Z790-I GAMING WIFI + 14500,1061
ASUS ROG STRIX Z790-I GAMING WIFI + 14600,1110
ASUS ROG STRIX Z790-I GAMING WIFI + 14700,1184
ASUS ROG STRIX Z790-I GAMING WIFI + 14700F,1147
ASUS ROG STRIX Z790-I GAMING WIFI + 14900,1531
ASUS ROG STRIX Z790-I GAMING WIFI + 14600K,1058
ASUS ROG STRIX Z790-I GAMING WIFI + 14600KF,1029
ASUS ROG STRIX Z790-I GAMING WIFI + 14700K,1243
ASUS ROG STRIX Z790-I GAMING WIFI + 14700KF,1206
ASUS ROG STRIX Z790-I GAMING WIFI + 14900K,1392
ASUS ROG STRIX Z790-I GAMING WIFI + 14900F,1491
ASUS ROG STRIX Z790-I GAMING WIFI + 14900KF,1362
ASUS ROG STRIX Z790-I GAMING WIFI + 12700KF,1229
ASUS ROG STRIX Z790-I GAMING WIFI + 12400F,895
ASUS ROG STRIX Z790-I GAMING WIFI + 13100F,895
ASUS ROG STRIX Z790-I GAMING WIFI + 13400,990
ASUS ROG STRIX Z790-I GAMING WIFI + 13600,1110
ASUS ROG STRIX Z790-I GAMING WIFI + 13600K,1058
ASUS ROG STRIX Z790-I GAMING WIFI + 13600KF,1014
ASUS ROG STRIX Z790-I GAMING WIFI + 13700K,1199
ASUS ROG STRIX Z790-I GAMING WIFI + 13900F,1495
ASUS ROG STRIX Z790-I GAMING WIFI + 12700,1251
ASUS ROG STRIX Z790-I GAMING WIFI + 13500,1073
Asus ROG STRIX B760-A GAMING WIFI,395
Asus ROG STRIX B760-A GAMING WIFI + 14100,566
Asus ROG STRIX B760-A GAMING WIFI + 14100F,514
Asus ROG STRIX B760-A GAMING WIFI + 14400,670
Asus ROG STRIX B760-A GAMING WIFI + 14400f,633
Asus ROG STRIX B760-A GAMING WIFI + 14500,740
Asus ROG STRIX B760-A GAMING WIFI + 14600,789
Asus ROG STRIX B760-A GAMING WIFI + 14700,863
Asus ROG STRIX B760-A GAMING WIFI + 14700F,826
Asus ROG STRIX B760-A GAMING WIFI + 14900,1210
Asus ROG STRIX B760-A GAMING WIFI + 14600K,737
Asus ROG STRIX B760-A GAMING WIFI + 14600KF,707
Asus ROG STRIX B760-A GAMING WIFI + 14700K,922
Asus ROG STRIX B760-A GAMING WIFI + 14700KF,885
Asus ROG STRIX B760-A GAMING WIFI + 14900K,1070
Asus ROG STRIX B760-A GAMING WIFI + 14900F,1169
Asus ROG STRIX B760-A GAMING WIFI + 14900KF,1041
Asus ROG STRIX B760-A GAMING WIFI + 12700KF,907
Asus ROG STRIX B760-A GAMING WIFI + 12400F,574
Asus ROG STRIX B760-A GAMING WIFI + 13100F,574
Asus ROG STRIX B760-A GAMING WIFI + 13400,668
Asus ROG STRIX B760-A GAMING WIFI + 13600,789
Asus ROG STRIX B760-A GAMING WIFI + 13600K,737
Asus ROG STRIX B760-A GAMING WIFI + 13600KF,692
Asus ROG STRIX B760-A GAMING WIFI + 13700K,877
Asus ROG STRIX B760-A GAMING WIFI + 13900F,1174
Asus ROG STRIX B760-A GAMING WIFI + 12700,929
Asus ROG STRIX B760-A GAMING WIFI + 13500,751
Asus ROG STRIX B760-A GAMING WIFI D4,377
Asus ROG STRIX B760-A GAMING WIFI D4 + 14100,548
Asus ROG STRIX B760-A GAMING WIFI D4 + 14100F,496
Asus ROG STRIX B760-A GAMING WIFI D4 + 14400,651
Asus ROG STRIX B760-A GAMING WIFI D4 + 14400f,614
Asus ROG STRIX B760-A GAMING WIFI D4 + 14500,721
Asus ROG STRIX B760-A GAMING WIFI D4 + 14600,770
Asus ROG STRIX B760-A GAMING WIFI D4 + 14700,844
Asus ROG STRIX B760-A GAMING WIFI D4 + 14700F,807
Asus ROG STRIX B760-A GAMING WIFI D4 + 14900,1191
Asus ROG STRIX B760-A GAMING WIFI D4 + 14600K,718
Asus ROG STRIX B760-A GAMING WIFI D4 + 14600KF,688
Asus ROG STRIX B760-A GAMING WIFI D4 + 14700K,903
Asus ROG STRIX B760-A GAMING WIFI D4 + 14700KF,866
Asus ROG STRIX B760-A GAMING WIFI D4 + 14900K,1052
Asus ROG STRIX B760-A GAMING WIFI D4 + 14900F,1151
Asus ROG STRIX B760-A GAMING WIFI D4 + 14900KF,1022
Asus ROG STRIX B760-A GAMING WIFI D4 + 12700KF,889
Asus ROG STRIX B760-A GAMING WIFI D4 + 12400F,555
Asus ROG STRIX B760-A GAMING WIFI D4 + 13100F,555
Asus ROG STRIX B760-A GAMING WIFI D4 + 13400,650
Asus ROG STRIX B760-A GAMING WIFI D4 + 13600,770
Asus ROG STRIX B760-A GAMING WIFI D4 + 13600K,718
Asus ROG STRIX B760-A GAMING WIFI D4 + 13600KF,674
Asus ROG STRIX B760-A GAMING WIFI D4 + 13700K,859
Asus ROG STRIX B760-A GAMING WIFI D4 + 13900F,1155
Asus ROG STRIX B760-A GAMING WIFI D4 + 12700,911
Asus ROG STRIX B760-A GAMING WIFI D4 + 13500,733
Asus ROG STRIX B760-G GAMING WIFI D4,367
Asus ROG STRIX B760-G GAMING WIFI D4 + 14100,538
Asus ROG STRIX B760-G GAMING WIFI D4 + 14100F,486
Asus ROG STRIX B760-G GAMING WIFI D4 + 14400,642
Asus ROG STRIX B760-G GAMING WIFI D4 + 14400f,605
Asus ROG STRIX B760-G GAMING WIFI D4 + 14500,711
Asus ROG STRIX B760-G GAMING WIFI D4 + 14600,760
Asus ROG STRIX B760-G GAMING WIFI D4 + 14700,834
Asus ROG STRIX B760-G GAMING WIFI D4 + 14700F,797
Asus ROG STRIX B760-G GAMING WIFI D4 + 14900,1181
Asus ROG STRIX B760-G GAMING WIFI D4 + 14600K,708
Asus ROG STRIX B760-G GAMING WIFI D4 + 14600KF,679
Asus ROG STRIX B760-G GAMING WIFI D4 + 14700K,894
Asus ROG STRIX B760-G GAMING WIFI D4 + 14700KF,857
Asus ROG STRIX B760-G GAMING WIFI D4 + 14900K,1042
Asus ROG STRIX B760-G GAMING WIFI D4 + 14900F,1141
Asus ROG STRIX B760-G GAMING WIFI D4 + 14900KF,1012
Asus ROG STRIX B760-G GAMING WIFI D4 + 12700KF,879
Asus ROG STRIX B760-G GAMING WIFI D4 + 12400F,545
Asus ROG STRIX B760-G GAMING WIFI D4 + 13100F,545
Asus ROG STRIX B760-G GAMING WIFI D4 + 13400,640
Asus ROG STRIX B760-G GAMING WIFI D4 + 13600,760
Asus ROG STRIX B760-G GAMING WIFI D4 + 13600K,708
Asus ROG STRIX B760-G GAMING WIFI D4 + 13600KF,664
Asus ROG STRIX B760-G GAMING WIFI D4 + 13700K,849
Asus ROG STRIX B760-G GAMING WIFI D4 + 13900F,1146
Asus ROG STRIX B760-G GAMING WIFI D4 + 12700,901
Asus ROG STRIX B760-G GAMING WIFI D4 + 13500,723
Asus ROG STRIX B760-I GAMING WIFI,348
Asus ROG STRIX B760-I GAMING WIFI + 14100,519
Asus ROG STRIX B760-I GAMING WIFI + 14100F,467
Asus ROG STRIX B760-I GAMING WIFI + 14400,623
Asus ROG STRIX B760-I GAMING WIFI + 14400f,586
Asus ROG STRIX B760-I GAMING WIFI + 14500,693
Asus ROG STRIX B760-I GAMING WIFI + 14600,742
Asus ROG STRIX B760-I GAMING WIFI + 14700,816
Asus ROG STRIX B760-I GAMING WIFI + 14700F,779
Asus ROG STRIX B760-I GAMING WIFI + 14900,1163
Asus ROG STRIX B760-I GAMING WIFI + 14600K,690
Asus ROG STRIX B760-I GAMING WIFI + 14600KF,660
Asus ROG STRIX B760-I GAMING WIFI + 14700K,875
Asus ROG STRIX B760-I GAMING WIFI + 14700KF,838
Asus ROG STRIX B760-I GAMING WIFI + 14900K,1023
Asus ROG STRIX B760-I GAMING WIFI + 14900F,1123
Asus ROG STRIX B760-I GAMING WIFI + 14900KF,994
Asus ROG STRIX B760-I GAMING WIFI + 12700KF,860
Asus ROG STRIX B760-I GAMING WIFI + 12400F,527
Asus ROG STRIX B760-I GAMING WIFI + 13100F,527
Asus ROG STRIX B760-I GAMING WIFI + 13400,622
Asus ROG STRIX B760-I GAMING WIFI + 13600,742
Asus ROG STRIX B760-I GAMING WIFI + 13600K,690
Asus ROG STRIX B760-I GAMING WIFI + 13600KF,645
Asus ROG STRIX B760-I GAMING WIFI + 13700K,831
Asus ROG STRIX B760-I GAMING WIFI + 13900F,1127
Asus ROG STRIX B760-I GAMING WIFI + 12700,882
Asus ROG STRIX B760-I GAMING WIFI + 13500,705
Asus TUF GAMING B760-PLUS WIFI,348
Asus TUF GAMING B760-PLUS WIFI + 14100,519
Asus TUF GAMING B760-PLUS WIFI + 14100F,467
Asus TUF GAMING B760-PLUS WIFI + 14400,623
Asus TUF GAMING B760-PLUS WIFI + 14400f,586
Asus TUF GAMING B760-PLUS WIFI + 14500,693
Asus TUF GAMING B760-PLUS WIFI + 14600,742
Asus TUF GAMING B760-PLUS WIFI + 14700,816
Asus TUF GAMING B760-PLUS WIFI + 14700F,779
Asus TUF GAMING B760-PLUS WIFI + 14900,1163
Asus TUF GAMING B760-PLUS WIFI + 14600K,690
Asus TUF GAMING B760-PLUS WIFI + 14600KF,660
Asus TUF GAMING B760-PLUS WIFI + 14700K,875
Asus TUF GAMING B760-PLUS WIFI + 14700KF,838
Asus TUF GAMING B760-PLUS WIFI + 14900K,1023
Asus TUF GAMING B760-PLUS WIFI + 14900F,1123
Asus TUF GAMING B760-PLUS WIFI + 14900KF,994
Asus TUF GAMING B760-PLUS WIFI + 12700KF,860
Asus TUF GAMING B760-PLUS WIFI + 12400F,527
Asus TUF GAMING B760-PLUS WIFI + 13100F,527
Asus TUF GAMING B760-PLUS WIFI + 13400,622
Asus TUF GAMING B760-PLUS WIFI + 13600,742
Asus TUF GAMING B760-PLUS WIFI + 13600K,690
Asus TUF GAMING B760-PLUS WIFI + 13600KF,645
Asus TUF GAMING B760-PLUS WIFI + 13700K,831
Asus TUF GAMING B760-PLUS WIFI + 13900F,1127
Asus TUF GAMING B760-PLUS WIFI + 12700,882
Asus TUF GAMING B760-PLUS WIFI + 13500,705
Asus TUF GAMING B760-PLUS WIFI D4,327
Asus TUF GAMING B760-PLUS WIFI D4 + 14100,497
Asus TUF GAMING B760-PLUS WIFI D4 + 14100F,446
Asus TUF GAMING B760-PLUS WIFI D4 + 14400,601
Asus TUF GAMING B760-PLUS WIFI D4 + 14400f,564
Asus TUF GAMING B760-PLUS WIFI D4 + 14500,671
Asus TUF GAMING B760-PLUS WIFI D4 + 14600,720
Asus TUF GAMING B760-PLUS WIFI D4 + 14700,794
Asus TUF GAMING B760-PLUS WIFI D4 + 14700F,757
Asus TUF GAMING B760-PLUS WIFI D4 + 14900,1141
Asus TUF GAMING B760-PLUS WIFI D4 + 14600K,668
Asus TUF GAMING B760-PLUS WIFI D4 + 14600KF,638
Asus TUF GAMING B760-PLUS WIFI D4 + 14700K,853
Asus TUF GAMING B760-PLUS WIFI D4 + 14700KF,816
Asus TUF GAMING B760-PLUS WIFI D4 + 14900K,1001
Asus TUF GAMING B760-PLUS WIFI D4 + 14900F,1101
Asus TUF GAMING B760-PLUS WIFI D4 + 14900KF,972
Asus TUF GAMING B760-PLUS WIFI D4 + 12700KF,838
Asus TUF GAMING B760-PLUS WIFI D4 + 12400F,505
Asus TUF GAMING B760-PLUS WIFI D4 + 13100F,505
Asus TUF GAMING B760-PLUS WIFI D4 + 13400,600
Asus TUF GAMING B760-PLUS WIFI D4 + 13600,720
Asus TUF GAMING B760-PLUS WIFI D4 + 13600K,668
Asus TUF GAMING B760-PLUS WIFI D4 + 13600KF,623
Asus TUF GAMING B760-PLUS WIFI D4 + 13700K,809
Asus TUF GAMING B760-PLUS WIFI D4 + 13900F,1105
Asus TUF GAMING B760-PLUS WIFI D4 + 12700,861
Asus TUF GAMING B760-PLUS WIFI D4 + 13500,683
Asus TUF GAMING B760M-PLUS WIFI,336
Asus TUF GAMING B760M-PLUS WIFI + 14100,507
Asus TUF GAMING B760M-PLUS WIFI + 14100F,455
Asus TUF GAMING B760M-PLUS WIFI + 14400,611
Asus TUF GAMING B760M-PLUS WIFI + 14400f,574
Asus TUF GAMING B760M-PLUS WIFI + 14500,681
Asus TUF GAMING B760M-PLUS WIFI + 14600,730
Asus TUF GAMING B760M-PLUS WIFI + 14700,804
Asus TUF GAMING B760M-PLUS WIFI + 14700F,767
Asus TUF GAMING B760M-PLUS WIFI + 14900,1151
Asus TUF GAMING B760M-PLUS WIFI + 14600K,678
Asus TUF GAMING B760M-PLUS WIFI + 14600KF,648
Asus TUF GAMING B760M-PLUS WIFI + 14700K,863
Asus TUF GAMING B760M-PLUS WIFI + 14700KF,826
Asus TUF GAMING B760M-PLUS WIFI + 14900K,1011
Asus TUF GAMING B760M-PLUS WIFI + 14900F,1111
Asus TUF GAMING B760M-PLUS WIFI + 14900KF,982
Asus TUF GAMING B760M-PLUS WIFI + 12700KF,848
Asus TUF GAMING B760M-PLUS WIFI + 12400F,515
Asus TUF GAMING B760M-PLUS WIFI + 13100F,515
Asus TUF GAMING B760M-PLUS WIFI + 13400,610
Asus TUF GAMING B760M-PLUS WIFI + 13600,730
Asus TUF GAMING B760M-PLUS WIFI + 13600K,678
Asus TUF GAMING B760M-PLUS WIFI + 13600KF,633
Asus TUF GAMING B760M-PLUS WIFI + 13700K,819
Asus TUF GAMING B760M-PLUS WIFI + 13900F,1115
Asus TUF GAMING B760M-PLUS WIFI + 12700,870
Asus TUF GAMING B760M-PLUS WIFI + 13500,693
Asus TUF GAMING B760M-PLUS WIFI D4,318
Asus TUF GAMING B760M-PLUS WIFI D4 + 14100,489
Asus TUF GAMING B760M-PLUS WIFI D4 + 14100F,437
Asus TUF GAMING B760M-PLUS WIFI D4 + 14400,593
Asus TUF GAMING B760M-PLUS WIFI D4 + 14400f,555
Asus TUF GAMING B760M-PLUS WIFI D4 + 14500,662
Asus TUF GAMING B760M-PLUS WIFI D4 + 14600,711
Asus TUF GAMING B760M-PLUS WIFI D4 + 14700,785
Asus TUF GAMING B760M-PLUS WIFI D4 + 14700F,748
Asus TUF GAMING B760M-PLUS WIFI D4 + 14900,1132
Asus TUF GAMING B760M-PLUS WIFI D4 + 14600K,659
Asus TUF GAMING B760M-PLUS WIFI D4 + 14600KF,630
Asus TUF GAMING B760M-PLUS WIFI D4 + 14700K,845
Asus TUF GAMING B760M-PLUS WIFI D4 + 14700KF,807
Asus TUF GAMING B760M-PLUS WIFI D4 + 14900K,993
Asus TUF GAMING B760M-PLUS WIFI D4 + 14900F,1092
Asus TUF GAMING B760M-PLUS WIFI D4 + 14900KF,963
Asus TUF GAMING B760M-PLUS WIFI D4 + 12700KF,830
Asus TUF GAMING B760M-PLUS WIFI D4 + 12400F,496
Asus TUF GAMING B760M-PLUS WIFI D4 + 13100F,496
Asus TUF GAMING B760M-PLUS WIFI D4 + 13400,591
Asus TUF GAMING B760M-PLUS WIFI D4 + 13600,711
Asus TUF GAMING B760M-PLUS WIFI D4 + 13600K,659
Asus TUF GAMING B760M-PLUS WIFI D4 + 13600KF,615
Asus TUF GAMING B760M-PLUS WIFI D4 + 13700K,800
Asus TUF GAMING B760M-PLUS WIFI D4 + 13900F,1097
Asus TUF GAMING B760M-PLUS WIFI D4 + 12700,852
Asus TUF GAMING B760M-PLUS WIFI D4 + 13500,674
Asus PROART B760-CREATOR D4,413
Asus PROART B760-CREATOR D4 + 14100,584
Asus PROART B760-CREATOR D4 + 14100F,532
Asus PROART B760-CREATOR D4 + 14400,687
Asus PROART B760-CREATOR D4 + 14400f,650
Asus PROART B760-CREATOR D4 + 14500,757
Asus PROART B760-CREATOR D4 + 14600,806
Asus PROART B760-CREATOR D4 + 14700,880
Asus PROART B760-CREATOR D4 + 14700F,843
Asus PROART B760-CREATOR D4 + 14900,1227
Asus PROART B760-CREATOR D4 + 14600K,754
Asus PROART B760-CREATOR D4 + 14600KF,724
Asus PROART B760-CREATOR D4 + 14700K,939
Asus PROART B760-CREATOR D4 + 14700KF,902
Asus PROART B760-CREATOR D4 + 14900K,1088
Asus PROART B760-CREATOR D4 + 14900F,1187
Asus PROART B760-CREATOR D4 + 14900KF,1058
Asus PROART B760-CREATOR D4 + 12700KF,925
Asus PROART B760-CREATOR D4 + 12400F,591
Asus PROART B760-CREATOR D4 + 13100F,591
Asus PROART B760-CREATOR D4 + 13400,686
Asus PROART B760-CREATOR D4 + 13600,806
Asus PROART B760-CREATOR D4 + 13600K,754
Asus PROART B760-CREATOR D4 + 13600KF,710
Asus PROART B760-CREATOR D4 + 13700K,895
Asus PROART B760-CREATOR D4 + 13900F,1191
Asus PROART B760-CREATOR D4 + 12700,947
Asus PROART B760-CREATOR D4 + 13500,769
Asus PRIME B760M-A WIFI,265
Asus PRIME B760M-A WIFI + 14100,436
Asus PRIME B760M-A WIFI + 14100F,385
Asus PRIME B760M-A WIFI + 14400,540
Asus PRIME B760M-A WIFI + 14400f,503
Asus PRIME B760M-A WIFI + 14500,610
Asus PRIME B760M-A WIFI + 14600,659
Asus PRIME B760M-A WIFI + 14700,733
Asus PRIME B760M-A WIFI + 14700F,696
Asus PRIME B760M-A WIFI + 14900,1080
Asus PRIME B760M-A WIFI + 14600K,607
Asus PRIME B760M-A WIFI + 14600KF,577
Asus PRIME B760M-A WIFI + 14700K,792
Asus PRIME B760M-A WIFI + 14700KF,755
Asus PRIME B760M-A WIFI + 14900K,940
Asus PRIME B760M-A WIFI + 14900F,1040
Asus PRIME B760M-A WIFI + 14900KF,911
Asus PRIME B760M-A WIFI + 12700KF,777
Asus PRIME B760M-A WIFI + 12400F,444
Asus PRIME B760M-A WIFI + 13100F,444
Asus PRIME B760M-A WIFI + 13400,539
Asus PRIME B760M-A WIFI + 13600,659
Asus PRIME B760M-A WIFI + 13600K,607
Asus PRIME B760M-A WIFI + 13600KF,562
Asus PRIME B760M-A WIFI + 13700K,748
Asus PRIME B760M-A WIFI + 13900F,1044
Asus PRIME B760M-A WIFI + 12700,800
Asus PRIME B760M-A WIFI + 13500,622
Asus PRIME B760M-A WIFI D4-CSM,207
Asus PRIME B760M-A WIFI D4-CSM + 14100,378
Asus PRIME B760M-A WIFI D4-CSM + 14100F,326
Asus PRIME B760M-A WIFI D4-CSM + 14400,481
Asus PRIME B760M-A WIFI D4-CSM + 14400f,444
Asus PRIME B760M-A WIFI D4-CSM + 14500,551
Asus PRIME B760M-A WIFI D4-CSM + 14600,600
Asus PRIME B760M-A WIFI D4-CSM + 14700,674
Asus PRIME B760M-A WIFI D4-CSM + 14700F,637
Asus PRIME B760M-A WIFI D4-CSM + 14900,1021
Asus PRIME B760M-A WIFI D4-CSM + 14600K,548
Asus PRIME B760M-A WIFI D4-CSM + 14600KF,518
Asus PRIME B760M-A WIFI D4-CSM + 14700K,733
Asus PRIME B760M-A WIFI D4-CSM + 14700KF,696
Asus PRIME B760M-A WIFI D4-CSM + 14900K,882
Asus PRIME B760M-A WIFI D4-CSM + 14900F,981
Asus PRIME B760M-A WIFI D4-CSM + 14900KF,852
Asus PRIME B760M-A WIFI D4-CSM + 12700KF,719
Asus PRIME B760M-A WIFI D4-CSM + 12400F,385
Asus PRIME B760M-A WIFI D4-CSM + 13100F,385
Asus PRIME B760M-A WIFI D4-CSM + 13400,480
Asus PRIME B760M-A WIFI D4-CSM + 13600,600
Asus PRIME B760M-A WIFI D4-CSM + 13600K,548
Asus PRIME B760M-A WIFI D4-CSM + 13600KF,504
Asus PRIME B760M-A WIFI D4-CSM + 13700K,689
Asus PRIME B760M-A WIFI D4-CSM + 13900F,985
Asus PRIME B760M-A WIFI D4-CSM + 12700,741
Asus PRIME B760M-A WIFI D4-CSM + 13500,563
Asus PRIME H610M-A WIFI,201
Asus PRIME H610M-A WIFI + 14100,372
Asus PRIME H610M-A WIFI + 14100F,320
Asus PRIME H610M-A WIFI + 14400,476
Asus PRIME H610M-A WIFI + 14400f,439
Asus PRIME H610M-A WIFI + 14500,546
Asus PRIME H610M-A WIFI + 14600,594
Asus PRIME H610M-A WIFI + 14700,669
Asus PRIME H610M-A WIFI + 14700F,632
Asus PRIME H610M-A WIFI + 14900,1015
Asus PRIME H610M-A WIFI + 14600K,543
Asus PRIME H610M-A WIFI + 14600KF,513
Asus PRIME H610M-A WIFI + 14700K,728
Asus PRIME H610M-A WIFI + 14700KF,691
Asus PRIME H610M-A WIFI + 14900K,876
Asus PRIME H610M-A WIFI + 14900F,975
Asus PRIME H610M-A WIFI + 14900KF,846
Asus PRIME H610M-A WIFI + 12700KF,713
Asus PRIME H610M-A WIFI + 12400F,380
Asus PRIME H610M-A WIFI + 13100F,380
Asus PRIME H610M-A WIFI + 13400,474
Asus PRIME H610M-A WIFI + 13600,594
Asus PRIME H610M-A WIFI + 13600K,543
Asus PRIME H610M-A WIFI + 13600KF,498
Asus PRIME H610M-A WIFI + 13700K,683
Asus PRIME H610M-A WIFI + 13900F,980
Asus PRIME H610M-A WIFI + 12700,735
Asus PRIME H610M-A WIFI + 13500,557
Asus PRIME H610I-PLUS,183
Asus PRIME H610I-PLUS + 14100,354
Asus PRIME H610I-PLUS + 14100F,302
Asus PRIME H610I-PLUS + 14400,457
Asus PRIME H610I-PLUS + 14400f,420
Asus PRIME H610I-PLUS + 14500,527
Asus PRIME H610I-PLUS + 14600,576
Asus PRIME H610I-PLUS + 14700,650
Asus PRIME H610I-PLUS + 14700F,613
Asus PRIME H610I-PLUS + 14900,997
Asus PRIME H610I-PLUS + 14600K,524
Asus PRIME H610I-PLUS + 14600KF,494
Asus PRIME H610I-PLUS + 14700K,709
Asus PRIME H610I-PLUS + 14700KF,672
Asus PRIME H610I-PLUS + 14900K,858
Asus PRIME H610I-PLUS + 14900F,957
Asus PRIME H610I-PLUS + 14900KF,828
Asus PRIME H610I-PLUS + 12700KF,695
Asus PRIME H610I-PLUS + 12400F,361
Asus PRIME H610I-PLUS + 13100F,361
Asus PRIME H610I-PLUS + 13400,456
Asus PRIME H610I-PLUS + 13600,576
Asus PRIME H610I-PLUS + 13600K,524
Asus PRIME H610I-PLUS + 13600KF,480
Asus PRIME H610I-PLUS + 13700K,665
Asus PRIME H610I-PLUS + 13900F,961
Asus PRIME H610I-PLUS + 12700,717
Asus PRIME H610I-PLUS + 13500,539
MSI MEG Z790 ACE MAX + 14100,1177
MSI MEG Z790 ACE MAX + 14100F,1125
MSI MEG Z790 ACE MAX + 14400,1281
MSI MEG Z790 ACE MAX + 14400f,1244
MSI MEG Z790 ACE MAX + 14500,1350
MSI MEG Z790 ACE MAX + 14600,1399
MSI MEG Z790 ACE MAX + 14700,1473
MSI MEG Z790 ACE MAX + 14700F,1436
MSI MEG Z790 ACE MAX + 14900,1820
MSI MEG Z790 ACE MAX + 14600K,1347
MSI MEG Z790 ACE MAX + 14600KF,1318
MSI MEG Z790 ACE MAX + 14700K,1533
MSI MEG Z790 ACE MAX + 14700KF,1496
MSI MEG Z790 ACE MAX + 14900K,1681
MSI MEG Z790 ACE MAX + 14900F,1780
MSI MEG Z790 ACE MAX + 14900KF,1651
MSI MEG Z790 ACE MAX + 12700KF,1518
MSI MEG Z790 ACE MAX + 12400F,1184
MSI MEG Z790 ACE MAX + 13100F,1184
MSI MEG Z790 ACE MAX + 13400,1279
MSI MEG Z790 ACE MAX + 13600,1399
MSI MEG Z790 ACE MAX + 13600K,1347
MSI MEG Z790 ACE MAX + 13600KF,1303
MSI MEG Z790 ACE MAX + 13700K,1488
MSI MEG Z790 ACE MAX + 13900F,1785
MSI MEG Z790 ACE MAX + 12700,1540
MSI MEG Z790 ACE MAX + 13500,1362
MSI MPG Z790I EDGE WIFI,500
MSI MPG Z790I EDGE WIFI + 14100,671
MSI MPG Z790I EDGE WIFI + 14100F,619
MSI MPG Z790I EDGE WIFI + 14400,774
MSI MPG Z790I EDGE WIFI + 14400f,737
MSI MPG Z790I EDGE WIFI + 14500,844
MSI MPG Z790I EDGE WIFI + 14600,893
MSI MPG Z790I EDGE WIFI + 14700,967
MSI MPG Z790I EDGE WIFI + 14700F,930
MSI MPG Z790I EDGE WIFI + 14900,1314
MSI MPG Z790I EDGE WIFI + 14600K,841
MSI MPG Z790I EDGE WIFI + 14600KF,811
MSI MPG Z790I EDGE WIFI + 14700K,1026
MSI MPG Z790I EDGE WIFI + 14700KF,989
MSI MPG Z790I EDGE WIFI + 14900K,1175
MSI MPG Z790I EDGE WIFI + 14900F,1274
MSI MPG Z790I EDGE WIFI + 14900KF,1145
MSI MPG Z790I EDGE WIFI + 12700KF,1011
MSI MPG Z790I EDGE WIFI + 12400F,678
MSI MPG Z790I EDGE WIFI + 13100F,678
MSI MPG Z790I EDGE WIFI + 13400,773
MSI MPG Z790I EDGE WIFI + 13600,893
MSI MPG Z790I EDGE WIFI + 13600K,841
MSI MPG Z790I EDGE WIFI + 13600KF,797
MSI MPG Z790I EDGE WIFI + 13700K,982
MSI MPG Z790I EDGE WIFI + 13900F,1278
MSI MPG Z790I EDGE WIFI + 12700,1034
MSI MPG Z790I EDGE WIFI + 13500,856
MSI MPG B760I EDGE WIFI,298
MSI MPG B760I EDGE WIFI + 14100,469
MSI MPG B760I EDGE WIFI + 14100F,417
MSI MPG B760I EDGE WIFI + 14400,573
MSI MPG B760I EDGE WIFI + 14400f,536
MSI MPG B760I EDGE WIFI + 14500,643
MSI MPG B760I EDGE WIFI + 14600,691
MSI MPG B760I EDGE WIFI + 14700,766
MSI MPG B760I EDGE WIFI + 14700F,729
MSI MPG B760I EDGE WIFI + 14900,1112
MSI MPG B760I EDGE WIFI + 14600K,640
MSI MPG B760I EDGE WIFI + 14600KF,610
MSI MPG B760I EDGE WIFI + 14700K,825
MSI MPG B760I EDGE WIFI + 14700KF,788
MSI MPG B760I EDGE WIFI + 14900K,973
MSI MPG B760I EDGE WIFI + 14900F,1072
MSI MPG B760I EDGE WIFI + 14900KF,944
MSI MPG B760I EDGE WIFI + 12700KF,810
MSI MPG B760I EDGE WIFI + 12400F,477
MSI MPG B760I EDGE WIFI + 13100F,477
MSI MPG B760I EDGE WIFI + 13400,571
MSI MPG B760I EDGE WIFI + 13600,691
MSI MPG B760I EDGE WIFI + 13600K,640
MSI MPG B760I EDGE WIFI + 13600KF,595
MSI MPG B760I EDGE WIFI + 13700K,780
MSI MPG B760I EDGE WIFI + 13900F,1077
MSI MPG B760I EDGE WIFI + 12700,832
MSI MPG B760I EDGE WIFI + 13500,654
MSI MPG Z790 EDGE WIFI DDR4,545
MSI MPG Z790 EDGE WIFI DDR4 + 14100,716
MSI MPG Z790 EDGE WIFI DDR4 + 14100F,664
MSI MPG Z790 EDGE WIFI DDR4 + 14400,820
MSI MPG Z790 EDGE WIFI DDR4 + 14400f,783
MSI MPG Z790 EDGE WIFI DDR4 + 14500,889
MSI MPG Z790 EDGE WIFI DDR4 + 14600,938
MSI MPG Z790 EDGE WIFI DDR4 + 14700,1012
MSI MPG Z790 EDGE WIFI DDR4 + 14700F,975
MSI MPG Z790 EDGE WIFI DDR4 + 14900,1359
MSI MPG Z790 EDGE WIFI DDR4 + 14600K,886
MSI MPG Z790 EDGE WIFI DDR4 + 14600KF,857
MSI MPG Z790 EDGE WIFI DDR4 + 14700K,1072
MSI MPG Z790 EDGE WIFI DDR4 + 14700KF,1035
MSI MPG Z790 EDGE WIFI DDR4 + 14900K,1220
MSI MPG Z790 EDGE WIFI DDR4 + 14900F,1319
MSI MPG Z790 EDGE WIFI DDR4 + 14900KF,1190
MSI MPG Z790 EDGE WIFI DDR4 + 12700KF,1057
MSI MPG Z790 EDGE WIFI DDR4 + 12400F,723
MSI MPG Z790 EDGE WIFI DDR4 + 13100F,723
MSI MPG Z790 EDGE WIFI DDR4 + 13400,818
MSI MPG Z790 EDGE WIFI DDR4 + 13600,938
MSI MPG Z790 EDGE WIFI DDR4 + 13600K,886
MSI MPG Z790 EDGE WIFI DDR4 + 13600KF,842
MSI MPG Z790 EDGE WIFI DDR4 + 13700K,1027
MSI MPG Z790 EDGE WIFI DDR4 + 13900F,1324
MSI MPG Z790 EDGE WIFI DDR4 + 12700,1079
MSI MPG Z790 EDGE WIFI DDR4 + 13500,901
MSI MAG B760 TOMAHAWK WIFI DDR4,246
MSI MAG B760 TOMAHAWK WIFI DDR4 + 14100,417
MSI MAG B760 TOMAHAWK WIFI DDR4 + 14100F,365
MSI MAG B760 TOMAHAWK WIFI DDR4 + 14400,521
MSI MAG B760 TOMAHAWK WIFI DDR4 + 14400f,484
MSI MAG B760 TOMAHAWK WIFI DDR4 + 14500,591
MSI MAG B760 TOMAHAWK WIFI DDR4 + 14600,640
MSI MAG B760 TOMAHAWK WIFI DDR4 + 14700,714
MSI MAG B760 TOMAHAWK WIFI DDR4 + 14700F,677
MSI MAG B760 TOMAHAWK WIFI DDR4 + 14900,1061
MSI MAG B760 TOMAHAWK WIFI DDR4 + 14600K,588
MSI MAG B760 TOMAHAWK WIFI DDR4 + 14600KF,558
MSI MAG B760 TOMAHAWK WIFI DDR4 + 14700K,773
MSI MAG B760 TOMAHAWK WIFI DDR4 + 14700KF,736
MSI MAG B760 TOMAHAWK WIFI DDR4 + 14900K,921
MSI MAG B760 TOMAHAWK WIFI DDR4 + 14900F,1021
MSI MAG B760 TOMAHAWK WIFI DDR4 + 14900KF,892
MSI MAG B760 TOMAHAWK WIFI DDR4 + 12700KF,758
MSI MAG B760 TOMAHAWK WIFI DDR4 + 12400F,425
MSI MAG B760 TOMAHAWK WIFI DDR4 + 13100F,425
MSI MAG B760 TOMAHAWK WIFI DDR4 + 13400,519
MSI MAG B760 TOMAHAWK WIFI DDR4 + 13600,640
MSI MAG B760 TOMAHAWK WIFI DDR4 + 13600K,588
MSI MAG B760 TOMAHAWK WIFI DDR4 + 13600KF,543
MSI MAG B760 TOMAHAWK WIFI DDR4 + 13700K,728
MSI MAG B760 TOMAHAWK WIFI DDR4 + 13900F,1025
MSI MAG B760 TOMAHAWK WIFI DDR4 + 12700,780
MSI MAG B760 TOMAHAWK WIFI DDR4 + 13500,602
MSI MAG H670 TOMAHAWK WIFI DDR4,141
MSI MAG H670 TOMAHAWK WIFI DDR4 + 14100,312
MSI MAG H670 TOMAHAWK WIFI DDR4 + 14100F,260
MSI MAG H670 TOMAHAWK WIFI DDR4 + 14400,416
MSI MAG H670 TOMAHAWK WIFI DDR4 + 14400f,379
MSI MAG H670 TOMAHAWK WIFI DDR4 + 14500,486
MSI MAG H670 TOMAHAWK WIFI DDR4 + 14600,535
MSI MAG H670 TOMAHAWK WIFI DDR4 + 14700,609
MSI MAG H670 TOMAHAWK WIFI DDR4 + 14700F,572
MSI MAG H670 TOMAHAWK WIFI DDR4 + 14900,956
MSI MAG H670 TOMAHAWK WIFI DDR4 + 14600K,483
MSI MAG H670 TOMAHAWK WIFI DDR4 + 14600KF,453
MSI MAG H670 TOMAHAWK WIFI DDR4 + 14700K,668
MSI MAG H670 TOMAHAWK WIFI DDR4 + 14700KF,631
MSI MAG H670 TOMAHAWK WIFI DDR4 + 14900K,816
MSI MAG H670 TOMAHAWK WIFI DDR4 + 14900F,916
MSI MAG H670 TOMAHAWK WIFI DDR4 + 14900KF,787
MSI MAG H670 TOMAHAWK WIFI DDR4 + 12700KF,653
MSI MAG H670 TOMAHAWK WIFI DDR4 + 12400F,320
MSI MAG H670 TOMAHAWK WIFI DDR4 + 13100F,320
MSI MAG H670 TOMAHAWK WIFI DDR4 + 13400,414
MSI MAG H670 TOMAHAWK WIFI DDR4 + 13600,535
MSI MAG H670 TOMAHAWK WIFI DDR4 + 13600K,483
MSI MAG H670 TOMAHAWK WIFI DDR4 + 13600KF,438
MSI MAG H670 TOMAHAWK WIFI DDR4 + 13700K,623
MSI MAG H670 TOMAHAWK WIFI DDR4 + 13900F,920
MSI MAG H670 TOMAHAWK WIFI DDR4 + 12700,675
MSI MAG H670 TOMAHAWK WIFI DDR4 + 13500,497
MSI PRO H610M-G Wifi DDR4,162
MSI PRO H610M-G Wifi DDR4 + 14100,333
MSI PRO H610M-G Wifi DDR4 + 14100F,281
MSI PRO H610M-G Wifi DDR4 + 14400,437
MSI PRO H610M-G Wifi DDR4 + 14400f,400
MSI PRO H610M-G Wifi DDR4 + 14500,507
MSI PRO H610M-G Wifi DDR4 + 14600,556
MSI PRO H610M-G Wifi DDR4 + 14700,630
MSI PRO H610M-G Wifi DDR4 + 14700F,593
MSI PRO H610M-G Wifi DDR4 + 14900,977
MSI PRO H610M-G Wifi DDR4 + 14600K,504
MSI PRO H610M-G Wifi DDR4 + 14600KF,474
MSI PRO H610M-G Wifi DDR4 + 14700K,689
MSI PRO H610M-G Wifi DDR4 + 14700KF,652
MSI PRO H610M-G Wifi DDR4 + 14900K,837
MSI PRO H610M-G Wifi DDR4 + 14900F,937
MSI PRO H610M-G Wifi DDR4 + 14900KF,808
MSI PRO H610M-G Wifi DDR4 + 12700KF,674
MSI PRO H610M-G Wifi DDR4 + 12400F,341
MSI PRO H610M-G Wifi DDR4 + 13100F,341
MSI PRO H610M-G Wifi DDR4 + 13400,435
MSI PRO H610M-G Wifi DDR4 + 13600,556
MSI PRO H610M-G Wifi DDR4 + 13600K,504
MSI PRO H610M-G Wifi DDR4 + 13600KF,459
MSI PRO H610M-G Wifi DDR4 + 13700K,645
MSI PRO H610M-G Wifi DDR4 + 13900F,941
MSI PRO H610M-G Wifi DDR4 + 12700,696
MSI PRO H610M-G Wifi DDR4 + 13500,518
Gigabyte Z790 Aorus Elite AX ICE,380
Gigabyte Z790 Aorus Elite AX ICE + 14100,551
Gigabyte Z790 Aorus Elite AX ICE + 14100F,499
Gigabyte Z790 Aorus Elite AX ICE + 14400,655
Gigabyte Z790 Aorus Elite AX ICE + 14400f,618
Gigabyte Z790 Aorus Elite AX ICE + 14500,724
Gigabyte Z790 Aorus Elite AX ICE + 14600,773
Gigabyte Z790 Aorus Elite AX ICE + 14700,847
Gigabyte Z790 Aorus Elite AX ICE + 14700F,810
Gigabyte Z790 Aorus Elite AX ICE + 14900,1194
Gigabyte Z790 Aorus Elite AX ICE + 14600K,721
Gigabyte Z790 Aorus Elite AX ICE + 14600KF,692
Gigabyte Z790 Aorus Elite AX ICE + 14700K,907
Gigabyte Z790 Aorus Elite AX ICE + 14700KF,870
Gigabyte Z790 Aorus Elite AX ICE + 14900K,1055
Gigabyte Z790 Aorus Elite AX ICE + 14900F,1154
Gigabyte Z790 Aorus Elite AX ICE + 14900KF,1025
Gigabyte Z790 Aorus Elite AX ICE + 12700KF,892
Gigabyte Z790 Aorus Elite AX ICE + 12400F,558
Gigabyte Z790 Aorus Elite AX ICE + 13100F,558
Gigabyte Z790 Aorus Elite AX ICE + 13400,653
Gigabyte Z790 Aorus Elite AX ICE + 13600,773
Gigabyte Z790 Aorus Elite AX ICE + 13600K,721
Gigabyte Z790 Aorus Elite AX ICE + 13600KF,677
Gigabyte Z790 Aorus Elite AX ICE + 13700K,862
Gigabyte Z790 Aorus Elite AX ICE + 13900F,1159
Gigabyte Z790 Aorus Elite AX ICE + 12700,914
Gigabyte Z790 Aorus Elite AX ICE + 13500,736
Gigabyte Z790 Aorus PRO X Wifi 7,517
Gigabyte Z790 Aorus PRO X Wifi 7 + 14100,688
Gigabyte Z790 Aorus PRO X Wifi 7 + 14100F,636
Gigabyte Z790 Aorus PRO X Wifi 7 + 14400,792
Gigabyte Z790 Aorus PRO X Wifi 7 + 14400f,755
Gigabyte Z790 Aorus PRO X Wifi 7 + 14500,862
Gigabyte Z790 Aorus PRO X Wifi 7 + 14600,911
Gigabyte Z790 Aorus PRO X Wifi 7 + 14700,985
Gigabyte Z790 Aorus PRO X Wifi 7 + 14700F,948
Gigabyte Z790 Aorus PRO X Wifi 7 + 14900,1332
Gigabyte Z790 Aorus PRO X Wifi 7 + 14600K,859
Gigabyte Z790 Aorus PRO X Wifi 7 + 14600KF,829
Gigabyte Z790 Aorus PRO X Wifi 7 + 14700K,1044
Gigabyte Z790 Aorus PRO X Wifi 7 + 14700KF,1007
Gigabyte Z790 Aorus PRO X Wifi 7 + 14900K,1192
Gigabyte Z790 Aorus PRO X Wifi 7 + 14900F,1292
Gigabyte Z790 Aorus PRO X Wifi 7 + 14900KF,1163
Gigabyte Z790 Aorus PRO X Wifi 7 + 12700KF,1029
Gigabyte Z790 Aorus PRO X Wifi 7 + 12400F,696
Gigabyte Z790 Aorus PRO X Wifi 7 + 13100F,696
Gigabyte Z790 Aorus PRO X Wifi 7 + 13400,791
Gigabyte Z790 Aorus PRO X Wifi 7 + 13600,911
Gigabyte Z790 Aorus PRO X Wifi 7 + 13600K,859
Gigabyte Z790 Aorus PRO X Wifi 7 + 13600KF,814
Gigabyte Z790 Aorus PRO X Wifi 7 + 13700K,1000
Gigabyte Z790 Aorus PRO X Wifi 7 + 13900F,1296
Gigabyte Z790 Aorus PRO X Wifi 7 + 12700,1051
Gigabyte Z790 Aorus PRO X Wifi 7 + 13500,874
Gigabyte B760M AORUS ELITE AX,271
Gigabyte B760M AORUS ELITE AX + 14100,442
Gigabyte B760M AORUS ELITE AX + 14100F,390
Gigabyte B760M AORUS ELITE AX + 14400,546
Gigabyte B760M AORUS ELITE AX + 14400f,509
Gigabyte B760M AORUS ELITE AX + 14500,615
Gigabyte B760M AORUS ELITE AX + 14600,664
Gigabyte B760M AORUS ELITE AX + 14700,738
Gigabyte B760M AORUS ELITE AX + 14700F,701
Gigabyte B760M AORUS ELITE AX + 14900,1085
Gigabyte B760M AORUS ELITE AX + 14600K,612
Gigabyte B760M AORUS ELITE AX + 14600KF,583
Gigabyte B760M AORUS ELITE AX + 14700K,798
Gigabyte B760M AORUS ELITE AX + 14700KF,761
Gigabyte B760M AORUS ELITE AX + 14900K,946
Gigabyte B760M AORUS ELITE AX + 14900F,1045
Gigabyte B760M AORUS ELITE AX + 14900KF,916
Gigabyte B760M AORUS ELITE AX + 12700KF,783
Gigabyte B760M AORUS ELITE AX + 12400F,449
Gigabyte B760M AORUS ELITE AX + 13100F,449
Gigabyte B760M AORUS ELITE AX + 13400,544
Gigabyte B760M AORUS ELITE AX + 13600,664
Gigabyte B760M AORUS ELITE AX + 13600K,612
Gigabyte B760M AORUS ELITE AX + 13600KF,568
Gigabyte B760M AORUS ELITE AX + 13700K,753
Gigabyte B760M AORUS ELITE AX + 13900F,1050
Gigabyte B760M AORUS ELITE AX + 12700,805
Gigabyte B760M AORUS ELITE AX + 13500,627
Gigabyte B760 AORUS ELITE AX DDR4,227
Gigabyte B760 AORUS ELITE AX DDR4 + 14100,398
Gigabyte B760 AORUS ELITE AX DDR4 + 14100F,346
Gigabyte B760 AORUS ELITE AX DDR4 + 14400,502
Gigabyte B760 AORUS ELITE AX DDR4 + 14400f,465
Gigabyte B760 AORUS ELITE AX DDR4 + 14500,572
Gigabyte B760 AORUS ELITE AX DDR4 + 14600,621
Gigabyte B760 AORUS ELITE AX DDR4 + 14700,695
Gigabyte B760 AORUS ELITE AX DDR4 + 14700F,658
Gigabyte B760 AORUS ELITE AX DDR4 + 14900,1042
Gigabyte B760 AORUS ELITE AX DDR4 + 14600K,569
Gigabyte B760 AORUS ELITE AX DDR4 + 14600KF,539
Gigabyte B760 AORUS ELITE AX DDR4 + 14700K,754
Gigabyte B760 AORUS ELITE AX DDR4 + 14700KF,717
Gigabyte B760 AORUS ELITE AX DDR4 + 14900K,902
Gigabyte B760 AORUS ELITE AX DDR4 + 14900F,1002
Gigabyte B760 AORUS ELITE AX DDR4 + 14900KF,873
Gigabyte B760 AORUS ELITE AX DDR4 + 12700KF,739
Gigabyte B760 AORUS ELITE AX DDR4 + 12400F,406
Gigabyte B760 AORUS ELITE AX DDR4 + 13100F,406
Gigabyte B760 AORUS ELITE AX DDR4 + 13400,501
Gigabyte B760 AORUS ELITE AX DDR4 + 13600,621
Gigabyte B760 AORUS ELITE AX DDR4 + 13600K,569
Gigabyte B760 AORUS ELITE AX DDR4 + 13600KF,524
Gigabyte B760 AORUS ELITE AX DDR4 + 13700K,710
Gigabyte B760 AORUS ELITE AX DDR4 + 13900F,1006
Gigabyte B760 AORUS ELITE AX DDR4 + 12700,761
Gigabyte B760 AORUS ELITE AX DDR4 + 13500,584
Gigabyte B760 AORUS ELITE DDR4,234
Gigabyte B760 AORUS ELITE DDR4 + 14100,405
Gigabyte B760 AORUS ELITE DDR4 + 14100F,353
Gigabyte B760 AORUS ELITE DDR4 + 14400,509
Gigabyte B760 AORUS ELITE DDR4 + 14400f,472
Gigabyte B760 AORUS ELITE DDR4 + 14500,578
Gigabyte B760 AORUS ELITE DDR4 + 14600,627
Gigabyte B760 AORUS ELITE DDR4 + 14700,701
Gigabyte B760 AORUS ELITE DDR4 + 14700F,664
Gigabyte B760 AORUS ELITE DDR4 + 14900,1048
Gigabyte B760 AORUS ELITE DDR4 + 14600K,575
Gigabyte B760 AORUS ELITE DDR4 + 14600KF,546
Gigabyte B760 AORUS ELITE DDR4 + 14700K,761
Gigabyte B760 AORUS ELITE DDR4 + 14700KF,724
Gigabyte B760 AORUS ELITE DDR4 + 14900K,909
Gigabyte B760 AORUS ELITE DDR4 + 14900F,1008
Gigabyte B760 AORUS ELITE DDR4 + 14900KF,879
Gigabyte B760 AORUS ELITE DDR4 + 12700KF,746
Gigabyte B760 AORUS ELITE DDR4 + 12400F,412
Gigabyte B760 AORUS ELITE DDR4 + 13100F,412
Gigabyte B760 AORUS ELITE DDR4 + 13400,507
Gigabyte B760 AORUS ELITE DDR4 + 13600,627
Gigabyte B760 AORUS ELITE DDR4 + 13600K,575
Gigabyte B760 AORUS ELITE DDR4 + 13600KF,531
Gigabyte B760 AORUS ELITE DDR4 + 13700K,716
Gigabyte B760 AORUS ELITE AX DDR4 + 13900F,1013
Corsair Carbide 275Q Quiet Gaming,115
Corsair Carbide 100R Silent Edition,99
Corsair Carbide 100R Mid Tower,82
CORSAIR Carbide 175R RGB TG Gaming,99
Corsair iCUE 220T RGB Airflow TG Sma,165
Corsair iCUE 220T RGB Airflow TG,165
CORSAIR iCUE 465X RGB TG - Black,219
CORSAIR iCUE 465X RGB TG - White,219
Crystal 280X RGB TG — Black,249
Crystal 280X RGB TG — White,249
CORSAIR Crystal 680X RGB -Black,369
CORSAIR Crystal 680X RGB -White,369
CORSAIR Carbide 678C - Black,199
CORSAIR Carbide 678C - White,199
Corsair Obsidian 500D RGB SE Premium,389
Crystal 570X RGB TG Black,299
Crystal 570X RGB TG White,299
Crystal 570X RGB TG Black Mirror,299
Obsidian 1000D Super-Tower,729
QNAP TS-233 2-Bay 2GB RAM Desktop,336
"QNAP 2-Bay Desktop NAS, Intel Cele",682
QNAP 4-Bay Desktop ARM A-55 2GHz C,627
QNAP 4-bay Intel Celeron N5105/N50,869
QNAP 4-Bay NAS AMD Ryzen quad-cor,1166
"QNAP 4-Bay NAS, Intel Core i3-8100",2233
QNAP 4-Bay quad-core 1.7GHz 1U sho,979
QNAP Short depth 1U rackmount 4-ba,1056
QNAP 6-bay Intel Celeron N5105/N50,1100
"QNAP 6-bay NAS, AMD Ryzen V1000 se",1320
"QNAP 6-Bay NAS, Intel Core i3 NAS",2640
"QNAP 8-bay NAS, AMD Ryzen V1000 s",1595
"QNAP 8-Bay NAS, Intel core i5-8400",3080
QNAP TS-873AeU-RP-4G 8-Bay Rackmou,2772
"QNAP 9-bay NAS, AMD Ryzen V1500B 4",1452
QNAP 2-bay 3.5” SATA HDD USB 3.1 G,264
QNAP 4-bay 3.5” SATA HDD USB 3.0 t,341
QNAP M.2 2280 PCIe NVMe to U.2 PCI,88
QNAP QM2-2P-384 Dual M.2 PCIe SSD,242
QNAP QM2-4P-384 Quad M.2 PCIe SSD,264
QNAP 2 x PCIe Gen3 NVMe SSD & 1 x,341
QNAP QXG-10G1TB Single-port (10Gba,193
QNAP 2 x RJ-45 10gBe Ports PCIe 3.,337
QNAP CAB-DAC30M-SFPP SFP+ 10GbE tw,113
QNAP CAB-SAS05M-8644 Mini SAS cabl,113
QNAP PWR-ADAPTER-65W-A01 65W exter,116
QNAP PWR-ADAPTER-90W-A01 90W exter,116
QNAP SP-2BAY-ADAPTOR-90W 90W exter,127
QNAP PWR-ADAPTER-120W-A01 120W 4pi,143
QNAP PWR-PSU-100W-DT01 100W open f,132
QNAP PWR-PSU-250W-DT02 250W Delta,171
QNAP PWR-PSU-300W-DT01 300W power,319
QNAP PWR-PSU-300W-DT02 300W power,319
QNAP SP-469U-S-PSU 250W single pow,424
QNAP RAIL-B02 Rack Slide Rail Kit,131
QNAP RAIL-A02-90 A02 (Chass,264
Fractal Design Define 7 XL Black - Solid Panel FD-C-DEF7X-01,330
Fractal Design Define 7 XL Black - Light Tint Tempered Glass FD-C-DEF7X-02,355
Fractal Design Define 7 XL Black - Dark Tint Tempered Glass FD-C-DEF7X-03,355
Fractal Design Define 7 Black Solid FD-C-DEF7A-01,268
Fractal Design Define 7 Black TG Light Tint FD-C-DEF7A-02,282
Fractal Design Define 7 Black TG Dark Tint FD-C-DEF7A-03,282
Fractal Design Define 7 White TG Clear Tint FD-C-DEF7A-06,282
Fractal Design Define 7 Grey TG Light Tint FD-C-DEF7A-08,282
Fractal Design Define 7 Compact Black Solid FD-C-DEF7C-01,179
Fractal Design Define 7 Compact White Solid FD-C-DEF7C-05,179
Fractal Design Define 7 Compact Black TG Dark Tint FD-C-DEF7C-02,199
Fractal Design Define 7 Compact Black TG Light Tint FD-C-DEF7C-03,199
Fractal Design Define 7 Compact White TG Clear Tint FD-C-DEF7C-04,199
Fractal Design Define 7 Mini Black Solid FD-C-DEF7M-01,188
Fractal Design Define 7 Mini Black TG Light Tint FD-C-DEF7M-02,188
Fractal Design Define 7 Nano Black Solid FD-C-DEF7N-01,168
Fractal Design Define 7 Nano Black TG Light Tint FD-C-DEF7N-02,168
Fractal Design North Charcoal Black FD-C-NOR1C-01,225
Fractal Design North Charcoal Black TG Dark Tint FD-C-NOR1C-02,225
Fractal Design North Chalk White FD-C-NOR1C-03,225
Fractal Design North Chalk White TG Clear Tint FD-C-NOR1C-04,225
Fractal Design Torrent Black TG Light Tint FD-C-TOR1A-01,305
Fractal Design Torrent Gray TG Light Tint FD-C-TOR1A-02,305
Fractal Design Torrent White TG Clear Tint FD-C-TOR1A-03,305
Fractal Design Torrent Black RGB TG Light Tint FD-C-TOR1A-04,375
Fractal Design Torrent Black Solid FD-C-TOR1A-05,290
Fractal Design Torrent Black TG Dark Tint FD-C-TOR1A-06,305
Fractal Design Torrent RGB White TG clear tint FD-C-TOR1A-07,375
Fractal Design Torrent Compact Black TG Dark Tint FD-C-TOR1C-01,230
Fractal Design Torrent Compact RGB Black TG Light Tint FD-C-TOR1C-02,260
Fractal Design Torrent Compact White TG Clear Tint FD-C-TOR1C-03,230
Fractal Design Torrent Compact Black Solid FD-C-TOR1C-04,215
Fractal Design Torrent Nano Black TG Dark Tint FD-C-TOR1N-01,200
Fractal Design Torrent Nano RGB Black TG Light Tint FD-C-TOR1N-02,215
Fractal Design Torrent Nano White TG Clear Tint FD-C-TOR1N-03,200
Fractal Design Torrent Nano Black Solid FD-C-TOR1N-04,185
Fractal Design Meshify 2 XL Black TG Dark Tint FD-C-MES2X-01,320
Fractal Design Meshify 2 XL Black TG Light Tint FD-C-MES2X-02,320
Fractal Design Meshify 2 RGB Black TG Light tint FD-C-MES2A-06,279
Fractal Design Meshify 2 RGB White TG Clear tint FD-C-MES2A-08,279
Fractal Design Meshify 2 Black Solid FD-C-MES2A-01,230
Fractal Design Meshify 2 Black TG Dark Tint FD-C-MES2A-02,250
Fractal Design Meshify 2 Black TG Light Tint FD-C-MES2A-03,250
Fractal Design Meshify 2 Gray TG Light Tint FD-C-MES2A-04,250
Fractal Design Meshify 2 White TG Clear Tint FD-C-MES2A-05,250
Fractal Design Meshify 2 Lite Black TG Light tint FD-C-MEL2A-03,190
Fractal Design Meshify 2 Lite White TG Clear FD-C-MEL2A-04,190
Fractal Design Meshify 2 Lite RGB Black TG Light tint FD-C-MEL2A-05,225
Fractal Design Meshify 2 Compact Black Solid FD-C-MES2C-01,185
Fractal Design Meshify 2 Compact Black TG Dark Tint FD-C-MES2C-02,199
Fractal Design Meshify 2 Compact Black TG Light Tint FD-C-MES2C-03,199
Fractal Design Meshify 2 Compact Gray TG Light Tint FD-C-MES2C-04,199
Fractal Design Meshify 2 Compact White TG Clear Tint FD-C-MES2C-05,199
Fractal Design Meshify 2 Compact RGB Black TG Light Tint FD-C-MES2C-06,225
Fractal Design Meshify 2 Compact RGB White TG Clear Tint FD-C-MES2C-08,225
Fractal Design Meshify 2 Compact Lite Black TG Light tint FD-C-MEL2C-03,165
Fractal Design Meshify 2 Compact Lite White TG Clear FD-C-MEL2C-04,165
Fractal Design Meshify 2 Compact Lite RGB Black TG Light tint FD-C-MEL2C-05,199
Fractal Design Meshify 2 Mini Black TG Dark Tint FD-C-MES2M-01,185
Fractal Design Meshify 2 Mini White TG Clear Tint FD-C-MES2M-02,185
Fractal Design Meshify 2 Nano Black TG Dark Tint FD-C-MES2N-01,170
Fractal Design Meshify 2 Nano White TG Clear Tint FD-C-MES2N-02,170
Fractal Design Pop Air Black Solid FD-C-POA1A-01,128
Fractal Design Pop Air Black TG Clear Tint FD-C-POA1A-02,128
Fractal Design Pop Air White TG Clear Tint FD-C-POA1A-03,128
Fractal Design Pop Air RGB White TG Clear Tint FD-C-POR1A-01,145
Fractal Design Pop Air RGB Cyan Core TG Clear Tint FD-C-POR1A-02,145
Fractal Design Pop Air RGB Magenta Core Clear Tint FD-C-POR1A-03,145
Fractal Design Pop Air RGB Green Core TG Clear Tint FD-C-POR1A-04,145
Fractal Design Pop Air RGB Orange Core TG Clear Tint FD-C-POR1A-05,145
Fractal Design Pop Air RGB Black TG Clear Tint FD-C-POR1A-06,145
Fractal Design Pop Silent Black Solid FD-C-POS1A-01,128
Fractal Design Pop Silent Black TG Clear Tint FD-C-POS1A-02,128
Fractal Design Pop Silent White TG Clear Tint FD-C-POS1A-04,128
Fractal Design Pop Mini Air RGB White TG Clear Tint FD-C-POR1M-01,145
Fractal Design Pop Mini Air RGB Black TG Clear Tint FD-C-POR1M-06,145
Fractal Design Pop Mini Silent Black Solid FD-C-POS1M-01,130
Fractal Design Pop Mini Silent Black TG Clear Tint FD-C-POS1M-02,130
Fractal Design Pop XL Air RGB White TG Clear Tint FD-C-POR1X-01,170
Fractal Design Pop XL Air RGB Black TG Clear Tint FD-C-POR1X-06,170
Fractal Design Pop XL Silent Black Solid FD-C-POS1X-01,155
Fractal Design Pop XL Silent Black TG Clear Tint FD-C-POS1X-02,155
Fractal Design Fractal Design Ridge Black Mitx FD-C-RID1N-01,220
Fractal Design Fractal Design Ridge White mITX FD-C-RID1N-02,220
Fractal Design Focus 2 Black TG Clear Tint FD-C-FOC2A-01,111
Fractal Design Focus 2 White TG Clear Tint FD-C-FOC2A-02,111
Fractal Design Focus 2 RGB Black TG Clear Tint FD-C-FOC2A-03,126
Fractal Design Focus 2 RGB White TG Clear Tint FD-C-FOC2A-04,126
Fractal Design Focus 2 Black Solid FD-C-FOC2A-07,111
Fractal Design Focus G Black (Window Edition) FD-CA-FOCUS-BK-W,90
Fractal Design Focus G Blue (Window Edition) FD-CA-FOCUS-BU-W,90
Fractal Design Focus G Red (Window Edition) FD-CA-FOCUS-RD-W,90
Fractal Design Focus G White (Window Edition) FD-CA-FOCUS-WT-W,90
Fractal Design Focus Mini G Black (Window Edition) FD-CA-FOCUS-MINI-BKW,90
Fractal Design Node 804 FD-CA-NODE-804-BL-W,170
Fractal Design Node 304 FD-CA-NODE-304-BL,140
Fractal Design Node 202 FD-CA-NODE-202-BK,140
Fractal Design Core 500 FD-CA-CORE-500-BK,105
"Fractal Design ION SFX Gold 500W, Black, UK Cord FD-PSU-ION-SFX-500G-BK-UK",175
"Fractal Design ION SFX Gold 650W, Black, UK Cord FD-PSU-ION-SFX-650G-BK-UK",210
"Fractal Design ION+ 660P, 660W Fully Modular Power Supply FD-PSU-IONP-660P-BK-UK",205
Fractal Design ION Gold 750W Fully Modular Power Supply FD-P-IA2G-750-UK,180
Fractal Design ION Gold 850W Fully Modular Power Supply FD-P-IA2G-850-UK,200
Fractal Design Prisma AL-12 ARGB PWM Fan - Single Pack FD-FAN-PRI-AL12-PWM,35
Fractal Design Prisma AL-12 ARGB PWM Fan - Triple Pack FD-FAN-PRI-AL12-PWM-3P,90
Fractal Design Prisma AL-14 ARGB PWM Fan - Single Pack FD-FAN-PRI-AL14-PWM,40
Fractal Design Prisma AL-14 ARGB PWM Fan - Triple Pack FD-FAN-PRI-AL14-PWM-3P,99
Fractal Design Prisma AL-18 ARGB PWM Fan - Single Pack FD-FAN-PRI-AL18-PWM,70
Fractal Design Prisma AL-18 ARGB PWM Fan - Dual Pack FD-FAN-PRI-AL18-PWM-2P,115
Fractal Design Venturi HP-12 PWM Fan FD-FAN-VENT-HP12-PWM,33
Fractal Design Venturi HP-14 PWM Fan FD-FAN-VENT-HP14-PWM,39
Fractal Design Dynamic X2 GP-12 Fan (Black) FD-FAN-DYN-X2-GP12BK,22
Fractal Design Dynamic X2 GP-12 Fan (White) FD-FAN-DYN-X2-GP12WT,22
Fractal Design Dynamic X2 GP-14 Fan (Black) FD-FAN-DYN-X2-GP14BK,25
Fractal Design Dynamic X2 GP-14 Fan (White) FD-FAN-DYN-X2-GP14WT,25
"Fractal Design HDD Cage kit - Type B, Black FD-A-CAGE-001",22
Fractal Design USB-C 10Gbps Cable- Model D FD-A-USBC-001,18
"Fractal Design HDD Drive Tray Kit - Type B, Black, Dual pack FD-A-TRAY-001",22
SUUNTO VERTICAL TITANIUM,1229
SUUNTO VERTICAL,899
SUUNTO 9 PEAK PRO TITANIUM,849
SUUNTO 9 PEAK PRO,679
SUUNTO 9 PEAK TITANIUM,589
SUUNTO 9 PEAK,459
SUUNTO 5 PEAK,329
Garmin Forerunner 255 Music Whitestone GM-010-02641-58,629
Forerunner 255s Music Black GM-010-02641-68,629
Garmin Forerunner 255s Music Whitestone GM-010-02641-78,629
"Garmin Forerunner 265 Black, 46mm GM-010-02810-50",689
"Garmin Forerunner 265 Whitestone, 46mm GM-010-02810-51",689
"Garmin Forerunner 265 Aqua, 46mm GM-010-02810-52",689
"Garmin Forerunner 265s Black, 42mm GM-010-02810-53",689
"Garmin Forerunner 265s Whitestone, 42mm GM-010-02810-54",689
"Garmin Forerunner 265s Pink, 42mm GM-010-02810-55",689
Garmin Forerunner 955 Black GM-010-02638-J0,789
Garmin Forerunner 955 White GM-010-02638-J1,789
Garmin Forerunner 955 Solar Black GM-010-02638-H0,919
Garmin Forerunner 955 Solar White GM-010-02638-H1,919
"Garmin Forerunner 965 Black, 47mm GM-010-02809-80",919
"Garmin Forerunner 965 Whitestone, 47mm GM-010-02809-81",919
"Garmin Forerunner 965 Yellow, 47mm GM-010-02809-82",919
Garmin Running Dynamic Pod Yellow GM-010-12520-10,108
Garmin HRM Dual Black GM-010-12883-01,109
Garmin HRM Pro Plus Black GM-010-13118-10,199
"Garmin Approach S70 White, 42mm GM-010-02746-50",999
"Garmin Approach S70 Powder Gray, 42mm GM-010-02746-51",999
"Garmin Approach S70 Black, 47mm GM-010-02746-52",1099
Garmin Forerunner 55 Black GM-010-02562-50,309
Garmin Forerunner 55 Whitestone GM-010-02562-51,309
Garmin Forerunner 55 Aqua GM-010-02562-52,309
Garmin Forerunner 55 Monterra Grey GM-010-02562-53,309
Garmin Forerunner 255 Slate Grey GM-010-02641-43,549
Garmin Forerunner 255 Tidal Blue GM-010-02641-53,549
Garmin Forerunner 255s Powder Grey GM-010-02641-63,549
Garmin Forerunner 255s Light Pink GM-010-02641-73,549
Garmin Forerunner 255 Music Black GM-010-02641-48,629
"Pure Base 500 (BG034), ATX, Solid Si",94
"Pure Base 500 Window (BGW34), ATX, T",117
"Pure Base 500 Window (BGW35), ATX,",117
"Pure Base 500 Window (BGW36), ATX, T",117
"Pure Base 500 DX (BGW37), ATX, ARGB",150
"Pure Base 500 DX (BGW38), ATX, ARGB",150
"Pure Base 600 (BG021), ATX, Solid Si",117
"Pure Base 600 (BGW21), ATX, TG Panel",136
"Dark Base 700 WIndow (BGW23), ATX, T",260
"Silent Base 601 (BG026), ATX, Steel",153
"Silent Base 601 Window (BGW26), ATX,",171
"Silent Base 802 Window (BGW39), Mesh",267
"Silent Base 802 Window (BGW40), Mesh",267
"Dark Base 900 (BG0116), Full ATX, 8P",303
"Dark Base Pro 900 rev.2 TG (BGW15),",366
"Silent Loop 2 240 (BW010), ARGB Pump",192
"Silent Loop 2 280 (BW011), ARGB Pump",207
"Silent Loop 2 360 (BW012), ARGB Pump",235
"Pure Rock 2 (BK006), 4x6mm heatpipes",58
"Pure Rock 2 Black (BK007), 4x6mm hea",64
"Shadow Rock 3 (BK004), 190W TDP, 5x6",80
"Dark Rock 4 (BK021), 200W TDP, 6x6mm",109
"Dark Rock 4 Slim (BK024), 180W TDP,",96
"Dark Rock 4 PRO (BK022), 250W TDP, 7",158
"Dark Rock 4 PRO TR4 (BK023), 250W TD",139
"Dark Rock TF (BK020), 220W TDP, 6x6m",130
"Silent Wings 3 120mm PWM HS (BL070),",33
"Silent Wings 3 140mm PWM HS (BL071),",34
"Pure Wings 2 120mm PWM HS (BL081), 2",15
"Pure Wings 2 140mm PWM HS (BL083), 1",16
ARCTIC BioniX P120 A-RGB,38
Seagate FireCuda 530 SSD (NEW) 500GB,199
Seagate FireCuda 530 SSD (NEW) 1TB,349
Seagate FireCuda 530 SSD (NEW) 2TB,729
Seagate FireCuda 530 SSD (NEW) 4TB,1399
Seagate FireCuda 530 w/ Heat Sink 500GB,229
Seagate FireCuda 530 w/ Heat Sink 1TB,389
Seagate FireCuda 530 w/ Heat Sink 2TB,819
Seagate FireCuda 530 w/ Heat Sink 4TB,1499
Synology DS2419+ 12-bay DiskStation,2531
Synology DS2419+ll,2531
Synology DS3617xs 12-bay DiskStation,4015
Synology DS3617xsll,4015
"Synology FS1018 12-bay FlashStation,",2531
"Synology RS217 2-bay RackStation, Du",733
Synology RS819 4-bay RackStation (up,1070
Synology RS820+ 4-bay RackStation (u,1691
Synology RS820RP+ 4-bay RackStation,2159
Synology RS1619xs+ 4-bay RackStation,3244
Synology RS1219+ 8-bay RackStation (,1707
Synology RS1221+ 8-bay RackStation (,2066
Synology RS1221RP+ 8-bay RackStation,2817
Synology RS2418+ 12-bay RackStation,2732
Synology RS2418RP+ 12-bay RackStatio,3587
Synology RS2421+ 12-bay RackStation,3193
Synology RS2421RP+ 12-bay RackStatio,3946
Synology RS3618xs 12-bay RackStation,4186
Synology RS3617RPxs 12-bay RackStati,5211
Synology RS3617xs+ 12-bay RackStatio,6662
Synology RS4021xs+ 16-bay RackStatio,9399
Synology RS3621xs+ 12-bay RackStation,7518
Synology RS3621RPxs 12-bay RackStati,6013
Synology SA3400 12-bay RackStation (,9961
Synology SA3600 12-bay RackStation (,13156
Synology SA3200D 12-bay Dual Control,12216
Synology RS2818RP+ 16-bay RackStatio,4271
Synology RS2821RP+,5637
Synology RS4017xs+ 16-bay RackStatio,8372
Synology FS3600 24-bay 2.5’’ SAS/SAT,15036
Synology FS3400 24-bay 2.5’’ SAS/SAT,11276
Synology UC3200 12-bay Dual Controll,10337
Synology DX517 5-bay SATA expansion,767
Synology DX1215 12-bay SATA expansio,1787
Synology DX1215ll,1787
Synology RX418 4-bay SATA expansion,853
Synology RX1217 12-bay SATA expansio,2128
Synology RX1217RP 12-bay SATA expans,3179
Synology RX1216sas 12-bay SAS/SATA e,4068
Synology RX1217sas 12-bay SAS/SATA e,4068
Synology RX2417sas 24-bay 2.5’’ SAS/,4888
Synology RXD1215sas 12-bay SAS expan,4888
Synology SAT5200-3840G 3.84TB 2.5” E,1834
Synology SNV3400-400G 400GB M.2 2280,258
Synology SNV3400-800G 800GB M.2 2280,495
Synology SNV3500-400G 400GB M.2 2211,298
Synology SNV3500-800G 800GB M.2 2211,552
Synology HAT5300-8T Synology 3.5” In,551
Synology HAT5300-12T Synology 3.5” I,828
Synology HAT5300-16T Synology 3.5” I,1104
Seagate ST1000NM000A 1TB Exos 7E8 H,164
Seagate ST2000NM000A 2TB Exos 7E8 H,215
Seagate ST4000NM000A 4TB Exos 7E8 H,297
Seagate ST6000NM021A 6TB Exos 7E8 H,408
Seagate ST8000NM000A 8TB Exos 7E8 H,525
Seagate ST10000NM001G 10TB Exos X16,655
Seagate ST12000NM001G 12TB Exos X16,788
Seagate ST14000NM001G 14TB Exos X16,918
Seagate ST16000NM001G 16TB Exos X16,1048
Seagate ST18000NM000J 18TB Exos X18,1208
Seagate ST1000NM001A 1TB Exos 7E8 H,197
Seagate ST2000NM004A 2TB Exos 7E8 H,255
Seagate ST4000NM003A 4TB Exos 7E8 H,324
Seagate ST6000NM029A 6TB Exos 7E8 H,439
Seagate ST8000NM001A 8TB Exos 7E8 H,546
Seagate ST10000NM0096 10TB Exos X10,653
Seagate ST12000NM002G 12TB Exos X16,808
Seagate ST14000NM002G 14TB Exos X16,938
Seagate ST16000NM002G 16TB Exos X16,1071
Seagate ST18000NM004J 18TB Exos X18,1229
Seagate ST1000NX0313 1TB Exos 7E200,307
Seagate ST2000NX0253 2TB Exos 7E200,534
Seagate ST1000NX0333 1TB Exos 7E200,328
Seagate ST2000NX0343 2TB Exos 7E200,551
Jabra SUPREME UC (2 Earhooks + Earcushions) Black,399
Jabra SUPREME UC Comfort Kit (2Ehook/2Ecushion/Carrybag) Gray,399
MOUNTAIN Makalu 67 Black Mouse,99
MOUNTAIN Makalu 67 White Mouse,99
MOUNTAIN Nunatak M Mousepad,24.9
MOUNTAIN Nunatak XL Mousepad,49.9
Nitro Concepts E250 Gaming Chair - Black Black,239
Nitro Concepts E250 Gaming Chair - Black / Blue Blue,239
Nitro Concepts E250 Gaming Chair - Black / Red Red,239
Nitro Concepts E250 Gaming Chair - Black / White White,239
Nitro Concepts S300 EX Gaming Chair - Carbon Black Black,339
Nitro Concepts S300 EX Gaming Chair - Inferno Red Red,339
Nitro Concepts S300 EX Gaming Chair - Radiant White White,339
Nitro Concepts S300 EX Gaming Chair - Stealth Black Black,339
Nitro Concepts S300 Gaming Chair - black/red black/red,309
Nitro Concepts S300 Gaming Chair - black/white black/white,309
"Noblechairs EPIC GAMING CHAIR, short gas lift - Mercedes-AMG Petronas Formula One Team - 2021Edition",559
Noblechairs EPIC Gaming Chair - black / black black / black,369
Noblechairs EPIC Gaming Chair - black / blue black / blue,369
Noblechairs EPIC Gaming Chair - black / gold black / gold,369
Noblechairs EPIC Gaming Chair - black / red black / red,369
Noblechairs EPIC Gaming Chair - white white,369
"Noblechairs EPIC TX GAMING CHAIR, short gas lift - anthracite anthracite",389
Noblechairs HERO Gaming Chair - black black,439
Noblechairs HERO Gaming Chair - black/blue black/blue,439
Noblechairs HERO Gaming Chair - black/gold black/gold,439
Noblechairs HERO Gaming Chair - black/platinum white black/platinum white,439
Noblechairs HERO Gaming Chair - black/red black/red,439
Noblechairs HERO Gaming Chair -Black Edition Black Edition,499
"Noblechairs HERO TX GAMING CHAIR, short gas lift - anthracite anthracite",459
Noblechairs ICON Gaming Chair - WHITE/BLACK WHITE/BLACK,359
Noblechairs ICON Gaming Chair - black/blue black/blue,359
Noblechairs ICON Gaming Chair - black/platinum white black/platinum white,359
Noblechairs ICON Gaming Chair BLACK BLACK,359
Noblechairs ICON Gaming Chair BLACK/GOLD BLACK/GOLD,359
Noblechairs ICON Gaming Chair BLACK/RED BLACK/RED,359
G-DRIVE ARMORATD SPACE GREY 1TB USB-C SDPH81G-001T-GBAND 1TB,135
G-DRIVE ARMORATD SPACE GREY 2TB USB-C SDPH81G-002T-GBAND 2TB,165
G-DRIVE ARMORATD SPACE GREY 4TB USB-C SDPH81G-004T-GBAND 4TB,229
G-DRIVE ARMORATD SPACE GREY 5TB USB-C SDPH81G-005T-GBAND 5TB,279
G-DRIVE ARMORLOCK SSD 1TB USB-C (1000MB/s) SDPS41A-001T-SBANB 1TB,339
G-DRIVE ARMORLOCK SSD 2TB USB-C (1000MB/s) SDPS41A-002T-SBANB 2TB,599
G-DRIVE ARMORLOCK SSD 4TB USB-C (1000MB/s) SDPS41A-004T-SBANB 4TB,1199
G-DRIVE SSD 500GB USB-C (1000MB/s) SDPS11A-500G-GBANB 500GB,209
G-DRIVE SSD 1TB USB-C (1000MB/s) SDPS11A-001T-GBANB 1TB,329
G-DRIVE SSD 2TB USB-C (1000MB/s) SDPS11A-002T-GBANB 2TB,579
G-DRIVE SSD 4TB USB-C (1000MB/s) SDPS11A-004T-GBANB 4TB,1169
G-DRIVE PRO SSD 500GB THUNDERBOLT 3 (2800MB/s) SDPS51F-500G-GBANB 500GB,349
G-DRIVE PRO SSD 1TB THUNDERBOLT 3 (2800MB/s) SDPS51F-001T-GBANB 1TB,599
G-DRIVE PRO SSD 2TB THUNDERBOLT 3 (2800MB/s) SDPS51F-002T-GBANB 2TB,1169
G-DRIVE SPACE GREY 4TB USB-C SDPH91G-004T-SBAAD 4TB,289
G-DRIVE SPACE GREY 6TB USB-C SDPH91G-006T-SBAAD 6TB,339
G-DRIVE SPACE GREY 12TB USB-C SDPH91G-012T-SBAAD 12TB,649
G-DRIVE SPACE GREY 18TB USB-C SDPH91G-018T-SBAAD 18TB,868
G-DRIVE SPACE GREY 20TB USB-C SDPH91G-020T-SBAAD 20TB,1009
G-DRIVE PRO SPACE GREY 4TB THUNDERBOLT 3 + USB-C SDPH51J-004T-SBAAD 4TB,519
G-DRIVE PRO SPACE GREY 6TB THUNDERBOLT 3 + USB-C SDPH51J-006T-SBAAD 6TB,569
G-DRIVE PRO SPACE GREY 12TB THUNDERBOLT 3 + USB-C SDPH51J-012T-SBAAD 12TB,1019
G-DRIVE PRO SPACE GREY 18TB THUNDERBOLT 3 + USB-C SDPH51J-018T-SBAAD 18TB,1339
G-DRIVE PRO SPACE GREY 20TB THUNDERBOLT 3 + USB-C SDPH51J-020T-SBAAD 20TB,1499
G-RAID 2 SPACE GREY 8TB THUNDERBOLT 3 + USB-C SDPH62H-008T-SBAAD 8TB,989
G-RAID 2 SPACE GREY 12TB THUNDERBOLT 3 + USB-C SDPH62H-012T-SBAAD 12TB,1239
G-RAID 2 SPACE GREY 24TB THUNDERBOLT 3 + USB-C SDPH62H-024T-SBAAD 24TB,1899
G-RAID 2 SPACE GREY 36TB THUNDERBOLT 3 + USB-C SDPH62H-036T-SBAAD 36TB,2639
G-RAID 2 SPACE GREY 40TB THUNDERBOLT 3 + USB-C SDPH62H-040T-SBAAD 40TB,2799
G-RAID SHUTTLE 4 24TB THUNDERBOLT 3 + USB-C SDPH34H-024T-SBAAB 24TB,3399
G-RAID SHUTTLE 4 48TB THUNDERBOLT 3 + USB-C SDPH34H-048T-SBAAB 48TB,5679
G-RAID SHUTTLE 4 72TB THUNDERBOLT 3 + USB-C SDPH34H-072T-SBAAB 72TB,8099
G-RAID SHUTTLE 4 80TB THUNDERBOLT 3 + USB-C SDPH34H-080T-SBAAB 80TB,8459
G-RAID SHUTTLE SSD 8TB THUNDERBOLT 3 + USB-C SDPS24H-008T-SBAAB 8TB,7799
G-RAID SHUTTLE SSD 16TB THUNDERBOLT 3 + USB-C SDPS24H-016T-SBAAB 16TB,10999
G-RAID SHUTTLE SSD 32TB THUNDERBOLT 3 + USB-C SDPS24H-032T-SBAAB 32TB,16599
G-RAID SHUTTLE 8 48TB THUNDERBOLT 3 + USB-C SDPH48H-048T-SBAAB 48TB,6979
G-RAID SHUTTLE 8 96TB THUNDERBOLT 3 + USB-C SDPH48H-096T-SBAAB 96TB,11799
G-RAID SHUTTLE 8 144TB THUNDERBOLT 3 + USB-C SDPH48H-144T-SBAAB 144TB,16799
G-RAID SHUTTLE 8 160TB THUNDERBOLT 3 + USB-C SDPH48H-160T-SBAAB 160TB,17599
MOUNTAIN Cable Organizer - MOOY Clingman,13
MOUNTAIN Everest Max / US / MX Brown / Black Black,399
MOUNTAIN Everest Max / US / MX Brown / Gray Gray,399
DS-2CE16D0T-EXIF 2.8mm,43
DS-2CE76D0T-EXIMF 2.8mm,43
DS-2CE76D0T-ITPFS 2.8mm,58
DS-2CE16D0T-ITFS 2.8mm,70
DS-2CE16D0T-VFIR3F 2.8-12mm,120
DS-2CE56D0T-VFIR3F 2.8-12mm,120
DS-2CE5AD0T-VPIT3F 2.8-12mm,113
DS-2CE76H0T-ITPF 2.8mm,63
DS-2CE16H0T-ITF© 3.6mm,78
DS-2CE10DF0T-F 3.6mm,78
DS-2CE70DF0T-MF 3.6mm,78
DS-2CD1123G0E-I(L) 2.8mm,100
DS-2CD1023G0E-I(L) 2.8mm,100
DS-2CD1023G0-IUF © 2.8mm,135
DS-2CD1323G0-IUF © 2.8mm,135
DS-2CD1027G0-L 2.8mm,170
DS-2CD1327G0-L 2.8mm,170
DS-2CD1143G0-I 2.8mm,183
DS-2CD1043G0-I 2.8mm,188
DS-2CD2121G0-I 2.8mm,150
DS-2CD2021G1-I 2.8mm,150
DS-2CD2121G1-IDW1 2.8mm,150
DS-2CD2021G1-IDW1 2.8mm,150
DS-2CD2421G0-IW 2.8mm,168
DS-2CV2Q21FD-IW(B) 2.8mm,120
DS-2DE2A204IW-DE3© 2.8-12mm(S6),288
DS-2DE4215IW-DE(S5),688
iDS-7204HQHI-M1/S,170
iDS-7208HQHI-M1/S,255
iDS-7216HQHI-M1/S,475
iDS-7216HQHI-M2/S,500
iDS-7204HUHI-M1/S,263
iDS-7208HUHI-M1/S,445
DS-7604NI-Q1/4P,275
DS-7608NI-Q1/8P,370
DS-7616NI-Q2/16P,565
DS-K1T804BMF/BEF,188
DS-KIS603-P(B),500
DS-KH6320-WTE1,288
DS-KIS703-P,545
CS-C1C-F0-1E2WF C1C-B,78
CS-CV246-A0-1C2WFR (C6CN),75
CS-C6N-B0-1G2WF,80
CS-TY2-B0-1G2WF,75
CS-CV346-A0-7A3WFR,185
CS-C6W-A0-3H4WF,195
CS-C8C-A0-1F2WF,175
CS-C3W-A0-1F4WFL,195
CS-C3TN-A0-1H2WF,98
CS-BC1C-B0-2C2WPBDL,285
CS-CMT-Solar Panel-C,65
CS-DB2C-A0-1E3WPBR (DB2C Kit(With Chime),185
CS-DP2C-A0-6E2WPFBSDP2C,230
CS-CMT-Bracket-WallMount,10
D-Link DES-F1006P-E 250M 4-Port 10 / DES-F1006P-E 250M 4-Port 10,58
D-Link DGS-1210-10P 8-port UTP 802.3af &,626
"D-Link DES-F1010P-E 250M 8-Port 10/100 PoE 802.3at PoE 10/100/1000Mbps, 2-port UTP Switch + 2 Uplink Gigabit Ports - Power Budget : 96W",121
D-Link DGS-1210-10P 8-port UTP 802,235
D-Link DGS-3130-30PS,2083
D-Link DGS-1250-28X 24 Ports 10/10,452
D-Link DGS-3130-30S 24 SFP ports,1552
D-Link DES-F1018P-E 250M 16-Port 1,308
D-Link DGS-1210-10MP 8-P,361
D-Link DES-F1026P-E 250M 24-Port 1,379
D-Link DGS-1210-28P 24-port UTP 80,626
D-Link DGS-1250-52X 48 Ports 10/10,860
D-Link DGS-3130-30TS,1155
D-Link DGS-F1005P-E 250M 4-Port Gi,65
D-Link DGS-F1018P-E 250M 16-Port G,330
D-Link DGS-1210-10MP 8-port UTP 8,822
D-Link DGS-1510-28X 24-port UTP 10,579
D-Link DGS-F1026P-E 250M 24-Port G,431
D-Link DGS-1210-52MP 48-port UTP 8,1175
D-Link DGS-1510-52X 48-port UTP 10,1195
D-Link DGS-1100-10PS-E 10-port Gi,189
D-Link DGS-1250-28XMP 28-port Giga,868
D-Link DPS-520 Redundant Power Sup,589
D-Link DPS-800 Chassis of Redundan,112
D-Link DGS-1250-52XMP 52-port Giga,1335
D-Link DGS-1100-08PV2 8-port Gigab,125
D-Link DMS-1100-10TS • 8 x,707
D-Link DMS-1100-10TP • 8 x 100/1,942
D-Link DXS-1210-10TS 8-port UTP 10,1568
D-Link DGS-1510-28P 24-port UTP802,986
D-Link DXS-1210-12TC 8-port UTP 10,2053
D-Link DXS-1210-12SC 10-port 10G S,1792
D-Link DGS-1510-28XMP 24-port UTP,1213
D-Link DXS-1210-16TC 12-port UTP 1,2732
D-Link DGS-1100-18PV2,336
D-Link DXS-1210-28T 24 x 10G Base-,3847
D-Link DGS-1510-52XMP 48-port UTP,2238
D-Link DGS-3630-28TC 20-port UTP 1,2184
D-Link DGS-3630-28TC-SE-LIC DGS-36,146
D-Link DGS-3630-28TC-EM-LIC DGS-36,582
D-Link DGS-3630-28TC-SM-LIC DGS-36,728
D-Link DGS-3630-28PC 20 PoE,2826
D-Link DGS-3630-28PC-SE-LIC DGS-36,248
D-Link DGS-3630-28PC-EM-LIC DGS-36,841
D-Link DGS-3630-28PC-SM-LIC DGS-36,1091
D-Link DGS-3630-28SC 20-ports Giga,2456
D-Link DGS-3630-28SC-SE-LIC DGS-36,165
D-Link DGS-3630-28SC-EM-LIC DGS-36,692
D-Link DGS-3630-28SC-SM-LIC DGS-36,856
D-Link DGS-1520-28 28-port Gigabit,942
D-Link DGS-1520-52 52-port Gigabit,1649
D-Link DGS-3630-52TC 44-port UTP 1,3459
D-Link DGS-3630-52TC-SE-LIC DGS-36,255
D-Link DGS-3630-52TC-EM-LIC DGS-36,1001
D-Link DGS-3630-52TC-SM-LIC DGS-36,1256
D-Link DAP-X1810F WiFi 6 AX1800 In,133
D-Link DNH-100 Nuclias Connect Hub,202
D-Link DAP-X2810 Wireless AX1800 W,242
D-Link DAP-X2850 Wireless AX3600 W,410
D-Link DAP-2610 Wireless AC1300 Wa,101
D-Link DAP-2662 Wireless AC1200 Wa,124
D-Link DAP-2682 Wireless AC2300 Wa,156
D-Link DAP-2620 Wirless AC1200 Wav,134
D-Link DAP-3666 Wireless AC1200 Wa,446
D-Link DAP-1682F 3KM Outdoor Bridg,153
D-Link DAP-1683F 8KM Outdoor Bridg,199
D-Link DPE-301GI 1-port Gigabit 80,36
D-Link DPE-301GS 1-port Gigabit 80,38
D-Link DGS-1100-05V2 5-port Gigabi,41
D-Link DGS-1100-08V2 8-port Gigabi,66
D-Link DGS-1100-16V2 16-port Gigab,159
D-Link DGS-1100-24V2 24-port Gigab,208
D-Link DGS-1210-10 8-Port Gigabit,159
D-Link DGS-1210-20 16-port UTP 10/,235
D-Link DGS-1210-26 24-port UTP 10/,265
D-Link DGS-1210-28 24-port UTP 10/,312
D-Link DGS-1210-52 48-port UTP 10/,455
D-Link DES-1210-28 24-port UTP 10/,217
D-Link DES-1210-52 48-port UTP 10/,455
D-Link DGS-1100-26MPV2 26-port Gig,665
D-Link DGS-3630-52PC 44-port UTP 1,6032
D-Link DGS-3630-52PC-SE-LIC DGS-36,447
D-Link DGS-3630-52PC-EM-LIC DGS-36,893
D-Link DGS-3630-52PC-SM-LIC DGS-36,1340
100Base-FX (LC) Single-mode Media Converter Power Budget: 480W DFL-870M-AC-24-LIC 2-year L,1024
DMC-F20SC-BXU/E 100Base-TX,87
DFL-870M-AC-36-LIC 3-year L,1351
DXS-5000-54S 10G Data Cente,8911
D-Link OS for DXS-5000-54S,2747
DQS-5000-32Q28 100G D,18841
DQS-5000-32S 40G Da,11776
DXS-3400-24TC/ESI 20-port U,8733
DSR-250V2 Nuclias Connect D,314
DSR-250V2-WCF-12-LIC Licens,114
DXS-3400-24TC-SE-LIC DXS-34,328
DEM-QX01Q-SR4,274
DEM-QX10Q-LR4,1805
D-Link DEM-CB100QXS-4XS,235
DEM-410T 10G SFP+ to 10GBas,235
DEM-431XT 10GBASE-SR (Duple,277
D-Link DEM-431XT-DD 10GBASE-LR (Du ....,277
DEM-432XT 10GBASE-LR (Duple,410
DEM-433XT 10GBASE-ER SFP+ T,1872
DEM-434XT 10GBASE-ZR SFP+ T,3474
DEM-435XT 10GBASE-LRM Multi,356
DEM-436XT-BXD 10GBASE-LR Bi,624
DEM-436XT-BXU 10GBASE-LR Bi,660
DEM-311GT 1-port 1000Base-S,73
DEM-312GT2 1-port 1000Base-,277
DEM-314GT 1-port 1000Base-L,333
DEM-315GT 1-port 1000Base-T,370
DEM-330R 1000Base-BX-U (Simp,80
DEM-330T 1000Base-BX-D (Simp,94
DEM-331R 1000Base-BX-U (Simp,333
DEM-331T 1000Base-BX-D (Simp,370
DGS-712 10/100/1000Base-T (,110
DEM-210 100BASE-FX (Duplex,92
DEM-211 100BASE-FX (Duplex,84
DEM-220R 100BASE-BX-U (Simp,99
DEM-220T 100Base-BX-D (Simp,106
D-Link DPS-200A Redundant Power Su,224
DPS-500A Redundant Power Su,280
DPS-700 Redundant Power Sup,821
DPS-800 Chassis of Redundan,112
D-Link DPS-CB150-2PS 150CM RPS cab,37
DXS-3400-24TC/EEI 20-port U,9060
DXS-5K-54S-DC-LIC Licens,2747
DQS-5000-54SQ28 25G Da,16486
DXS-3400-24SC/EEI 20-port 1,6695
DXS-3400-24SC/ESI 20-port 1,6368
DXS-3400-24SC-SE-LIC DXS-34,328
DXS-PWR300AC 300W hot-swapp,637
DXS-FAN100 Hot-swappable fa,73
DXS-3600-16S/EEI 8 fixed SF,7662
DXS-3600-16S/ESI,6772
DXS-3600-16S-SE-LIC DXS-360,802
DXS-3600-32S/EEI 24 fixed S,13542
DXS-3600-32S/ESI,12294
DXS-3600-32S-SE-LIC DXS-360,1426
DXS-3600-EM-4QXS 4 x 40Gbps,3208
DXS-3600-EM-4XT 4-Port 10GB,1727
DXS-3600-EM-8T 8-Port UTP 1,480
DXS-3600-EM-8XS 8-Port 10G,1623
DXS-3600-EM-Stack 2-Port 12,437
D-Link DEM-CB100QXS 1M 40G QSFP+ t,99
DEM-CB100QXS-4XS 1M 40G QSF,196
D-Link DEM-CB300QXS 3M 40G QSFP+ t,125
DEM-QX01Q-SR4 40GBASE-SR4 M,1047
DEM-QX10Q-LR4 40GBASE-LR4 S,5583
DEM-CB50CXP 120G CXP to CXP,200
DXS-3600-FAN-BF A fan tray,500
DEM-CB100S 10-GbE SFP+ 1m D,84
DEM-CB300S 10-GbE SFP+ 3m D,157
DEM-CB700S 10-GbE SFP+ 7m D,230
"D-Link DXS-3610-54S 48 x 10G SFP+, ..",14838
D-Link DXS-3610-54S-SE-LIC DXS-361,1962
D-Link DXS-3610-54T-SE-LIC DXS-361,1962
DEM-CB100Q28 100G QSFP28 to,241
DEM-CB100Q28-4S28 100G QSFP,284
D-Link DMC-1000/E 19” Rackmount Me,575
DMC-1001 Redundant Power Su,288
DMC-1002 SNMP Management Mo,261
DMC-300SC/E 10/100Base-TX (,106
DMC-515SC/E 10/100Base-TX (,134
DMC-530SC/E 10/100Base-TX (,154
DMC-920/E 10/100Base-TX to,326
DMC-920R 10/100Base-TX to 1,132
DMC-920T 10/100Base-TX to 1,144
D-Link DMC-1530SC/E 10/100Base-TX,163
D-Link DMC-1580SC/E 10/100Base-TX,804
DMC-700SC/E 1000Base-TX (UT,235
D-Link DMC-805G/E 1000Base-TX (UT,122
D-Link DMC-810SC/E 1000Base-TX (UT,437
D-Link DMC-1910/E 1000Base-TX (UTP,976
DMC-1910R/E 1000Base-TX to,437
DMC-1910T/E 1000Base-TX to,662
DMC-F02SC/E 100Base-TX to 1,69
DMC-F15SC/E 100Base-TX to 1,78
DMC-F20SC-BXD/E 100Base-TX,87
DMC-F30SC/E 100Base-TX to 1,87
DMC-F60SC/E 100Base-TX to 1,104
DMC-G01LC/E 10/100/1000Mbps,62
DWM-312 4G LTE Industrial V,416
DWM-312W 4G LTE Industrial,469
DWM-315 4G LTE Cat 6 Indust,469
DWM-313 4G LTE Industrial V,586
DWM-321 4G LTE In-Vehicle W,1173
D-Link DWM-550-G 5G NR Multi-Conne,1079
DECS-1Y D-Link Edge Cloud S,37
DECS-2Y D-Link Edge Cloud S,60
DECS-3Y D-Link Edge Cloud S,88
DIS-100G-5PSW (No Po,542
DIS-100G-5SW 4-port,384
DIS-100G-5W 5-port,353
DIS-100G-8SW 6-port,542
DIS-100G-8W 8-port,511
DIS-F2010PS-E 10-port Gigab,446
DIS-F2020PS-E 20-port Gigab,776
NDR-240-48 DIN Rail Power S,157
DIS-200G-12PS 8-port UTP 80,1177
DIS-200G-12PSW 8-port UTP 8,1296
DIS-200G-12SW 10 x 10/100/1,1060
DIS-PWR40AC/M 40W power ada,69
DIS-PWR180AC/M,240
DIS-200G-RPK180 Rack-mount,235
DIS-RK200G Standard 19” rac,24
DIS-300G-8PSW 4 x 10/100/10,2418
DIS-300G-14PSW 8 x 10/100/1,2747
DIS-300G-12SW 8 x 10/100/10,1884
DIS-700G-28XS 24 x 100/1000,7772
"D-Link DIS-S301SX 1000BASE-SX, Mul",132
"D-Link DIS-S302SX 1000BASE-SX, Mul",132
"DIS-S310LX 1000BASE-LX, Sin",161
"DIS-S330EX 1000BASE-EX, Sin",345
"DIS-S350LHX 1000BASE-LHX, S",381
"DIS-S380ZX 1000BASE-ZX, Sin",396
D-Link DFL-870M UTM Firewall 10-po”,2041
DFL-870M-AV-12-LIC 1-year L,550
DFL-870M-AV-24-LIC 2-year L,1024
DFL-870M-AV-36-LIC 3-year L,1351
DFL-870M-AC-12-LIC 1-year L,550
DFL-870M-AC-24-LIC 2-year L,1024
DFL-870M-AC-36-LIC 3-year L,1351
DFL-870M-IPS-12-LIC 1-year,550
DFL-870M-IPS-24-LIC 2-year,1024
DFL-870M-IPS-36-LIC 3-year,1351
DV-800S-LIC D-View 8,7259
DV-800E-LIC D-View,10889
DV-800-SE-LIC D-View,5807
DV-800MS-Y1-LIC D-View 8 St,3630
DV-800MS-Y2-LIC D-View 8 St,6533
DV-800MS-Y3-LIC D-View 8 St,8711
DV-800MS-Y4-LIC D-View 8 St,10163
DV-800MS-Y5-LIC D-View 8 St,10889
DV-800ME-Y1-LIC D-View 8 En,5807
DV-800ME-Y2-LIC D-View 8 En,10889
DV-800ME-Y3-LIC D-View 8 En,15244
NCB-C6UBLUR-305-24 CAT6 UTP,144
"Ugreen MD114-20417 3 in 1 Mini DP to HDMI/ VGA/DVI - White, 1080p",72
"Ugreen MD114-20418 3 in 1 Mini DP to HDMI/ VGA/DVI - Black, 1080p",72
"Ugreen MD115-20421 Mini DisplayPort to HDMI & VGA Converter Silver , HDMI 4K*2K@30Hz , VGA 1920x1200 @60hz, HDMI port support audio, VGA port don’t support audio",64
"Ugreen 10448 Mini DP Cable Male to DVI Female converter cable, Active, 4Kx2K, Support ATI Infinity EOL",66
Ugreen MD110-10451 Mini dp male to HDMI female converter cable---Aluminum case Support 4K*2K @ 60hzresolution,58
"Ugreen MD110-10401 Mini dp male to HDMI female converter cable---Aluminum case, 1.1V 40",40
"Ugreen MD112-10461 Mini dp to HDMI female converter cable 18CM Black - Plastic, 1920*1080",22
"Ugreen MD112-40360 Mini dp to HDMI female converter cable 18CM Black - Plastic, 4K*2K/30Hz",30
"Ugreen MD112-40361 Mini dp to HDMI female converter cable 18CM White - Plastic, 4K*2K/30Hz",30
"Ugreen 10402 Mini dp male to DVI female converter cable, Ver 1",34
Ugreen MD107-10403 Mini dp male to VGA female converter cable---Aluminum case,40
Ugreen MD113-10459 Mini dp male to VGA female converter cable---Aluminum case,37
Ugreen MD101-10419 Mini dp male to hdmi cable white 3M - 1080p,40
"Ugreen MD101-20848 Mini dp 1.2 male to hdmi cable black 4K, 1.5m",34.4
"Ugreen MD101-10455 Mini dp 1.2 male to hdmi cable black 4K, 3.0m",48
Ugreen MD102-10443 Mini DP to DVI (24+1) cable 1.5M White,44
Ugreen MD102-10405 Mini DP to DVI (24+1) cable 2M White,44
Ugreen MD102-20925 Mini DP to DVI (24+1) cable 2M Black,44
ASUS ROG RYUO 120 OLED AIO CPU COOLER,309
ASUS TUF GAMING LC 240 RGB,556
ASUS TUF GAMING LC 240 RGB,229
ASUS EXTERNAL 16X BLU-RAY ODD WRITER,199
ASUS EXTERNAL 6X BLU-RAY ODD WRITER,149
ASUS EXT 8X DVD WRITER W/7.1 SOUNDCARD,159
ASUS EXT 8X GOLD DVD WRITER W/TYPE-C,65
ASUS EXT 8X BLACK DVD WRITER W/TYPE-C,65
ASUS EXT 8X SILVER DVD WRITER W/TYPE-C,65
ASUS EXT 8X BLACK DVD WRITER M-DISC,59
ASUS EXT 8X SILVER DVD WRITER M-DISC,59
ASUS EXTERNAL 8X BLACK DVD WRITER,49
"BLACK STANDARD CARTRIDGE WF-5621, WF-5111",90
"CYAN STANDARD CARTRIDGE WF-5621, WF-5111",99
"MAGENTA STANDARD CARTRIDGE WF-5621, WF-5111",99
"YELLOW STANDARD CARTRIDGE WF-5621, WF-5111",99
MAINTENANCE BOX (WF-5621/WF-5111),36.5
BLACK STANDARD CARTRIDGE WF-6091,135
CYAN STANDARD CARTRIDGE WF-6091,105
MAGENTA STANDARD CARTRIDGE WF-6091,105
YELLOW STANDARD CARTRIDGE WF-6091,105
Replacement Pick Up Roller (Standard Cassette) WF-6091,55
Replacement Pick Up Roller (Optional Cassette) WF-6091,55
MAINTENANCE BOX (WF-6091),103
EPSON C12C932871 OPTIONAL CASSETTE (WF-C579R),383
EPSON C13T671600 MAINTENANCE BOX (WF-C579R),52
EPSON C12C932611 500-sheet Paper Cassette Unit (PCU),500
EPSON C12C934321 RIPS3 PRINTER STAND,253
EPSON C12C934361 WF-C879R Manual Stapler,440
EPSON C12C934471 EPSONNET 10/100/1000BASE TX INT - C879 only,455
EPSON C12C934491 SUPER G3 MULTI FAXBOARD - C879 only,1296
EPSON C12C934911 WF-C879R STAPLE CARTRIDGE - C879 only,58
EPSON C12C934921 WF-C879R Authentication Device Table - C879 only,41
EPSON C13S210048 Standard Cassette Maintenance Roller,68
EPSON C13S210049 Optional Cassette Maintenance Roller,68
EPSON C12C935941 MAINTENANCE ROLLER FOR PAPER CASSETTE,31
EPSON C12C935961 MAINTENANCE ROLLER FOR MAIN UNIT,27
EPSON C12C934471 EPSONNET 10/100/1000BASE TX INT.,455
EPSON C12C934491 SUPER G3 MULTI FAXBOARD,1296
EPSON C13T671400 MAINTENANCE BOX (WF-C878R/879R),121
EPSON C13S210048 Standard Cassette Maintenance Roller,68
EPSON C13S210049 Optional Cassette Maintenance Roller,68
EPSON C13T01D400 WF-579R Y/Large,201
EPSON C13T01D300 WF-579R M/Large,201
EPSON C13T01D200 WF-579R C/Large,201
EPSON C13T01D100 WF-579R BK/Large,591
EPSON C13T01C400 WF-579R Y/Standard,131
EPSON C13T01C300 WF-579R M/Standard,131
EPSON C13T01C200 WF-579R C/Standard,131
EPSON C13T01C100 WF-579R BK/Standard,302
"EPSON C13T05A100 Hopkins3, BK/Standard",131
"EPSON C13T05A200 Hopkins3, C/Standard",268
"EPSON C13T05A300 Hopkins3, M/Standard",268
"EPSON C13T05A400 Hopkins3, Y/Standard",268
"EPSON C13T05B100 Hopkins3, BK/Large",493
"EPSON C13T05B200 Hopkins3, C/Large",554
"EPSON C13T05B300 Hopkins3, M/Large",554
"EPSON C13T05B400 Hopkins3, Y/Large",554
EPSON C13T973100 Black Standard Ink Pack,144
EPSON C13T973200 Cyan Standard Ink Pack,268
EPSON C13T973300 Magenta Standard Ink Pack,268
EPSON C13T973400 Yellow Standard Ink Pack,268
EPSON C13T974100 Black Large Ink Pack,495
EPSON C13T974200 Cyan Large Ink Pack,918
EPSON C13T974300 Magenta Large Ink Pack,918
EPSON C13T974400 Yellow Large Ink Pack,918
EPSON C11CH605024NTB1 1+4 years Coverplus for WF-C878R (with Option),1014
EPSON C11CH605022NTB1 1+2 years Coverplus for WF-C878R (with Option),479
EPSON C11CH355024NTB1 1+4 years Coverplus for WF-C879R (with Option),1165
EPSON C11CH355022NTB1 1+2 years Coverplus for WF-C879R (with Option),806.45
EPSON IC579R3N101 2+3 year Coverplus for WF-C579R,398
EPSON IC579R1N101 2+1 year Coverplus for WF-C579R,131
Canon 3850C003 LV-X350 Compact Projector LCD Fixed Lens Lamp 3500 lumens XGA,999
Canon 3851C003 LV-WX370 Compact Projector LCD Fixed Lens Lamp 3700 lumens WXGA,1099
Canon 3852C003 LV-WU360 Compact Projector LCD Fixed Lens Lamp 3600 lumens WUXGA,1799
Canon 2136C003 XEED WUX500ST Compact Short-throw Full HD LCOS Projector,11000
Canon 1955C003 XEED 4K600STZ LCOS Fixed Lens Laser 6000 lumens 4K,180
Canon 3899C001 LV-LP43 LV-X350 / WX370 / WU360 Lamps,180
Canon 1907C001 LV-LP42 LV-X420 / HD420 Lamps,450
Canon 1035C001 LX-LP02 MW500 / MU500 Lamps,900
Canon 0953C001 LX-LP01 MU700 Lamps,2000
Canon 5322B001 LV-LP34 7490 / 8320 Lamps,280
Canon 5323B001 LV-LP35 7292 / 7290 / 7392 Lamps,180
Canon 5806B001 LV-LP36 8235UST Lamps,350
Canon 0030C001 LV-LP37 S300 / X300 Lamps,300
Canon 0031C001 LV-LP38 X300ST / X320 / X310ST Lamps,350
Canon 0119C001 LV-LP39 WX300 Lamps,300
Canon 0120C001 LV-LP40 WX300ST / WX320 / WX310ST Lamps,350
Canon 0740C001 LV-LP41 WX300UST / WX300USTi Lamps,400
Canon 2406C001 RS-LP12 WUX7500 / WUX6700 / WUX5800 Lamps,700
Canon 8377B001 RS-LP08 WX520 / WUX400ST / WUX450 / WX450ST / WUX500ST / WUX500 Lamps,550
Canon 9963B001 RS-LP09 WUX6000/WUX6010 Lamps,550
Canon 2141C001 RS-LP11 WUX6500 Lamps,900
CANON SCANNER LiDE 300 ASA 2995C012AA,149
CANON SCANNER LiDE 400 ASA 2996C012AA,189
CANON SCANNER P-215 II 9705B002,459
CANON SCANNER DR-F120 9017B003,689
CANON IMAGEFORMULA 3258C003AD DR-C225 II,1562
CANON IMAGEFORMULA 0651C003AF DR-C240,2095
CANON IMAGEFORMULA 4044C003AC DR-S150,2625
CANON IMAGEFORMULA 2405C003AE DR-M260,3474
CANON IMAGEFORMULA 1255C003AF ScanFront 400,8415
CANON IMAGEFORMULA 4624B003AJ DR-6030C,8800
CANON IMAGEFORMULA 3150C003AC DR-G2110,13788
CANON IMAGEFORMULA 3149C003AC DR-G2140,19310
CANON IMAGEFORMULA 2152C003AB !A4 size Flatbed Unit 102 (FSU 102),1080
Apple AirTag Loop - White MX4F2FE/A,45
Apple AirTag (1 Pack) MX532ZP/A,45
Apple AirTag Loop - Pink Citrus MLYY3FE/A,45
Apple AirTag FineWoven Key Ring - Black MT2H3FE/A,55
Apple AirTag FineWoven Key Ring - Mulberry MT2J3FE/A,55
Apple AirTag FineWoven Key Ring - Pacific Blue MT2K3FE/A,55
Apple AirTag FineWoven Key Ring - Taupe MT2L3FE/A,55
Apple AirTag FineWoven Key Ring - Coral MT2M3FE/A,55
Apple AirTag (4 Pack) MX542ZP/A,149
Apple iPhone 12 mini Silicone Case with MagSafe - Deep Navy MHKU3ZA/A,75
Apple iPhone 12 mini Silicone Case with MagSafe - White MHKV3ZA/A,75
Apple iPhone 12 mini Silicone Case with MagSafe - (PRODUCT)RED MHKW3ZA/A,75
Apple iPhone 12 mini Silicone Case with MagSafe - Black MHKX3ZA/A,75
Apple iPhone 12 | 12 Pro Silicone Case with MagSafe - Deep Navy MHL43ZA/A,75
Apple iPhone 12 | 12 Pro Silicone Case with MagSafe - White MHL53ZA/A,75
Apple iPhone 12 | 12 Pro Silicone Case with MagSafe - (PRODUCT)RED MHL63ZA/A,75
Apple iPhone 12 | 12 Pro Silicone Case with MagSafe - Black MHL73ZA/A,75
Apple iPhone 12 mini Clear Case with MagSafe MHLL3ZA/A,75
Apple iPhone 12 | 12 Pro Clear Case with MagSafe MHLM3ZA/A,75
Apple iPhone 13 mini Silicone Case with MagSafe - Chalk Pink MM203FE/A,75
Apple iPhone 13 mini Silicone Case with MagSafe - Abyss Blue MM213FE/A,75
Apple iPhone 15 Silicone Case with MagSafe - Black MT0J3FE/A,75
Apple iPhone 13 mini Silicone Case with MagSafe - Evergreen MT503FE/A,806.45
Apple AirPods Max - Sky Blue MGYL3ZA/A,806.45
Apple iPhone 13 mini Silicone Case with Apple iPhone 15 Silicone Case with MagSafe - Storm Blue MT0N3FE/A,75
Apple AirPods Max - Pink MGYM3ZA/A,806.45
Apple iPhone 13 mini Silicone Case with Apple iPhone 15 Silicone Case with MagSafe - Clay MT0Q3FE/A,75
Apple AirPods Max - Green MGYN3ZA/A,806.45
Apple iPhone XR Clear Case MRW62FE/A,806.45
Apple AirPods (3rd generation) with MagSafe Charging Case MME73ZA/A,271.5
Apple AirPods (3rd generation) with Lightning Charging Case MPNY3ZA/A,261.4
Apple Radeon Pro Vega II MPX Module MW672ZA/A,3300
Apple Apple Afterburner Card MW682ZA/A,3028
Apple Radeon Pro Vega II Duo MPX Module MW732ZA/A,6600
Apple 16GB (2x8GB) DDR4 ECC Memory Kit MX1G2G/A,605.6
Apple 32GB (2x16GB) DDR4 ECC Memory Kit MX1H2G/A,1200
Apple 64GB (2x32GB) DDR4 ECC Memory Kit MX1J2G/A,1800
Apple 128GB (2x64GB) DDR4 ECC Memory Kit MX1K2G/A,4200
Apple 256GB (2x128GB) DDR4 ECC Memory Kit MX8G2G/A,9000
Apple Apple Mac Pro Wheels Kit MX572FE/A,1008.3
Apple Apple Mac Pro Feet Kit MXNM2FE/A,402.7
Apple Radeon Pro W5700X MPX Module MW662ZA/A,1500
Apple 1TB SSD Kit for Mac Pro MXNN2FE/A,900
Apple 2TB SSD Kit for Mac Pro MXNP2FE/A,1500
Apple 4TB SSD Kit for Mac Pro MXNQ2FE/A,2400
Apple 8TB SSD Kit for Mac Pro MXNR2FE/A,4200
Apple Radeon Pro W5500X MPX Module MXM52ZA/A,900
Apple Radeon Pro W6800X MPX Module MJ073ZA/A,4200
Apple Polishing Cloth MM6F3ZA/A,29.25
Apple Radeon Pro W6600X MPX Module MKGY3ZA/A,1050
Apple Apple 2TB SSD Upgrade Kit for Mac Pro MR393FE/A,1500
Apple Apple 4TB SSD Upgrade Kit for Mac Pro MR3A3FE/A,2400
Apple Apple 8TB SSD Upgrade Kit for Mac Pro MR3C3FE/A,4200
Apple Apple Magic Keyboard with Numeric Keypad - US English - Silver MQ052ZA/A,170.55
Apple Smart Keyboard for iPad (9th generation) - US English MX3L2ZA/A,251.3
Apple Smart Keyboard Folio for iPad Pro 11-inch (4th generation) and iPad Air (5th generation)– US English MXNK2ZA/A,281.6
Apple Smart Keyboard Folio for 12.9-inch iPad Pro (6th generation) - US English MXNL2ZA/A,301.75
Apple Magic Keyboard for iPad Pro 11-inch (4th generation) and iPad Air (5th generation) - US English - Black MXQT2ZA/A,453.15
Apple Smart Keyboard for iPad (9th generation) - British English MX3L2BX/A,251.3
Apple Smart Keyboard for iPad (9th generation) - Chinese (Pinyin) MX3L2CV/A,251.3
Apple Smart Keyboard for iPad (9th generation) - Japanese MX3L2JX/A,251.3
Apple Smart Keyboard for iPad (9th generation) - Chinese (Zhuyin) MX3L2MO/A,251.3
Apple Smart Keyboard Folio for iPad Pro 11-inch (4th generation) and iPad Air (5th generation) — British English MXNK2BX/A,281.6
Apple Smart Keyboard Folio for iPad Pro 11-inch (4th generation) and iPad Air (5th generation) — Chinese (Pinyin) MXNK2CV/A,281.6
Apple Smart Keyboard Folio for iPad Pro 11-inch (4th generation) and iPad Air (5th generation) — Japanese MXNK2JX/A,281.6
Apple Smart Keyboard Folio for iPad Pro 11-inch (4th generation) and iPad Air (5th generation) — Chinese (Zhuyin) MXNK2MO/A,281.6
Apple Magic Keyboard for iPad Pro 11-inch (4th generation) and iPad Air (5th generation) - British English - Black MXQT2BX/A,453.15
Apple Magic Keyboard for iPad Pro 11-inch (4th generation) and iPad Air (5th generation) - Chinese (Pinyin) - Black MXQT2CV/A,453.15
Apple Magic Keyboard for iPad Pro 11-inch (4th generation) and iPad Air (5th generation) - Japanese - Black MXQT2JX/A,453.15
Apple Magic Keyboard for iPad Pro 11-inch (4th generation) and iPad Air (5th generation) - Chinese (Zhuyin) - Black MXQT2MO/A,453.15
Apple Magic Keyboard for iPad Pro 11-inch (4th generation) and iPad Air (5th generation) - US English - White MJQJ3ZA/A,453.15
Apple Magic Keyboard for iPad Pro 12.9-inch (6th Generation) - US English - White MJQL3ZA/A,533.9
Apple Magic Keyboard for iPad Pro 11-inch (4th generation) and iPad Air (5th generation) - British English - White MJQJ3BX/A,453.15
Apple Magic Keyboard for iPad Pro 11-inch (4th generation) and iPad Air (5th generation) - Chinese (Pinyin) - White MJQJ3CV/A,453.15
Apple Magic Keyboard for iPad Pro 11-inch (4th generation) and iPad Air (5th generation) - Japanese - White MJQJ3JX/A,453.15
Apple Magic Keyboard for iPad Pro 11-inch (4th generation) and iPad Air (5th generation) - Chinese (Zhuyin) - White MJQJ3MO/A,453.15
Apple Magic Keyboard for iPad Pro 11-inch (4th generation) and iPad Air (5th generation) - US English - White MJQJ3ZA/A,453.15
Apple EarPods with Lightning Connector MMTN2FE/A,29
Apple EarPods (USB-C) MTJY3FE/A,29
Apple AirPods Pro (2nd generation) with MagSafe Case (USB-C) MTJV3ZA/A,362.35
Apple EarPods with 3.5mm Headphone Plug MNHF2FE/A,29.25
Apple Wireless Charging Case for AirPods MR8U2ZA/A,120.1
Apple AirPods (2nd generation) MV7N2ZA/A,200.85
Apple Lightning to 3.5mm Audio Cable (1.2m) - Black MR2C2FE/A,49
Apple AirPods Max - Space Gray MGYH3ZA/A,806.45
Apple AirPods Max - Silver MGYJ3ZA/A,806.45
MacBook Pro with Retina display) MD506B/B,453.15
Apple Magic Keyboard for iPad Pro 12.9-inch (6th Generation) - British English - Black,99.9
Apple Apple 60W MagSafe 2 Power Adapter MJQK3BX/A,533.9
Apple Magic Keyboard for iPad Pro 12.9-inch (6th Generation) - Chinese (Pinyin) - Black,533.9
Apple Magic Keyboard for iPad Pro 12.9-inch (6th Generation) - US English - Black MJQK3ZA/A,533.9
Apple Magic Keyboard for iPad Pro 12.9-inch (6th Generation) - Japanese - Black MJQK3JX/A,533.9
Apple Magic Keyboard for iPad Pro 12.9-inch (6th Generation) - Chinese (Zhuyin) - Black MJQK3MO/A,533.9
Apple Magic Keyboard for iPad Pro 12.9-inch (6th Generation) - British English - White MJQL3BX/A,533.9
Apple Magic Keyboard for iPad Pro 12.9-inch (6th Generation) - Chinese (Pinyin) - White MJQL3CV/A,533.9
Apple Magic Keyboard for iPad Pro 12.9-inch (6th Generation) - Japanese - White MJQL3JX/A,533.9
Apple Magic Keyboard for iPad Pro 12.9-inch (6th Generation) - Chinese (Zhuyin) - White MJQL3MO/A,533.9
Apple Magic Keyboard with Touch ID for Mac computers with apple silicon - US English MK293ZA/A,200.85
Apple Magic Keyboard - US English MK2A3ZA/A,130.2
Apple Magic Keyboard with Touch ID and Numeric Keypad for Mac computers with Apple silicon - US English MK2C3ZA/A,241.2
Apple Magic Trackpad MK2D3ZA/A,170.55
Apple Magic Mouse MK2E3ZA/A,99.9
Apple Magic Keyboard with Touch ID for Mac computers with apple silicon - British English MK293BX/A,200.85
Apple Magic Keyboard with Touch ID for Mac computers with apple silicon - Chinese (Pinyin) MK293CV/A,200.85
Apple Magic Keyboard with Touch ID for Mac computers with apple silicon - Japanese MK293JX/A,200.85
Apple Magic Keyboard with Touch ID for Mac computers with apple silicon - Chinese (Zhuyin) MK293MO/A,200.85
Apple Magic Keyboard - British English MK2A3BX/A,130.2
Apple Magic Keyboard - Chinese (Pinyin) MK2A3CV/A,130.2
Apple Magic Keyboard - Japanese MK2A3JX/A,130.2
Apple Magic Keyboard - Chinese (Zhuyin) MK2A3MO/A,130.2
Apple Magic Keyboard with Touch ID and Numeric Keypad for Mac computers with Apple silicon - British English MK2C3BX/A,241.2
Apple Magic Keyboard with Touch ID and Numeric Keypad for Mac computers with Apple silicon - Chinese (PinYin) MK2C3CV/A,241.2
Apple Magic Keyboard with Touch ID and Numeric Keypad for Mac computers with Apple silicon - Japanese MK2C3JX/A,241.2
Apple Magic Keyboard with Touch ID and Numeric Keypad for Mac computers with Apple silicon - Chinese (Zhuyin) MK2C3MO/A,241.2
Apple Magic Trackpad - Black Multi-Touch Surface MMMP3ZA/A,200.85
Apple Magic Mouse - Black Multi-Touch Surface MMMQ3ZA/A,130.2
Apple Magic Keyboard with Touch ID and Numeric Keypad for Mac models with Apple silicon - US English - Black Keys MMMR3ZA/A,271.5
Apple Magic Keyboard with Touch ID and Numeric Keypad for Mac models with Apple silicon - British English - Black Keys MMMR3BX/A,271.5
Apple Magic Keyboard with Touch ID and Numeric Keypad for Mac models with Apple silicon - Chinese (PinYin) - Black Keys MMMR3CV/A,271.5
Apple Magic Keyboard with Touch ID and Numeric Keypad for Mac models with Apple silicon - Japanese - Black Keys MMMR3JX/A,271.5
Apple Magic Keyboard with Touch ID and Numeric Keypad for Mac models with Apple silicon - Chinese (Zhuyin) - Black Keys MMMR3MO/A,271.5
Apple Magic Keyboard Folio for iPad (10th generation) - International English MQDP3ZA/A,382.5
Apple Magic Keyboard Folio for iPad (10th generation) - British English MQDP3BX/A,382.5
Apple Magic Keyboard Folio for iPad (10th generation) - Chinese (PinYin) MQDP3CV/A,382.5
Apple Magic Keyboard Folio for iPad (10th generation) - Japanese MQDP3JX/A,382.5
Apple Magic Keyboard Folio for iPad (10th generation) - Chinese (Zhuyin) MQDP3MO/A,382.5
Apple Apple Watch Magnetic Charging Cable (1 m) MX2E2AM/A,39
Apple Apple World Travel Adapter Kit MD837AM/A,45
Apple Lightning to USB Cable (2 m) MD819AM/A,45
Apple Lightning to USB Camera Adapter MD821AM/A,45
Apple USB-C to Lightning Cable (2 m) MQGH2ZA/A,45
Apple 240W USB-C Charge Cable (2 m) MU2G3ZA/A,45
Apple USB-C to Lightning Adapter MUQX3ZA/A,45
Apple Thunderbolt 4 (USB-C) Pro Cable (1 m) MU883ZA/A,95
Apple Apple MagSafe to MagSafe 2 Converter MD504ZM/A,15.1
Apple Apple 45W MagSafe 2 Power Adapter (for MacBook Air) MD592B/B,99.9
Apple Apple Thunderbolt cable (2.0 m) MD861ZM/A,59.55
Apple Apple 85W MagSafe 2 Power Adapter (for,99.9
Apple Lightning to VGA Adapter MD825AM/A,75.7
Apple Lightning to Digital AV Adapter MD826AM/A,75.7
Apple Lightning to USB Cable (0.5 m) ME291AM/A,29.25
Apple USB-C VGA Multiport Adapter MJ1L2AM/A,95.85
Apple USB-C to USB Adapter MJ1M2AM/A,29.25
Apple Lightning to SD Card Camera Reader MJYT2AM/A,45.4
Apple Lightning to USB3 Camera Adapter MK0W2AM/A,59.55
Apple Lightning to 3.5 mm Headphone Jack Adapter MMX62FE/A,15.1
Apple Thunderbolt 3 (USB-C) to Thunderbolt 2 Adapter MMEL2ZA/A,65.6
Apple Apple 30-pin to USB Cable MA591G/C,29.25
Apple USB-C to 3.5 mm Headphone Jack Adapter MU7E2FE/A,15.1
Apple USB-C to SD Card Reader MUFG2ZA/A,59.55
Apple Lightning to 3.5mm Audio Cable (1.2m) - Black MR2C2FE/A,49
Apple Lightning to USB Cable (1 m) MXLY2ZA/A,29.25
Apple Power Adapter Extension Cable MK122B/A,29.25
Apple 96W USB-C Power Adapter MX0J2ZP/A,99.9
Apple Apple 85W MagSafe Power Adapter (for 15- and 17-inch MacBook Pro) MC556B/C,99.9
Apple 30W USB-C Power Adapter MY1W2ZP/A,55.5
Apple Apple 12W USB Power Adapter MGN03ZP/A,29.25
Apple MagSafe Charger MHXH3AM/A,59.55
Apple 20W USB-C Power Adapter MHJF3ZP/A,29.25
Apple Lightning to 3.5 mm Audio Cable (1.2m) - White MXK22FE/A,49.45
Apple 67W USB-C Power Adapter MKU63ZP/A,85.75
Apple 140W USB-C Power Adapter MLYU3ZP/A,120.1
Apple USB-C to MagSafe 3 Cable (2m) - Silver MLYV3ZA/A,65.6
Apple USB-C to Lightning Cable (1 m) MM0A3FE/A,29.25
Apple Thunderbolt 4 Pro Cable (1.8 m) MN713ZA/A,180.65
Apple Thunderbolt 4 Pro Cable (3 m) MWP02ZA/A,221
Apple 35W Dual USB-C Port Power Adapter MNWP3ZP/A,85.75
Apple 60W USB-C Charge Cable (1m) MQKJ3ZA/A,29.25
Apple 70W USB-C Power Adapter MQLN3ZP/A,85.75
Apple USB SuperDrive MD564ZM/A,99.9
Apple Wireless Charging Case for AirPods MR8U2ZA/A,119
Apple AirPods (2nd generation) MV7N2ZA/A,200.85
Apple AirPods (3rd generation) with MagSafe Charging Case MME73ZA/A,271.5
Apple AirPods (3rd generation) with Lightning Charging Case MPNY3ZA/A,261.4
Apple AirPods Max - Space Gray MGYH3ZA/A,806.45
Apple AirPods Max - Silver MGYJ3ZA/A,806.45
Apple AirPods Max - Sky Blue MGYL3ZA/A,806.45
Apple AirPods Max - Pink MGYM3ZA/A,806.45
Apple AirPods Max - Green MGYN3ZA/A,806.45
Apple AirPods Pro (2nd generation) with MagSafe Case (USB-C) MTJV3ZA/A,362.35
"Benq Projector MS560 4000lm SVGA (800x600) 20,000:1",579
"Benq Projector MX560 4000lm XGA (1024x768) 20,000:1",649
"Benq Projector MW560 4000lm WXGA (1280x800) 20,000:1",749
"Benq Projector MH560 3800lm FHD (1920x1080) 20,000:1",1199
"Benq Projector EX600 3600lm XGA (1024x768) 20,000:1",1049
"Benq Projector EW600 3600lm WXGA (1280x800) 20,000:1",1149
"Benq Projector EH600 3500lm FHD (1920x1080) 10,000:1",1449
"Benq Projector LU930 5000lm WUXGA (1920x1200) 3,000,000:1",4488
"Benq Projector LU935 6000lm WUXGA (1920x1200) 3,000,000:1",1254
"Benq Projector LU935ST 5500lm WUXGA (1920x1200) 3,000,000:1",6488
"Benq Projector LK936ST 5100lm 4k UHD (3840x2160) 3,000,000:1",8488
"Benq Projector MW855UST+ 3500lm WXGA (1280x800) 10,000:1",1888
"Benq Projector LH890UST 4000lm FULL HD (1920x1080) 100,000:1",4448
"Benq Projector TH575 3800lm FULL HD (1920x1080) 15,000:1",1099
"Benq Projector TH685i 3500lm FULL HD (1920x1080) 10,000:1",1549
"Benq Projector TK700 3200lm 4k UHD (3840x2160) 10,000:1",2099
"Benq Projector TK700STi 3000lm 4k UHD (3840x2160) 4,500:1",2499
"Benq Projector TK850i 3000lm 4k UHD (3840x2160) 30,000:1",2699
"Benq Projector X3000i 3000lm 4k UHD (3840x2160) 500,000:1 (Dynamic Black)",3499
"Benq Projector W5700 1800lm 4k UHD (3840x2160) 100,000:1",4299
BENQ InstasShow WDC10,1488
BENQ GW2480 IPS 23.8” 1920x1080 20Mil:1,179
BENQ GW2480L IPS 23.8” 1920x1080 20Mil:1,179
BENQ GW2480T IPS 23.8” 1920x1080 20Mil:1,229
BENQ GW2485TC IPS 23.8” 1920x1080 20Mil:1,319
BENQ GW2780 IPS 27”W 1920x1080 20Mil:1,239
BENQ GW2780T IPS 27”W 1920x1080 20Mil:1,289
BENQ GW2785TC IPS 27”W 1920x1080 20Mil:1,359
BENQ EX240 IPS 23.8”” 1920x1080 20Mil:1 2ms (GtG) 1ms(MPRT) NA 2x2.5W 100x100mm,329
BENQ EX240N VA 23.8”” 1920x1080 20Mil:1 4ms (GtG) 1ms(MPRT) NA 2x2.5W 100x100mm,279
BENQ EX2510S IPS 24.5”” 1920x1080 20Mil:1 2ms (GtG) 1ms(MPRT) NA 2x2.5W 100x100mm,339
BENQ EX2710S IPS 27”” 1920x1080 20Mil:1 2ms (GtG) 1ms(MPRT) NA 2x2.5W 100x100mm,359
BENQ EX2710Q IPS 27 2560x1440 20Mil:1 2ms (GtG) 1ms(MPRT) NA 2.1 Channel Speaker Audio DSP 2Wx2 + 5W (Woofer) 100x100mm,579
BENQ EX270M IPS 27 1920x1080 20Mil:1 1ms (GtG) 1ms(MPRT) NA 2.1 Channel Speaker Audio DSP 2Wx2 + 5W (Woofer) 100x100mm,579
BENQ EX270QM IPS 27 2560x1440 20Mil:1 1ms (GtG) 1ms(MPRT) NA 2.1 Channel Speaker Audio DSP 2Wx2 + 5W (Woofer) 100x100mm,1139
BENQ EX2710U IPS 27 3840x2160 20Mil:1 2ms (GtG) 1ms(MPRT) NA 2.1 Channel Speaker Audio DSP 2Wx2 + 5W (Woofer) 100x100mm,1129
BENQ EX3210U IPS 32 3840x2160 20Mil:1 2ms (GtG) 1ms(MPRT) NA 2.1 Channel Speaker Audio DSP 2Wx2 + 5W (Woofer) 100x100mm,1449
BENQ EX3410R VA 34”” 3440x1440 20Mil:1 2ms (GtG) 1ms(MPRT) NA 2.1 Channel Speaker Audio DSP 2Wx2 + 5W (Woofer) 100x100mm,799
BENQ EX3415R IPS 34”” 3440x1440 20Mil:1 2ms (GtG) 1ms(MPRT) NA 2.1 Speaker | Audio DSP: 2Wx2 + 5W (Woofer) 100x100mm,1099
BENQ EX480UZ OLED 48”” 3840x1260 20Mil:1 0.1ms (GtG) NA 2.1 Channel Speaker Audio DSP 5Wx2 + 10W (Woofer) 200x200mm,2599
BENQ EW2480 IPS 24” 1920x1080 20Mil:1 5ms (GtG) NA 2x2W 100x100mm,249
BENQ EW2780 IPS 27” 1920x1080 20Mil:1 5ms (GtG) NA 2x 2.5W 100x100mm,270
BENQ EW2880U IPS 28” 3840x2160 12Mil:1 5ms (GTG) NA Audio DSP;2x3W 100x100mm,549
BENQ EW3270U VA 31.5” 3840x2160 20Mil:1 4ms (GtG) NA 2x 2W 100x100mm,499
BENQ EW3280U IPS 32”” 3840x2160 20Mil:1 5ms (GtG) NA 2.1 Speaker | Audio DSP: 2Wx2 + 5W (Woofer) 100x100mm,899
BENQ SW240 IPS 24.1” 1920x1200 20Mil:1 5ms (GtG) NA NA 100c100mm,529
BENQ SH240 Shading Hood for SW240,109
BENQ SW270C IPS 27”W 2560x1440 20Mil:1 5ms (GtG) NA NA 100x100mm,1199
BENQ SW271C IPS 27”W 3840x2160 20Mil:1 5ms (GtG) NA NA 100x100mm,2349
BENQ SW321C IPS 32”W 3840x2160 20Mil:1 5ms (GtG) NA NA 100x100mm,2649
BENQ PD2705U IPS 27” 3840x2160 20Mil:1 5ms (GtG) NA 2x 2.5W 100x100mm,779
BENQ PD2705UA IPS 27” 3840x2160 20Mil:1 5ms (GtG) NA 2x 2.5W 100x100mm,899
"BENQ PD2725U IPS 27” 3840x2160 20Mil:1 5ms (GtG) NA; USB Hub; 2x ThunderBolt3 (1- Power Delivery 65W, DP altmode, Data; 1- Power Delivery 15W) 2x 2.5W 100x100mm",1219
BENQ PD3205U IPS 32” 3840x2160 20Mil:1 5ms (GtG) NA 2x 2.5W 100x100mm,999
BENQ PD3205UA IPS 32” 3840x2160 20Mil:1 5ms (GtG) NA 2x 2.5W 100x100mm,1129
"BENQ PD3220U IPS 32” 3840x2161 20Mil:1 5ms (GtG) NA; Hub; 2x ThunderBolt3 (1- Power Delivery 85W, DP altmode, Data; 1- Power Delivery 15W, DP alt mode, Data) 2x 2W 100x100mm",1599
HP ProDesk 400 G9 SFF i5-12500 8GB/512GB SSD 8T832AA Win11,1207
HP Pro SFF 400 G9 i5-13500 8GB/512GB 8Q318PA Win11,1023
HP Pro SFF 400 G9 i7-13700 8GB/1TB 8R031PA Win11,1279
HP Pro Mini 400 G9 i5-13500T 8GB/512GB 8Q322PA Win11,1049
HP Pro Tower 400 G9 i5-13500 8GB/512GB 8Q324PA Win11,1023
HP Pro Tower 400 G9 i7-13700 8GB/1TP 8R030PA Win11,1279
HP ProOne 440 G9 AiO i5-13500 8GB/512GB 8Q328PA Win11,1254
HP Elite SFF 600 G9 i7-13700 16GB/512GB 915N6PA Win11,1369
HP Elite Tower 600 G9 i7-13700 16GB/512GB/ RX 6300 2GB GDDR6 8Q327PA Win11,1637
HP Elite Mini 800 G9 i5-13500T 8GB/256GB 8B5W9PA Win11,1153
HP Elite Mini 800 G9 i7-13700T 8GB/512GB 8B5Z4PA Win11,1395
HP Elite SFF 800 G9 i5-13500 8GB/512GB 8A6M6PA Win11,1450
HP Elite SFF 800 G9 i7-13700 8GB/512GB 8A6M7PA Win11,1570
HP Elite SFF 800 G9 i7-13700 16GB/1TB 8A6M9PA Win11,1668
HP Elite Tower 800 G9 i7-13700 8GB/512GB 8A6U6PA Win11,1570
HP Elite Tower 800 G9 i7-13700 16GB/512GB 8A6V1PA Win11,1668
HP Elite Tower 800 G9 i7-13700 16GB/1TB 8A6V5PA Win11,1759
HP EliteOne 840 G9 23.8 AiO Touchscreen i7-13700 16GB/1TB SSD 8T700PA Win 11,2111
Dell 210-BFXE Opti 7010PLUSSFF|I5-13500|16GB|512GB SSD|RW|BRZ|W10 Win 10 Pro,1561
Dell AO7010BMFFI5600T8512 Opti 7010BASICMFF|I5-13600T|8GB|512GB SSD|WLAN|W11 Win 11 Pro,1191
Dell AO7010BSFFI55008512 Opti 7010BASICSFF|I5-13500|8GB|512GB SSD|RW|BRZ|W11 Win 11 Pro,1192
Dell AO7010BMTI56008512 Opti 7010BASICMT|I5-13600|8GB|512GB SSD|RW|BRZ|W11 Win 11 Pro,1300
Dell AO7010PMFFI78512 Opti 7010PLUSMFF|I7-13700T|8GB|512GBSSD|WLAN|W11 Win 11 Pro,1587
Dell AO7010PSFFI78512 Opti 7010PLUSSFF|I7-13700|8GB|512GB SSD|RW|BRZ|W11 Win 11 Pro,1619
Dell AO7010PSFFI7161TB Opti 7010PLUSSFF|I7-13700|16GB|1TB SSD|RW|BRZ|W11 Win 11 Pro,1857
Dell AO7010PSFFI716512 Opti 7010PLUSSFF|I7-13700|16GB|512GB SSD|RW|BRZ|W11 Win 11 Pro,1734
Dell AO7010PMTI78512 Opti 7010PLUSMT|I7-13700|8GB|512GB SSD|RW|BRZ|W11 Win 11 Pro,1619
Dell AO7010PMTI7161TB Opti 7010PLUSMT|I7-13700|16GB|1TB SSD|RW|BRZ|W11 Win 11 Pro,1857
Dell AO7010PMTI716512 Opti 7010PLUSMT|I7-13700|16GB|512GB SSD|RW|BRZ|W11 Win 11 Pro,1734
Dell AO7410AIOI516G512GB-T Opti 7410AIO|I5-13500|16GB|512GB SSD|W11|TOUCH Win 11 Pro,1854
Dell AO7410AIOI516G1TG-T Opti 7410AIO|I5-13600|16GB|1TB SSD|W11|TOUCH Win 11 Pro,2019
Dell AO7410AIOI716G512GB-T Opti 7410AIO|I7-13700|16GB|512GB SSD|W11|TOUCH Win 11 Pro,2075
Dell AO7410AIOI716G1TG-T Opti 7410AIO|I7-13700|16GB|1TB SSD|W11|TOUCH Win 11 Pro,2206
Dell S014L344014SG_VP42 Lati 3440|i5-13400/8GB/512GB SSD 12DN000ASG W11 Pro,1399
Dell Lati3440i516G512 Lati 3440|i7-13700/16GB/512GB SSD 12DN000BSG W11 Pro,2559
Dell Lati3440i78G512 Lati 3440|i7-1355U|8GB|512GB SSD|W11 Win 11 Pro,1599
Dell Lati3440i716G512_V1 Lati 3440|i7-13400T/8GB/512GB SSD 12E30011SG W11 Pro,1249
HP Z2 SFF G9 i7-12700 8GB/512GB SSD 6V1Z6PA Win 11,2275
HP Z2 SFF G9 i7-13700 16GB/512GB SSD 8D0J9PA Win 11,2864
HP Z2 SFF G9 i7-13700 16GB/256GB SSD/1TB SATA 8D0H3PA Win 11,2957
HP Z2 Mini G9 i7-13700 32GB/512GB SSD 8D0H4PA Win 11,3858
HP Z2 G9 TWR i7-13700K 32GB/256GB SSD/2TB SATA 8D0H6PA Win 11,3418
HP Z2 G9 TWR i7-13700 16GB/256GB SSD/2TB SATA 8D0H8PA Win 11,3010
HP Z2 G9 TWR i7-13700 16GB/1TB SSD 8D0H9PA Win 11,2942
HP EliteBook 1030 G8 i5-1135 13.3 16GB/512GB SSD (Touch) 72194607 Win 10,2992.09
HP EliteBook 830G9 i5-1235U 16GB/512GB SSD 6C1V1PA Win 11,2449
HP EliteBook X360 1040 G9 i7-1255U 16GB/1TB SSD (Touch +Intel Evo+ Sure View) 6C1Z9PA Win 11,3789
HP Elite Dragonfly G3 i5-1235U 16GB/512GB SSD (Intel Evo + Sure View) 6C224PA Win 11,3069
HP Elite Dragonfly G3 i7-1255U 16GB/1TB SSD (Intel Evo + Sure View) 6C225PA Win 11,3779
HP ProBook 440 G10 i5-1335U 8GB/512GB SSD 8B210PA Win 11,1609
HP ProBook 440 G10 i7-1355U 16GB/512GB SSD 8B209PA Win 11,1879
HP ProBook 450 G10 i5-1335U 16GB/512GBSSD 8H2G4PA Win 11,1649
HP EliteBook 630 G10 i5-1335U 8GB/512GB SSD 8B217PA Win 11,1609
HP EliteBook 630 G10 i7-1355U 16GB/512GB SSD 8B221PA Win 11,1879
HP EliteBook 640 G10 i5-1335U 8GB/512GBSSD 8B224PA Win 11,1729
HP EliteBook 640 G10 i7-1355U 16GB/512GBSSD 8B225PA Win 11,2009
HP EliteBook 830 G10 i5-1335U 16GB/512GB SSD 8B229PA Win 11,2129
HP EliteBook 830 G10 i7-1355U 16GB/512GB SSD 8B230PA Win 11,2369
HP EliteBook 840 G10 i5-1335U 16GB/512GBSSD 8B232PA Win 11,2179
HP EliteBook 840 G10 i7-1355U 16GB/512GBSSD 8B234PA Win 11,2429
HP EliteBook 1040 G10 i7-1355U 32GB/1TB SSD (Intel EVO + HP Sure View) 8B2P3PA Win 11,3089
HP EliteBook X360 1040 G10 i7-1355U 16GB/1TB SSD (Intel EVO + HP Sure View + Touch) 8H2G5PA Win 11,3619
HP Elite Dragonfly G4 i5-1335U 16GB/1TB SSD (Intel Evo + Sure View) 8B258PA Win 11,3149
HP Elite Dragonfly G4 i7-1355U 32GB/1TB SSD (Intel Evo + Sure View) 8B260PA Win 11,3549
HP Zbook FireFly14 G10 A500 i7-1355U 14 32GB/512GB 8C5R5PA Win 11,3042
HP Zbook FireFly 14 G10 A500 i7-1355U 14 32GB/1TB 8C5T4PA Win 11,3143
HP Zbook Power G10 i7-13700H 15.6 32GB/512GB 8C5R2PA Win 11,3875.01
HP Zbook Studio G10 16 RTX3000 8GB i7-13700H 16 32GB/512GB 8F166PA Win 11,6162
HP Zbook Studio G10 i7-13700H 16 32GB/1TB 8C5R3PA Win 11,7086.73
Lenovo ThinkCentre M70S G4 i7-13700/16GB/512GB SSD 12DN000BSG W11 Pro,1599
Lenovo ThinkCentre M70Q G4 i5-1335U|8GB|512GB SSD|W11 Win 11 Pro,1949
Lenovo ThinkCentre M70Q G4 i5-13400T/8GB/512GB SSD 12E30011SG W11,1249
Lenovo ThinkCentre M70Q G4 i7-13700T/16GB/512GB SSD 12E30012SG W11 Pro,2070
Lenovo ThinkCentre neo 30a 24 23.8” i5-1240P/8GB/512GB SSD (non-touch) 12B000CDSG W11 Pro DG 64,1715
Lenovo ThinkCentre M70a G3 21.5’’ i5-12500/8GB/512GB SSD (Touch) 11VL0008SG W11 Pro DG 64,1869
Lenovo ThinkCentre M90a G3 23.8’’ i7-12700/16GB/512GB SSD (Touch) 11VF009TSG W11 Pro DG 64,2220
Lenovo ThinkStation P3 Ultra i7-13700/16GB/512GB SSD/NV T400 *TD Exclusive* 30HAS01H00 W11 Pro,2230
Lenovo ThinkStation P3 Ultra i7-13700/16GB/512GB SSD/ NV T1000 30HA002GSG W11 Pro,2699
Lenovo Thinkstation P3 TWR i7-13700/16GB/512GB SSD/NV T1000 30GS003LSG W11 Pro,2699
Lenovo ThinkStation P5 TWR W3-2423/16GB/512GB/ T1000*TD Exclusive* 30GAS00Y00 W11 Pro,3400
Lenovo ThinkStation P5 TWR W3-2423/32GB/512GB SSD/ NV RTX A2000 30GA0029SG W11 Pro,4499
Lenovo ThinkPad P14s G4 i7-1355U/16GB/512GB SSD|W11 Win 11 Pro,2399
Lenovo ThinkPad P16s G2 i7-1360P/32GB/512GB SSD/NV RTX A500 21HK001GSG W11 Pro,2499
Lenovo ThinkPad P16 G2 i7-13700HX/32GB/512GB SSD/NV RTX 2000 21FA0016SG W11 Pro,3749
Lenovo ThinkPad P1 G6 i7-13700H/32GB/512GB SSD/NV RTX 2000 21FV0007SG W11 Pro,3999
Lenovo Thinkpad X12 Detachable G1 i5-1130G7/16GB/512GB SSD 20UW004HSG W11 Pro DG 64,2928
Lenovo Thinkpad X12 Detachable G1 i7-1160G7/16GB/512GB SSD 20UW004JSG W11 Pro DG 64,3127.97
Dell AWM3480i516GB512GBSSDA500 Preci 3480|I5-1350P|16GB|512GB SSD|W11|Nvidia A500 Win 11 Pro,2385
Dell AWM3480i716GB512GBSSDA500 Preci 3480|I7-1370P|16GB|512GB SSD|W11|Nvidia A500 Win 11 Pro,2622
Lenovo ThinkSmart Core + Controller Kit for MS Team Rooms i5-1145G7E/8GB/256GB SSD 11LR0005SG Windows 10 IoT Enterprise CLB 64,4325
Lenovo ThinkSmart Core + Controller Kit for Zoom i5-1145G7E/8GB/256GB SSD 11LT0006SG Preci Windows 10 IoT Enterprise SAC 64,4325
Lenovo ThinkSmart Core Full Room Kit for MS Team Rooms i5-1145G7E/8GB/256GB SSD 11S30008SG Windows 10 IoT Enterprise SAC 64,5675
Lenovo ThinkSmart Core Full Room Kit for Zoom i5-1145G7E/8GB/256GB SSD 11S50008SG Windows 10 IoT Enterprise CLB 64,5675
Dell AWM3580i516GB512GBSSDA500 Preci 3580|I7-1360P|16GB|512GBSSD|W11|Nvidia A500 Win 11 Pro,2851
Dell AWM3580i532GB1TBSSDA500 Preci 3580|I7-1370P|32GB|1TBSSD|W11|Nvidia A500 Win 11 Pro,3333
Dell AWT3660MTI716G512GB-T400 Preci3660 MT|i7-12700|16GB|512GB SSD |W10|T400 Win 10 Pro,2150
Dell AWT3660MTI713165122TBT400 Preci3660 MT|i7-13700|16GB|512GB SSD|2TB SATA|W11|T400 Win 11 Pro,2318
Dell AWT5820MTXeon32G2TBT1000 Preci5820 MT|W-2223|32GB|512GB SSD| 2TB|W11|T1000 Win 11 Pro,3114
Lenovo ThinkSmart Core for Logitec 11RXS0240R Windows 10 IoT Enterprise SAC 64,1565.5
Lenovo ThinkSmart View Lenovo CD-18781Y AOSP 8.1,505
Lenovo ThinkBook 14 G4 i5-1235U/8GB/512GB SSD 21DH00CUSB W11 Pro DG 64,1515
Lenovo ThinkBook 14 G4 i5-1340P/8GB/512GB SSD 21JC007FSB W11 Pro,1515
Lenovo ThinkBook 14 G5 i7-1360P/8GB/512GB SSD 21JC007GSB W11 Pro,1718
Google Meet One Room Kits Gen2 (Small Kit) *NEW* 20YW0006SB,5188
Google Meet One Room Kits Gen 2 (Medium Kit) *NEW* 20YW0007SB,6590
Google Meet One Room Kits Gen 2 (Large Kit) *NEW* 20YW0008SB,8645.6
LenovoThinkSmart One for Microsoft Teams Rooms Intel Core I5-1145 12BS0001SG,4279
Lenovo ThinkPad E14 G5 i5-1335U/8GB/512GB SSD 21JK0066SG W11 Pro,1549
Lenovo ThinkPad E14 G5 i5-1340P/16GB/512GB SSD 21JKS00C00 W11 Pro,1634
Lenovo ThinkPad E14 G5 i7-1355U/8GB/512GGB SSD 21JK0067SG W11 Pro,1749
Lenovo ThinkPad E14 G5 i7-1360P/16GB/512GGB SSD 21JKS00B00 W11 Pro,1836
Lenovo ThinkPad E16 G1 i7-1355U/8GB/512GGB SSD 21JN005HSG W11 Pro,1698
Lenovo ThinkPad L14 G4 i5-1335U/8GB/512GB SSD 21H1005QSG W11 Pro,1749
Lenovo ThinkPad L14 G4 i7-1355U/8GB/512GB SSD 21H1005RSG W11 Pro,1949
Lenovo ThinkPad T14 G3 i7-1260P/16GB/512GB SSD 21AH00M3SG W11 Pro DG 64,1949
Lenovo ThinkPad T14 G4 i5-1335U/16GB/512GB SSD 21HD005TSG W11 Pro,1999
Lenovo ThinkPad T14 G4 i7-1355U/16GB/512GB SSD 21HD005USG W11 Pro,2199
Lenovo ThinkPad T14s G4 i5-1340P/16GB/512GB SSD 21F6006USG W11 Pro,2149
Lenovo ThinkPad T14s G4 i7-1360P/16GB/512GB SSD 21F6006SSG W11 Pro,2339
Lenovo ThinkPad T16 G2 i7-1355U/16GB/512GB SSD 21HH003KSG W11 Pro,2299
Lenovo ThinkPad X13 G4 I7-1355U/32GB/1TB SSD 21EXS00T00 W11 Pro,2789
Lenovo ThinkPad X1 Carbon G11 i7-1365U/32GB/1TB SSD 21HM008HSG W11 Pro,3699
Lenovo ThinkPad X1 Carbon G11 i7-1360P/16GB/512GB SSD 21HM001USG W11 Pro DG 64,3499
Lenovo ThinkPad X1 Carbon G11 i7-1360P/16GB/512GB SSD 21HM008FSG W11 Pro,3419
Lenovo ThinkPad X1 Carbon G11 i7-1360P/16GB/1TB SSD 21HM008GSG W11 Pro,3549
Lenovo ThinkPad X1 Yoga G8 i7-1355U/32B/1TB SSD (Touch) 21HQ004YSG W11 Pro,3899
"Garmin Index S2, Smart Scale",269
Garmin 010-02064-14 Instinct Outdoor gps,329
Garmin 010-02120-20 Forerunner 245,339
Garmin GM-010-02384-51 Lily Sport GPS,309
"Garmin Enduro 2 – Watch,",1799
Garmin 010-02156-05 Forerunner 45,229
"Garmin inReach Mini 2, Lightweight",749
Garmin Forerunner 55,299
Garmin Forerunner 735XT,329
Garmin Instinct 2S Poppy,359
Garmin HRM-Pro Plus,209
Garmin vívoactive 4S,429
Garmin 010-02060-34 Edge 530 GPS,489
Garmin 010-12520-10 Running Dynamic Pod,89
Garmin Backpack Tether Accessory,49
"Garmin epix Gen 2, Premium active",1499
Garmin Speed Sensor 2 and Cadence Sensor 2,99
Garmin GM-010-02064-78 Instinct Esports,489
Garmin Descent MK2s,1499
"Garmin Venu Sq, GPS Smartwatch",299
"Garmin 010-11617-10, 10’ Transducer",69
Garmin Forerunner 945 Premium,729
Garmin fenix 7X Sapphire,1699
Garmin GM-010-02158-65 Fenix 6,749
Garmin GM-010-02293-66 Instinct Solar,669
"Garmin Instinct 2 Solar, Tactical",789
Garmin fenix 7X Sapphire Solar,1699
"Garmin Descent G1, Dive Computer,",1029
"Garmin Drive 52, GPS Navigator",189
Garmin GM-010-02293-32 Instinct Solar,689
Garmin 010-12105-20 Trolling Motor,59
Garmin Epix Premium Active,1629
Garmin Delta XC Bundle,269
Garmin Forerunner 255 Music,669
Garmin 176971 Vivoactive 3 Smartwatch,289
Garmin GM-010-02384-F0 Lily Classic,369
Garmin Garmin HRM-Run,169
"Garmin Lily Classic Editi, White w/Light Gold",329
Suunto Core Wrist-Top Computer Watch,319
"Garmin vívoactive 4S, Smaller-Sized",429
Garmin GM-010-02384-52 Lily Sport Edition,319
Surface Keyboard Bluetooth - 3YJ-00013,164
Surface Arc Mouse - Bluetooth FHD-00020,119
Surface Arc Mouse - Bluetooth FHD-00005,119
Surface Arc Mouse - Bluetooth - FHD-00066,119
Surface Arc Mouse - Bluetooth FHD-00076,119
Surface Mouse Bluetooth - Grey 3YR-00005,82
Surface Precision Mouse FUH-00005,148
Srfce Mobile Mouse SC Bluetooth Comm Black KGZ-00035,54
Lenovo ThinkCentre M75s G2 R5 Pro 2650G/8GB/512GB SSD 11R8002JSG W11 Pro DG 64,1060
Lenovo ThinkCentre M70S G3 i5-12500/8GB/512GB SSD 11T8004DSG W11 Pro DG 64,1415
Lenovo ThinkCentre M90S G3 i7-12700/16GB/512GB SSD 11TT001XSG W11 Pro DG 64,1765
Lenovo ThinkCentre M70S G4 i5-13400/8GB/512GB SSD 12DN000ASG W11 Pro,1399
Slim Pen 2 - Platinum (Alcantara Fabric),54
Asus ROG STRIX SCOPE CHERRY RGB MX BLUE,209
Asus ROG SHEATH EP - NC01 90MP01Z0-BPUA00,69
LOGITECH G512 CARBON IN-EAR HEADPHONE WHITE,89
Srfce Mobile Mouse SC Bluetooth Comm Ice Blue,399
Surface Pro X 128GB SQ1 ARM Processor 8GB LTE - Black,1638
Asus ROG STRIX SCOPE NX RED 90MP0186-B0UA00,209
Asus ROG STRIX GO 2.4 EP 90YH02P1-B3UA00,319
LOGITECH G333 WIRED IN-EAR HEADPHONE PURPLE,89
Surface Pro X 256GB SQ1 ARM Processor 8GB LTE - Black,1998
Asus ROG STRIX SCOPE NX BLUE 90MP0188-B0UA00,209
Asus ANIMATE EDITION Asus ROG STRIX FLARE II NX RED ANIMATE (PBT),399
LOGITECH G513 CARBON RGB KB GX-BROWN TACTILE,199
LOGITECH G335 STEREO GAMING HEADSET BLACK,99
Surface Pro X 256GB SQ2 ARM Processor 16GB LTE - Platinum,2298
Asus ROG STRIX SCOPE TKL NX RED 90MP02E6-BKUA01,199
Asus ROG STRIX FLARE II NX BLUE ANIMATE (PBT) 90MP02E8-BKUA01,399
LOGITECH G713 MECH RGB KB (GX-BROWN TACTILE),269
LOGITECH G335 STEREO GAMING HEADSET WHITE,99
Surface Pro X 512GB SQ2 ARM Processor 16GB LTE - Black,2598
Asus ROG STRIX SCOPE TKL NX BLUE 90MP01N8-BKUA00,199
Asus ROG DELTA S ANIMATE,419
LOGITECH G713 MECH RGB KB (GX-RED LINEAR),269
LOGITECH G335 STEREO GAMING HEADSET MINT,99
Surface ProX 256GB SQ2 ARM Processor 16GB WIFI - Platinum,2098
Asus ROG STRIX SCOPE RX GAMING,169
Asus MOONLIGHT EDITION Asus ROG STRIX FLARE CHERRY RGB MX RED,249
Asus ROG STRIX SCOPE TKL NX RED MOONLIGHT,259
LOGITECH G815 MECH RGB KEYBOARD (GL-TACTILE),299
LOGITECH G431 7.1 WIRED GAMING HEADSET,129
Surface ProX 512GB SQ2 ARM Processor 16GB WIFI - Platinum,2398
Asus ROG STRIX FLARE CHERRY RGB MX BLUE,249
Asus ROG STRIX SCOPE TKL NX BLUE MOONLIGHT,259
LOGITECH G815 MECH RGB KEYBOARD (GL-LINEAR),299
Surface Pro X Type Cover - Black,219
Asus AS ROG STRIX SCOPE TKL DELUXE RD (X801),219
Asus ROG STRIX IMPACT II MOONLIGHT RGB,79
LOGITECH G815 MECH RGB KEYBOARD (GL-CLICKY),299
LOGITECH G PRO X 7.1 GAMING HS W/BLUE VO!CE,229
Surface Slim Pen - Black,219
Asus AS ROG STRIX SCOPE TKL DELUXE SV (X801),219
Asus ROG CETRA II CORE MOONLIGHT,99
Surface Pro X Signature Type Cover with Slim Pen - Black,429
Asus TUF GAMING K3 RD,139
Asus ROG STRIX GO CORE MOONLIGHT,159
Surface Go 3 64GB Pentium Gold 6500Y 4GB - Platinum,678
Asus TUF GAMING K3 BL,139
Surface Go 3 64GB i3 4GB - Platinum,758
Asus TUF GAMING K1,69
Surface Go 3 128GB i3 8GB - Platinum,998
Asus SL300C ROG CHARIOT,799
Surface Go 3 128GB i3 8GB - Black,998
Surface Go 3 64GB i3 4GB LTE - Platinum,908
Asus AS ROG CHAKRAM,259
Asus SL300 ROG CHARIOT CORE,549
Razer Deathhadder V2 Wired Mouse,79
Razer Cynosa V2 Chroma RGB keyboard,79
Surface Go 3 128GB i3 8GB LTE - Black,1158
Asus ROG SPATHA X,249
Coolermaster MM731 Wireless RGB Mouse,95
Surface Go 3 256GB i3 8GB LTE - Black,1298
Asus ROG GLADIUS III WIRELESS,189
EVGA Z15 keyboard,30
EVGA Z12 keyboard,17
EVGA X17 Mouse Grey,20
EVGA X12 Mouse White,20
Coolermaster Devastator 3 Plus Set,78
Coolermaster CK530 RGB Mechanical Red,69
Surface Go 3 64GB Pentium Gold 6500Y 4GB - Platinum,678
Asus AS ROG PUGIO II (P705),159
Coolermaster CK550 RGB Mechanical Red,79
Coolermaster SK622 RGB Mechanical Red,128
Coolermaster MK730 RGB Mechanical Red,139
Surface Go 3 64GB i3 4GB - Platinum,758
Asus ROG KERIS WIRELES (P513),139
Cooler Master Masterkeys Mk750 Rgb,139
Surface Go 3 128GB i3 8GB - Platinum,998
Asus ROG STRIX IMPACT II WIRELESS,119
LOGITECH G613 WIRELESS BLUETOOTH MECH KEYBOARD,159
Surface Go 3 128GB i3 8GB - Black,998
Asus AS ROG STRIX CARRY WIRELESS,109
LOGITECH G715 WIRELESS RGB KB GX-BROWN TACTILE,299
Surface Go Type Cover - Black,138
Asus TUF GAMING M4 WIRELESS,89
LOGITECH G715 WIRELESS RGB KB GX-RED LINEAR,299
Surface Go Signature Type Cover - Light Charcoal,188
Asus ROG CHAKRAM CORE (P511),129
LOGITECH G915 TKL W.LESS MECH RGB KB(GL-TACTILE),349
Surface Go Signature Type Cover - Ice Blue,188
Asus ROG GLADIUS III,139
LOGITECH G915 TKL W.LESS MECH RGB KB (GL-LINEAR),349
Surface Go Signature Type Cover - Poppy Red,188
Asus ROG KERIS (P509),99
LOGITECH G915 TKL W.LESS MECH RGB KB (GL-CLICKY),349
Surface Laptop Go 128GB i5 8GB - Platinum,1228
Asus AS ROG STRIX IMPACT II,69
LOGITECH G915 TKL WHITE W.LESS MECH (GL-TACTILE),349
Surface Laptop Go 256GB i5 8GB - Platinum,1528
Asus TUF GAMING M4 AIR,79
LOGITECH G915 WIRELESS MECH RGB KB (GL-TACTILE),399
Surface Laptop Go 256GB i5 16GB - Platinum,1838
Asus AS TUF GAMING M3,34
LOGITECH G915 WIRELESS MECH RGB KB (GL-LINEAR),399
Surface Laptop 4 256GB AMD Ryzen 5 8GB - 13.5” Platinum,1638
Asus AS CERBERUS MOUSE,29
LOGITECH G915 WIRELESS MECH RGB KB (GL-CLICKY),399
Surface Laptop 4 256GB i5 8GB - 13.5” Platinum,1788
Asus ROG BALTEUS QI,209
LOGITECH G PRO MECH RGB KB (GX-BLUE CLICKY),195
Surface Laptop 4 256GB i5 8GB - 13.5” Black,1788
Asus ROG SCABBARD II,79
LOGITECH G PRO X MECH RGB KB (GX-BLUE CLICKY),234
Surface Laptop 4 512GB i5 8GB - 13.5” Black,2038
Asus ROG SCABBARD II MEDIUM,45
LOGI PRO X TKL LIGHTSPEED KB BLACK (GX-BROWN),319
Surface Laptop 4 512GB i5 8GB - 13.5” Platinum,2038
Asus AS ROG SHEATH,69
LOGI PRO X TKL LIGHTSPEED KB WHITE (GX-BROWN),319
Surface Laptop 4 256GB i5 16GB - 13.5” Black,2188
Asus AS ROG STRIX SLICE,39
LOGI PRO X TKL LIGHTSPEED KB MAGENTA (GX-BROWN),319
Surface Laptop 4 512GB i5 16GB - 13.5” Black,2388
Asus TUF GAMING P3 GAMING MOUSEMAT,25
Surface Laptop 4 256GB i7 16GB - 13.5” Black,2388
Asus TUF GAMING P1 GAMING MOUSEMAT,19
Surface Laptop 4 512GB AMD Ryzen 7 16GB - 13.5” Black,2488
Asus CERBERUS PAD MINI RED,15
Asus AS ROG THETA 7.1,479
Surface Laptop 4 512GB i7 16GB - 13.5” Black,2638
Asus ROG DELTA S - Ty-C RGB,379
Asus ROG STRIX GO BT,399
Surface Laptop 4 256GB AMD Ryzen 7 8GB - 15” Platinum,2088
Asus AS ROG STRIX GO 2.4 Wireless,319
Surface Laptop 4 256GB i7 8GB - 15” Platinum,2258
Asus ROG STRIX GO - Ty-C,179
Surface Laptop 4 512GB i7 8GB - 15” Black,2558
Asus ROG STRIX GO CORE - 3.5mm,159
Surface Laptop 4 256GB i7 16GB - 15” Black,2558
Asus AS TUF GAMING H3 WIRELESS,179
Surface Laptop 4 256GB i7 16GB - 15” Platinum,2558
Asus AS TUF GAMING H3 (Silver),69
Surface Laptop 4 512GB AMD Ryzen 7 16GB - 15” Black,2638
Asus AS TUF GAMING H3 (Red),69
Surface Laptop 4 512GB i7 16GB - 15” Black,2738
Asus AS TUF GAMING H3 (GUN METAL),69
Surface Laptop 4 512GB i7 16GB - 15” Platinum,2738
Asus TUF GAMING H1 WIRELESS,139
Asus TUF GAMING H1,69
Kaloc KLC-DS100 Gas Spring Monitor,99
Asus ROG CETRA TRUE WIRELESS,199
Kaloc KLC-DS90-2 Gas Spring Monitor,169
Asus ROG CETRA RGB,169
Kaloc KLC-DW220J Gas Spring Monitor,129
Asus ROG CETRA II,159
Kaloc KLC-DW220T Gas Spring Monitor,135
Asus AS ROG CETRA,159
Asus ROG CLAYMORE II RED,429
Asus ROG CETRA II CORE,89
Asus ROG CLAYMORE II BLUE,429
Asus ROG CLAVIS,189
Asus ROG STRIX SCOPE TKL DELUXE RX RED,299
Asus ASUS AI NC MIC ADAPTER/USB C,59
Asus ROG STRIX SCOPE TKL DELUXE RX BLUE WIRELESS,299
Asus ASUS WEBCAM C3,89
Asus AS ROG FALCHION RED,279
Asus ROG EYE S,179
Asus AS ROG FALCHION BLUE,279
Asus AS ROG FALCHION NX RED,279
Asus AS ROG FALCHION NX BLUE,279
Asus AS ROG THRONE QI (Headset Stand),219
Asus ROG STRIX SCOPE DELUXE NX RED WIRELESS,269
Asus ROG STRIX FLARE CHERRY RGB MX RED PNK,269
Asus ROG STRIX SCOPE DELUXE NX BLUE WIRELESS,269
Asus ROG GLADIUS II ORIGIN PNK LTD,149
Asus AS ROG STRIX SCOPE DELUXE RD (XA04),269
Asus ROG SHEATH PNK LTD,69
Asus AS ROG STRIX SCOPE DELUXE BL (XA04),269
Asus ROG STRIX FUSION 300 PNK,229
Asus AS ROG STRIX SCOPE NX DELUXE RED,269
Asus AS ROG STRIX SCOPE NX DELUXE BLUE,269
Asus ROG STRIX SCOPE TKL EP/RD/US - X803,229
Asus ROG STRIX IMPACT II EP - P512,69
LOGI FITS TRUE WIRELESS GAMING EARBUDS BLACK,389
LOGI FITS TRUE WIRELESS GAMING EARBUDS WHITE,389
LOGITECH GX TACTILE MECH SWITCHES FOR PRO-X,79
LOGITECH GX LINEAR MECH SWITCHES FOR PRO-X,79
LOGITECH F310 GAMEPAD,35
LOGITECH F710 WIRELESS GAMEPAD,69
LOGITECH DRIVING FORCE SHIFTER,99
LOGITECH G29 DRIVING FORCE RACING WHEEL,599
LOGITECH G923 TRUEFORCE SIM RACING WHEEL,699
LOGITECH EXTREME 3D PRO JOYSTICK,69
BCAMADE II MOUSE BUNGEE,39
G-SR GAMING MOUSE PAD (BLUE),59
G-SR GAMING MOUSE PAD (LARGE),49
GTF-X GAMING MOUSE PAD (LARGE),49
P-SR GAMING MOUSE PAD (SMALL),29
PTF-X GAMING MOUSEPAD (SMALL),39
ZOWIE EC1 GAMING MOUSE (LARGE),109
ZOWIE EC1-B Mouse for e-Sports Large,109
ZOWIE EC1-B Mouse for e-Sports Large CSGO VERSION,109
ZOWIE EC1-C Gaming Mouse (Large),109
ZOWIE EC2 GAMING MOUSE (MEDIUM),109
ZOWIE EC2-C Gaming Mouse (Medium),109
ZOWIE EC3-C Gaming Mouse (Small),109
ZOWIE FK1+ GAMING MOUSE (X-LARGE),109
ZOWIE FK1+-B DIVINA BLUE,109
ZOWIE FK1+-B DIVINA PINK,109
ZOWIE FK1+-B GAMING MOUSE (X-LARGE),109
ZOWIE FK1-B DIVINA BLUE,109
ZOWIE FK1-B DIVINA PINK,109
ZOWIE FK1-B GAMING MOUSE (LARGE),109
ZOWIE FK2 B DIVINA BLUE,109
ZOWIE FK2 B DIVINA PINK,109
ZOWIE FK2-B GAMING MOUSE (LARGE),109
ZOWIE MOUSE S1-C,109
ZOWIE MOUSE S2-C,109
ZOWIE S1 GAMING MOUSE,109
ZOWIE S2 GAMING MOUSE,109
"ZOWIE XL2411K, 24”, 1920x1080p, 144Hz, 1ms (GtG), DyAC Technolgy. TN Panel",319
"ZOWIE XL2546K, 24.5”, 1920x1080p, 240hz, 0.5ms (GtG), DyAC+ Technolgy. TN panel",799
"ZOWIE XL2746k, 27”, 1920x1080p, 240hz, 0.5ms (GtG), DyAC+ Technolgy. TN panel",929
ZOWIE ZA11 AMBIDEXTROUS GAMING MOUSE,109
Razer Goliathus Chroma Soft Gaming Mouse Mat Chroma,59.9
Razer Goliathus Chroma Extended - Soft Gaming Mouse Mat with Chroma - FRML Packaging,89.9
Razer Goliathus Extended Chroma - Soft Gaming Mouse Mat with Chroma - Mercury - FMRL Packaging,89.9
Razer Goliathus Extended Chroma - Soft Gaming Mouse Mat with Chroma - Quartz - FMRL Packaging,89.9
Razer Goliathus Chroma 3XL - Soft Gaming Mouse Mat with Chroma - FRML Packaging,159
RAZER GOLIATHUS MOBILE - SMALL,13.9
Razer Goliathus Mobile Stealth Edition - Small,13.9
Razer Gigantus V2 - Soft Gaming Mouse Mat Medium - FRML Packaging,15.9
Razer Gigantus V2 - Soft Gaming Mouse Mat Large - FRML Packaging,24.9
Razer Gigantus V2 - Soft Gaming Mouse Mat XXL - FRML Packaging,49.9
Razer Gigantus V2 - Soft Gaming Mouse Mat 3XL - FRML Packaging,79.9
Razer Strider Chroma - Gaming Mouse Mat - FRML Packaging,209
Razer Strider - Hybrid Gaming Mouse Mat - Large - FRML Packaging,49.9
Razer Strider - Hybrid Gaming Mouse Mat - Large - Quartz Edition - FRML Packaging,49.9
Razer Strider - Hybrid Gaming Mouse Mat - XXL - FRML Packaging,80.9
Razer Firefly V2,79.9
Razer Atlas,159.9
Razer Atlas White Edition,159.9
Razer Sphex V3 – Ultra-Thin Gaming Mouse Mat - Small - FRML Packaging,15.9
Razer Sphex V3 - Ultra-Thin Gaming Mouse Mat - Large - FRML Packaging,39.9
Razer Huntsman V3 Pro - Analog Optical Esports Keyboard - US Layout - FRML,399.9
Razer Huntsman V3 Pro Tenkeyless - Tenkeyless Analog Optical Esports Keyboard - US Layout - FRML,349.9
Razer Huntsman V3 Pro Mini - 60% Analog Optical Esports Keyboard - US Layout - FRML,279.9
Razer Huntsman V2 - Optical Gaming Keyboard (Clicky Purple Switch) - US Layout - FRML Packaging,299.9
Razer Huntsman V2 - Optical Gaming Keyboard (Linear Red Switch),309.9
Razer Huntsman V2 Tenkeyless - Optical Gaming Keyboard (Clicky Purple Switch) - US Layout,239.9
Razer Huntsman V2 Tenkeyless - Optical Gaming Keyboard (Linear Red Switch),254.9
Razer Huntsman V2 Tenkeyless - Optical Gaming Keyboard (Linear Red Switch) - Quartz Edition - US Layout - FRML,269.9
Razer Huntsman Mini - 60% Optical Gaming Keyboard (Clicky Purple Switch) - FRML Packaging,189.9
Razer Huntsman Mini - 60% Optical Gaming Keyboard (Linear Red Switch) - FRML Packaging,209.9
Razer Huntsman Mini Analog - 60% Analog Optical Gaming Keyboard (Analog Switch) - US Layout - FRML Packaging,229.9
Razer BlackWidow V4 Pro - Mechanical Gaming Keyboard (Green Switch) - US Layout - FRML,359
Razer BlackWidow V4 Pro - Mechanical Gaming Keyboard (Yellow Switch) - US Layout - FRML,359
Razer BlackWidow V4 - Mechanical Gaming Keyboard (Green Switch) - US Layout - FRML,269.9
Razer BlackWidow V4 - Mechanical Gaming Keyboard (Yellow Switch) - US Layout - FRML,269.9
Razer BlackWidow V4 X - Mechanical Gaming Keyboard (Green Switch) - US Layout - FRML,209.9
Razer BlackWidow V4 X - Mechanical Gaming Keyboard (Yellow Switch) - US Layout - FRML,209.9
Razer BlackWidow V4 75% - Hot-swappable Mechanical Gaming Keyboard - US Layout - FRML,290.9
Razer BlackWidow V4 75% - Hot-swappable Mechanical Gaming Keyboard - White Edition - US Layout - World Packaging,305.9
Razer™ BlackWidow V3 - Mechanical Gaming Keyboard (Green Switch) - US Layout – FRML Packaging,219.9
Razer™ BlackWidow V3 - Mechanical Gaming Keyboard (Yellow Switch),219.9
Razer DeathAdder V3 - Ultra-lightweight Ergonomic Esports Mouse,109.9
Razer Basilisk V3 - Ergonomic Wired Gaming Mouse - FRML Packaging,109.9
Razer Cobra - Wired Gaming Mouse - FRML Packaging,64.9
Razer™ Naga X - Wired MMO Gaming Mouse - FRML Packaging,129.9
Razer DeathAdder V3 Pro - Ergonomic Wireless Gaming Mouse - AP Packaging,229
Razer DeathAdder V3 Pro - White Edition - Ultra-lightweight Wireless Ergonomic Esports Mouse,229
Razer DeathAdder V3 Pro Faker Edition - Ergonomic Wireless Gaming Mouse - FRML World Packaging,269
Razer DeathAdder V2 X HyperSpeed - Wireless Ergonomic Gaming Mouse,94.9
Razer Basilisk V3 Pro - Ergonomic Wireless Gaming Mouse - AP Packaging,249
Razer Basilisk V3 Pro White Edition - Ergonomic Wireless Gaming Mouse - AP Packaging,249
Razer Basilisk V3 X HyperSpeed - Wireless Ergonomic Gaming Mouse - AP Packaging,109.9
Razer Orochi V2 - Wireless Gaming Mouse - AP Packaging,104.9
Razer Orochi V2 - Mobile Wireless Gaming Mouse - White Edition - AP Packaging,104.9
Razer Orochi V2 - Wireless Gaming mouse - Quartz Edition - AP Packaging,119.9
Razer Cobra Pro - Ambidextrous Wired/Wireless Gaming Mouse - AP Packaging,2099
Razer Viper V2 Pro - Wireless Gaming Mouse - AP Packaging,229.9
Razer Viper V2 Pro - Wireless Gaming Mouse - White - AP Packaging,229.9
Razer Naga V2 Pro - Wireless MMO Gaming Mouse,289
Razer Viper V3 HyperSpeed - Wireless Esports Gaming Mouse - FRML Packaging,109.9
Razer Naga V2 HyperSpeed - Wireless MMO Gaming Mouse - AP Packaging,159
Razer BlackWidow V3 - Mechanical Gaming Keyboard (Green Switch) - US Layout – FRML Packaging US Layout – FRML Packaging,219.9
Razer BlackWidow V3 - Mechanical Gaming Keyboard (Green Switch) - White - FRML Packaging White - FRML Packaging,279.9
Razer BlackWidow V3 - Mechanical Gaming Keyboard (Green Switch) - Edition - World Packaging Edition - World Packaging,265.9
Razer Barracuda X (2022) - Wireless Multi-platform Gaming and Mobile Headset - Mercury White - FRML Packaging Mercury White - FRML Packaging,159.9
Razer Barracuda X (2022) - Wireless Multi-platform Gaming and Mobile Headset - Quartz Pink - FRML Packaging Quartz Pink - FRML Packaging,159.9
Razer Barracuda X (2022) - Wireless Multi-Platform Gaming and Mobile Headset - PUBG: Battlegrounds Edition - World Packaging PUBG: Battlegrounds Edition - World Packaging,205.9
Razer Huntsman V2 - Optical Gaming Keyboard - PUBG: Battlegrounds Edition (Linear Optical Switch) - World Packaging World Packaging,399.9
Razer Orochi V2 - Wireless Gaming Mouse - Roblox Edition - FRML Packaging FRML Packaging,139.9
Razer BlackWidow V3 - Mechanical Gaming Keyboard - Roblox Edition - US Layout FRML Packaging US Layout FRML Packaging,279.9
Razer Barracuda X (2022) - Wireless Multi-Platform Gaming and Mobile Headset - Roblox Edition - FRML Packaging FRML Packaging,209.9
Razer BlackWidow V3 Tenkeyless (Green Switch) - Pokemon Edition Pokemon Edition,299.9
Razer Gigantus V2 – Soft Gaming Mouse Mat – Medium – Pokemon Edition - AP Packaging Medium – Pokemon Edition - AP Packaging,43.9
Razer Gigantus V2 – Soft Gaming Mouse Mat – XXL – Pokemon Edition - AP Packaging XXL – Pokemon Edition - AP Packaging,65.9
Razer Kraken V3 X - Wired USB Gaming Headset - Pokemon Edition - AP Packaging AP Packaging,139.9
Razer Leviathan V2 X - PC Gaming Sound Bar - Pokemon Edition - AP Packaging AP Packaging,235.9
Razer BlackWidow V3 Tenkeyless - Mechanical Gaming Keyboard (Green Switch) - US Layout – FRML packaging US Layout – FRML packaging,159.9
Razer™ BlackWidow V3 Tenkeyless - Mechanical Gaming Keyboard (Yellow Switch) - US Layout - FRML packaging US Layout - FRML packaging,159.9
Razer™ BlackWidow V3 Mini HyperSpeed - Phantom Pudding Edition - 65% Wireless Mechanical Gaming Keyboard (Yellow Switch) - FRML Packaging FRML Packaging,309.9
Razer DeathStalker V2 Pro - Wireless Low Profile Optical Gaming Keyboard (Linear Red Switch) - US Layout – FRML US Layout – FRML,319
Razer DeathStalker V2 Pro - Wireless Low Profile Optical Gaming Keyboard (Clicky Purple Switch) - White Edition - US Layout - World Packaging White Edition - US Layout - World Packaging,329
Razer DeathStalker V2 Pro Tenkeyless - Wireless Low Profile Optical Gaming Keyboard (Linear Red Switch) - US Layout – FRML US Layout – FRML,299
Razer DeathStalker V2 Pro Tenkeyless - Wireless Low Profile Optical Gaming Keyboard (Linear Red Switch) - White Edition - US Layout - World Packaging White Edition - US Layout - World Packaging,309
Razer DeathStalker V2 - Low Profile Optical Gaming Keyboard (Linear Red Switch) - US Layout – FRML US Layout – FRML,249
Razer Ornata V3 - Low Profile Gaming Keyboard - US Layout – FRML US Layout – FRML,109.9
Razer Ornata V3 X - Low Profile Gaming Keyboard - US Layout – FRML US Layout – FRML,64.9
Razer Ornata V3 Tenkeyless - Low Profile Gaming Keyboard - US Layout – FRML US Layout – FRML,109.9
Razer™ BlackWidow V3 Pro - Wireless Mechanical Gaming Keyboard (Green Switch) - US Layout - FRML Packaging US Layout - FRML Packaging,359.9
Razer™ BlackWidow V3 Pro - Wireless Mechanical Gaming Keyboard (Yellow Switch) - US Layout - FRML Packaging US Layout - FRML Packaging,359.9
Razer BlackShark V2 Pro (2023) - Wireless Gaming Headset - FRML Packaging FRML Packaging,324.9
Razer BlackShark V2 Pro (2023) - Wireless Gaming Headset - White Edition - FRML Packaging White Edition - FRML Packaging,324.9
Razer BlackShark V2 Pro - Wireless Gaming Headset - White Edition - FRML Packaging White Edition - FRML Packaging,269.9
Razer BlackShark V2 Pro - Wireless Gaming Headset - FRML Packaging FRML Packaging,269.9
Razer BlackShark V2 HyperSpeed - Wireless Ultra-Lightweight Esports Headset - FRML Packaging FRML Packaging,205.9
Razer BlackShark V2 - Wired Gaming Headset + USB Sound Card - FRML Packaging FRML Packaging,159.9
Razer BlackShark V2 - Wired Gaming Headset + USB Sound Card - CourageJD Edition - FRML Packaging CourageJD Edition - FRML Packaging,169.9
Razer BlackShark V2 - Wired Gaming Headset + USB Sound Card - SE - World Packaging SE - World Packaging,169.9
Razer BlackShark V2 X USB - Wired Gaming Headset - FRML Packaging FRML Packaging,105
Razer BlackShark V2 X - Wired Gaming Headset - FRML Packaging FRML Packaging,94.9
Razer BlackShark V2 X - Wired Gaming Headset - White - FRML Packaging White - FRML Packaging,94.9
Razer BlackShark V2 X - Wired Gaming Headset - Quartz Edition - FRML Packaging Quartz Edition - FRML Packaging,94.9
Razer Kraken V3 Pro - Wireless Gaming Headset with Razer HyperSense - FRML Packaging FRML Packaging,329.9
Razer Kraken V3 HyperSense - Wired USB Gaming Headset with Haptic Technology - FRML Packaging FRML Packaging,209.9
Razer Kraken V3 - Wired USB Gaming Headset - FRML Packaging FRML Packaging,159.9
Razer Kraken V3 X - Wired USB Gaming Headset - FRML Packaging FRML Packaging,109.9
Razer Kraken Kitty V2 Pro - Wired RGB Headset with Interchangeable Ears - Black - FRML Packaging Black - FRML Packaging,329.99
Razer Kraken Kitty V2 Pro - Wired RGB Headset with Interchangeable Ears - Quartz Edition - FRML Packaging Quartz Edition - FRML Packaging,329.99
Razer Kraken Kitty V2 - USB Headset with RGB Kitty Ears - Black - FRML Packaging Black - FRML Packaging,155.9
Razer Kraken Kitty V2 - USB Headset with RGB Kitty Ears - Quartz Edition - FRML Packaging Quartz Edition - FRML Packaging,155.9
Razer Kraken Kitty V2 BT - Quartz Edition - Wireless Bluetooth RGB Headset with Kitty Ears - FRML Packaging Quartz Edition - FRML Packaging,155.9
Razer Barracuda Pro - Wireless Gaming Headset with Hybrid ANC - FRML Packaging FRML Packaging,409.9
Razer Barracuda - Wireless Multi-platform Gaming and Mobile Headset - FRML Packaging FRML Packaging,264.9
Razer Barracuda - Wireless Multi-platform Gaming and Mobile Headset - Mercury White - FRML Packaging Mercury White - FRML Packaging,279.9
Razer Barracuda X (2022) - Wireless Multi-Platform Gaming and Mobile Headset - FRML Packaging FRML Packaging,159.9
Razer Barracuda X (2022) - Wireless Multi-Platform Gaming and Mobile Headset - Quartz Pink - FRML Packaging Quartz Pink - FRML Packaging,159.9
Razer Opus X - Mercury - Active Noise Cancellation Headset - FRML Packaging Mercury - FRML Packaging,154.9
Razer Opus X - Quartz - Active Noise Cancellation Headset - FRML Packaging Quartz - FRML Packaging,154.9
Razer Opus X - Green - Active Noise Cancellation Headset - FRML Packaging Green - FRML Packaging,154.9
Razer Hammerhead True Wireless Pro - Earbuds - AP Packaging AP Packaging,299.9
Razer Hammerhead Pro HyperSpeed - Earbuds - AP Packaging AP Packaging,299.9
Razer Hammerhead HyperSpeed (Xbox Licensed) - Wireless Multi-Platform Gaming Earbuds - AP Packaging AP Packaging,249.9
Razer Moray - Ergonomic In-ear Monitor for All-day Streaming - FRML Packaging FRML Packaging,2005
Razer Nommo V2 Pro - Full-Range 2.1 PC Gaming Speakers with Wireless Subwoofer - EU/IDN + UK/MY/SG/UAE Packaging EU/IDN + UK/MY/SG/UAE Packaging,669.9
Razer Nommo V2 - Full-Range 2.1 PC Gaming Speakers with Wired Subwoofer - EU/IDN + UK/MY/SG/UAE Packaging EU/IDN + UK/MY/SG/UAE Packaging,419.9
Razer Nommo V2 X - Full-Range 2.0 PC Gaming Speakers - EU/IDN/RUS//UKR/ISR/EGY/ZAF + UK/MY/SG/UAE/SAU Packaging EU/IDN/RUS//UKR/ISR/EGY/ZAF + UK/MY/SG/UAE/SAU Packaging,249.9
Razer Nommo Chroma 2.0 Gaming Speakers,229.9
Razer Nommo 2.0 Gaming Speakers,159.9
Razer Leviathan V2 - PC Gaming Sound Bar with Subwoofer,379
Razer Leviathan V2 X - PC Gaming Soundbar - FRML Packaging FRML Packaging,165
Razer Wolverine V2 Pro - Wireless PlayStation 5 & PC Gaming Controller - White - AP Packaging White - AP Packaging,399
RAZER KAIRA PRO HYPERSPEED-PS5 WLESS GMING HDSET,329.9
RAZER KAIRA HYPERSPEED-PS5 WLESS GAMING HEADSET,214.9
RAZER KAIRA X FOR PLAYSTATION-FOR PS5,89.9
Razer Kaira X - Licensed PlayStation 5 Wired Gaming Headset - AP Packaging AP Packaging,99.9
RAZER HAMMERHEAD HYPERSPEED-PS5,249.9
Razer Kishi V2 - Gaming Controller for Android - FRML Packaging FRML Packaging,149.9
Razer Kishi V2 - Gaming Controller for iPhone - FRML Packaging FRML Packaging,149.9
Razer Seiren V2 Pro - Professional Grade USB Microphone - FRML Packaging FRML Packaging,239.9
Razer Seiren V2 X - USB Microphone for Streamers - FRML Packaging FRML Packaging,159.9
Razer Seiren Mini - Ultra-Compact Condenser Microphone - FRML Packaging FRML Packaging,79.9
Razer Seiren Mini - Ultra-Compact Condenser Microphone - Quartz - FRML Packaging Quartz - FRML Packaging,79.9
Razer Seiren Mini - Ultra-Compact Condenser Microphone - Mercury - FRML Packaging Mercury - FRML Packaging,79.9
RAZER SEIREN BT-BLUETOOTH MIC FOR MOBILE STREAMING,159.9
Razer Kiyo Pro - USB Camera with High-Performance Adaptive Light Sensor,299.9
Razer Kiyo,159.9
Razer Kiyo X - USB Broadcasting Camera - FRML Packaging FRML Packaging,119
Razer Ripsaw X - USB Capture Card - FRML Packaging FRML Packaging,219
RAZER AUDIO MIXER,386.9
Razer Key Light Chroma – All-in-one lighting kit for Streaming - FRML Packaging FRML Packaging,439
Razer Stream Controller – All-in-one Keypad for Streaming - FRML Packaging FRML Packaging,409.9
Razer Stream Controller X - All-in-one Keypad for Streaming - FRML Packaging FRML Packaging,239.9
Razer Viper V2 Pro,219.9
Razer Base Station V2 Chroma - Chroma Enabled Headset Stand with USB 3.1 Hub and 7.1 Surround Sound,109.9
Razer Base Station V2 Chroma - Chroma Enabled Headset Stand with USB 3.1 Hub and 7.1 Surround Sound - Quartz - FRML Packaging Quartz - FRML Packaging,129.9
Razer Base Station V2 Chroma - Chroma Enabled Headset Stand with USB 3.1 Hub and 7.1 Surround Sound - Mercury - FRML Packaging Mercury - FRML Packaging,129.9
Razer Ergonomic Wrist Rest Pro For Full-sized Keyboards - FRML Packaging FRML Packaging,56.9
Razer Ergonomic Wrist Rest For Full-sized Keyboards - FRML Packaging FRML Packaging,32.9
Razer Phantom Keycap Upgrade Set - Black - FRML Packaging Black - FRML Packaging,59.9
Razer Phantom Keycap Upgrade Set - White - FRML Packaging White - FRML Packaging,59.9
Razer PBT Keycap + Coiled Cable Upgrade Set - Classic Black - FRML Packaging Classic Black - FRML Packaging,74.9
Razer PBT Keycap + Coiled Cable Upgrade Set - Mercury White - FRML Packaging Mercury White - FRML Packaging,74.9
Razer PBT Keycap + Coiled Cable Upgrade Set - Quartz Pink - FRML Packaging Quartz Pink - FRML Packaging,74.9
Razer PBT Keycap + Coiled Cable Upgrade Set - Razer Green - FRML Packaging Razer Green - FRML Packaging,74.9
Razer Gaming Finger Sleeve,14.9
Razer Ergonomic Wrist Rest for Tenkeyless Keyboards - FRML Packaging FRML Packaging,29.9
Razer Ergonomic Wrist Rest for Mini Keyboards - FRML Packaging FRML Packaging,29.9
Razer Mouse Dock Pro - FRML Packaging FRML Packaging,119.9
Razer Mouse Dock Chroma – FRML Packaging FRML Packaging,79.9
Razer Mouse Bungee V3 Chroma - FRML Packaging FRML Packaging,59.9
Razer Fujin Headrest - FRML Packaging FRML Packaging,199.9
Razer Fujin Pro - Fully Adjustable Mesh Gaming Chair - NASA+AP Packaging NASA+AP Packaging,1499
Razer Fujin – Mesh Gaming Chair - NASA+AP Packaging NASA+AP Packaging,939
Razer Iskur - Gaming chair with built-in lumbar support,749.9
Razer Iskur Gaming chair with built-in lumbar support - Black Colour Black Colour,749.9
Razer Iskur - Dark Gray Fabric - Gaming Chair With Built In Lumbar Support - NASA + AP Packaging NASA + AP Packaging,749.9
Razer Iskur X - Ergonomic Gaming Chair,599.9
"Belkin CABLE,CAT6,UTP,RJ45M/M,10M,BLU,PATCH,SNAGLESS 10M",22
"Belkin CABLE,HDMI 2.1, M/M, 2M,BLACK AV10175bt2MBKV2 2M",59
"Belkin CABLE,HDMI 2.1, M/M, 1M,BLACK 1M",69
"Belkin CABLE,HDMI 2.1, M/M, 2M,BLACK AV10176bt2M-BLK 2M",85
"Belkin ADAPTER, USB-C TO VGA, 60W PD, BLK AVC001btBK BLK",19
"Belkin ADAPTER, USB-C TO HDMI, 60W PD, BLK AVC002btBK BLK",69
Belkin USB-C Video Adapter AVC003btBK,109
Belkin USB-C 5-IN-1 MULTIPORT ADAPTER 5-IN-1,79
Belkin USB-C 7-IN-1 MULTIPORT ADAPTER 7-IN-1,99
"Belkin SURGE,4OT,525J,2M, 2 USB-2.4A SHARED BSV401sa2M 2M",55
"Belkin SURGE,6OT,650J,2M, 2 USB-2.4A SHARED BSV604sa2M 2M",63
"Belkin SURGE,80T,900J,2M, 2 USB-2.4A SHARED BSV804sa2M 2M",79
"Belkin USB-A TO LTG, SILICONE, 1M, BLK CAA008bt1MBK 1M, BLK",27
"Belkin USB-A TO LTG, SILICONE, 1M, BLUE CAA008bt1MBL 1M, BLUE",27
"Belkin USB-A TO LTG, SILICONE, 1M, PINK PURPLE CAA008BT1MPK 1M, PINK PURPLE",27
"Belkin USB-A TO LTG, SILICONE, 1M, WHT CAA008bt1MWH 1M, WHT",27
"Belkin CABLE,THUNDERBOLT 3,C-C,40Gbps,.5M,BLACK,5A F2CD084bt0.5MBK .5M",59
"Belkin ADAPTER,USB-C,HDMI,4K,60HZ,BLACK F2CU038btBLK",79
"Belkin USB-C 4-PORT MINI HUB,3.0,BLK F4U090btBLK",90
"Belkin USB-C MULTIMEDIA HUB+ POWER,SPACE GRAY F4U092btSGY SPACE GRAY",136
"Belkin KEYCHAIN , PC, PINK F8W973btPNK PINK",11
"Belkin STRAP , PC, PINK F8W974btPNK PINK",11
"Belkin ADAPTER, USB-C TO GIGABIT ETHERNET, 60W PD, BLK INC001btBK",55
Belkin USB-C DUAL DISPLAY DOCK INC002qcBK,299
Belkin USB-C 11-IN-1 MULTIPORT DOCK INC004btSGY 11-IN-1,145
Belkin THUNDERBOLT 4 CABLE 2M ACTIVE INZ002BT2MBK 2M,115
"Belkin GLASS,EZ TRAY,APPLE,13 MINI,TEMPERED GLASS AM OVA068zz 13 MINI",24
"Belkin GLASS,EZ TRAY,APPLE,13/13 PRO,TEMPERED GLASS AM OVA069zz 13/13 PRO",24
"Belkin GLASS,EZ TRAY,APPLE,13 PRO MAX,TEMPERED GLASS AM OVA070zz 13 PRO MAX",24
"Belkin GLASS, EZ TRAY, 2022 C, TEMPERED GLASS AM OVA101zz 2022 C",24
"Belkin GLASS, EZ TRAY, 2022 D, TEMPERED GLASS AM OVA102zz 2022 D",24
"Belkin GLASS, EZ TRAY, 2022 C, LAS GLASS AM OVA103zz 2022 C",26
"Belkin GLASS, EZ TRAY, 2022 D, LAS GLASS AM OVA104zz 2022 D",26
"Belkin 20W AC CHARGER, STANDALONE, WHT WCA003myWH",25
Belkin PD 25W PPS USB-C WALL CHARGER WCA004myWH,29
"Belkin 63W USB-C CHARGER,GAN,50C/18C,WHT WCH003myWH",69
"Belkin 108W USB-C CHARGER,GAN,4-PORT,WHT WCH010MYWH 4-PORT",119
Belkin 65W DUAL USB-C GAN WALL CHARGER WITH WCH013MYWH,75
"Belkin MAGSAFE PAD WITH STAND, NO PSU, BK WIA004btBK BK",99
"Belkin MAGSAFE PAD WITH STAND, NO PSU, BL WIA004btBL BL",99
"Belkin MAGSAFE PAD WITH STAND, NO PSU, WH WIA004btWH WH",99
"Belkin MAGNET PAD 7.5W, PSU, BK WIA005myBK BK",59
"Belkin MAGNET PAD 7.5W, PSU, WH WIA005myWH WH",59
"Belkin STAND,15W,PSU,BLACK WIB002myBK BLACK",59
"Belkin STAND,15W,PSU,WHITE WIB002myWH WHITE",59
"Belkin MAGNET STAND 7.5W, PSU, BK WIB003myBK BK",69
"Belkin MAGNET STAND 7.5W, PSU, WH WIB003myWH WH",69
"Belkin STAND/PAD/PUCK,PSU,BLACK WIZ001myBK BLACK",159
"Belkin STAND/PAD/PUCK,PSU,WHITE WIZ001myWH WHITE",159
"Belkin DUAL PAD,15W,PSU,BLACK WIZ008myBK BLACK",99
"Belkin DUAL PAD,15W,PSU,WHITE WIZ008myWH WHITE",99
"Belkin MAGSAFE 2/1 STAND, BK WIZ010myBK BK",132
"Belkin MAGSAFE 2/1 STAND, WH WIZ010myWH WH",132
Belkin 3-IN-1 WIRELESS CHARGING PAD WITH MAGSAFE WIZ016myBK BK,209
Belkin 3-IN-1 WIRELESS CHARGING PAD WITH MAGSAFE WIZ016myWH WH,209
Belkin 3-IN-1 WIRELESS CHARGING STAND WITH WIZ017MYBK BK,209
Belkin 3-IN-1 WIRELESS CHARGING STAND WITH WIZ017MYWH WH,209
CM MASTERFAN MF140 HALO ARGB ARGB FAN,35
CM MASTERBOX CM694 ATX CASE WITH T.G,178.5
CM MASTERFAN MF120 HALO 3IN1 ARGB ARGB FAN - WHITE 3IN1 - WHITE,77
CM MASTERBOX TD500 MESH ARGB ATX CASE - WHITE WHITE,141.33
CM MASTERFAN MF120 HALO ARGB FAN - WHITE WHITE,30.33
CM MASTERBOX TD500 MESH ARGB ATX CASE,132.44
CM MASTERFAN MF120 HALO 3IN1 ARGB FAN 3IN1,77
CM MASTERFAN MF120 HALO ARGB FAN,30.33
CM MASTERBOX TD300 MESH ARGB m-ATX CASE - WHITE WHITE,105.78
CM MASTERBOX TD300 MESH ARGB m-ATX CASE,105.78
CM MOBIUS 120P ARGB RING BLADE FAN,38.11
CM MASTERBOX NR600P ATX CASE WITH HOTSWAP BAYS,187.94
CM MASTERBOX NR600 ATX CASE WITH T.G / ODD,105.78
CM SICKLEFLOW 140 PWM ARGB FAN,27.22
CM MASTERBOX NR400 m-ATX CASE WITH T.G,88
CM SICKLEFLOW 120 PWM ARGB FAN - WHITE WHITE,20.94
CM MASTERBOX NR200P MAX WITH 850W PSU & 280MM AIO,471.28
CM SICKLEFLOW 120 ARGB 3IN1 WITH CONTROLLER 3IN1,61.44
CM MASTERBOX NR200P SFF m-ITX CASE WITH T.G PURPLE PURPLE,150.22
CM SICKLEFLOW 120 PWM ARGB REVERSE FAN,20.94
CM MASTERBOX NR200P SFF m-ITX CASE WITH T.G ORANGE ORANGE,150.22
CM SICKLEFLOW 120 PWM ARGB FAN,20.94
CM MASTERBOX NR200P SFF m-ITX CASE WITH T.G,132.44
CM SICKLEFLOW 120 PWM RGB FAN,16.54
CM MASTERBOX NR200P SFF m-ITX CASE WITH T.G -WHITE -WHITE,132.44
CM SICKLEFLOW 120 PWM RED LED FAN,12.93
CM MASTERBOX NR200 SFF m-ITX CASE,105.78
CM SICKLEFLOW 120 PWM BLUE FAN,12.93
CM MASTERBOX NR200 SFF m-ITX CASE - WHITE WHITE,105.78
CM SICKLEFLOW 120 PWM WHITE LED FAN,12.93
CM SICKLEFLOW 120 PWM NON LED FAN,11.48
CM MASTERBOX MB600L V2 ATX CASE WITH ODD,70.22
CM SICKLEFLOW 92 PWM NON LED FAN,10.76
CM MASTERBOX MB540 ARGB ATX CASE WITH T.G,141.33
CM SICKLEFLOW 80 PWM NON LED FAN,10.76
CM A1 GEN 2 ARGB CONTROLLER,30.96
CM MASTERBOX MB530 ARGB ATX CASE WITH 3 T.G,150.22
CM A1 GEN 2 ARGB TUBE SLEEVE FOR AIO COOLER,70.22
CM MASTERBOX MB520 ARGB ATX CASE WITH T.G,114.67
CM A1 GEN 2 ARGB STRIP 40CM 40CM,22.56
CM MASTERBOX MB511 ARGB ATX CASE WITH T.G,114.67
CM MASTERFAN ARGB & PWM 6 PORTS HUB,23.4
CM MASTERBOX MB320L ARGB m-ATX CASE WITH T.G,88
CM UNIVERSAL 1-5 ARGB SPLITTER CABLE,12.37
CM MASTERACCESSORY - ARGB GPU SUPPORT BRACKET,38.4
CM MASTERBOX MB311L ARGB m-ATX CASE WITH T.G,88
CM ELV8 ARGB UNIVERSAL GRAPHICS CARD HOLDER,38.4
CM MASTERBOX 500 ARGB ATX CASE,114.67
CM MASTERACCESSORY RISER CABLE PCI-E 4.0 300MM PCI-E 4.0 300MM,99.17
CM ELITE 500 ATX CASE WITH ODD,70.22
CM MASTERACCESSORY RISER CABLE PCI-E 200MM V2 PCI-E 200MM V2,46.2
CM XG PLUS PLATINUM 850 FULL MODULAR ARGB PSU,360.8
CM MASTERLIQUID ML360 SUB-ZERO CPU COOLER,535.5
CM XG PLUS PLATINUM 750 FULL MODULAR ARGB PSU,321.69
CM MASTERLIQUID ML360P ARGB CPU COOLER-SILVER SILVER,310.22
CM XG PLATINUM 850 FULL MODULAR PSU,263.02
CM MASTERLIQUID ML240P MIRAGE ARGB CPU COOLER,212.44
CM XG PLATINUM 750 FULL MODULAR PSU,223.91
CM MASTERLIQUID ML360R ARGB CPU COOLER,185.78
CM V SFX GOLD 850 FULL MODULAR WHITE PSU,233.69
CM MASTERLIQUID PL360 FLUX ARGB CPU COOLER (5Y),239.11
CM V SFX GOLD 750 FULL MODULAR WHITE PSU,214.13
CM MASTERLIQUID PL240 FLUX ARGB CPU COOLER (5Y),203.56
CM V SFX GOLD 850 FULL MODULAR PSU,223.91
CM MASTERLIQUID ML360 ILLUSION ARGB ARGB COOLER,194.67
CM V SFX GOLD 750 FULL MODULAR PSU,204.36
CM MASTERLIQUID ML240 ILLUSION ARGB ARGB COOLER,150.22
CM V SFX GOLD 650 FULL MODULAR PSU,184.8
CM MASTERLIQUID ML240 ILLUSION ARGB ARGB WHITE WHITE,159.11
CM MASTERLIQUID ML360L V2 ARGB CPU COOLER - WHITE WHITE,141.33
CM V PLATINUM 1300 FULL MODULAR PSU,419.47
CM MASTERLIQUID ML240L V2 ARGB CPU COOLER - WHITE WHITE,123.56
CM V PLATINUM 1000 FULL MODULAR PSU,360.8
CM MASTERLIQUID ML360L V2 ARGB CPU COOLER,132.44
CM V PLATINUM 850 FULL MODULAR PSU,311.91
CM MASTERLIQUID ML240L V2 ARGB CPU COOLER,114.67
CM MA624 STEALTH CPU COOLER,159.11
CM V GOLD V2 850 FULL MODULAR PSU,223.91
CM MA612 STEALTH ARGB CPU COOLER,123.56
CM V GOLD V2 750 FULL MODULAR PSU,204.36
CM MA612 STEALTH CPU COOLER,105.78
CM V GOLD V2 650 FULL MODULAR PSU,184.8
CM HYPER 212 RGB BLACK EDITION CPU COOLER,70.22
CM HYPER 212 BLACK EDITION CPU COOLER,61.33
CM HYPER 212 LED TURBO ARGB CPU COOLER,70.22
CM MWE GOLD V2 1250W FULL MODULAR ATX3 PSU 1250W,341.24
CM HYPER 212 LED TURBO WHITE EDITION CPU COOLER WHITE EDITION,70.22
CM MWE GOLD V2 1050W FULL MODULAR ATX3 PSU 1050W,311.92
CM HYPER 212 ARGB CPU COOLER,43.56
CM MWE GOLD V2 850W FULL MODULAR PSU,184.8
CM HYPER T20 CPU COOLER,22.56
CM MWE GOLD V2 750W FULL MODULAR PSU,165.24
CM A71C ARGB AM4 CPU COOLER AM4,34.67
CM MWE GOLD V2 650W FULL MODULAR PSU,145.69
CM CRYOFUZE THERMAL GREASE,19.08
CM G800 GOLD NON MODULAR PSU,131.28
CM MASTERGEL MAKER THERMAL GREASE - FLAT-NOZZLE FLAT-NOZZLE,22.8
CM MASTERGEL PRO THERMAL GREASE - FLAT-NOZZLE FLAT-NOZZLE,12
CM MASTERGEL REGULAR THERMAL GREASE - FLAT-NOZZLE FLAT-NOZZLE,7.8
CM MWE WHITE 500W 80+ 230v EU PSU V2 500W,79.11
CM HTK-002 THERMAL GREASE,4.2
CM MWE WHITE 450W 80+ 230v EU PSU V2 450W,70.22
CM M.2 NVME SSD THERMAL PAD,16.58
CM CONNECT STAND FOR NETWORKING DEVICES,49.17
CM ERGOSTAND AIR SLIM NOTEBOOK STAND SILVER SILVER,57.5
CM MF120 PRISMATIC 3IN1 ARGB CRYSTAL FAN 3IN1,124.17
CM MF120 PRISMATIC ARGB CRYSTAL FAN,49.17
CM MASTERFAN SF360R ARGB FAN,69.22
CM MASTERFRAME 700 OPEN-AIR FRAME,272.94
CM EG200 eGPU WITH SFX550 GOLD PSU,471.28
CM MASTERCASE H500M ARGB CASE WITH 4 T.G,282.39
CM COSMOS C700M ARGB TOWER W/T.GLASS,565.72
CM HAF700 EVO ARGB TOWER WITH T.G,660.17
CM SILENCIO S600 ATX CASE WITH TG / SD CARD READER,132.44
CM SILENCIO S400 m-ATX CASE WITH TG /SDCARD READER,114.67
