item,price_sgd
Asus Mini PC PN64-B-S3037MD,698
Asus Mini PC PN64-B-S5036MD,852
Asus Mini PC PN64-B-S7035MD,996
Asus Mini PN64-E1-B-S7068MD i7-13,1523
Asus Mini PN64-E1-B-S7074MD i7-13,1008
Asus Mini PN64-E1-B-S5048MD i5-13,798
Asus Mini PN64-E1-BC503AD Celeron,453
ASUS NUC 14 ESSENTIAL N97 INTEL GRAPHICS BAREBONE 90AR00M2-M000C0,299
Asus Intel NUC RNUC12WSHI30000 Intel® Core™ i3-1220P Processor (1 8GB 512GB Windows 11 Home Unactivated,574
Asus Intel NUC RNUC12WSHI50000 Intel® Core™ i5-1240P Processor (1 8GB 512GB Windows 11 Home Unactivated,723
Asus Intel NUC RNUC12WSHI70000 Intel® Core™ i7-1260P Processor (1 8GB 512GB Windows 11 Home Unactivated,904
Asus Intel NUC RNUC13ANHI30000 Intel® Core™ i3-1315U Processor (1 8GB 512GB Windows 11 Home Unactivated,600
Asus Intel NUC RNUC13ANHI50000 Intel® Core™ i5-1340P Processor (1 8GB 512GB Windows 11 Home Unactivated,793
Asus Intel NUC RNUC13ANHI70000 Intel® Core™ i7-1360P Processor (1 8GB 512GB Windows 11 Home Unactivated,981
Asus Intel NUC RNUC14RVHI300000I Intel® Core™ 3-100U Processor (1 8GB 512GB Windows 11 Home Unactivated,646
Asus Intel NUC RNUC14RVHU500000I Intel® Core™ U5-125H Processor ( 8GB 512GB Windows 11 Home Unactivated,810
Asus Intel NUC RNUC14RVHU700000I Intel® Core™ U7-155H Processor ( 8GB 512GB Windows 11 Home Unactivated,1024
Asus Intel NUC RNUC14RVSU900000I Intel® Core™ U9-185H Processor ( 8GB 512GB Windows 11 Home Unactivated,1238
Asus Intel NUC RNUC14RVHV500000 Intel® Core™ U5-135H Processor (1 8GB 512GB Windows 11 Home Unactivated,1139
Asus Intel NUC RNUC14RVHV700000 Intel® Core™ U7-165H Processor (2 8GB 512GB Windows 11 Home Unactivated,1377
Asus Intel NUC RNUC13RNGI70000 Intel® Core™ i7-13700K Processor ( 8GB 512GB Windows 11 Home Unactivated,1910
Asus Intel NUC RNUC14SRKU710000I Intel® Core™ Ultra 7 155H Proces 8GB 512GB Windows 11 Home Unactivated,2053
Asus Intel NUC RNUC14SRKU910000I Intel® Core™ Ultra 9 185H Proces 8GB 512GB Windows 11 Home Unactivated,2441
Asus Intel NUC RNUC14SRKU7168A0I Intel® Core™ Ultra 7 155H Proces 8GB 512GB Windows 11 Home Unactivated,2528
Asus Intel NUC RNUC14SRKU9189A0I Intel® Core™ Ultra 9 185H Proces 8GB 512GB Windows 11 Home Unactivated,3097
"Asus Intel NUC RNUC14SRKU9189A0I Intel® Core™ Ultra 9 185H Proces 32GB 1TB Windows 11 Home, Nvidia RTX4070",3097
Asrock Deskmeet X300 Deskmini AMD /AC,296
Asrock Deskmini B660 Barebone Intel,409
ASRock DESKMEET B660 AC D4,339
"Intel NUC11 Phantom Canyon RNUC11PAHI70000 i7, Wifi, Sound, Lan, USB3.0, Type-C",589
Intel Celeron NUC Barebone TKC20RA0,199
Intel Celeron Windows 11/4G/64 Celeron,299
Intel RNUC12SNKi7 with Intel ARC Graphic,1559
Intel RNUC12DCMI90000 12th Gen i9,1599
"Intel NUC 13 Extreme Kit, NUC13RNGi7",1629
"Intel NUC 13 Extreme Kit, NUC13RNGi9",1999
Intel NUC 13 V Pro RNUC13L3HV50000,729
"Intel NUC 13 Rugged Industrial N50 CPU, 64G Emmc Storage, AX210 BNUC13BRKP200B00O",499
"Intel NUC 13 Rugged Industrial X7211E cpu, 64G Emmc Storage, AX210 BNUC13BRFA200B00O",599
"Intel NUC 13 Rugged Industrial X7425E cpu, 64G Emmc Storage, AX210 BNUC13BRFA400B00O",699
Lenovo E14 G4 i5-1235U 8GB 512g W11P 1080,1080
Lenovo E14 G4 i7-1255U 8GB 512 Win11P,1188
Dell Latitude 3440 I7/8GB/512GB / WIN 11 PRO 210-BGDM,1380
Asus TUF GAMING Z790-PLUS WIFI SI,491
Asus TUF GAMING Z790-PLUS WIFI SI + 14100,662
Asus TUF GAMING Z790-PLUS WIFI SI + 14100F,610
Asus TUF GAMING Z790-PLUS WIFI SI + 14400,766
Asus TUF GAMING Z790-PLUS WIFI SI + 14400f,729
Asus TUF GAMING Z790-PLUS WIFI SI + 14500,836
Asus TUF GAMING Z790-PLUS WIFI SI + 14600,884
Asus TUF GAMING Z790-PLUS WIFI SI + 14700,959
Asus TUF GAMING Z790-PLUS WIFI SI + 14700F,921
Asus TUF GAMING Z790-PLUS WIFI SI + 14900,1305
Asus TUF GAMING Z790-PLUS WIFI SI + 14600K,833
Asus TUF GAMING Z790-PLUS WIFI SI + 14600KF,803
Asus TUF GAMING Z790-PLUS WIFI SI + 14700K,1018
Asus TUF GAMING Z790-PLUS WIFI SI + 14700KF,981
Asus TUF GAMING Z790-PLUS WIFI SI + 14900K,1166
Asus TUF GAMING Z790-PLUS WIFI SI + 14900F,1265
Asus TUF GAMING Z790-PLUS WIFI SI + 14900KF,1136
Asus TUF GAMING Z790-PLUS WIFI SI + 12700KF,1003
Asus TUF GAMING Z790-PLUS WIFI SI + 12400F,669
Asus TUF GAMING Z790-PLUS WIFI SI + 13100F,669
Asus TUF GAMING Z790-PLUS WIFI SI + 13400,764
Asus TUF GAMING Z790-PLUS WIFI SI + 13600,884
Asus TUF GAMING Z790-PLUS WIFI SI + 13600K,833
Asus TUF GAMING Z790-PLUS WIFI SI + 13600KF,788
Asus TUF GAMING Z790-PLUS WIFI SI + 13700K,973
Asus TUF GAMING Z790-PLUS WIFI SI + 13900F,1270
Asus TUF GAMING Z790-PLUS WIFI SI + 12700,1025
Asus TUF GAMING Z790-PLUS WIFI SI + 13500,847
Asus TUF GAMING Z790-PLUS WIFI SI D4,477
Asus TUF GAMING Z790-PLUS WIFI SI D4 + 14100,648
Asus TUF GAMING Z790-PLUS WIFI SI D4 + 14100F,596
Asus TUF GAMING Z790-PLUS WIFI SI D4 + 14400,752
Asus TUF GAMING Z790-PLUS WIFI SI D4 + 14400f,715
Asus TUF GAMING Z790-PLUS WIFI SI D4 + 14500,821
Asus TUF GAMING Z790-PLUS WIFI SI D4 + 14600,870
Asus TUF GAMING Z790-PLUS WIFI SI D4 + 14700,944
Asus TUF GAMING Z790-PLUS WIFI SI D4 + 14700F,907
Asus TUF GAMING Z790-PLUS WIFI SI D4 + 14900,1291
Asus TUF GAMING Z790-PLUS WIFI SI D4 + 14600K,818
Asus TUF GAMING Z790-PLUS WIFI SI D4 + 14600KF,789
Asus TUF GAMING Z790-PLUS WIFI SI D4 + 14700K,1004
Asus TUF GAMING Z790-PLUS WIFI SI D4 + 14700KF,967
Asus TUF GAMING Z790-PLUS WIFI SI D4 + 14900K,1152
Asus TUF GAMING Z790-PLUS WIFI SI D4 + 14900F,1251
Asus TUF GAMING Z790-PLUS WIFI SI D4 + 14900KF,1122
Asus TUF GAMING Z790-PLUS WIFI SI D4 + 12700KF,989
Asus TUF GAMING Z790-PLUS WIFI SI D4 + 12400F,655
Asus TUF GAMING Z790-PLUS WIFI SI D4 + 13100F,655
Asus TUF GAMING Z790-PLUS WIFI SI D4 + 13400,750
Asus TUF GAMING Z790-PLUS WIFI SI D4 + 13600,870
Asus TUF GAMING Z790-PLUS WIFI SI D4 + 13600K,818
Asus TUF GAMING Z790-PLUS WIFI SI D4 + 13600KF,774
Asus TUF GAMING Z790-PLUS WIFI SI D4 + 13700K,959
Asus TUF GAMING Z790-PLUS WIFI SI D4 + 13900F,1256
Asus TUF GAMING Z790-PLUS WIFI SI D4 + 12700,1011
Asus TUF GAMING Z790-PLUS WIFI SI D4 + 13500,833
Asus ROG STRIX B760-I GAMING WIFI SI,357
Asus ROG STRIX B760-I GAMING WIFI SI + 14100,528
Asus ROG STRIX B760-I GAMING WIFI SI + 14100F,476
Asus ROG STRIX B760-I GAMING WIFI SI + 14400,632
Asus ROG STRIX B760-I GAMING WIFI SI + 14400f,595
Asus ROG STRIX B760-I GAMING WIFI SI + 14500,701
Asus ROG STRIX B760-I GAMING WIFI SI + 14600,750
Asus ROG STRIX B760-I GAMING WIFI SI + 14700,824
Asus ROG STRIX B760-I GAMING WIFI SI + 14700F,787
Asus ROG STRIX B760-I GAMING WIFI SI + 14900,1171
Asus ROG STRIX B760-I GAMING WIFI SI + 14600K,698
Asus ROG STRIX B760-I GAMING WIFI SI + 14600KF,669
Asus ROG STRIX B760-I GAMING WIFI SI + 14700K,884
Asus ROG STRIX B760-I GAMING WIFI SI + 14700KF,847
Asus ROG STRIX B760-I GAMING WIFI SI + 14900K,1032
Asus ROG STRIX B760-I GAMING WIFI SI + 14900F,1131
Asus ROG STRIX B760-I GAMING WIFI SI + 14900KF,1002
Asus ROG STRIX B760-I GAMING WIFI SI + 12700KF,869
Asus ROG STRIX B760-I GAMING WIFI SI + 12400F,535
Asus ROG STRIX B760-I GAMING WIFI SI + 13100F,535
Asus ROG STRIX B760-I GAMING WIFI SI + 13400,630
Asus ROG STRIX B760-I GAMING WIFI SI + 13600,750
Asus ROG STRIX B760-I GAMING WIFI SI + 13600K,698
Asus ROG STRIX B760-I GAMING WIFI SI + 13600KF,654
Asus ROG STRIX B760-I GAMING WIFI SI + 13700K,839
Asus ROG STRIX B760-I GAMING WIFI SI + 13900F,1136
Asus ROG STRIX B760-I GAMING WIFI SI + 12700,891
Asus ROG STRIX B760-I GAMING WIFI SI + 13500,713
Asus TUF GAMING B760-PLUS WIFI D4 SI,338
Asus TUF GAMING B760-PLUS WIFI D4 SI + 14100,509
Asus TUF GAMING B760-PLUS WIFI D4 SI + 14100F,458
Asus TUF GAMING B760-PLUS WIFI D4 SI + 14400,613
Asus TUF GAMING B760-PLUS WIFI D4 SI + 14400f,576
Asus TUF GAMING B760-PLUS WIFI D4 SI + 14500,683
Asus TUF GAMING B760-PLUS WIFI D4 SI + 14600,732
Asus TUF GAMING B760-PLUS WIFI D4 SI + 14700,806
Asus TUF GAMING B760-PLUS WIFI D4 SI + 14700F,769
Asus TUF GAMING B760-PLUS WIFI D4 SI + 14900,1153
Asus TUF GAMING B760-PLUS WIFI D4 SI + 14600K,680
Asus TUF GAMING B760-PLUS WIFI D4 SI + 14600KF,650
Asus TUF GAMING B760-PLUS WIFI D4 SI + 14700K,865
Asus TUF GAMING B760-PLUS WIFI D4 SI + 14700KF,828
Asus TUF GAMING B760-PLUS WIFI D4 SI + 14900K,1013
Asus TUF GAMING B760-PLUS WIFI D4 SI + 14900F,1113
Asus TUF GAMING B760-PLUS WIFI D4 SI + 14900KF,984
Asus TUF GAMING B760-PLUS WIFI D4 SI + 12700KF,850
Asus TUF GAMING B760-PLUS WIFI D4 SI + 12400F,517
Asus TUF GAMING B760-PLUS WIFI D4 SI + 13100F,517
Asus TUF GAMING B760-PLUS WIFI D4 SI + 13400,612
Asus TUF GAMING B760-PLUS WIFI D4 SI + 13600,732
Asus TUF GAMING B760-PLUS WIFI D4 SI + 13600K,680
Asus TUF GAMING B760-PLUS WIFI D4 SI + 13600KF,635
Asus TUF GAMING B760-PLUS WIFI D4 SI + 13700K,821
Asus TUF GAMING B760-PLUS WIFI D4 SI + 13900F,1117
Asus TUF GAMING B760-PLUS WIFI D4 SI + 12700,873
Asus TUF GAMING B760-PLUS WIFI D4 SI + 13500,695
Asus TUF GAMING B760M-PLUS WIFI D4 SI,327
Asus TUF GAMING B760M-PLUS WIFI D4 SI + 14100,497
Asus TUF GAMING B760M-PLUS WIFI D4 SI + 14100F,446
Asus TUF GAMING B760M-PLUS WIFI D4 SI + 14400,601
Asus TUF GAMING B760M-PLUS WIFI D4 SI + 14400f,564
Asus TUF GAMING B760M-PLUS WIFI D4 SI + 14500,671
Asus TUF GAMING B760M-PLUS WIFI D4 SI + 14600,720
Asus TUF GAMING B760M-PLUS WIFI D4 SI + 14700,794
Asus TUF GAMING B760M-PLUS WIFI D4 SI + 14700F,757
Asus TUF GAMING B760M-PLUS WIFI D4 SI + 14900,1141
Asus TUF GAMING B760M-PLUS WIFI D4 SI + 14600K,668
Asus TUF GAMING B760M-PLUS WIFI D4 SI + 14600KF,638
Asus TUF GAMING B760M-PLUS WIFI D4 SI + 14700K,853
Asus TUF GAMING B760M-PLUS WIFI D4 SI + 14700KF,816
Asus TUF GAMING B760M-PLUS WIFI D4 SI + 14900K,1001
Asus TUF GAMING B760M-PLUS WIFI D4 SI + 14900F,1101
Asus TUF GAMING B760M-PLUS WIFI D4 SI + 14900KF,972
Asus TUF GAMING B760M-PLUS WIFI D4 SI + 12700KF,838
Asus TUF GAMING B760M-PLUS WIFI D4 SI + 12400F,505
Asus TUF GAMING B760M-PLUS WIFI D4 SI + 13100F,505
Asus TUF GAMING B760M-PLUS WIFI D4 SI + 13400,600
Asus TUF GAMING B760M-PLUS WIFI D4 SI + 13600,720
Asus TUF GAMING B760M-PLUS WIFI D4 SI + 13600K,668
Asus TUF GAMING B760M-PLUS WIFI D4 SI + 13600KF,623
Asus TUF GAMING B760M-PLUS WIFI D4 SI + 13700K,809
Asus TUF GAMING B760M-PLUS WIFI D4 SI + 13900F,1105
Asus TUF GAMING B760M-PLUS WIFI D4 SI + 12700,861
Asus TUF GAMING B760M-PLUS WIFI D4 SI + 13500,683
Asus PRIME B760M-A WIFI D4 SI,282
Asus PRIME B760M-A WIFI D4 SI + 14100,453
Asus PRIME B760M-A WIFI D4 SI + 14100F,401
Asus PRIME B760M-A WIFI D4 SI + 14400,557
Asus PRIME B760M-A WIFI D4 SI + 14400f,519
Asus PRIME B760M-A WIFI D4 SI + 14500,626
Asus PRIME B760M-A WIFI D4 SI + 14600,675
Asus PRIME B760M-A WIFI D4 SI + 14700,749
Asus PRIME B760M-A WIFI D4 SI + 14700F,712
Asus PRIME B760M-A WIFI D4 SI + 14900,1096
Asus PRIME B760M-A WIFI D4 SI + 14600K,623
Asus PRIME B760M-A WIFI D4 SI + 14600KF,594
Asus PRIME B760M-A WIFI D4 SI + 14700K,809
Asus PRIME B760M-A WIFI D4 SI + 14700KF,772
Asus PRIME B760M-A WIFI D4 SI + 14900K,957
Asus PRIME B760M-A WIFI D4 SI + 14900F,1056
Asus PRIME B760M-A WIFI D4 SI + 14900KF,927
Asus PRIME B760M-A WIFI D4 SI + 12700KF,794
Asus PRIME B760M-A WIFI D4 SI + 12400F,460
Asus PRIME B760M-A WIFI D4 SI + 13100F,460
Asus PRIME B760M-A WIFI D4 SI + 13400,555
Asus PRIME B760M-A WIFI D4 SI + 13600,675
Asus PRIME B760M-A WIFI D4 SI + 13600K,623
Asus PRIME B760M-A WIFI D4 SI + 13600KF,579
Asus PRIME B760M-A WIFI D4 SI + 13700K,764
Asus PRIME B760M-A WIFI D4 SI + 13900F,1061
Asus PRIME B760M-A WIFI D4 SI + 12700,816
Asus PRIME B760M-A WIFI D4 SI + 13500,638
Asus TUF GAMING B760-PLUS WIFI D5 SI,365
Asus TUF GAMING B760-PLUS WIFI D5 SI + 14100,536
Asus TUF GAMING B760-PLUS WIFI D5 SI + 14100F,484
Asus TUF GAMING B760-PLUS WIFI D5 SI + 14400,639
Asus TUF GAMING B760-PLUS WIFI D5 SI + 14400f,602
Asus TUF GAMING B760-PLUS WIFI D5 SI + 14500,709
Asus TUF GAMING B760-PLUS WIFI D5 SI + 14600,758
Asus TUF GAMING B760-PLUS WIFI D5 SI + 14700,832
Asus TUF GAMING B760-PLUS WIFI D5 SI + 14700F,795
Asus TUF GAMING B760-PLUS WIFI D5 SI + 14900,1179
Asus TUF GAMING B760-PLUS WIFI D5 SI + 14600K,706
Asus TUF GAMING B760-PLUS WIFI D5 SI + 14600KF,676
Asus TUF GAMING B760-PLUS WIFI D5 SI + 14700K,891
Asus TUF GAMING B760-PLUS WIFI D5 SI + 14700KF,854
Asus TUF GAMING B760-PLUS WIFI D5 SI + 14900K,1040
Asus TUF GAMING B760-PLUS WIFI D5 SI + 14900F,1139
Asus TUF GAMING B760-PLUS WIFI D5 SI + 14900KF,1010
Asus TUF GAMING B760-PLUS WIFI D5 SI + 12700KF,877
Asus TUF GAMING B760-PLUS WIFI D5 SI + 12400F,543
Asus TUF GAMING B760-PLUS WIFI D5 SI + 13100F,543
Asus TUF GAMING B760-PLUS WIFI D5 SI + 13400,638
Asus TUF GAMING B760-PLUS WIFI D5 SI + 13600,758
Asus TUF GAMING B760-PLUS WIFI D5 SI + 13600K,706
Asus TUF GAMING B760-PLUS WIFI D5 SI + 13600KF,662
Asus TUF GAMING B760-PLUS WIFI D5 SI + 13700K,847
Asus TUF GAMING B760-PLUS WIFI D5 SI + 13900F,1143
Asus TUF GAMING B760-PLUS WIFI D5 SI + 12700,899
Asus TUF GAMING B760-PLUS WIFI D5 SI + 13500,721
ASUS PROART Z790-CREATOR WIFI,728
ASUS PROART Z790-CREATOR WIFI + 14100,899
ASUS PROART Z790-CREATOR WIFI + 14100F,847
ASUS PROART Z790-CREATOR WIFI + 14400,1002
ASUS PROART Z790-CREATOR WIFI + 14400f,965
ASUS PROART Z790-CREATOR WIFI + 14500,1072
ASUS PROART Z790-CREATOR WIFI + 14600,1121
ASUS PROART Z790-CREATOR WIFI + 14700,1195
ASUS PROART Z790-CREATOR WIFI + 14700F,1158
ASUS PROART Z790-CREATOR WIFI + 14900,1542
ASUS PROART Z790-CREATOR WIFI + 14600K,1069
ASUS PROART Z790-CREATOR WIFI + 14600KF,1039
ASUS PROART Z790-CREATOR WIFI + 14700K,1254
ASUS PROART Z790-CREATOR WIFI + 14700KF,1217
ASUS PROART Z790-CREATOR WIFI + 14900K,1403
ASUS PROART Z790-CREATOR WIFI + 14900F,1502
ASUS PROART Z790-CREATOR WIFI + 14900KF,1373
ASUS PROART Z790-CREATOR WIFI + 12700KF,1240
ASUS PROART Z790-CREATOR WIFI + 12400F,906
ASUS PROART Z790-CREATOR WIFI + 13100F,906
ASUS PROART Z790-CREATOR WIFI + 13400,1001
ASUS PROART Z790-CREATOR WIFI + 13600,1121
ASUS PROART Z790-CREATOR WIFI + 13600K,1069
ASUS PROART Z790-CREATOR WIFI + 13600KF,1025
ASUS PROART Z790-CREATOR WIFI + 13700K,1210
ASUS PROART Z790-CREATOR WIFI + 13900F,1506
ASUS PROART Z790-CREATOR WIFI + 12700,1262
ASUS PROART Z790-CREATOR WIFI + 13500,1084
ASUS ROG STRIX Z790-I GAMING WIFI,717
ASUS ROG STRIX Z790-I GAMING WIFI + 14100,888
ASUS ROG STRIX Z790-I GAMING WIFI + 14100F,836
ASUS ROG STRIX Z790-I GAMING WIFI + 14400,991
ASUS ROG STRIX Z790-I GAMING WIFI + 14400f,954
ASUS ROG STRIX Z790-I GAMING WIFI + 14500,1061
ASUS ROG STRIX Z790-I GAMING WIFI + 14600,1110
ASUS ROG STRIX Z790-I GAMING WIFI + 14700,1184
ASUS ROG STRIX Z790-I GAMING WIFI + 14700F,1147
ASUS ROG STRIX Z790-I GAMING WIFI + 14900,1531
ASUS ROG STRIX Z790-I GAMING WIFI + 14600K,1058
ASUS ROG STRIX Z790-I GAMING WIFI + 14600KF,1029
ASUS ROG STRIX Z790-I GAMING WIFI + 14700K,1243
ASUS ROG STRIX Z790-I GAMING WIFI + 14700KF,1206
ASUS ROG STRIX Z790-I GAMING WIFI + 14900K,1392
ASUS ROG STRIX Z790-I GAMING WIFI + 14900F,1491
ASUS ROG STRIX Z790-I GAMING WIFI + 14900KF,1362
ASUS ROG STRIX Z790-I GAMING WIFI + 12700KF,1229
ASUS ROG STRIX Z790-I GAMING WIFI + 12400F,895
ASUS ROG STRIX Z790-I GAMING WIFI + 13100F,895
ASUS ROG STRIX Z790-I GAMING WIFI + 13400,990
ASUS ROG STRIX Z790-I GAMING WIFI + 13600,1110
ASUS ROG STRIX Z790-I GAMING WIFI + 13600K,1058
ASUS ROG STRIX Z790-I GAMING WIFI + 13600KF,1014
ASUS ROG STRIX Z790-I GAMING WIFI + 13700K,1199
ASUS ROG STRIX Z790-I GAMING WIFI + 13900F,1495
ASUS ROG STRIX Z790-I GAMING WIFI + 12700,1251
ASUS ROG STRIX Z790-I GAMING WIFI + 13500,1073
Asus ROG STRIX B760-A GAMING WIFI,395
Asus ROG STRIX B760-A GAMING WIFI + 14100,566
Asus ROG STRIX B760-A GAMING WIFI + 14100F,514
Asus ROG STRIX B760-A GAMING WIFI + 14400,670
Asus ROG STRIX B760-A GAMING WIFI + 14400f,633
Asus ROG STRIX B760-A GAMING WIFI + 14500,740
Asus ROG STRIX B760-A GAMING WIFI + 14600,789
Asus ROG STRIX B760-A GAMING WIFI + 14700,863
Asus ROG STRIX B760-A GAMING WIFI + 14700F,826
Asus ROG STRIX B760-A GAMING WIFI + 14900,1210
Asus ROG STRIX B760-A GAMING WIFI + 14600K,737
Asus ROG STRIX B760-A GAMING WIFI + 14600KF,707
Asus ROG STRIX B760-A GAMING WIFI + 14700K,922
Asus ROG STRIX B760-A GAMING WIFI + 14700KF,885
Asus ROG STRIX B760-A GAMING WIFI + 14900K,1070
Asus ROG STRIX B760-A GAMING WIFI + 14900F,1169
Asus ROG STRIX B760-A GAMING WIFI + 14900KF,1041
Asus ROG STRIX B760-A GAMING WIFI + 12700KF,907
Asus ROG STRIX B760-A GAMING WIFI + 12400F,574
Asus ROG STRIX B760-A GAMING WIFI + 13100F,574
Asus ROG STRIX B760-A GAMING WIFI + 13400,668
Asus ROG STRIX B760-A GAMING WIFI + 13600,789
Asus ROG STRIX B760-A GAMING WIFI + 13600K,737
Asus ROG STRIX B760-A GAMING WIFI + 13600KF,692
Asus ROG STRIX B760-A GAMING WIFI + 13700K,877
Asus ROG STRIX B760-A GAMING WIFI + 13900F,1174
Asus ROG STRIX B760-A GAMING WIFI + 12700,929
Asus ROG STRIX B760-A GAMING WIFI + 13500,751
Asus ROG STRIX B760-A GAMING WIFI D4,377
Asus ROG STRIX B760-A GAMING WIFI D4 + 14100,548
Asus ROG STRIX B760-A GAMING WIFI D4 + 14100F,496
Asus ROG STRIX B760-A GAMING WIFI D4 + 14400,651
Asus ROG STRIX B760-A GAMING WIFI D4 + 14400f,614
Asus ROG STRIX B760-A GAMING WIFI D4 + 14500,721
Asus ROG STRIX B760-A GAMING WIFI D4 + 14600,770
Asus ROG STRIX B760-A GAMING WIFI D4 + 14700,844
Asus ROG STRIX B760-A GAMING WIFI D4 + 14700F,807
Asus ROG STRIX B760-A GAMING WIFI D4 + 14900,1191
Asus ROG STRIX B760-A GAMING WIFI D4 + 14600K,718
Asus ROG STRIX B760-A GAMING WIFI D4 + 14600KF,688
Asus ROG STRIX B760-A GAMING WIFI D4 + 14700K,903
Asus ROG STRIX B760-A GAMING WIFI D4 + 14700KF,866
Asus ROG STRIX B760-A GAMING WIFI D4 + 14900K,1052
Asus ROG STRIX B760-A GAMING WIFI D4 + 14900F,1151
Asus ROG STRIX B760-A GAMING WIFI D4 + 14900KF,1022
Asus ROG STRIX B760-A GAMING WIFI D4 + 12700KF,889
Asus ROG STRIX B760-A GAMING WIFI D4 + 12400F,555
Asus ROG STRIX B760-A GAMING WIFI D4 + 13100F,555
Asus ROG STRIX B760-A GAMING WIFI D4 + 13400,650
Asus ROG STRIX B760-A GAMING WIFI D4 + 13600,770
Asus ROG STRIX B760-A GAMING WIFI D4 + 13600K,718
Asus ROG STRIX B760-A GAMING WIFI D4 + 13600KF,674
Asus ROG STRIX B760-A GAMING WIFI D4 + 13700K,859
Asus ROG STRIX B760-A GAMING WIFI D4 + 13900F,1155
Asus ROG STRIX B760-A GAMING WIFI D4 + 12700,911
Asus ROG STRIX B760-A GAMING WIFI D4 + 13500,733
Asus ROG STRIX B760-G GAMING WIFI D4,367
Asus ROG STRIX B760-G GAMING WIFI D4 + 14100,538
Asus ROG STRIX B760-G GAMING WIFI D4 + 14100F,486
Asus ROG STRIX B760-G GAMING WIFI D4 + 14400,642
Asus ROG STRIX B760-G GAMING WIFI D4 + 14400f,605
Asus ROG STRIX B760-G GAMING WIFI D4 + 14500,711
Asus ROG STRIX B760-G GAMING WIFI D4 + 14600,760
Asus ROG STRIX B760-G GAMING WIFI D4 + 14700,834
Asus ROG STRIX B760-G GAMING WIFI D4 + 14700F,797
Asus ROG STRIX B760-G GAMING WIFI D4 + 14900,1181
Asus ROG STRIX B760-G GAMING WIFI D4 + 14600K,708
Asus ROG STRIX B760-G GAMING WIFI D4 + 14600KF,679
Asus ROG STRIX B760-G GAMING WIFI D4 + 14700K,894
Asus ROG STRIX B760-G GAMING WIFI D4 + 14700KF,857
Asus ROG STRIX B760-G GAMING WIFI D4 + 14900K,1042
Asus ROG STRIX B760-G GAMING WIFI D4 + 14900F,1141
Asus ROG STRIX B760-G GAMING WIFI D4 + 14900KF,1012
Asus ROG STRIX B760-G GAMING WIFI D4 + 12700KF,879
Asus ROG STRIX B760-G GAMING WIFI D4 + 12400F,545
Asus ROG STRIX B760-G GAMING WIFI D4 + 13100F,545
Asus ROG STRIX B760-G GAMING WIFI D4 + 13400,640
Asus ROG STRIX B760-G GAMING WIFI D4 + 13600,760
Asus ROG STRIX B760-G GAMING WIFI D4 + 13600K,708
Asus ROG STRIX B760-G GAMING WIFI D4 + 13600KF,664
Asus ROG STRIX B760-G GAMING WIFI D4 + 13700K,849
Asus ROG STRIX B760-G GAMING WIFI D4 + 13900F,1146
Asus ROG STRIX B760-G GAMING WIFI D4 + 12700,901
Asus ROG STRIX B760-G GAMING WIFI D4 + 13500,723
Asus ROG STRIX B760-I GAMING WIFI,348
Asus ROG STRIX B760-I GAMING WIFI + 14100,519
Asus ROG STRIX B760-I GAMING WIFI + 14100F,467
Asus ROG STRIX B760-I GAMING WIFI + 14400,623
Asus ROG STRIX B760-I GAMING WIFI + 14400f,586
Asus ROG STRIX B760-I GAMING WIFI + 14500,693
Asus ROG STRIX B760-I GAMING WIFI + 14600,742
Asus ROG STRIX B760-I GAMING WIFI + 14700,816
Asus ROG STRIX B760-I GAMING WIFI + 14700F,779
Asus ROG STRIX B760-I GAMING WIFI + 14900,1163
Asus ROG STRIX B760-I GAMING WIFI + 14600K,690
Asus ROG STRIX B760-I GAMING WIFI + 14600KF,660
Asus ROG STRIX B760-I GAMING WIFI + 14700K,875
Asus ROG STRIX B760-I GAMING WIFI + 14700KF,838
Asus ROG STRIX B760-I GAMING WIFI + 14900K,1023
Asus ROG STRIX B760-I GAMING WIFI + 14900F,1123
Asus ROG STRIX B760-I GAMING WIFI + 14900KF,994
Asus ROG STRIX B760-I GAMING WIFI + 12700KF,860
Asus ROG STRIX B760-I GAMING WIFI + 12400F,527
Asus ROG STRIX B760-I GAMING WIFI + 13100F,527
Asus ROG STRIX B760-I GAMING WIFI + 13400,622
Asus ROG STRIX B760-I GAMING WIFI + 13600,742
Asus ROG STRIX B760-I GAMING WIFI + 13600K,690
Asus ROG STRIX B760-I GAMING WIFI + 13600KF,645
Asus ROG STRIX B760-I GAMING WIFI + 13700K,831
Asus ROG STRIX B760-I GAMING WIFI + 13900F,1127
Asus ROG STRIX B760-I GAMING WIFI + 12700,882
Asus ROG STRIX B760-I GAMING WIFI + 13500,705
Asus TUF GAMING B760-PLUS WIFI,348
Asus TUF GAMING B760-PLUS WIFI + 14100,519
Asus TUF GAMING B760-PLUS WIFI + 14100F,467
Asus TUF GAMING B760-PLUS WIFI + 14400,623
Asus TUF GAMING B760-PLUS WIFI + 14400f,586
Asus TUF GAMING B760-PLUS WIFI + 14500,693
Asus TUF GAMING B760-PLUS WIFI + 14600,742
Asus TUF GAMING B760-PLUS WIFI + 14700,816
Asus TUF GAMING B760-PLUS WIFI + 14700F,779
Asus TUF GAMING B760-PLUS WIFI + 14900,1163
Asus TUF GAMING B760-PLUS WIFI + 14600K,690
Asus TUF GAMING B760-PLUS WIFI + 14600KF,660
Asus TUF GAMING B760-PLUS WIFI + 14700K,875
Asus TUF GAMING B760-PLUS WIFI + 14700KF,838
Asus TUF GAMING B760-PLUS WIFI + 14900K,1023
Asus TUF GAMING B760-PLUS WIFI + 14900F,1123
Asus TUF GAMING B760-PLUS WIFI + 14900KF,994
Asus TUF GAMING B760-PLUS WIFI + 12700KF,860
Asus TUF GAMING B760-PLUS WIFI + 12400F,527
Asus TUF GAMING B760-PLUS WIFI + 13100F,527
Asus TUF GAMING B760-PLUS WIFI + 13400,622
Asus TUF GAMING B760-PLUS WIFI + 13600,742
Asus TUF GAMING B760-PLUS WIFI + 13600K,690
Asus TUF GAMING B760-PLUS WIFI + 13600KF,645
Asus TUF GAMING B760-PLUS WIFI + 13700K,831
Asus TUF GAMING B760-PLUS WIFI + 13900F,1127
Asus TUF GAMING B760-PLUS WIFI + 12700,882
Asus TUF GAMING B760-PLUS WIFI + 13500,705
Asus TUF GAMING B760-PLUS WIFI D4,327
Asus TUF GAMING B760-PLUS WIFI D4 + 14100,497
Asus TUF GAMING B760-PLUS WIFI D4 + 14100F,446
Asus TUF GAMING B760-PLUS WIFI D4 + 14400,601
Asus TUF GAMING B760-PLUS WIFI D4 + 14400f,564
Asus TUF GAMING B760-PLUS WIFI D4 + 14500,671
Asus TUF GAMING B760-PLUS WIFI D4 + 14600,720
Asus TUF GAMING B760-PLUS WIFI D4 + 14700,794
Asus TUF GAMING B760-PLUS WIFI D4 + 14700F,757
Asus TUF GAMING B760-PLUS WIFI D4 + 14900,1141
Asus TUF GAMING B760-PLUS WIFI D4 + 14600K,668
Asus TUF GAMING B760-PLUS WIFI D4 + 14600KF,638
Asus TUF GAMING B760-PLUS WIFI D4 + 14700K,853
Asus TUF GAMING B760-PLUS WIFI D4 + 14700KF,816
Asus TUF GAMING B760-PLUS WIFI D4 + 14900K,1001
Asus TUF GAMING B760-PLUS WIFI D4 + 14900F,1101
Asus TUF GAMING B760-PLUS WIFI D4 + 14900KF,972
Asus TUF GAMING B760-PLUS WIFI D4 + 12700KF,838
Asus TUF GAMING B760-PLUS WIFI D4 + 12400F,505
Asus TUF GAMING B760-PLUS WIFI D4 + 13100F,505
Asus TUF GAMING B760-PLUS WIFI D4 + 13400,600
Asus TUF GAMING B760-PLUS WIFI D4 + 13600,720
Asus TUF GAMING B760-PLUS WIFI D4 + 13600K,668
Asus TUF GAMING B760-PLUS WIFI D4 + 13600KF,623
Asus TUF GAMING B760-PLUS WIFI D4 + 13700K,809
Asus TUF GAMING B760-PLUS WIFI D4 + 13900F,1105
Asus TUF GAMING B760-PLUS WIFI D4 + 12700,861
Asus TUF GAMING B760-PLUS WIFI D4 + 13500,683
Asus TUF GAMING B760M-PLUS WIFI,336
Asus TUF GAMING B760M-PLUS WIFI + 14100,507
Asus TUF GAMING B760M-PLUS WIFI + 14100F,455
Asus TUF GAMING B760M-PLUS WIFI + 14400,611
Asus TUF GAMING B760M-PLUS WIFI + 14400f,574
Asus TUF GAMING B760M-PLUS WIFI + 14500,681
Asus TUF GAMING B760M-PLUS WIFI + 14600,730
Asus TUF GAMING B760M-PLUS WIFI + 14700,804
Asus TUF GAMING B760M-PLUS WIFI + 14700F,767
Asus TUF GAMING B760M-PLUS WIFI + 14900,1151
Asus TUF GAMING B760M-PLUS WIFI + 14600K,678
Asus TUF GAMING B760M-PLUS WIFI + 14600KF,648
Asus TUF GAMING B760M-PLUS WIFI + 14700K,863
Asus TUF GAMING B760M-PLUS WIFI + 14700KF,826
Asus TUF GAMING B760M-PLUS WIFI + 14900K,1011
Asus TUF GAMING B760M-PLUS WIFI + 14900F,1111
Asus TUF GAMING B760M-PLUS WIFI + 14900KF,982
Asus TUF GAMING B760M-PLUS WIFI + 12700KF,848
Asus TUF GAMING B760M-PLUS WIFI + 12400F,515
Asus TUF GAMING B760M-PLUS WIFI + 13100F,515
Asus TUF GAMING B760M-PLUS WIFI + 13400,610
Asus TUF GAMING B760M-PLUS WIFI + 13600,730
Asus TUF GAMING B760M-PLUS WIFI + 13600K,678
Asus TUF GAMING B760M-PLUS WIFI + 13600KF,633
Asus TUF GAMING B760M-PLUS WIFI + 13700K,819
Asus TUF GAMING B760M-PLUS WIFI + 13900F,1115
Asus TUF GAMING B760M-PLUS WIFI + 12700,870
Asus TUF GAMING B760M-PLUS WIFI + 13500,693
Asus TUF GAMING B760M-PLUS WIFI D4,318
Asus TUF GAMING B760M-PLUS WIFI D4 + 14100,489
Asus TUF GAMING B760M-PLUS WIFI D4 + 14100F,437
Asus TUF GAMING B760M-PLUS WIFI D4 + 14400,593
Asus TUF GAMING B760M-PLUS WIFI D4 + 14400f,555
Asus TUF GAMING B760M-PLUS WIFI D4 + 14500,662
Asus TUF GAMING B760M-PLUS WIFI D4 + 14600,711
Asus TUF GAMING B760M-PLUS WIFI D4 + 14700,785
Asus TUF GAMING B760M-PLUS WIFI D4 + 14700F,748
Asus TUF GAMING B760M-PLUS WIFI D4 + 14900,1132
Asus TUF GAMING B760M-PLUS WIFI D4 + 14600K,659
Asus TUF GAMING B760M-PLUS WIFI D4 + 14600KF,630
Asus TUF GAMING B760M-PLUS WIFI D4 + 14700K,845
Asus TUF GAMING B760M-PLUS WIFI D4 + 14700KF,807
Asus TUF GAMING B760M-PLUS WIFI D4 + 14900K,993
Asus TUF GAMING B760M-PLUS WIFI D4 + 14900F,1092
Asus TUF GAMING B760M-PLUS WIFI D4 + 14900KF,963
Asus TUF GAMING B760M-PLUS WIFI D4 + 12700KF,830
Asus TUF GAMING B760M-PLUS WIFI D4 + 12400F,496
Asus TUF GAMING B760M-PLUS WIFI D4 + 13100F,496
Asus TUF GAMING B760M-PLUS WIFI D4 + 13400,591
Asus TUF GAMING B760M-PLUS WIFI D4 + 13600,711
Asus TUF GAMING B760M-PLUS WIFI D4 + 13600K,659
Asus TUF GAMING B760M-PLUS WIFI D4 + 13600KF,615
Asus TUF GAMING B760M-PLUS WIFI D4 + 13700K,800
Asus TUF GAMING B760M-PLUS WIFI D4 + 13900F,1097
Asus TUF GAMING B760M-PLUS WIFI D4 + 12700,852
Asus TUF GAMING B760M-PLUS WIFI D4 + 13500,674
Asus PROART B760-CREATOR D4,413
Asus PROART B760-CREATOR D4 + 14100,584
Asus PROART B760-CREATOR D4 + 14100F,532
Asus PROART B760-CREATOR D4 + 14400,687
Asus PROART B760-CREATOR D4 + 14400f,650
Asus PROART B760-CREATOR D4 + 14500,757
Asus PROART B760-CREATOR D4 + 14600,806
Asus PROART B760-CREATOR D4 + 14700,880
Asus PROART B760-CREATOR D4 + 14700F,843
Asus PROART B760-CREATOR D4 + 14900,1227
Asus PROART B760-CREATOR D4 + 14600K,754
Asus PROART B760-CREATOR D4 + 14600KF,724
Asus PROART B760-CREATOR D4 + 14700K,939
Asus PROART B760-CREATOR D4 + 14700KF,902
Asus PROART B760-CREATOR D4 + 14900K,1088
Asus PROART B760-CREATOR D4 + 14900F,1187
Asus PROART B760-CREATOR D4 + 14900KF,1058
Asus PROART B760-CREATOR D4 + 12700KF,925
Asus PROART B760-CREATOR D4 + 12400F,591
Asus PROART B760-CREATOR D4 + 13100F,591
Asus PROART B760-CREATOR D4 + 13400,686
Asus PROART B760-CREATOR D4 + 13600,806
Asus PROART B760-CREATOR D4 + 13600K,754
Asus PROART B760-CREATOR D4 + 13600KF,710
Asus PROART B760-CREATOR D4 + 13700K,895
Asus PROART B760-CREATOR D4 + 13900F,1191
Asus PROART B760-CREATOR D4 + 12700,947
Asus PROART B760-CREATOR D4 + 13500,769
Asus PRIME B760M-A WIFI,265
Asus PRIME B760M-A WIFI + 14100,436
Asus PRIME B760M-A WIFI + 14100F,385
Asus PRIME B760M-A WIFI + 14400,540
Asus PRIME B760M-A WIFI + 14400f,503
Asus PRIME B760M-A WIFI + 14500,610
Asus PRIME B760M-A WIFI + 14600,659
Asus PRIME B760M-A WIFI + 14700,733
Asus PRIME B760M-A WIFI + 14700F,696
Asus PRIME B760M-A WIFI + 14900,1080
Asus PRIME B760M-A WIFI + 14600K,607
Asus PRIME B760M-A WIFI + 14600KF,577
Asus PRIME B760M-A WIFI + 14700K,792
Asus PRIME B760M-A WIFI + 14700KF,755
Asus PRIME B760M-A WIFI + 14900K,940
Asus PRIME B760M-A WIFI + 14900F,1040
Asus PRIME B760M-A WIFI + 14900KF,911
Asus PRIME B760M-A WIFI + 12700KF,777
Asus PRIME B760M-A WIFI + 12400F,444
Asus PRIME B760M-A WIFI + 13100F,444
Asus PRIME B760M-A WIFI + 13400,539
Asus PRIME B760M-A WIFI + 13600,659
Asus PRIME B760M-A WIFI + 13600K,607
Asus PRIME B760M-A WIFI + 13600KF,562
Asus PRIME B760M-A WIFI + 13700K,748
Asus PRIME B760M-A WIFI + 13900F,1044
Asus PRIME B760M-A WIFI + 12700,800
Asus PRIME B760M-A WIFI + 13500,622
Asus PRIME B760M-A WIFI D4-CSM,207
Asus PRIME B760M-A WIFI D4-CSM + 14100,378
Asus PRIME B760M-A WIFI D4-CSM + 14100F,326
Asus PRIME B760M-A WIFI D4-CSM + 14400,481
Asus PRIME B760M-A WIFI D4-CSM + 14400f,444
Asus PRIME B760M-A WIFI D4-CSM + 14500,551
Asus PRIME B760M-A WIFI D4-CSM + 14600,600
Asus PRIME B760M-A WIFI D4-CSM + 14700,674
Asus PRIME B760M-A WIFI D4-CSM + 14700F,637
Asus PRIME B760M-A WIFI D4-CSM + 14900,1021
Asus PRIME B760M-A WIFI D4-CSM + 14600K,548
Asus PRIME B760M-A WIFI D4-CSM + 14600KF,518
Asus PRIME B760M-A WIFI D4-CSM + 14700K,733
Asus PRIME B760M-A WIFI D4-CSM + 14700KF,696
Asus PRIME B760M-A WIFI D4-CSM + 14900K,882
Asus PRIME B760M-A WIFI D4-CSM + 14900F,981
Asus PRIME B760M-A WIFI D4-CSM + 14900KF,852
Asus PRIME B760M-A WIFI D4-CSM + 12700KF,719
Asus PRIME B760M-A WIFI D4-CSM + 12400F,385
Asus PRIME B760M-A WIFI D4-CSM + 13100F,385
Asus PRIME B760M-A WIFI D4-CSM + 13400,480
Asus PRIME B760M-A WIFI D4-CSM + 13600,600
Asus PRIME B760M-A WIFI D4-CSM + 13600K,548
Asus PRIME B760M-A WIFI D4-CSM + 13600KF,504
Asus PRIME B760M-A WIFI D4-CSM + 13700K,689
Asus PRIME B760M-A WIFI D4-CSM + 13900F,985
Asus PRIME B760M-A WIFI D4-CSM + 12700,741
Asus PRIME B760M-A WIFI D4-CSM + 13500,563
Asus PRIME H610M-A WIFI,201
Asus PRIME H610M-A WIFI + 14100,372
Asus PRIME H610M-A WIFI + 14100F,320
Asus PRIME H610M-A WIFI + 14400,476
Asus PRIME H610M-A WIFI + 14400f,439
Asus PRIME H610M-A WIFI + 14500,546
Asus PRIME H610M-A WIFI + 14600,594
Asus PRIME H610M-A WIFI + 14700,669
Asus PRIME H610M-A WIFI + 14700F,632
Asus PRIME H610M-A WIFI + 14900,1015
Asus PRIME H610M-A WIFI + 14600K,543
Asus PRIME H610M-A WIFI + 14600KF,513
Asus PRIME H610M-A WIFI + 14700K,728
Asus PRIME H610M-A WIFI + 14700KF,691
Asus PRIME H610M-A WIFI + 14900K,876
Asus PRIME H610M-A WIFI + 14900F,975
Asus PRIME H610M-A WIFI + 14900KF,846
Asus PRIME H610M-A WIFI + 12700KF,713
Asus PRIME H610M-A WIFI + 12400F,380
Asus PRIME H610M-A WIFI + 13100F,380
Asus PRIME H610M-A WIFI + 13400,474
Asus PRIME H610M-A WIFI + 13600,594
Asus PRIME H610M-A WIFI + 13600K,543
Asus PRIME H610M-A WIFI + 13600KF,498
Asus PRIME H610M-A WIFI + 13700K,683
Asus PRIME H610M-A WIFI + 13900F,980
Asus PRIME H610M-A WIFI + 12700,735
Asus PRIME H610M-A WIFI + 13500,557
Asus PRIME H610I-PLUS,183
Asus PRIME H610I-PLUS + 14100,354
Asus PRIME H610I-PLUS + 14100F,302
Asus PRIME H610I-PLUS + 14400,457
Asus PRIME H610I-PLUS + 14400f,420
Asus PRIME H610I-PLUS + 14500,527
Asus PRIME H610I-PLUS + 14600,576
Asus PRIME H610I-PLUS + 14700,650
Asus PRIME H610I-PLUS + 14700F,613
Asus PRIME H610I-PLUS + 14900,997
Asus PRIME H610I-PLUS + 14600K,524
Asus PRIME H610I-PLUS + 14600KF,494
Asus PRIME H610I-PLUS + 14700K,709
Asus PRIME H610I-PLUS + 14700KF,672
Asus PRIME H610I-PLUS + 14900K,858
Asus PRIME H610I-PLUS + 14900F,957
Asus PRIME H610I-PLUS + 14900KF,828
Asus PRIME H610I-PLUS + 12700KF,695
Asus PRIME H610I-PLUS + 12400F,361
Asus PRIME H610I-PLUS + 13100F,361
Asus PRIME H610I-PLUS + 13400,456
Asus PRIME H610I-PLUS + 13600,576
Asus PRIME H610I-PLUS + 13600K,524
Asus PRIME H610I-PLUS + 13600KF,480
Asus PRIME H610I-PLUS + 13700K,665
Asus PRIME H610I-PLUS + 13900F,961
Asus PRIME H610I-PLUS + 12700,717
Asus PRIME H610I-PLUS + 13500,539
MSI MEG Z790 ACE MAX + 14100,1177
MSI MEG Z790 ACE MAX + 14100F,1125
MSI MEG Z790 ACE MAX + 14400,1281
MSI MEG Z790 ACE MAX + 14400f,1244
MSI MEG Z790 ACE MAX + 14500,1350
MSI MEG Z790 ACE MAX + 14600,1399
MSI MEG Z790 ACE MAX + 14700,1473
MSI MEG Z790 ACE MAX + 14700F,1436
MSI MEG Z790 ACE MAX + 14900,1820
MSI MEG Z790 ACE MAX + 14600K,1347
MSI MEG Z790 ACE MAX + 14600KF,1318
MSI MEG Z790 ACE MAX + 14700K,1533
MSI MEG Z790 ACE MAX + 14700KF,1496
MSI MEG Z790 ACE MAX + 14900K,1681
MSI MEG Z790 ACE MAX + 14900F,1780
MSI MEG Z790 ACE MAX + 14900KF,1651
MSI MEG Z790 ACE MAX + 12700KF,1518
MSI MEG Z790 ACE MAX + 12400F,1184
MSI MEG Z790 ACE MAX + 13100F,1184
MSI MEG Z790 ACE MAX + 13400,1279
MSI MEG Z790 ACE MAX + 13600,1399
MSI MEG Z790 ACE MAX + 13600K,1347
MSI MEG Z790 ACE MAX + 13600KF,1303
MSI MEG Z790 ACE MAX + 13700K,1488
MSI MEG Z790 ACE MAX + 13900F,1785
MSI MEG Z790 ACE MAX + 12700,1540
MSI MEG Z790 ACE MAX + 13500,1362
MSI MPG Z790I EDGE WIFI,500
MSI MPG Z790I EDGE WIFI + 14100,671
MSI MPG Z790I EDGE WIFI + 14100F,619
MSI MPG Z790I EDGE WIFI + 14400,774
MSI MPG Z790I EDGE WIFI + 14400f,737
MSI MPG Z790I EDGE WIFI + 14500,844
MSI MPG Z790I EDGE WIFI + 14600,893
MSI MPG Z790I EDGE WIFI + 14700,967
MSI MPG Z790I EDGE WIFI + 14700F,930
MSI MPG Z790I EDGE WIFI + 14900,1314
MSI MPG Z790I EDGE WIFI + 14600K,841
MSI MPG Z790I EDGE WIFI + 14600KF,811
MSI MPG Z790I EDGE WIFI + 14700K,1026
MSI MPG Z790I EDGE WIFI + 14700KF,989
MSI MPG Z790I EDGE WIFI + 14900K,1175
MSI MPG Z790I EDGE WIFI + 14900F,1274
MSI MPG Z790I EDGE WIFI + 14900KF,1145
MSI MPG Z790I EDGE WIFI + 12700KF,1011
MSI MPG Z790I EDGE WIFI + 12400F,678
MSI MPG Z790I EDGE WIFI + 13100F,678
MSI MPG Z790I EDGE WIFI + 13400,773
MSI MPG Z790I EDGE WIFI + 13600,893
MSI MPG Z790I EDGE WIFI + 13600K,841
MSI MPG Z790I EDGE WIFI + 13600KF,797
MSI MPG Z790I EDGE WIFI + 13700K,982
MSI MPG Z790I EDGE WIFI + 13900F,1278
MSI MPG Z790I EDGE WIFI + 12700,1034
MSI MPG Z790I EDGE WIFI + 13500,856
MSI MPG B760I EDGE WIFI,298
MSI MPG B760I EDGE WIFI + 14100,469
MSI MPG B760I EDGE WIFI + 14100F,417
MSI MPG B760I EDGE WIFI + 14400,573
MSI MPG B760I EDGE WIFI + 14400f,536
MSI MPG B760I EDGE WIFI + 14500,643
MSI MPG B760I EDGE WIFI + 14600,691
MSI MPG B760I EDGE WIFI + 14700,766
MSI MPG B760I EDGE WIFI + 14700F,729
MSI MPG B760I EDGE WIFI + 14900,1112
MSI MPG B760I EDGE WIFI + 14600K,640
MSI MPG B760I EDGE WIFI + 14600KF,610
MSI MPG B760I EDGE WIFI + 14700K,825
MSI MPG B760I EDGE WIFI + 14700KF,788
MSI MPG B760I EDGE WIFI + 14900K,973
MSI MPG B760I EDGE WIFI + 14900F,1072
MSI MPG B760I EDGE WIFI + 14900KF,944
MSI MPG B760I EDGE WIFI + 12700KF,810
MSI MPG B760I EDGE WIFI + 12400F,477
MSI MPG B760I EDGE WIFI + 13100F,477
MSI MPG B760I EDGE WIFI + 13400,571
MSI MPG B760I EDGE WIFI + 13600,691
MSI MPG B760I EDGE WIFI + 13600K,640
MSI MPG B760I EDGE WIFI + 13600KF,595
MSI MPG B760I EDGE WIFI + 13700K,780
MSI MPG B760I EDGE WIFI + 13900F,1077
MSI MPG B760I EDGE WIFI + 12700,832
MSI MPG B760I EDGE WIFI + 13500,654
MSI MPG Z790 EDGE WIFI DDR4,545
MSI MPG Z790 EDGE WIFI DDR4 + 14100,716
MSI MPG Z790 EDGE WIFI DDR4 + 14100F,664
MSI MPG Z790 EDGE WIFI DDR4 + 14400,820
MSI MPG Z790 EDGE WIFI DDR4 + 14400f,783
MSI MPG Z790 EDGE WIFI DDR4 + 14500,889
MSI MPG Z790 EDGE WIFI DDR4 + 14600,938
MSI MPG Z790 EDGE WIFI DDR4 + 14700,1012
MSI MPG Z790 EDGE WIFI DDR4 + 14700F,975
MSI MPG Z790 EDGE WIFI DDR4 + 14900,1359
MSI MPG Z790 EDGE WIFI DDR4 + 14600K,886
MSI MPG Z790 EDGE WIFI DDR4 + 14600KF,857
MSI MPG Z790 EDGE WIFI DDR4 + 14700K,1072
MSI MPG Z790 EDGE WIFI DDR4 + 14700KF,1035
MSI MPG Z790 EDGE WIFI DDR4 + 14900K,1220
MSI MPG Z790 EDGE WIFI DDR4 + 14900F,1319
MSI MPG Z790 EDGE WIFI DDR4 + 14900KF,1190
MSI MPG Z790 EDGE WIFI DDR4 + 12700KF,1057
MSI MPG Z790 EDGE WIFI DDR4 + 12400F,723
MSI MPG Z790 EDGE WIFI DDR4 + 13100F,723
MSI MPG Z790 EDGE WIFI DDR4 + 13400,818
MSI MPG Z790 EDGE WIFI DDR4 + 13600,938
MSI MPG Z790 EDGE WIFI DDR4 + 13600K,886
MSI MPG Z790 EDGE WIFI DDR4 + 13600KF,842
MSI MPG Z790 EDGE WIFI DDR4 + 13700K,1027
MSI MPG Z790 EDGE WIFI DDR4 + 13900F,1324
MSI MPG Z790 EDGE WIFI DDR4 + 12700,1079
MSI MPG Z790 EDGE WIFI DDR4 + 13500,901
MSI MAG B760 TOMAHAWK WIFI DDR4,246
MSI MAG B760 TOMAHAWK WIFI DDR4 + 14100,417
MSI MAG B760 TOMAHAWK WIFI DDR4 + 14100F,365
MSI MAG B760 TOMAHAWK WIFI DDR4 + 14400,521
MSI MAG B760 TOMAHAWK WIFI DDR4 + 14400f,484
MSI MAG B760 TOMAHAWK WIFI DDR4 + 14500,591
MSI MAG B760 TOMAHAWK WIFI DDR4 + 14600,640
MSI MAG B760 TOMAHAWK WIFI DDR4 + 14700,714
MSI MAG B760 TOMAHAWK WIFI DDR4 + 14700F,677
MSI MAG B760 TOMAHAWK WIFI DDR4 + 14900,1061
MSI MAG B760 TOMAHAWK WIFI DDR4 + 14600K,588
MSI MAG B760 TOMAHAWK WIFI DDR4 + 14600KF,558
MSI MAG B760 TOMAHAWK WIFI DDR4 + 14700K,773
MSI MAG B760 TOMAHAWK WIFI DDR4 + 14700KF,736
MSI MAG B760 TOMAHAWK WIFI DDR4 + 14900K,921
MSI MAG B760 TOMAHAWK WIFI DDR4 + 14900F,1021
MSI MAG B760 TOMAHAWK WIFI DDR4 + 14900KF,892
MSI MAG B760 TOMAHAWK WIFI DDR4 + 12700KF,758
MSI MAG B760 TOMAHAWK WIFI DDR4 + 12400F,425
MSI MAG B760 TOMAHAWK WIFI DDR4 + 13100F,425
MSI MAG B760 TOMAHAWK WIFI DDR4 + 13400,519
MSI MAG B760 TOMAHAWK WIFI DDR4 + 13600,640
MSI MAG B760 TOMAHAWK WIFI DDR4 + 13600K,588
MSI MAG B760 TOMAHAWK WIFI DDR4 + 13600KF,543
MSI MAG B760 TOMAHAWK WIFI DDR4 + 13700K,728
MSI MAG B760 TOMAHAWK WIFI DDR4 + 13900F,1025
MSI MAG B760 TOMAHAWK WIFI DDR4 + 12700,780
MSI MAG B760 TOMAHAWK WIFI DDR4 + 13500,602
MSI MAG H670 TOMAHAWK WIFI DDR4,141
MSI MAG H670 TOMAHAWK WIFI DDR4 + 14100,312
MSI MAG H670 TOMAHAWK WIFI DDR4 + 14100F,260
MSI MAG H670 TOMAHAWK WIFI DDR4 + 14400,416
MSI MAG H670 TOMAHAWK WIFI DDR4 + 14400f,379
MSI MAG H670 TOMAHAWK WIFI DDR4 + 14500,486
MSI MAG H670 TOMAHAWK WIFI DDR4 + 14600,535
MSI MAG H670 TOMAHAWK WIFI DDR4 + 14700,609
MSI MAG H670 TOMAHAWK WIFI DDR4 + 14700F,572
MSI MAG H670 TOMAHAWK WIFI DDR4 + 14900,956
MSI MAG H670 TOMAHAWK WIFI DDR4 + 14600K,483
MSI MAG H670 TOMAHAWK WIFI DDR4 + 14600KF,453
MSI MAG H670 TOMAHAWK WIFI DDR4 + 14700K,668
MSI MAG H670 TOMAHAWK WIFI DDR4 + 14700KF,631
MSI MAG H670 TOMAHAWK WIFI DDR4 + 14900K,816
MSI MAG H670 TOMAHAWK WIFI DDR4 + 14900F,916
MSI MAG H670 TOMAHAWK WIFI DDR4 + 14900KF,787
MSI MAG H670 TOMAHAWK WIFI DDR4 + 12700KF,653
MSI MAG H670 TOMAHAWK WIFI DDR4 + 12400F,320
MSI MAG H670 TOMAHAWK WIFI DDR4 + 13100F,320
MSI MAG H670 TOMAHAWK WIFI DDR4 + 13400,414
MSI MAG H670 TOMAHAWK WIFI DDR4 + 13600,535
MSI MAG H670 TOMAHAWK WIFI DDR4 + 13600K,483
MSI MAG H670 TOMAHAWK WIFI DDR4 + 13600KF,438
MSI MAG H670 TOMAHAWK WIFI DDR4 + 13700K,623
MSI MAG H670 TOMAHAWK WIFI DDR4 + 13900F,920
MSI MAG H670 TOMAHAWK WIFI DDR4 + 12700,675
MSI MAG H670 TOMAHAWK WIFI DDR4 + 13500,497
MSI PRO H610M-G Wifi DDR4,162
MSI PRO H610M-G Wifi DDR4 + 14100,333
MSI PRO H610M-G Wifi DDR4 + 14100F,281
MSI PRO H610M-G Wifi DDR4 + 14400,437
MSI PRO H610M-G Wifi DDR4 + 14400f,400
MSI PRO H610M-G Wifi DDR4 + 14500,507
MSI PRO H610M-G Wifi DDR4 + 14600,556
MSI PRO H610M-G Wifi DDR4 + 14700,630
MSI PRO H610M-G Wifi DDR4 + 14700F,593
MSI PRO H610M-G Wifi DDR4 + 14900,977
MSI PRO H610M-G Wifi DDR4 + 14600K,504
MSI PRO H610M-G Wifi DDR4 + 14600KF,474
MSI PRO H610M-G Wifi DDR4 + 14700K,689
MSI PRO H610M-G Wifi DDR4 + 14700KF,652
MSI PRO H610M-G Wifi DDR4 + 14900K,837
MSI PRO H610M-G Wifi DDR4 + 14900F,937
MSI PRO H610M-G Wifi DDR4 + 14900KF,808
MSI PRO H610M-G Wifi DDR4 + 12700KF,674
MSI PRO H610M-G Wifi DDR4 + 12400F,341
MSI PRO H610M-G Wifi DDR4 + 13100F,341
MSI PRO H610M-G Wifi DDR4 + 13400,435
MSI PRO H610M-G Wifi DDR4 + 13600,556
MSI PRO H610M-G Wifi DDR4 + 13600K,504
MSI PRO H610M-G Wifi DDR4 + 13600KF,459
MSI PRO H610M-G Wifi DDR4 + 13700K,645
MSI PRO H610M-G Wifi DDR4 + 13900F,941
MSI PRO H610M-G Wifi DDR4 + 12700,696
MSI PRO H610M-G Wifi DDR4 + 13500,518
Gigabyte Z790 Aorus Elite AX ICE,380
Gigabyte Z790 Aorus Elite AX ICE + 14100,551
Gigabyte Z790 Aorus Elite AX ICE + 14100F,499
Gigabyte Z790 Aorus Elite AX ICE + 14400,655
Gigabyte Z790 Aorus Elite AX ICE + 14400f,618
Gigabyte Z790 Aorus Elite AX ICE + 14500,724
Gigabyte Z790 Aorus Elite AX ICE + 14600,773
Gigabyte Z790 Aorus Elite AX ICE + 14700,847
Gigabyte Z790 Aorus Elite AX ICE + 14700F,810
Gigabyte Z790 Aorus Elite AX ICE + 14900,1194
Gigabyte Z790 Aorus Elite AX ICE + 14600K,721
Gigabyte Z790 Aorus Elite AX ICE + 14600KF,692
Gigabyte Z790 Aorus Elite AX ICE + 14700K,907
Gigabyte Z790 Aorus Elite AX ICE + 14700KF,870
Gigabyte Z790 Aorus Elite AX ICE + 14900K,1055
Gigabyte Z790 Aorus Elite AX ICE + 14900F,1154
Gigabyte Z790 Aorus Elite AX ICE + 14900KF,1025
Gigabyte Z790 Aorus Elite AX ICE + 12700KF,892
Gigabyte Z790 Aorus Elite AX ICE + 12400F,558
Gigabyte Z790 Aorus Elite AX ICE + 13100F,558
Gigabyte Z790 Aorus Elite AX ICE + 13400,653
Gigabyte Z790 Aorus Elite AX ICE + 13600,773
Gigabyte Z790 Aorus Elite AX ICE + 13600K,721
Gigabyte Z790 Aorus Elite AX ICE + 13600KF,677
Gigabyte Z790 Aorus Elite AX ICE + 13700K,862
Gigabyte Z790 Aorus Elite AX ICE + 13900F,1159
Gigabyte Z790 Aorus Elite AX ICE + 12700,914
Gigabyte Z790 Aorus Elite AX ICE + 13500,736
Gigabyte Z790 Aorus PRO X Wifi 7,517
Gigabyte Z790 Aorus PRO X Wifi 7 + 14100,688
Gigabyte Z790 Aorus PRO X Wifi 7 + 14100F,636
Gigabyte Z790 Aorus PRO X Wifi 7 + 14400,792
Gigabyte Z790 Aorus PRO X Wifi 7 + 14400f,755
Gigabyte Z790 Aorus PRO X Wifi 7 + 14500,862
Gigabyte Z790 Aorus PRO X Wifi 7 + 14600,911
Gigabyte Z790 Aorus PRO X Wifi 7 + 14700,985
Gigabyte Z790 Aorus PRO X Wifi 7 + 14700F,948
Gigabyte Z790 Aorus PRO X Wifi 7 + 14900,1332
Gigabyte Z790 Aorus PRO X Wifi 7 + 14600K,859
Gigabyte Z790 Aorus PRO X Wifi 7 + 14600KF,829
Gigabyte Z790 Aorus PRO X Wifi 7 + 14700K,1044
Gigabyte Z790 Aorus PRO X Wifi 7 + 14700KF,1007
Gigabyte Z790 Aorus PRO X Wifi 7 + 14900K,1192
Gigabyte Z790 Aorus PRO X Wifi 7 + 14900F,1292
Gigabyte Z790 Aorus PRO X Wifi 7 + 14900KF,1163
Gigabyte Z790 Aorus PRO X Wifi 7 + 12700KF,1029
Gigabyte Z790 Aorus PRO X Wifi 7 + 12400F,696
Gigabyte Z790 Aorus PRO X Wifi 7 + 13100F,696
Gigabyte Z790 Aorus PRO X Wifi 7 + 13400,791
Gigabyte Z790 Aorus PRO X Wifi 7 + 13600,911
Gigabyte Z790 Aorus PRO X Wifi 7 + 13600K,859
Gigabyte Z790 Aorus PRO X Wifi 7 + 13600KF,814
Gigabyte Z790 Aorus PRO X Wifi 7 + 13700K,1000
Gigabyte Z790 Aorus PRO X Wifi 7 + 13900F,1296
Gigabyte Z790 Aorus PRO X Wifi 7 + 12700,1051
Gigabyte Z790 Aorus PRO X Wifi 7 + 13500,874
Gigabyte B760M AORUS ELITE AX,271
Gigabyte B760M AORUS ELITE AX + 14100,442
Gigabyte B760M AORUS ELITE AX + 14100F,390
Gigabyte B760M AORUS ELITE AX + 14400,546
Gigabyte B760M AORUS ELITE AX + 14400f,509
Gigabyte B760M AORUS ELITE AX + 14500,615
Gigabyte B760M AORUS ELITE AX + 14600,664
Gigabyte B760M AORUS ELITE AX + 14700,738
Gigabyte B760M AORUS ELITE AX + 14700F,701
Gigabyte B760M AORUS ELITE AX + 14900,1085
Gigabyte B760M AORUS ELITE AX + 14600K,612
Gigabyte B760M AORUS ELITE AX + 14600KF,583
Gigabyte B760M AORUS ELITE AX + 14700K,798
Gigabyte B760M AORUS ELITE AX + 14700KF,761
Gigabyte B760M AORUS ELITE AX + 14900K,946
Gigabyte B760M AORUS ELITE AX + 14900F,1045
Gigabyte B760M AORUS ELITE AX + 14900KF,916
Gigabyte B760M AORUS ELITE AX + 12700KF,783
Gigabyte B760M AORUS ELITE AX + 12400F,449
Gigabyte B760M AORUS ELITE AX + 13100F,449
Gigabyte B760M AORUS ELITE AX + 13400,544
Gigabyte B760M AORUS ELITE AX + 13600,664
Gigabyte B760M AORUS ELITE AX + 13600K,612
Gigabyte B760M AORUS ELITE AX + 13600KF,568
Gigabyte B760M AORUS ELITE AX + 13700K,753
Gigabyte B760M AORUS ELITE AX + 13900F,1050
Gigabyte B760M AORUS ELITE AX + 12700,805
Gigabyte B760M AORUS ELITE AX + 13500,627
Gigabyte B760 AORUS ELITE AX DDR4,227
Gigabyte B760 AORUS ELITE AX DDR4 + 14100,398
Gigabyte B760 AORUS ELITE AX DDR4 + 14100F,346
Gigabyte B760 AORUS ELITE AX DDR4 + 14400,502
Gigabyte B760 AORUS ELITE AX DDR4 + 14400f,465
Gigabyte B760 AORUS ELITE AX DDR4 + 14500,572
Gigabyte B760 AORUS ELITE AX DDR4 + 14600,621
Gigabyte B760 AORUS ELITE AX DDR4 + 14700,695
Gigabyte B760 AORUS ELITE AX DDR4 + 14700F,658
Gigabyte B760 AORUS ELITE AX DDR4 + 14900,1042
Gigabyte B760 AORUS ELITE AX DDR4 + 14600K,569
Gigabyte B760 AORUS ELITE AX DDR4 + 14600KF,539
Gigabyte B760 AORUS ELITE AX DDR4 + 14700K,754
Gigabyte B760 AORUS ELITE AX DDR4 + 14700KF,717
Gigabyte B760 AORUS ELITE AX DDR4 + 14900K,902
Gigabyte B760 AORUS ELITE AX DDR4 + 14900F,1002
Gigabyte B760 AORUS ELITE AX DDR4 + 14900KF,873
Gigabyte B760 AORUS ELITE AX DDR4 + 12700KF,739
Gigabyte B760 AORUS ELITE AX DDR4 + 12400F,406
Gigabyte B760 AORUS ELITE AX DDR4 + 13100F,406
Gigabyte B760 AORUS ELITE AX DDR4 + 13400,501
Gigabyte B760 AORUS ELITE AX DDR4 + 13600,621
Gigabyte B760 AORUS ELITE AX DDR4 + 13600K,569
Gigabyte B760 AORUS ELITE AX DDR4 + 13600KF,524
Gigabyte B760 AORUS ELITE AX DDR4 + 13700K,710
Gigabyte B760 AORUS ELITE AX DDR4 + 13900F,1006
Gigabyte B760 AORUS ELITE AX DDR4 + 12700,761
Gigabyte B760 AORUS ELITE AX DDR4 + 13500,584
Gigabyte B760 AORUS ELITE DDR4,234
Gigabyte B760 AORUS ELITE DDR4 + 14100,405
Gigabyte B760 AORUS ELITE DDR4 + 14100F,353
Gigabyte B760 AORUS ELITE DDR4 + 14400,509
Gigabyte B760 AORUS ELITE DDR4 + 14400f,472
Gigabyte B760 AORUS ELITE DDR4 + 14500,578
Gigabyte B760 AORUS ELITE DDR4 + 14600,627
Gigabyte B760 AORUS ELITE DDR4 + 14700,701
Gigabyte B760 AORUS ELITE DDR4 + 14700F,664
Gigabyte B760 AORUS ELITE DDR4 + 14900,1048
Ubiquiti ER-8-XG-U,3091
Ubiquiti PBE-5AC-400-ISO-EU,238
Ubiquiti U-Cable-Patch-RJ45-50,189
Ubiquiti UACC-Cable-Patch-EL-C6A-12M-W,68
Ubiquiti UACC-OFC-M2-LULU-0.5M-50,350
UAP AC Lite Bulk Pack 50pcs,3000
Ubiquiti ER-RMKIT,39
Ubiquiti PBE-5AC-500,299
Ubiquiti U-Cable-Patch-RJ45-BK,15
Ubiquiti UACC-Cable-Patch-EL-C6A-15M-W,77
Ubiquiti UACC-OFC-M2-LULU-10M,39
UAP AC Lite Bulk Pack 100pcs,5000
Ubiquiti ER-X,98
Ubiquiti PBE-5AC-500-EU,299
Ubiquiti U-Cable-Patch-RJ45-BK-50,189
Ubiquiti UACC-Cable-Patch-EL-C6A-1M-W,24
Ubiquiti UACC-OFC-M2-LULU-15M,53
UAP-AC-Mesh-Pro Bulk Pack 5pcs,900
Ubiquiti ER-X-SFP-U,149
Ubiquiti PBE-5AC-500-U,299
Ubiquiti U-Cable-Patch-RJ45-BL,15
Ubiquiti UACC-Cable-Patch-EL-C6A-2M-W,28
Ubiquiti UACC-OFC-M2-LULU-1M-50,363
UAP-AC-LR Bulk Pack 10pcs,1100
Ubiquiti ER-X-U,98
Ubiquiti PBE-5AC-620,398
Ubiquiti U-Cable-Patch-RJ45-BL-50,189
Ubiquiti UACC-Cable-Patch-EL-C6A-3M-W,31
Ubiquiti UACC-OFC-M2-LULU-30M,74
UAP-AC-PRO Bulk Pack 10pcs,1300
Ubiquiti ES-10X-U,213
Ubiquiti PBE-5AC-620-EU,398
Ubiquiti U-LTE-Backup Pro-EU,563
Ubiquiti UACC-Cable-Patch-EL-C6A-5M-W,37
Ubiquiti UACC-OFC-M2-LULU-3M-50,539
US-48-500w POE Switch 2 Pack,1600
Ubiquiti ES-10XP,238
Ubiquiti PBE-5AC-620-U,398
Ubiquiti U-LTE-Pro-EU,563
Ubiquiti UACC-Cable-Patch-EL-C6A-8M-W,47
Ubiquiti UACC-OFC-M2-LULU-5M,29
US-24-250w POE Switch 2 Pack,900
Ubiquiti ES-12F-U,402
Ubiquiti PBE-5AC-Gen2,221
Ubiquiti U-PoE,26
Ubiquiti UACC-Cable-Patch-Outdoor-1M-BK,20
Ubiquiti UACC-OFC-MA-MPMP-0.5M,91
US-16-150w POE Switch 4 Pack,1200
Ubiquiti ES-16-150W,589
Ubiquiti PBE-5AC-Gen2-5,1077
Ubiquiti U-POE-af,26
Ubiquiti UACC-Cable-Patch-Outdoor-1M-W,20
Ubiquiti UACC-OFC-MA-MPMP-0.5M-10,802
US-8-150w POE Switch 4 Pack,1000
Ubiquiti ES-16-XG-U,1114
Ubiquiti PBE-5AC-Gen2-5-EU,1077
Ubiquiti U-POE-af-EU,26
Ubiquiti UACC-Cable-Patch-Outdoor-2M-BK,21
Ubiquiti UACC-OFC-MA-MPMP-100M,952
UAP Accesspoint Bulk Pack 50pcs,2000
Ubiquiti ES-16XP,789
Ubiquiti PBE-5AC-Gen2-5-U,1077
Ubiquiti U-POE-at,40
Ubiquiti UACC-Cable-Patch-Outdoor-2M-W,21
Ubiquiti UACC-OFC-MA-MPMP-10M,219
Ubiquiti 60G-PM,158
Ubiquiti ES-18X-EU,339
Ubiquiti PBE-5AC-Gen2-EU,221
Ubiquiti U-POE-at-EU,40
Ubiquiti UACC-Cable-Patch-Outdoor-3M-BK,23
Ubiquiti UACC-OFC-MA-MPMP-15M,299
Ubiquiti ACB-AC,146
Ubiquiti ES-24-250W,802
Ubiquiti PBE-5AC-Gen2-U,221
Ubiquiti U-PoE-EU,26
Ubiquiti UACC-Cable-Patch-Outdoor-3M-W,23
Ubiquiti UACC-OFC-MA-MPMP-1M,98
Ubiquiti ACB-AC-EU,146
Ubiquiti ES-24-500W U,1090
Ubiquiti PBE-5AC-ISO-Gen2,248
Ubiquiti U-PoE+,40
Ubiquiti UACC-Cable-Patch-Outdoor-5M-BK,28
Ubiquiti UACC-OFC-MA-MPMP-1M-10,814
Ubiquiti ACB-AC-U,146
Ubiquiti ES-24-Lite,398
Ubiquiti PBE-5AC-ISO-Gen2-EU,248
Ubiquiti U-PoE+-EU,40
Ubiquiti UACC-Cable-Patch-Outdoor-5M-W,28
Ubiquiti UACC-OFC-MA-MPMP-30M,389
Ubiquiti ACB-ISP,66
Ubiquiti ES-48-500W U,1528
Ubiquiti PBE-5AC-ISO-Gen2-U,248
Ubiquiti U-PoE++,66
Ubiquiti UACC-Cable-Patch-Outdoor-8M-BK,34
Ubiquiti UACC-OFC-MA-MPMP-3M,118
Ubiquiti AF-11,2053
Ubiquiti ES-48-750W,1890
Ubiquiti PBE-M2-400,146
Ubiquiti U-PoE++-EU,66
Ubiquiti UACC-Cable-Patch-Outdoor-8M-W,34
Ubiquiti UACC-OFC-MA-MPMP-3M-10,1126
Ubiquiti AF-11-DUP-H,381
Ubiquiti ES-48-Lite-U,774
Ubiquiti PBE-M2-400-EU,146
Ubiquiti U-PRO-MP,26
Ubiquiti UACC-Cable-Patch-Outdoor-C6A-12M-W,71
Ubiquiti UACC-OFC-MA-MPMP-5M,139
Ubiquiti AF-11-DUP-L,381
Ubiquiti ES-5XP-U,171
Ubiquiti PBE-M2-400-U,146
Ubiquiti U-Rack-6U-TL,632
Ubiquiti UACC-OFC-MA-MPMP-60M,576
Ubiquiti AF-11-U,2053
Ubiquiti ES-8-150W,402
Ubiquiti PBE-M5-300,146
Ubiquiti U6-Enterprise,576
Ubiquiti UACC-Cable-Patch-Outdoor-C6A-15M-W,80
Ubiquiti UACC-OFC-MM-0.5M,20
Ubiquiti AF-24,3003
Ubiquiti ETH-SP-G2,34
Ubiquiti PBE-M5-300-EU,146
Ubiquiti U6-Enterprise-IW,638
Ubiquiti UACC-Cable-Patch-Outdoor-C6A-1M-W,29
Ubiquiti UACC-OFC-MM-1M,21
Ubiquiti AF-24HD-U,6006
Ubiquiti EXTD-cover-Black-3,93
Ubiquiti PBE-M5-300-ISO,173
Ubiquiti U6-Extender,322
Ubiquiti UACC-Cable-Patch-Outdoor-C6A-2M-W,31
Ubiquiti UACC-OFC-MM-2M,24
Ubiquiti AF-2G24-S45,374
Ubiquiti EXTD-cover-Concrete-3,93
Ubiquiti PBE-M5-300-ISO-EU,173
Ubiquiti U6-Extender-EU,322
Ubiquiti UACC-OFC-MM-3M,26
Ubiquiti AF-2X,965
Ubiquiti EXTD-cover-Wood-3,93
Ubiquiti PBE-M5-300-ISO-U,173
Ubiquiti U6-IW,386
Ubiquiti UACC-Cable-Patch-Outdoor-C6A-3M-W,36
Ubiquiti UACC-OFC-MM-5M,28
Ubiquiti AF-2X-EU,965
Ubiquiti F-POE-G2,68
Ubiquiti PBE-M5-300-U,146
Ubiquiti U6-Lite,208
Ubiquiti UACC-Cable-Patch-Outdoor-C6A-5M-W,40
Ubiquiti UACC-OFC-S2-LULU-0.5M-50,350
Ubiquiti AF-2X-U,965
Ubiquiti FC-SM-100,123
Ubiquiti PBE-M5-400,171
Ubiquiti U6-LR,381
Ubiquiti UACC-Cable-Patch-Outdoor-C6A-8M-W,52
Ubiquiti UACC-OFC-S2-LULU-10M,39
Ubiquiti AF-3G26-S45,499
Ubiquiti FC-SM-200,181
Ubiquiti PBE-M5-400-EU,171
Ubiquiti U6-Mesh,381
Ubiquiti UACC-OFC-S2-LULU-15M,53
Ubiquiti AF-3X-U,1528
Ubiquiti FC-SM-300,248
Ubiquiti PBE-M5-400-ISO,202
Ubiquiti U6-Mesh-EU,381
Ubiquiti UACC-OFC-S2-LULU-1M-50,363
Ubiquiti AF-4X,776
Ubiquiti FlexHD-CM-3,98
Ubiquiti PBE-M5-400-ISO-EU,202
Ubiquiti U6-Mesh-Pro,402
Ubiquiti UACC-OFC-S2-LULU-30M,74
Ubiquiti AF-5 U,2003
Ubiquiti GBE,277
Ubiquiti PBE-M5-400-ISO-U,202
Ubiquiti U6-Mesh-Pro-EU,402
Ubiquiti UACC-OFC-S2-LULU-3M-50,539
Ubiquiti AF-5G-OMT-S45,76
Ubiquiti GBE-LR-EU,426
Ubiquiti PBE-M5-400-U,171
Ubiquiti U6-Mesh-Pro-UK,402
Ubiquiti UACC-OFC-S2-LULU-5M,29
Ubiquiti AF-5G23-S45,189
Ubiquiti GBE-Plus-EU,381
Ubiquiti PC-12,1290
Ubiquiti U6-Mesh-UK,381
Ubiquiti UACC-Cable-PT-0.5M,31
Ubiquiti AF-5G30-S45,224
Ubiquiti HDD-8TB,426
Ubiquiti POE-15-12W,24
Ubiquiti U6-Pro,328
Ubiquiti UACC-OFC-SA-MPMP-0.5M,133
Ubiquiti AF-5G34-S45,602
Ubiquiti Horn-5-30,146
Ubiquiti POE-15-12W(EU),24
Ubiquiti U6+,203
Ubiquiti UACC-OFC-SA-MPMP-0.5M-10,1178
Ubiquiti AF-5U,2003
Ubiquiti Horn-5-45,146
Ubiquiti POE-24-12W,24
Ubiquiti U7-IW,301
Ubiquiti UACC-Cable-PT-1.5M,37
Ubiquiti AF-5XHD-U,789
Ubiquiti Horn-5-60,146
Ubiquiti POE-24-12W-5P,88
Ubiquiti U7-Lite,202
Ubiquiti UACC-Cable-PT-10M,86
Ubiquiti AF-MPx4,163
Ubiquiti Horn-5-90,146
Ubiquiti POE-24-12W-5P-EU,88
Ubiquiti U7-Outdoor,398
Ubiquiti UACC-Cable-PT-20M,131
Ubiquiti AF-MPx8,226
Ubiquiti INS-3AF-I-G,48
Ubiquiti POE-24-12W-G,34
Ubiquiti U7-Pro,368
Ubiquiti UACC-Cable-PT-30M,195
Ubiquiti AF11-Complete-HB-EU,3085
Ubiquiti INS-3AF-O-G,52
Ubiquiti POE-24-12W-G EU,34
Ubiquiti U7-Pro-5,1750
Ubiquiti UACC-Cable-PT-3M,52
Ubiquiti AF11-Complete-LB-EU,3066
Ubiquiti INS-3AF-USB,44
Ubiquiti POE-24-12W-G-WH,34
Ubiquiti U7-Pro-Max,557
Ubiquiti UACC-Cable-PT-50M,326
Ubiquiti AF60-EU,602
Ubiquiti INS-8023af-I,44
Ubiquiti POE-24-12W-G-WH-EU,34
Ubiquiti U7-Pro-Outdoor,563
Ubiquiti UACC-Cable-PT-5M,74
Ubiquiti AF60-HD,776
Ubiquiti INS-8023af-O,45
Ubiquiti POE-24-12W-WH,24
Ubiquiti U7-Pro-Wall,398
Ubiquiti UACC-Cable-PT-Ext,74
Ubiquiti AF60-LR-EU,632
Ubiquiti IP67CA-RPSMA,21
Ubiquiti POE-24-12W-WH-EU,24
Ubiquiti UA-Button,88
Ubiquiti UACC-OFC-SM-PATCH-APC-APC,16
Ubiquiti AF60-U,602
Ubiquiti IS-5AC,238
Ubiquiti POE-24-12W(EU),24
Ubiquiti UA-Card,82
Ubiquiti UACC-Cable-UHS-1M,48
Ubiquiti AF60-XG,2203
Ubiquiti IS-M5-U,206
Ubiquiti POE-24-24W,34
Ubiquiti UA-Card-B-10,71
Ubiquiti UACC-Cable-USB-100W-0.3M-BK,52
Ubiquiti AF60-XG-EU,2203
Ubiquiti ISO-BEAM-16,28
Ubiquiti POE-24-24W-5P,98
Ubiquiti UA-Card-EU,82
Ubiquiti UACC-Cable-USB-100W-1M-BK,61
Ubiquiti AF60-XR,2203
Ubiquiti ISO-Beam-620,146
Ubiquiti POE-24-24W-5P-EU,98
Ubiquiti UA-Card-W-10,71
Ubiquiti UACC-Cable-USB-100W-2M-BK,72
Ubiquiti AF60-XR-EU,2203
Ubiquiti IW-HD-BK-3,88
Ubiquiti POE-24-24W-G,39
Ubiquiti UA-G2,277
Ubiquiti UACC-OM-MM-10G-D,52
Ubiquiti AF60LR-Radome,71
Ubiquiti IW-HD-CF-3,88
Ubiquiti POE-24-24W-G-EU,39
Ubiquiti UA-G2-Pro-Black,718
Ubiquiti UACC-OM-MM-10G-D-2,82
Ubiquiti AFi-ALN-EU,1477
Ubiquiti IW-HD-CT-3,88
Ubiquiti POE-24-24W-G-WH,34
Ubiquiti UA-G2-SK,576
Ubiquiti UACC-OM-MM-10G-D-20,722
Ubiquiti AFi-ALN-R-EU,802
Ubiquiti IW-HD-MB-3,88
Ubiquiti POE-24-24W-G-WH-EU,34
Ubiquiti UA-G2-SK-Pro,1189
Ubiquiti UACC-OM-MM-1G-D,29
Ubiquiti AFi-ALN-R-UK,802
Ubiquiti IW-HD-WD-3,88
Ubiquiti POE-24-24W-WH,34
Ubiquiti UA-G3-B,277
Ubiquiti UACC-OM-MM-1G-D-2,45
Ubiquiti AFi-Cable-USB-0.3M,52
Ubiquiti LAP-120-U,163
Ubiquiti POE-24-24W-WH-EU,34
Ubiquiti UA-G3-Flex-B,350
Ubiquiti UACC-OM-MM-1G-D-20,322
Ubiquiti AFi-Cable-USB-2M,72
Ubiquiti LAP-GPS-U,189
Ubiquiti POE-24-24W(EU),34
Ubiquiti UA-G3-Flex-W,350
Ubiquiti UACC-OM-QSFP28-LR4,598
Ubiquiti AFi-Cable-USB-4.5M,83
Ubiquiti LBE-5AC-Gen2,123
Ubiquiti POE-24-30W,39
Ubiquiti UA-G3-Pro-B,714
Ubiquiti UACC-OM-QSFP28-PSM4,358
Ubiquiti AFi-Cable-USB-7M,126
Ubiquiti LBE-5AC-Gen2-5,602
Ubiquiti POE-24-30W-EU,39
Ubiquiti UA-G3-Pro-W,714
Ubiquiti UACC-OM-QSFP28-SR4,139
Ubiquiti AFi-G-UK,752
Ubiquiti LBE-5AC-Gen2-U,123
Ubiquiti POE-24-30W-G-WH,39
Ubiquiti UA-G3-SK,552
Ubiquiti UACC-OM-SFP10-1270,198
Ubiquiti AFi-HD-EU,701
Ubiquiti LBE-5AC-LR,211
Ubiquiti POE-24-30W-G-WH-EU,39
Ubiquiti UA-G3-SK-Pro,1074
Ubiquiti UACC-OM-SFP10-1290,198
Ubiquiti AFi-HD-RU,701
Ubiquiti LBE-5AC-LR-5,1040
Ubiquiti POE-24-7W-G-WH,23
Ubiquiti UA-G3-W,277
Ubiquiti UACC-OM-SFP10-1310,198
Ubiquiti AFi-HD-UK,701
Ubiquiti LBE-5AC-LR-EU,211
Ubiquiti POE-24-7W-G-WH-EU,23
Ubiquiti UA-Hub,398
Ubiquiti UACC-OM-SFP10-1330,198
Ubiquiti AFi-INS,362
Ubiquiti LBE-5AC-XR,261
Ubiquiti POE-24-AF5X,39
Ubiquiti UA-Hub-Door,398
Ubiquiti UACC-OM-SFP10-1450,299
Ubiquiti AFi-INS-EU,362
Ubiquiti LBE-M5-23-U,91
Ubiquiti POE-24-AF5X-EU,39
Ubiquiti UA-Hub-Door-Mini,213
Ubiquiti UACC-OM-SFP10-1470,299
Ubiquiti AFi-INS-R,198
Ubiquiti Loco5AC,93
Ubiquiti POE-48-24W,34
Ubiquiti UA-Hub-Gate,552
Ubiquiti UACC-OM-SFP10-1490,299
Ubiquiti AFI-INS-R-EU,198
Ubiquiti Loco5AC-5,451
Ubiquiti POE-48-24W-G,39
Ubiquiti UA-Intercom,597
Ubiquiti UACC-OM-SFP10-1510,299
Ubiquiti AFI-INS-R-UK,198
Ubiquiti LocoM2,91
Ubiquiti POE-48-24W-G EU,39
Ubiquiti UA-Intercom-Viewer,301
Ubiquiti UACC-OM-SFP10-1530,299
Ubiquiti AFi-INS-UK,362
Ubiquiti LocoM2-U,91
Ubiquiti POE-48-24W-WH,34
Ubiquiti UA-Intercom-Viewer-3,899
Ubiquiti UACC-OM-SFP10-1550,299
Ubiquiti AFi-P-HD-EU,238
Ubiquiti LocoM2(EU),91
Ubiquiti POE-48-24W-WH-EU,34
Ubiquiti UA-Lite-EU,198
Ubiquiti UACC-OM-SFP10-1570,299
Ubiquiti AFi-P-HD-UK,238
Ubiquiti LocoM5,123
Ubiquiti POE-48-24W(EU),34
Ubiquiti UA-Lock-Electric,158
Ubiquiti UACC-OM-SFP10-1590,299
Ubiquiti AFi-R,277
Ubiquiti LocoM5-U,123
Ubiquiti POE-50-60W,66
Ubiquiti UA-Lock-Magnetic-270kg,301
Ubiquiti UACC-DAC-QSFP28-0.5M,84
Ubiquiti AFi-R-EU,277
Ubiquiti LocoM5(EU),123
Ubiquiti POE-50-60W(EU),66
Ubiquiti UA-Lock-Magnetic-540kg,402
Ubiquiti UACC-DAC-QSFP28-0.5M-10,579
Ubiquiti AFi-R-RU,277
Ubiquiti LTU-Instant-5,699
Ubiquiti POE-54V-80W,66
Ubiquiti UA-Pocket,198
Ubiquiti UACC-DAC-QSFP28-1M,82
Ubiquiti AFi-R-UK,277
Ubiquiti LTU-Lite,194
Ubiquiti POE-54V-80W-EU,66
Ubiquiti UA-Pro,598
Ubiquiti UACC-DAC-QSFP28-1M-10,638
Ubiquiti AM-2G15-120,248
Ubiquiti LTU-Lite-EU,194
Ubiquiti POE-WM,13
Ubiquiti UA-Reader Lite,198
Ubiquiti UACC-DAC-QSFP28-3M,114
Ubiquiti AM-2G16-90,248
Ubiquiti LTU-Lite-U,194
Ubiquiti PS-5AC,557
Ubiquiti UA-Rescue,162
Ubiquiti UACC-DAC-SFP10-0.5M,39
Ubiquiti AM-3G18-120,349
Ubiquiti LTU-LR,277
Ubiquiti PS-5AC-EU,557
Ubiquiti UA-SK,1000
Ubiquiti UACC-DAC-SFP10-1M,40
Ubiquiti AM-5AC21-60,363
Ubiquiti LTU-LR-EU,277
Ubiquiti PS-5AC-U,557
Ubiquiti UA-SK-Elevator,1800
Ubiquiti UACC-DAC-SFP10-3M,52
Ubiquiti AM-5AC22-45,363
Ubiquiti LTU-LR-U,277
Ubiquiti Quick-Mount,52
Ubiquiti UA-SK-Gate-EU,1400
Ubiquiti UACC-DAC-SFP28-0.5M,58
Ubiquiti AM-5G16-120,146
Ubiquiti LTU-Pro,350
Ubiquiti R2AC-PRISM,389
Ubiquiti UA-Ultra,202
Ubiquiti UACC-PoE+-2.5G,48
Ubiquiti AM-5G17-90,146
Ubiquiti LTU-Pro-EU,350
Ubiquiti R2AC-PRISM-EU,389
Ubiquiti UACC-Adapter-AC-210W,168
Ubiquiti UACC-PoE+-2.5G-EU,48
Ubiquiti AM-5G19-120,248
Ubiquiti LTU-Pro-U,350
Ubiquiti R2AC-PRISM-U,389
Ubiquiti UACC-Adapter-AC-210W-EU,168
Ubiquiti UACC-PoE+-USBC,98
Ubiquiti AM-5G20-90,248
Ubiquiti LTU-Rocket,762
Ubiquiti R5AC-Lite,248
Ubiquiti UACC-Adapter-AC-210W-UK,168
Ubiquiti UACC-PoE+-USBC-EU,98
Ubiquiti AM-9M13-120,499
Ubiquiti LTU-Rocket-EU,762
Ubiquiti R5AC-Lite-EU,248
Ubiquiti UACC-Adapter-DBAC-EU,74
Ubiquiti UACC-Display-AM,632
Ubiquiti AM-M-V5G-Ti,314
Ubiquiti LTU-Rocket-U,762
Ubiquiti R5AC-Lite-U,248
Ubiquiti UACC-Adapter-PoE-USBC,110
Ubiquiti UACC-Display-FM,421
Ubiquiti AM-V2G-Ti,499
Ubiquiti LTU-XR,261
Ubiquiti RAD-RD2,106
Ubiquiti UACC-Adapter-PT-120W,74
Ubiquiti UACC-Display-SM,274
Ubiquiti AMO-2G10,314
Ubiquiti LTU-XR-EU,261
Ubiquiti RAD-RD3,173
Ubiquiti UACC-Adapter-PT-120W-EU,74
Ubiquiti UACC-Display-TS,317
Ubiquiti AMO-2G13,451
Ubiquiti MUSB-1A-B-5,39
Ubiquiti RD-2G24,288
Ubiquiti UACC-AE,66
Ubiquiti UACC-Pro-AP-AM,61
Ubiquiti AMO-3G12,288
Ubiquiti MUSB-1A-B-5-EU,39
Ubiquiti RD-5G30,248
Ubiquiti UACC-AI-360-JB,101
Ubiquiti UACC-Pro-Max-16-RM,98
Ubiquiti AMO-5G10,226
Ubiquiti N-SW,84
Ubiquiti RD-5G30-LW,181
Ubiquiti UACC-AI-360-JB-W,101
Ubiquiti UACC-Dome-FM-W,88
Ubiquiti AMO-5G13,301
Ubiquiti nanoHD-RCM-3,93
Ubiquiti RD-5G31-AC,626
Ubiquiti UACC-AI-Port-RM,139
Ubiquiti UACC-Dome-WS-W,68
Ubiquiti AMY-9M16x2,363
Ubiquiti nanoHD-RetroFit-3,66
Ubiquiti RD-5G34,552
Ubiquiti UACC-AI-Pro-Enhancer,529
Ubiquiti UACC-Dual-Power-Injector,163
Ubiquiti AP-5AC-90-HD,827
Ubiquiti NB-OD3,61
Ubiquiti RocketM2,163
Ubiquiti UACC-AI-Pro-Enhancer-W,529
Ubiquiti UACC-EVSL-Stand-Adapter,66
Ubiquiti B-DB-AC,181
Ubiquiti NB-OD9,61
Ubiquiti RocketM2-U,163
Ubiquiti UACC-AI-Theta-Angle Mount-Camera,71
Ubiquiti UACC-Fiber-SR-Kit,71
Ubiquiti BulletAC-IP67,248
Ubiquiti NBE-16-WM,23
Ubiquiti RocketM2(EU),163
Ubiquiti UACC-AI-Theta-Audio-Cable-1M,48
Ubiquiti UACC-Flex-Cam-PWM-Black,36
Ubiquiti BulletM2-HP,146
Ubiquiti NBE-2AC-13,184
Ubiquiti RocketM3,323
Ubiquiti UACC-AI-Theta-CMS,48
Ubiquiti UACC-Flex-Cam-PWM-Black-3,80
Ubiquiti CK-Enterprise,10258
Ubiquiti NBE-2AC-13-EU,184
Ubiquiti RocketM3-U,323
Ubiquiti UACC-AI-Theta-Pro-Angle Mount-Camera,71
Ubiquiti UACC-Flex-Cam-PWM-White,36
Ubiquiti CK-Enterprise-EU,10258
Ubiquiti NBE-2AC-13-U,184
Ubiquiti RocketM3(EU),323
Ubiquiti UACC-AI-Theta-Pro-PFM-Camera,71
Ubiquiti UACC-Flex-Cam-PWM-White-3,80
Ubiquiti CKG2-RM,198
Ubiquiti NBE-5AC-Gen2,184
Ubiquiti RocketM365,323
Ubiquiti UACC-AI-Theta-Video-Cable-1M,68
Ubiquiti UACC-FM,68
Ubiquiti EAH-8,2000
Ubiquiti NBE-5AC-Gen2-EU,184
Ubiquiti RocketM365-U,323
Ubiquiti UACC-AOC-QSFP28-10M,358
Ubiquiti UACC-FM-17cm,71
Ubiquiti EAH-8-EU,2000
Ubiquiti NBE-5AC-Gen2-U,184
Ubiquiti RocketM365(EU),323
Ubiquiti UACC-AOC-QSFP28-20M,402
Ubiquiti UACC-G4 Doorbell Pro PoE-Gang Box,82
Ubiquiti EP-24V-72W,326
Ubiquiti NBE-M5-16,123
Ubiquiti RocketM5,163
Ubiquiti UACC-AOC-QSFP28-5M,346
Ubiquiti UACC-G4 Doorbell Pro PoE-Gang Box-White,82
Ubiquiti EP-24V-72W-EU,326
Ubiquiti NBE-M5-16 EU,123
Ubiquiti RocketM5-U,163
Ubiquiti UACC-AOC-SFP10-10M,91
Ubiquiti UACC-G4-DB-Pro-Cover-Brick,71
Ubiquiti EP-24V-72W-U,326
Ubiquiti NBE-M5-16 U,123
Ubiquiti RP-5AC-Gen2,456
Ubiquiti UACC-AOC-SFP10-20M,110
Ubiquiti UACC-G4-DB-Pro-Cover-Concrete,71
Ubiquiti EP-54V-150W,374
Ubiquiti NBE-WMK,15
Ubiquiti RP-5AC-Gen2-EU,456
Ubiquiti UACC-AOC-SFP10-30M,131
Ubiquiti UACC-G4-DB-Pro-Cover-Silver,71
Ubiquiti EP-54V-150W-AC,146
Ubiquiti NBM3,288
Ubiquiti RP-5AC-Gen2-U,456
Ubiquiti UACC-AOC-SFP10-5M,88
Ubiquiti UACC-G4-DB-Pro-Cover-White,71
Ubiquiti EP-54V-150W-AC-EU,146
Ubiquiti NBM3-U,288
Ubiquiti RPS-AC-100W,131
Ubiquiti UACC-AOC-SFP28-10M,171
Ubiquiti UACC-G4-DB-Pro-Cover-Wood,71
Ubiquiti EP-54V-150W-DC,146
Ubiquiti NBM3(EU),288
Ubiquiti RPS-AC-100W-EU,131
Ubiquiti UACC-AOC-SFP28-20M,190
Ubiquiti UACC-G4-DBP-Cable-USB-7M,76
Ubiquiti EP-54V-150W-EU,374
Ubiquiti NBM365,288
Ubiquiti RPS-DC-100W,168
Ubiquiti UACC-AOC-SFP28-30M,211
Ubiquiti UACC-G4-Dome-Arm Mount,48
Ubiquiti EP-54V-72W,326
Ubiquiti NBM365-U,288
Ubiquiti SM-SP-40,402
Ubiquiti UACC-AOC-SFP28-5M,150
Ubiquiti UACC-G4-INS-Cable-USB-4.5M,53
Ubiquiti EP-54V-72W-EU,326
Ubiquiti NBM365(EU),288
Ubiquiti SM-SW-40,402
Ubiquiti UACC-AP-AM,68
Ubiquiti UACC-G4-INS-Cover-Dark Grey,34
Ubiquiti EP-R6,226
Ubiquiti nHD-cover-Black-3,93
Ubiquiti TC-Con,2253
Ubiquiti UACC-Bullet-AB-B,48
Ubiquiti UACC-G4-INS-Cover-Grey,34
Ubiquiti EP-R6-EU,226
Ubiquiti nHD-cover-Camo-3,93
Ubiquiti TC-GND,1502
Ubiquiti UACC-Bullet-AB-W,48
Ubiquiti UACC-G4-INS-Cover-Light Grey,34
Ubiquiti EP-R6-U,226
Ubiquiti nHD-cover-Concrete-3,93
Ubiquiti U-Cable-C6-CMP,677
Ubiquiti UACC-Cable-C5e-Outdoor-Pro-305M-W,339
Ubiquiti UACC-G5-Dome-Ultra-FM-B,88
Ubiquiti EP-R8,874
Ubiquiti nHD-cover-Fabric-3,93
Ubiquiti U-Cable-C6-CMR,402
Ubiquiti UACC-Cable-C6A-CMP,1051
Ubiquiti UACC-G5-Dome-Ultra-FM-SB-B,88
Ubiquiti EP-R8-EU,874
Ubiquiti nHD-cover-Marble-3,93
Ubiquiti U-Cable-Patch-0.3M-RJ45,15
Ubiquiti UACC-Cable-C6A-CMR,594
Ubiquiti UACC-G5-Dome-Ultra-FM-SB-W,88
Ubiquiti EP-R8-U,874
Ubiquiti nHD-cover-Wood-3,93
Ubiquiti U-Cable-Patch-0.3M-RJ45-BK,15
Ubiquiti UACC-Cable-DoorLockRelay-1P,248
Ubiquiti UACC-G5-Dome-Ultra-FM-W,88
Ubiquiti EP-S16,1178
Ubiquiti NS-5AC,238
Ubiquiti U-Cable-Patch-0.3M-RJ45-BL,15
Ubiquiti UACC-Cable-DoorLockRelay-2P,323
Ubiquiti UACC-G5-Enhancer,202
Ubiquiti EP-S16-EU,1178
Ubiquiti NS-5AC-EU,238
Ubiquiti U-Cable-Patch-1M-RJ45,16
Ubiquiti UACC-Cable-Patch-EL-0.15M-W,20
Ubiquiti UACC-G5-PTZ-CA,68
Ubiquiti EP-S16-U,1178
Ubiquiti NS-5AC-U,238
Ubiquiti U-Cable-Patch-1M-RJ45-BK,16
Ubiquiti UACC-Cable-Patch-EL-0.15M-W-24,171
Ubiquiti UACC-G5-PTZ-CM,48
Ubiquiti ER-10X,213
Ubiquiti NS-WM,44
Ubiquiti U-Cable-Patch-1M-RJ45-BL,16
Ubiquiti UACC-Cable-Patch-EL-0.3M-W,21
Ubiquiti UACC-G5-PTZ-ICM,88
Ubiquiti ER-10X-EU,213
Ubiquiti NSM2,163
Ubiquiti U-Cable-Patch-2M-RJ45,18
Ubiquiti UACC-Cable-Patch-EL-12M-W,56
Ubiquiti UACC-G5-PTZ-PM,48
Ubiquiti ER-12,464
Ubiquiti NSM2-U,163
Ubiquiti U-Cable-Patch-2M-RJ45-BK,18
Ubiquiti UACC-Cable-Patch-EL-15M-W,63
Ubiquiti UACC-G5-PTZ-SM,68
Ubiquiti ER-12-EU,464
Ubiquiti NSM2(EU),163
Ubiquiti U-Cable-Patch-2M-RJ45-BL,18
Ubiquiti UACC-Cable-Patch-EL-1M-W,23
Ubiquiti UACC-GB-Plate-W,88
Ubiquiti ER-12-U,464
Ubiquiti NSM365,238
Ubiquiti U-Cable-Patch-3M-RJ45,20
Ubiquiti UACC-Cable-Patch-EL-2M-W,24
Ubiquiti UACC-HDD-E-16TB,787
Ubiquiti ER-12P,598
Ubiquiti NSM365-U,238
Ubiquiti U-Cable-Patch-3M-RJ45-BK,20
Ubiquiti UACC-Cable-Patch-EL-3M-W,29
Ubiquiti UACC-HDD-E-24TB,1125
Ubiquiti ER-4,363
Ubiquiti NSM365(EU),238
Ubiquiti U-Cable-Patch-3M-RJ45-BL,20
Ubiquiti UACC-Cable-Patch-EL-5M-W,32
Ubiquiti UACC-HDD-E-8TB,541
Ubiquiti ER-4-EU,363
Ubiquiti NSM5,163
Ubiquiti U-Cable-Patch-5M-RJ45,21
Ubiquiti UACC-Cable-Patch-EL-8M-W,40
Ubiquiti UACC-HDD-S-8TB,426
Ubiquiti ER-4-U,363
Ubiquiti NSM5-U,163
Ubiquiti U-Cable-Patch-5M-RJ45-BK,21
Ubiquiti UACC-Cable-Patch-EL-C6A-0.15M-W,21
Ubiquiti UACC-Uplink-SFP28-0.15M,68
Ubiquiti ER-6P,446
Ubiquiti NSM5(EU),163
Ubiquiti U-Cable-Patch-5M-RJ45-BL,21
Ubiquiti UACC-Cable-Patch-EL-C6A-0.15M-W-24,198
Ubiquiti UACC-Uplink-SFP28-0.15M-10,499
Ubiquiti ER-6P-EU,446
Ubiquiti PAK-620,74
Ubiquiti U-Cable-Patch-8M-RJ45,26
Ubiquiti UACC-Cable-Patch-EL-C6A-0.3M-W,23
Ubiquiti UACC-Uplink-SFP28-0.3M,88
Ubiquiti ER-6P-U,446
Ubiquiti PBE-2AC-400,221
Ubiquiti U-Cable-Patch-8M-RJ45-BK,26
Ubiquiti UACC-Uplink-SFP28-30M,162
Ubiquiti ER-8-XG,3091
Ubiquiti PBE-2AC-400-EU,221
Ubiquiti U-Cable-Patch-8M-RJ45-BL,26
Ubiquiti UACC-Uplink-SFP28-3M,122
Ubiquiti ER-8-XG-EU,3091
Ubiquiti PBE-2AC-400-U,221
Ubiquiti U-Cable-Patch-RJ45,15
Ubiquiti UACC-Wave-AP-Micro-Mount,203
Ubiquiti UACC-Junction-Utility,238
Ubiquiti UAP-AC-HD,619
Ubiquiti UACC-Keystone-Blank-Insert,52
Ubiquiti UAP-AC-HD-5,2990
Ubiquiti UACC-Keystone-Blank-Insert-TH,52
Ubiquiti UAP-AC-HD-EU,619
Ubiquiti UACC-Keystone-Coupler-C6,68
Ubiquiti UAP-AC-HD-U,619
Ubiquiti UACC-Keystone-Coupler-C6A,88
Ubiquiti UAP-AC-IW,184
Ubiquiti UACC-Keystone-Jack-C6,68
Ubiquiti UAP-AC-IW-5,902
Ubiquiti UACC-Keystone-Jack-C6A,88
Ubiquiti UAP-AC-LITE,163
Ubiquiti UACC-Lite-AP-AM,52
Ubiquiti UAP-AC-LITE-5,739
Ubiquiti UACC-LRE,71
Ubiquiti UAP-AC-LITE-EU,163
Ubiquiti UACC-OADP-SC-APC-50,28
with MST 3 Monitors (2*HDMI + VGA + USB3.1 + Ethernet Cable 2M .........................................4.8 JVCU360 J5 CREATE 360 MEETING CAM ...234.9 HP GK520 MECHANICAL RAINBOW LED ........60 Ruijie M7000-48GT2XS-EA 48 Gigab ........2276 Silverstone PT13 Black Thin Mini-ITX Casing A .85,85
"PD100W) ....................................................64.8 Unitek Y-C811ABL Network cable CAT 6 UTP RJ45 JVCU435 J5 CREATE 4K ULTRA HD WEB.....244.9 HP GK200 MECHANICAL RAINBOW LED ........43 Ruijie M7000-24SFP2XS-EA 24 Giga ........2276 Silverstone GD06B Micro-ATX, Mini-DTX, M ..185",185
"Unitek Y-2140 USB-A hub 4 Port USB2.0 Hub ...8 Ethernet Cable 3M .........................................6.3 JVU430 J5 CREATE 4K ULTRA HD WEBC .......189 HP GK1100 MEMBRANE KB + MSE BACK .......34 Ruijie M7000-48SFP2XS-EA 48 Giga .......2947 Silverstone GD07B SSI-EEB, SSI-CEB, Exte ...215",215
"Unitek Y-3089 USB-A hub 4 Port USB3.1 Hub Plus Unitek Y-C812ABL Network cable CAT 6 UTP RJ45 JUD 531 J5 CREATE Mini Ultra Stat ................179 HP H100 HEADSET W/MIC 3.5MM JACK ........22 Ruijie M7000-24GT24SFP2XS-EA 24 ......2678 Silverstone GD08B SSI-EEB, SSI-CEB, Exte ...215",215
"1 Micro USB Charging.................................15.5 Ethernet Cable 5M .........................................7.8 JUD 481 J5 CREATE Boomerang Stati ...........209 HP H320GS 7.1 SURROUND HEADSET W ........40 Ruijie M7000-8XS-EA 8 10-Gigabit ...........2276 Silverstone GD09B SSI-CEB, ATX, Micro-AT ..125",125
Unitek .............................................................. Unitek Y-C813ABL Network cable CAT 6 UTP RJ45 Startech and Orico Accessories HP H360GS 7.1 SURROUND HEADSET W ........45 Ruijie M7000-16XS-EA 16 10-gigab.........2947 Silverstone SG08B-Lite Mini-ITX Casing .......105,105
Unitek Y-9327A Card Reader USB-A Card Ethernet Cable 10M ........................................12 HP H150 EARPHONE W/MIC 3.5MM JAC ........22 Ruijie Reyee Wireless ......................................... Silverstone SG13B Mini-DTX / Mini-ITX Ca ......79,79
reader ........................................................13.5 Unitek C1810EBK Network cable Cat 7 SSTP RJ45 StarTech USB C Dock - 4K Dual DP ................210 HP MP3524 GAMING MSE PAD 35X24CM ......10 Ruijie RG-RAP2260(G) AX1800 Wi-Fi ...........291 Silverstone SG13B-Q Mini-DTX / Mini-ITX Ca ..79,79
Unitek Y-9328 Card Reader USB-C Card (8P8C) Ethernet Cable 2 M................................8 StarTech 4-Port PCI Express PEXUSB3S4V ......79 HP MP7035 GAMING MSE PAD 70X35CM .....18 Ruijie RG-RAP2200(E) AC1300 Dual B ..........168 Silverstone SG08 Black Mini-ITX Casing 6 ...295,295
Reader ........................................................14.5 Unitek C1811EBK Network cable Cat 7 SSTP RJ45 Startech CDP2HDUACP USB-C with HDMI .....104 HP MP9040 GAMING MSE PAD 90X40CM .....22 Ruijie RG-RAP2200(F) AC1300 Dual B .........153 Silverstone ML06 Black Mini-ITX Casing .........99,99
Unitek Y-9313D Card Reader USB-C / USB-A Card (8P8C) Ethernet Cable 3 M................................9 StarTech PCIe USB 3.1 Card PEXUSB312C3 ....78 Sandisk Card Reader Ruijie RG-RAP1200(F) AC1300 Dual B ............91 Silverstone ML06B-E Mini-ITX Casing suppor 115,115
"Reader 3-in-1 CF, SD, Micro SD ..................19.5 Unitek C1812EBK Network cable Cat 7 SSTP RJ45 Startech 3Port M.2 Ngff PEXM2SAT32N1 .......69 SanDisk Extreme PRO SD UHS-II Card Reader/ Ruijie RG-RAP1200(P) AC1300 Dual B .........245 Silverstone ML03 Micro-ATX, Mini-DTX, M .......99",99
"Unitek Y-9313 Card Reader USB-A Card Reader (8P8C) Ethernet Cable 5 M..........................13.5 Startech 2.5 SATA/SAS SSD Convertor ...........89 Writer, 2Y SDDR-399-G46 ..............................37 Ruijie RG-RAP1200(P)-MNT Universal .............48 Silverstone ML04 Black Micro-ATX/Mini-DT .129",129
"3-in-1 CF, SD, Micro SD ..................................18 Unitek C1813EBK Network cable Cat 7 SSTP RJ45 Orico 2139C3G2 2.5” CASE CLEAR 10 ............25 SanDisk Extreme PRO SD UHS-II USB-C Reader/ Ruijie RG-RAP1201 AC1300 Dual Ba ..........112 Silverstone ML07 Black Mini-ITX Desktop C ..118",118
"Unitek .............................................................. (8P8C) Ethernet Cable 10M ............................19 Orico 3139U3 3.5” CASE CLEAR .....................29 Writer, 2Y SDDR-409-G46 ..............................40 Ruijie RG-RAP1261 AX3000 Wi-Fi 6 d ...........181 Silverstone ML08B-H Mini-ITX .....................139",139
Unitek Y-105 USB Adapter USB to Serial Converter J5Create Products Orico 3588U3 3.5” CASE ...............................29 iDream Ruijie RG-RAP1260 AX3000 Wi-Fi 6 d ...........237 Silverstone SG01B-F USB3.0 Micro-ATX ......138,138
1.5M ...........................................................14.8 JALC15B J5CREATE USB TYPE-C TO LI .........35.9 Orico 7688U3 3.5” CASE ALUMINIUM ............29 iD3CHD4KU iDream USB C to HDMI Multiport Ruijie 10*RG-RAP1260(Black Cover) .............56 Silverstone LD03B Mini-ITX/Mini-DTX Casi ...168,168
Unitek Y-108 USB Adapter USB 2.0 to Serial JALC15W J5CREATE USB TYPE-C TO LI.........35.9 Orico 35UTS 2.5/3.5” HD ADAPTOR W ............27 Adaptor ..........................................................35 Ruijie 10*RG-RAP1260(Gold Cover) P ............56 Silverstone RVZ03B-ARGB Mini-ITX Desktop 178,178
"Converter 1.5M ..........................................19.5 JCA111 J5CREATE USB TYPE-C TO VGA ........39.9 Orico 20UTS 2.5” HD ADAPTOR .......................15 iD3CHDVU2 iDream 4 in 1 USB C to HDMI Ruijie 10*RG-RAP1260(Rose-Gold Cov ..........56 Silverstone RV04B-W SSI-CEB, ATX, Micro-AT 220",220
"Unitek V1423A USB Adapter USB-C to HDMI JCA140 J5CREATE USB TYPE-C TO 4K .........39.9 Orico DS200U3 3.5” 2 BAY case .....................79 Multiport Adaptor ...........................................49 Ruijie 10*RG-RAP1260(Silver Cover) ..............56 Silverstone TJ04B-E SSI-CEB, ATX, Micro-AT ..219",219
"Cable 4K 1.8M ............................................27.5 JCA141 J5CREATE USB TYPE-C TO 4K ..........47.9 Orico DS500U3 3.5” 5 BAY HD case..............179 iD5CHU2CR iDream 5 in 1 USB C to HDMI Ruijie 10*RG-RAP1260(Gray Cover) P.............56 Silverstone RVX01BR-W ATX (up to 12” x 11”), 79",79
Unitek V1126A USB Adapter USB-C to HDMI and JCA142 J5CREATE USB TYPE-C TO 4K .........39.9 Orico NS400U3 case ...................................180 Multiport Adaptor .........................................55 Ruijie RG-RAP2266 AX3000 Wi-Fi 6 d ..........259 Silverstone PM01-WA-W ATX White (up to 12 160,160
VGA Adapter (4K@60Hz & MST) ..................30.8 JCA153G J5CREATE USB TYPE-C TO 4K ........47.9 Orico W5PU3 4 PORT HUB ..............................16 iD5CHDLDP iDream 5 in 1 USB C to HDMI Ruijie RG-RAP2260 AX3000 Wi-Fi 6 d ..........266 Silverstone PM01BR-W ATX Black (up to 12 ..160,160
Unitek V1304A USB Adapter USB-A to HDMI and JCA157 J5CREATE USB-C TO HDMI 2 ...........75.9 Orico W9PH4U3 4 PORT HUB WITH Switch ......20 Multiport Adaptor with Lan .............................58 Ruijie RG-RAP2260(E) AX3200 Wi-Fi ...........461 Silverstone PM01B-RGB ATX Black (up to 12”2 05,205
"VGA Adapter (4K@61Hz & MST) ..................36.8 JCA174 J5CREATE USB TYPE-C TO HDM.......49.9 Orico DF4U-U3 4 PORT USB HUB 1 ME ............19 iD5CH2U2C iDream 5 in 1 USB C to HDMI Ruijie RG-RAP2260(H) AX6000 Wi-Fi ..........529 Silverstone FAB1B-PRO ATX BLACK ARGB, .....99",99
"Unitek V1146A USB Adapter USB-C to DisplayPort JCA175 J5CREATE USB-C TO VGA+HDMI .....65.9 Orico H4928U3 4 PORT HUB WITH POW ..........29 Multiport Adaptor .........................................59 Ruijie RG-RAP73HD BE19000 Wi-Fi 7 .......1566 Silverstone FT04B-W SSI-CEB, ATX, Micro-AT 320",320
"1.4 Bi-Directional Cable 8K (1.8M Cable)....45.8 JCA351 J5CREATE USB-C TO 4K HDMI ........73.9 Orico H7013-U3-AD 7 PORT USB HUB ............33 iD8CHUNCR iDream USB C to HDMI Multiport Ruijie RG-RAP52-OD AC1300 Dual Ban .......192 Silverstone FT05B-W SSI-CEB, ATX, Micro-AT 279",279
Unitek V1423C USB Adapter USB-C to DisplayPort JCA365 USB-C to Dual HDMI Multi............109.9 Orico PNU-4U PCIe TO 4 PORT USB3. ..............29 Adaptor ..........................................................79 Ruijie RG-RAP6262(G) AX1800 Dual B ........348 Silverstone FTZ01-B Mini-ITX motherboard ...199,199
1.4 Cable 1.8M Cable .................................29.8 JCA366 J5CREATE USB-C TO 4 PORT H ..........179 Orico PVU3-7P PCIe TO 7 PORT USB3 .............39 iDUCT45 iDream USB C to Gigabit Lan Adaptor 32 Ruijie RG-RAP6260(G) AX1800 Wi-Fi ..........538 Silverstone SST-PF120-ARGB Single Integ ...125,125
Unitek V1404B USB Adapter USB-C to Dual HDMI JCA374 J5CREATE USB TYPE-C MULTI- ............99 Orico AT2U313 13Port hub with Switches ......119 iDCHD4K2M iDream USB C to HDMI 1.8m Ruijie RG-RAP6262 AX3000 Wi-Fi 6 .............419 Silverstone SST-PF240-ARGB Duo Integra ...139,139
2.0 4K Adapter with MST Dual Monitor ........69.8 JCA379 J5CREATE USB TYPE-C TO HDM ......59.9 Orico UTJ-U3 USB A TO GIGA LAN ....................23 Cable .............................................................36 Ruijie RG-RAP6260(H) AX6000 Wi-Fi ............637 Silverstone SST-PF360-ARGB Trio Integrat ....210,210
Unitek V1407A USB Adapter 8K USB-C to JCC111 J5CREATE USB TYPE-C TO VGA .......49.9 Orico CLH-3AR TYPE C TO 3*PORT US .............39 iD6CHCRPD iDream 6 in 1 Multiport Adaptor ..65 Ruijie RG-RAP6260(H)-D AX6000 Wi-F .........637 Silverstone SST-IG240P-ARGB IceGem 240 .189,189
Dual DisplayPort 1.4 Adapter with MST Dual JCC153G J5CREATE USB TYPE-C TO 4K .......49.9 Orico HR01-U3 USB A TO 3*PORT USB ...........29 iD6CHU3CR iDream 6 in 1 Multiport Adaptor ..63 Ruijie RG-AirMetro460F Wireless br .............135 Silverstone SST-IG360P-ARGB IceGem 360 ..248,248
Monitor ......................................................72.8 JCC154G J5 CREATE USB-C to 4K HD ..........59.9 Orico CRS-31 CARD READER...........................17 iD4CH4P2H iDream 4 in 1Dual HDMI Adaptor .87 Ruijie RG-AirMetro460G Wireless br .............165 Silverstone SST AR04 Ultra Low Profile He ......48,48
Unitek V1420A USB Adapter USB-C to HDMI 2.0 JCC157 J5 CREATE USB-C to HDMI .............75.9 Orico DUK-5P 5 PORT USB 2.4A CHAR ............27 iD7CH2C7P iDream 7 in 1 Multiport Adaptor ..79 Ruijie RG-AirMetro550G-B Wireless ............408 PCIE / PCI IO Cards,408
4K Adapter .................................................22.8 JCC155G J5 CREATE USB-C to 4K HD ...........61.9 Orico DUK-10P 10 PORT USB 2.4A CH ............79 iDHDVGAO iDream HDMI to VGA Adaptor ....23.9 Ruijie RG-ANT13-360 A supporting O ...........393 PCIE SATA 2 Port Card ....................................55,55
Unitek Y-3465A USB Adapter USB-C to Gigabit JCD324B J5 CREATE MINI DOCK 7-IN- ........99.9 Orico PUG-C6-MTM LAN EXTENSION AD ............8 IDUCACO iDream USB C to Audio Adaptor ....14.9 Ruijie RG-ANT16S-120 A supporting ............197 PCIE IDE + SATA Card......................................65,65
Ethernet Adapter ........................................22.8 JCD324S J5 CREATE MINI DOCK 7-IN-.........99.9 Orico ST2 TOOLKIT .........................................19 iDUCH4K60 iDream USB C to 4k HDMI Ruijie RG-ANT20S-90 A supporting S ............314 PCIE Serial 2 Port Low Profile ..........................60,60
Unitek U1313A USB Adapter USB-C to 2.5G JCD348 J5CREATE USB TYPE-C 5-IN-1 ........59.9 Orico XC-R45 TYPE C TO GIGABIT LA ................27 Adaptor ..........................................................34 Ruijie RG-EST350 V2 Two devices pa .............337 PCIE Serial 2 Port Card ...................................55,55
Ethernet Adapter ........................................39.8 JCD353 J5CREATE USB-C to 4K HDMI .........73.9 Orico XC-304 6 IN 1 DOCKING ........................85 iDUC5PD iDream USB 5 Port Hub ...................32 Ruijie RG-EST310 V2 Two devices pa ............339 PCIE Parallel Port LPT1 Card ...........................55,55
Unitek R1005A USB Adapter CFexpress2.0 USB JCD371 USB-C to HDMI & USB 3.0 .............62.9 Orico XD-312 .................................................35 iDUTCHD-SE iDream USB C to HDMI Single Ruijie RG-EST100-E Two devices pai.............130 PCIE Gigabit Lan card .....................................25,25
10Gbps Aluminium Card Reader .................46.8 JCD372 J5 CREATE USB-C MINI DOCK ........84.9 Orico XD-313 TYPE C TO HDMI/USB ................30 Adaptor ..........................................................19 Ruijie Reyee Router ............................................ PCIE USB3.0 Card 4 Port ................................55,55
Unitek .............................................................. JCD373 J5 CREATE USB-C Multi-Por ...........69.9 Orico SC2 USB TO AUDIO ...............................17 iDUTCDP-SE iDream USB C to Displayport Single Ruijie RG-EG105GW(T) Desktop All-i .............181 PCIE USB3.0 Card 2 Port ...............................30,30
Unitek Y-1096 HDD & SSD adapter SmartLink JCD375 J5CREATE USB-C MODULAR MU ......149 Orico TCM2-C3 TYPE C TO NVME ENCL ............49 Adaptor ..........................................................19 Ruijie RG-EG105G V2 5-Port Gigabit .............169 PCIE Sound Card ............................................45,45
Manta USB 3.0 to 2.5” SATA III Adapter ..........16 JCD376 J5CREATE TYPE-C FULLY FUNC .........115 Sound Card Internal and External iDUTC2V-SE iDream USB C to VGA Single Ruijie RG-EG105G-P V2 5-Port Gigab ............216 PCI Lan Card...................................................25,25
Unitek Y-3324 HDD & SSD adapter USB3.1 To JCD381 J5CREATE TYPE-C MINI DOCK .........159 PCI OEM Sound Card Creative/CMI .................25 Adaptor ..........................................................19 Ruijie RG-EG209GS Desktop 9-port c ..........265 PCI Serial Card RS232 9 pin ...........................45,45
Ide+Sata II Converter (2.5” and 3.5” HDD) .43.8 JCD382 J5CREATE ULTRADRIVE FOR MA ......129 Creative USB sound card Play 4 etc .................60 iDUTCMDP-SE iDream USB C to Mini Displayport Ruijie RG-EG210G-E 10-Port Gigabit ............430 PCI Parallel card LPT1 .....................................45,45
Unitek Y-3026 HDD & SSD adapter USB3.1 to JCD383 J5CREATE USB 3.1 TYPE-C MU ........129 Linksys Networking - Adaptor ..........................................................19 Ruijie RG-EG210G-P 10-Port Gigabit.............321 PCI 56K Modem Dial-Up .................................40,40
SATA III Dual Bay HDD/SSD Docking Station with JCD384 J5CREATE USB 3.1 TYPE-C MU ........139 Linksys MX5300-AH AX5300 1Pk ................428 iDUC3A1M iDream USB Cable .....................10.9 Ruijie RG-EG305GH-P-E Desktop 5-po ..........371 PCI IDE Card ...................................................45,45
UASP & Offline Clone ..................................53.8 JCD386 J5CREATE USB TYPE-C 7-IN-1 ..........119 Linksys MR9600 AX6000 Imesh Router .......348 iDUC3A2M iDream USB Cable ....................13.9 Ruijie RG-EG310GH-E Rack-mountable .........417 PCI Sound Card ..............................................35,35
Unitek S1206A HDD & SSD adapter 20G USB-C to JCD387ESK J5 CREATE ULTRADRIVE KI ........129 Linksys MR9000 Tri-Band Mesh ..................285 iDUC3C1M iDream USB Cable .....................10.9 Ruijie RG-EG310GH-P-E Desktop 10-p ..........461 PCI Firewire Card ............................................75,75
Dual M.2 PCIe / NVMe SSD Enclosure with Offline JCD388 J5CREATE USB TYPE-C 6-IN-1 ........79.9 Linksys MR7350 AX1800 Router .................185 iDUC3C2M iDream USB Cable ....................13.9 Ruijie RG-EG105GW-X AX3000 Dual Ba .......293 Asus Smart Home Products - Backorder,293
Clone ..........................................................188 JCD389 J5CREATE USB TYPE-C ULTRAD ........169 Linksys MR6350 iMesh Router........................78 iDUC5A1M iDream USB Cable ....................19.9 Ruijie RG-NBR6120-E 5x10/100/1000 ......462 Asus HG100 Smart Home Gateway...............339,339
Unitek S1207A HDD & SSD adapter 10G USB-C to JCD392 J5CREATE 4K60 Elite USB-C ............119 Linksys EA9452-AH AX5400 Wifi 6 ..............695 Ruijie RG-NBR6205-E 8x10/100/1000 ....1021 Asus MS101 Smart Home Motion Sensor ......109,109
Dual M.2 PCIe / NVMe SSD Docking Station with JCD393 J5CREATE USB-C 3.2 to 10G ...........155 Linksys E9450 AX5400 Router .....................288 Ruijie Networks Reyee Ruijie RG-NBR6210-E 8x10/100/1000 ....1301 Asus WS101 Smart Home Open/Close Sensor 69,69
Offline Clone................................................188 JCD397 J5CREATE USB-C 3.2 to 10G ...........189 Linksys E8450 AX3000 Router ......................179 Ruijie RG-ES05 5-Port 10/100 Mbps .............18 Ruijie RG-NBR6215-E 8x10/100/1000 ....1589 Asus MW250 Smart Home Meter Plug.............99,99
Unitek .............................................................. JCD401 J5CREATE USB4 to 10G Dual...........185 Linksys E7350 AX1800 Router ......................108 Ruijie RG-ES08 8-Port 10/100 Mbps .............20 Ruijie RG-NBR-HDD-1T 1TB HDD（ is s ........290 Asus AS101 Smart Home Siren .......................99,99
Unitek U305 Extension USB-C Active Extension JCD543 J5CREATE USB-C TRIPLE MONI .......199 Linksys EA9300 Wifi Router AC4000 VPN.....320 Ruijie RG-ES05G 5-Port Gigabit unm ..............32 Ruijie Home WiFi ................................................ Asus TS101 Temperature/Humidity Sensor .....69,69
Cable (C Female) 5 M..................................33.9 JCD543P J5CREATE USB-C TRIPLE MON ......299 Linksys E5600 AC1200 Wifi Router .................65 Ruijie RG-ES08G 8-Port Gigabit unm ..............47 Ruijie RG-EW3200GX PRO 3200Mbps Wi ....199 Asus DL101 Smart Home Door Lock .............599,599
Unitek Y-3004 Extension USB3.1 Aluminium JCD552 J5CREATE USB-C GEN2 DOCKIN .....259 Linksys EA7350S AC1900 Mimo Router ........115 Ruijie RG-ES105GD 5-Port Gigabit u ...............46 Ruijie RG-EW1800GX PRO 1800Mbps Wi ......168 Razer Gaming Products - Backorder,168
Extension Cable 5M ....................................32.5 JCD612 J5CREATE USB-C MINI DOCK ..........119 Linksys Velop MX10600 AX10600 2Pk .........698 Ruijie RG-ES108GD 8-Port Gigabit u ...............58 Ruijie RG-EW1200G Pro 1300M dual-b ..........80 Razer DeathAdder Elite - Ergonomic .........109.9,109.9
Unitek Y-3005 Extension USB3.1 Aluminium JCDP392 J5CREATE USB TYPE-C 90W P .......199 Linksys WHW0302 AC4400 2PK Velop .........349 Ruijie RG-ES116G 16-Port 10/100/10 .........112 Ruijie RG-M18 1800M Wi-Fi 6 Dual-b ...........168 Razer Deathadder V2 - Ergonomic Wir .......109.9,109.9
Extension Cable 10M ......................................55 JCE133G J5CREATE USB-C TO GIGABIT .......39.9 Linksys WHW0303 AC6600 3PK Velop .........358 Ruijie RG-ES124GD 24-Port 10/100/1 ........179 Ruijie RG-M18(2PACK) 1800M Wi-Fi 6.........280 Razer Basilisk - Multi-color FPS Ga............109.9,109.9
Unitek .............................................................. JCE145 J5 CREATE USB-C to 2.5 G .............79.9 Linksys WHW0102 AC2600 2Pk Velop .........220 Ruijie RG-ES110D-P 8-Port 100Mbps .........129 Ruijie RG-M32 3200M Wi-Fi 6 Dual-b ...........210 Razer Basilisk V2 - Ergonomic Wired .........129.9,129.9
Unitek P1108ABK USB Charger GaN 3 Ports 66W JCH343 J5CREATE USB TYPE-C TO 4-P ........34.9 Linksys WHW0103 AC3900 3Pk Velop .........228 Ruijie RG-ES110GDS-P 8 x 1000M cop ........203 Ruijie RG-M32(2PACK) 3200M Wi-Fi 6 ........420 Razer Naga Trinity - Multi-color Wi .............159.9,159.9
Fast Wall Charger with PD Charging Black ...50.8 JCH347 J5CREATE USB 3.1 TYPE-C US ........44.9 Linksys WVC2300 Wireless-G Business ..........88 Ruijie RG-ES118S-LP 16-Port 100Mbp ........230 Ruijie RG-EW1200 1200M dual-band M .........50 Razer Viper - Ambidextrous Wired Ga.........124.9,124.9
Unitek P1108AWH USB Charger GaN 3 Ports 66W JCH377 J5CREATE USB 3.0 7-PORT HU .......79.9 Linksys PVC300 PTZ Internet Camera w .лекет Ruijie RG-ES118GS-P 16 x 1000M cop .........375 Ruijie RG-EW300 PRO 300M 11N Wirel ..........46 Razer Viper Mini - Wired Gaming Mou ..........69.9,69.9
Fast Wall Charger with PD Charging White ...50.8 Linksys LGS105-AP 5 Ports Business .............44 Ruijie RG-ES106D-P V2 4*10/100Mbps ........59 Ruijie RG-EW1200R 1200Mbps Dual-ba ........63 Razer Mamba Elite - Right-Handed Ga.......149.9,149.9
Unitek P1112AWH USB Charger GaN 4 Ports 100W JCH411 J5CREATE USB 3.1 TYPE-C 3- .........59.9 Linksys LGS108-AP 8 Ports Business ..............99 Ruijie RG-ES126S-P V2 24*10/100Mbp ......377 Ruijie RG-EW300R RG-EW300R—300Mbps ....28 Razer Atheris - Mobile Mouse - AP P ............84.9,84.9
Charger with USB PD and QC 3.0 White .......84.8 JCH451 J5CREATE USB 3.1 TYPE-C 3- .........69.9 Linksys LGS108P-AP 8 Ports POE Business ...179 Ruijie RG-ES126S-LP V2 24*10/100Mb ......311 Ruijie PoE Adapter ............................................. Razer Basilisk X HyperSpeed - Wirel ............89.9,89.9
Unitek P1112ABK USB Charger GaN 4 Ports 100W JCH471 J5CREATE USB TYPE-C GIGABI .......49.9 Linksys LGS116-AP 16Ports Business ..........185 Ruijie Reyee Cloud Managed Switch ................... Ruijie RG-POE-50-60W-MG 1-port PoE ...........76 Razer Basilisk Ultimate -Wireless G ...........259.9,259.9
Charger with USB PD and QC 3.1 Black .......84.8 JCT425 J5CREATE MONITOR STAND WIT .......199 Linksys LGS116P-AP 16Ports POE Business .299 Ruijie RG-ES205GC-P 5-Port Gigabit ...........125 Ruijie RG-E-130(GE) 1-port PoE ada ...............75 Razer Viper Ultimate - Wireless Gam..........230.9,230.9
Unitek C14082BK USB-C Cable USB-C to USB-C JDA112 J5CREATE MINI DISPLAYPORT ........32.9 Linksys LGS124P-AP 24Ports POE Business ..419 Ruijie RG-ES206GC-P 6-Port Gigabit ...........136 Ruijie RG-E-120(GE) 1-port PoE ada ...............40 Razer Mamba Wireless - Right-Handed .....159.9,159.9
100W PD Fast Charging 4K@60Hz 10Gbps JDA152 J5CREATE MINI DISPLAYPORT ........21.9 Linksys LGS308P-AP 8 Ports with P ...............351 Ruijie RG-ES206GS-P 6-Port Gigabit ............140 Ruijie RG-POE-AT30 1-port PoE adap ..............39 Razer Mamba HyperFlux & Razer Firef .......399.9,399.9
1M .............................................................15.8 JDA158V2 J5CREATE DISPLAYPORT TO .......39.9 Linksys LAPAC1200C-AP Single Point ..........299 Ruijie RG-ES210GC-LP 10-Port Gigab ..........259 Ruijie RG-POE-AF15 1-port PoE adap..............25 Razer Vespula V2 Mouse Mat ......................59.9,59.9
Unitek C14091BK USB-C Cable USB-C to USB-C JDA159 J5CREATE MINI DISPLAYPORT ........37.9 Linksys LAPAC1750C-AP Single Point ..........359 Ruijie RG-ES210GS-P 10-Port Gigabi ............270 Ruijie RuijieCloudOn-PremisesEdit ..................... Razer Firefly V2 ...........................................79.9,79.9
100W PD Fast Charging 4K@60Hz (USB 3.2 JDA172 J5CREATE MINI DISPLAYPORT ........40.9 Linksys LGS124 24 Port Gigabit Switch ........265 Ruijie RG-ES218GC-P 18-Port Gigabi...........482 Ruijie RG-RuijieCloud-OP-Base RG-R .......33600 Razer Firefly - Hard Gaming Mouse Mat .......89.9,89.9
Gen3) 2M ....................................................21.8 JDA213S J5CREATE HDMI TO VGA ADAP .......37.9 Mining Bitcoin Product / IOT RASPBERRY Ruijie RG-ES226GC-P 26-Port Gigabi ..........687 Ruijie RG-RuijieCloud-OP-Portal-Ba .........33600 Razer Firelfy Cloth Edition - Gaming .............89.9,89.9
"Unitek C14060RD Lightning Cable 1M, MFi JDA214 J5CREATE VGA TO HDMI VIDEO .......49.9 Mining Rig Casing 8 GPU Aluminium ............200 Ruijie RG-ES205GC 5-Port Gigabit S ...............60 Ruijie RG-RuijieCloud-OP-LIC-1Y-1K ........16800 Razer Goliathus Chroma Soft Gaming .........59.9",59.9
Certified USB-C to Lightning Fast Charge / Sync JDC158 J5CREATE DISPLAYPORT TO 4K ......39.8 Mining Riser Cable Kit with USB Cable ............15 Ruijie RG-ES208GC 8-Port Gigabit S ...............80 Ruijie RG-RuijieCloud-OP-LIC-1Y-5K ........67200 Razer Goliathus Chroma Extended - S .........89.9,89.9
"Cable, Red & Black ......................................17.5 JDC159 J5CREATE MINI DISPLAYPORT .......39.8 Mining on/off Switch Cable Motherboard .......15 Ruijie RG-ES216GC-V2 16-Port Gigab ..........233 Ruijie RG-RuijieCloud-OP-LIC-1Y-10 ......100800 Razer Gigantus Elite Soft Gaming Mo ..........49.9",49.9
Unitek C14086BK 0.5M USB-C Cable Full- JDC42 J5CREATE 4K DISPLAYPORT 1.2 .......32.8 Mining Motherboard CPU + RAM ..................428 Ruijie RG-ES216GC 16-Port Gigabit ............234 Ruijie RG-RuijieCloud-OP-Cluster-S .........28000 Razer Goliathus Mobile Stealth Edit ............13.9,13.9
"Featured USB-C Extension Cable with 4K@60Hz, JDC43 J5CREATE 8K DISPLAYPORT 1.4 .......46.9 Mining Power Supply Gold 92+ 2000Watts ..559 Ruijie RG-ES224GC-V2 24-Port Gig .............311 Ruijie RG-RuijieCloud-OP-CDS RG-Ru ........2800 Razer Sphex V2 - Gaming Mouse Mat - .........24.9",24.9
100W PD 10Gbps 0.5M ..............................13.8 JDC52 J5CREATE ULTRA HD 4K HDMI C ........24.8 Raspberry Pi Pico Microcontroller Board .........10 Ruijie RG-ES224GC 24-Port Gigabit .............311 Ruijie SFP/SFP+ Modules .................................. Razer Sphex V2 Mini - Gaming Mouse .........13.9,13.9
Unitek C14086BK 1.5M USB-C Cable Full- JDC53 J5CREATE HIGH SPEED 8K UHD .......36.9 Raspberry Pi Pico Wireless ..............................15 Ruijie Reyee L2 Cloud Managed Swit................... Ruijie MINI-GBIC-SX-MM850 1000BASE ........68 Razer Huntsman Elite – Opto-Mechani ......339.9,339.9
"Featured USB-C Extension Cable with 4K@60Hz, JDD320B J5CREATE ULTRADRIVE MINI .......69.9 Maker Pi Pico and Kits ....................................35 Ruijie RG-NBS3100-8GT2SFP-P 8-Port ........458 Ruijie MINI-GBIC-LX-SM1310 1000BAS .........75 Razer Huntsman Elite – Optical Gami ........339.9",339.9
"100W PD 5Gps 1.5M ...................................16.8 JDD320S J5CREATE ULTRADRIVE MINI .......69.9 Maker Pi Pico Mini ..........................................25 Ruijie RG-NBS3100-8GT2SFP 8-Port G ........267 Ruijie Mini-GBIC-GT 1000BASE-TX, S ............168 Razer Huntsman – Opto-Mechanical Ga ....229.9",229.9
Unitek C14101BK Lightning Cable 3-in-1 USB-C JDD321B J5CREATE MINI DOCK 8-IN-1 .........109 Maker Nano RP2040 ......................................20 Ruijie RG-NBS3100-24GT4SFP-P-V2 24 ......820 Ruijie MINI-GBIC-LH40-SM1310 1000B ......200 Razer Huntsman Tournament Edition – ......199.9,199.9
"Charging Cable E-Mark Chipset, Black 1.5M 13.9 JDD321S J5CREATE MINI DOCK 8-IN-1 .........109 TTGO T-Display RP2040 1.14 LCD Board .........30 Ruijie RG-NBS3100-24GT4SFP-V2 24-P ......363 Ruijie MINI-GBIC-ZX80-SM1550 1000B .......246 Razer BlackWidow Elite - Mechanical ........279.9",279.9
Unitek C4049RD Lightning Cable 3-in-1 USB-A JIKMU115 J5 CREATE 3-section comp .........29.9 Arducam Pico4ML TinyML QVGA Cam LCD ..... 98 Ruijie RG-NBS3100-48GT4SFP-P 48 × .....2027 Ruijie GE-SFP-LX20-SM1310-BIDI 100 ........122 Razer BlackWidow Elite - Mechanical ........279.9,279.9
to USB-C / Micro USB / Lightning Multi Charging JIKMW115 J5 CREATE 3-section comp ........39.9 Raspberry Pi CM4 Wireless 4G RAM Lite ......229 Ruijie RG-NBS3200-24GT4XS-P 24-Por ......1497 Ruijie GE-SFP-LX20-SM1550-BIDI 100.........144 Razer BlackWidow Elite - Mechanical ........279.9,279.9
Cable (Red) .................................................11.9 JLA160B J5CREATE LIGHTNING TO HEA .......29.9 Raspberry Pi CM4 with Wireless 8GB ...........199 Ruijie RG-NBS3200-24GT4XS 24-Port ........783 Ruijie GE-SFP-LH40-SM1310-BIDI 100 .......134 Razer BlackWidow - Mechanical Gamin .....199.9,199.9
"Unitek C14100BK USB-C Cable USB4 Cable, JLA160W J5CREATE LIGHTNING TO HEA.......29.9 Nano Base (B) Board for Raspberry Pi CM4 .....59 Ruijie RG-NBS3200-24SFP/8GT4XS 24- ....1215 Ruijie GE-SFP-LH40-SM1550-BIDI 100 ........167 Razer Ornata Chroma – Multi-color M .......159.9",159.9
"support 40Gbps data/8K60Hz Display/100W JLA163B J5CREATE LIGHTNING TO HEA .......29.9 Nano Base (A) Board for Raspberry Pi CM4 .....49 Ruijie RG-NBS3200-48GT4XS-P 48-Por ....2591 Ruijie XG-SFP-SR-MM850 10GBASE-SR, .....123 Razer Cynosa Chroma Multicolor MEM .......99.9",99.9
charging (0.8M) ..............................................38 JLA163W J5CREATE LIGHTNING TO HEA.......29.9 RPi Compute Module 4 (CM4) IO Board ..........89 Ruijie RG-NBS3200-48GT4XS 48-Port ......1380 Ruijie XG-SFP-LR-SM1310 10GBASE-LR ......209 Razer Orbweaver Chroma - Elite RGB ........239.9,239.9
Unitek C14110GY-2M USB-C Cable USB-C Power JLC15B J5CREATE USB TYPE-C TO LIG .........29.9 PiTray mini Board for CM4 ...............................49 Ruijie RG-NBS5100-24GT4SFP 24-Port .......620 Ruijie XG-SFP-ER-SM1550 10GBASE-ER .....830 Razer Tartarus Pro – Analog Optical ..........206.9,206.9
Delivery 3.1 Charging 240W Cable (2M) ..........20 JLC15W J5CREATE USB TYPE-C TO LIG ........29.9 Piunora Raspberry Pi CM4 Carrier Board .........99 Ruijie RG-NBS5100-24GT4SFP-P 24 × ......1222 Ruijie ................................................................ Razer Tartarus V2 Mecha-Membrane Ga ...129.9,129.9
Unitek .............................................................. JUA165C J5CREATE USB OTG ANDROID .....65.9 Piunora Raspberry Pi CM4 Carrier + Kits .......249 Ruijie RG-NBS5100-48GT4SFP 48-Port ......1151 Ruijie RG-AP820-L(V2) Wi-Fi 6 (8 ................370 Razer Nari Ultimate - Wireless Gami ..........309.9,309.9
Unitek V-306A KVM Switch HDMI 4K 60Hz KVM JUA355 J5CREATE USB 3.0 HDMI SLIM ........76.9 Iogear Products / Belkin Linksys Ruijie RG-NBS5200-24SFP/8GT4XS 24- ....1617 Ruijie RG-AP720-L Indoor 802.11ac ............313 Razer Nari - Wireless Gaming Headse ........229.9,229.9
Switch 4 In 1 Out ............................................92 JUA360 J5CREATE USB3.0 TO HDMI & .......99.9 GWHD11 Wireless HDMI Transmitter ............339 Ruijie RG-NBS5200-24GT4XS 24-Port ........878 Ruijie RG-AP810-L Wi-Fi 6(802.11ax.............370 Razer Nari Essential - Essential Wi .............159.9,159.9
Unitek V-307A KVM Switch HDMI 4K 60Hz KVM JTS127 J5CREATE Multi-Angle Lapto ...........69.9 GUCE64 USB 2.0 Extender & Hub ov .............118 Ruijie RG-NBS5200-24GT4XS-P 24 × 1 .....1222 Ruijie RG-AP180 Wall Plate Wi-Fi 6 ...............321 Razer Kraken Kitty - Chroma USB Gam .......221.9,221.9
Switch 2 In 1 out .............................................75 JTS223 J5CREATE Laptop Stand with ..........79.3 GWU637 Universal Wireless Adapte ................82 Ruijie RG-NBS5200-48GT4XS 48-Port .......1613 Ruijie RG-EG2100-P v2 All-in-one S .............677 Razer Kraken Kitty - Chroma USB Gam .......221.9,221.9
Unitek V100A HDMI Extender JTS327 J5CREATE Multi-Angle 4K D .............149 GUD3C08 USB-C Pocket Dock with P ............148 Ruijie RG-NBS5200-48GT4XS-UP 48 × .....2380 Razer Kraken Ultimate ...............................211.9,211.9
60M HDMI Extender Over Ethernet JTS427 J5CREATE Multi-Angle Dual .............195 GUH3C84PD USB-C to SD/MIcroSD US ..........73 Ruijie RG-NBS5300-8MG2XS-UP REYEE ....1146 Razer Kraken Tournament Edition - W ........159.9,159.9
......................................................................92 JUCX05 J5CREATE TYPE-C TO USB 3.0 ........25.9 GUC3C3H USB-C to HDMI/USB Multip ...........66 Ruijie Reyee L3 Cloud Managed Cor ................... Razer Kraken Tournament Edition - W ........159.9,159.9
Unitek V101A HDMI Extender JUCP13 J5CREATE USB TYPE-A TO US .........29.9 GBU522 Bluetooth 4.0 Dual-Mode U ..............29 Ruijie RG-NBS6002 1U Two-Slot Mo ........1000 Razer Kraken - Multi-Platform Wired .........129.9,129.9
150M HDMI Extender Over Ethernet JUCP14 J5CREATE USB-C TO USB-C ...........39.9 GBU521 Bluetooth 4.0 USB Micro A ...............29 Ruijie M6000-24GT2XS 24 Gigabit ............596 Razer Kraken - Multi-Platform Wired .........129.9,129.9
....................................................................169 JUCX12BL J5CREATE USB TYPE-C TO U .......13.9 GUH285 World’s Thinnest USB 2.0 .................15 Ruijie M6000-24SFP2XS 24 Gigabit ..........904 Razer Kraken X – Multi-Platform Wir ............79.9,79.9
Unitek Y-2516A USB-A Extender Extender over JUCX12RL J5CREATE USB TYPE-C TO U .......13.9 GME430R Red Point Pro 2.4GHz Gyr ...............75 Ruijie M6000-16GT8SFP2XS 16 Giga ........664 Razer Kraken X USB – Digital Surrou ...........92.9,92.9
Cat.5e + 4-Port Hub (up to 60M) .....................69 JUCX24 J5 CREATE USB C TO USB C S ..........14.9 G2LU3CDP12 USB-C to DisplayPort ...............29 Ruijie M6000-16SFP8GT2XS 16 Giga .........837 Razer Hammerhead True Wireless - Ea .......158.9,158.9
Unitek .............................................................. JUD323B J5CREATE 5-IN-1 MINI DOCK ........135 GMDPHD4KA Active Mini DisplayPor ...............52 Ruijie RG-PA150I-FS RG-NBS6002 P .........388 Razer Hammerhead BT - Wireless In-E .......159.9,159.9
Unitek A1034NI USB Adapter USB-A to USB-C JUD323S J5 CREATE 5-IN-1 MINI DOC .........135 GHDC2001 3.3ft (1m) Certified Pr ..................12 Ruijie RG-NBS7003 4U Three-Slot ...........1544 Razer Hammerhead Lightning – Digita ......159.9,159.9
Ultra Tiny Zinc Adapter ...................................6.5 JUD380 J5CREATE USB 3.0 MINI DOCK .......135 GHDC2002 6.6ft (2m) Certified Pr ..................16 Ruijie RG-NBS7006 9U Six-Slot Mo..........3067 Razer Hammerhead for iOS Mercury Ed .....159.9,159.9
Unitek A1025GNI USB Adapter USB-C to USB-A JUE125 J5CREATE USB 2.0 ETHERNET ........19.9 GMDPHDW6 Mini DisplayPort to HD ...............25 Ruijie RG-PA300I-FS RG-NBS7003 P ..........837 Razer Hammerhead USB-C ANC ................159.9,159.9
Ultra Tiny Zinc Adapter ...................................5.8 JUE130 J5CREATE USB 3.0 GIGABIT E .........39.9 GDPDVIW6 DisplayPort to DVI Adap ................40 Ruijie RG-PA460I-FS RG-NBS7003 P ..........871 Razer Hammerhead USB-C - Digital Ga .....129.9,129.9
Unitek .............................................................. JUH340 J5CREATE USB 3.0 4-PORT HU ...........45 Razer & Tecware Ruijie RG-PA600I-FS RG-NBS7006 P .........888 Razer Hammerhead Duo - FRML Packagi .....99.9,99.9
Unitek Y-5118CA Display Port Display Port To JUH340N J5CREATE USB 3.0 4-PORT M ..........35 Razer Acari Ultra Low Friction Mouse Mat ........85 Ruijie M7006-CM RG-NBS7006 Super.....1446 Razer Hammerhead V2 – Analog Gaming ....89.9,89.9
HDMI (M) Cable 1080P Full HD 1.8 M ...US14.90 JUH377 J5CREATE USB 3.0 7-PORT HU .......69.9 Razer Blackwidow V3 TKL Mechanical Kbd ...155 Ruijie M7000-24GT2XS-EA 24 Gigab .......1557 Razer Hammerhead Pro V2 – Analog Ga ....124.9,124.9
Unitek Y-5118E Display Port Display Port to VGA JUH470 J5CREATE USB 3.0 GIGABIT E.........49.9 Tecware EXO L 6400DPI Gaming Mouse ..........19 INWIN /Silverstone Cases Chassis Casing Case Razer Nommo Pro - 2.1 Gaming Speake ....799.9,799.9
Adapter ................................................US14.90 JUP1230F 30W 1-PORT PD USB-C MOBI ....34.9 Spectre Pro 104 Key Mech. Keyboar ................75 Inwin 103 BLACK ..........................................109 Razer Nommo Chroma 2.0 Gaming Speak .229.9,229.9
Unitek Y-5118F Display Port Display Port to VGA JUP1365 65W GAN 1-PORT PD USB-C M ....64.9 Spectre 104 Key Mechanical Keyboa ..............67 Inwin 103 WHITE ...........................................109 Razer Nommo 2.0 Gaming Speakers .........159.9,159.9
Cable 1.8M ..........................................US14.90 JUP1420 J5CREATE 20W PD USB-C Wa ........24.9 Phantom 104 Key Mechanical Keyboa ............67 Inwin C200 ...................................................119 Razer Leviathan - Elite Gaming & Mu .........329.9,329.9
Unitek C1607BNI Display Port Display Port 1.4 JUP20 J5CREATE 2-PORT USB 30W CHA .....32.9 Phantom 96 Key Mechanical Keyboar .............67 Inwin C216 ...................................................109 Razer Raiju Ultimate - Wireless and ...........359.9,359.9
"Cable (8K @60Hz, 4K 144Hz, 1440p @240Hz) 1.5 JUP2230F 30W 2-PORT PD USB-C MOBI ....39.9 Phantom 87 Key Mechanical Keyboar .............56 Inwin 301C BLACK .......................................199 Razer Raiju Tournament Edition - Wi ..........239.9",239.9
"M ................................................................21.9 JUP2290 J5CREATE 100W 2-PORT USB- .........99 Phantom 87 SE, RGB LED, Blue/Brow .............52 Inwin 303C BLACK .......................................209 Razer Raiju Mobile Gaming Controlle ........239.9",239.9
Unitek C1609BNI Display Port Display Port 1.4 JUP2445 45W 2-PORT DYNAMIC PD USB ....49.9 Phantom Low Profile 87 Key Mechan...............56 Inwin 303C WHITE ........................................169 Razer Raion Fightpad ................................159.9,159.9
"Cable (8K @60Hz, 4K 144Hz, 1440p @240Hz) JUP4263 J5CREATE 4-P SUPERCHARGER ...79.9 HP Keyboard and Gaming Products Inwin 305 BLACK ..........................................179 Razer Panthera Evo Arcade Stick for ..........329.9",329.9
3M .............................................................29.9 JUP4275 J5CREATE 4-P S-CHARGING S ......89.9 HP KM100 Keyboard and Mouse Wired ..........20 Inwin 307 WHITE ..........................................339 Razer Thresher Ultimate for PlaySta ............419.9,419.9
Unitek Y-C607BK Display Port Display Port Male JUP60 J5CREATE 60W QC 3.0 USB 6-P .......64.9 HP KM200 Keyboard and Mouse Wired ..........30 Inwin 805 BLACK W/POLARIS FAN X3 ...........279 Razer Thresher Designed for PS4 – W ........209.9,209.9
To Male Cable Black 1.5 M ...........................10.2 JVA02 J5CREATE HDMI TO USB CAPTUR ........179 HP K500F KB MEMBRANE BACKLIT LED .........24 Inwin 915 BLACK ..........................................619 Razer Ripsaw HD - Game Capture Card......269.9,269.9
Unitek Y-C608BK Display Port Display Port Male JVA06 J5CREATE DUAL HDMI VIDEO CA ........389 HP GK100 MECHANICAL RAINBOW LED ........44 Inwin 915 SILVER ..........................................619,619
To Male Cable Black 2 M ..............................11.5 JVAW56 J5CREATE SCREENCAST HDMI W ...89.9 HP GK400F MECHANICAL RAINBOW LED .......46 Inwin A1 BLACK (600W 80+ BRONZE) ..........259,259
Unitek Y-C609BK Display Port Display Port Male JVCU100 J5 CREATE USB HD WEBCAM ...........89 Inwin A1 WHITE (600W 80+ BRONZE) ...........259,259
To Male Cable Black 3M .............................13.9 Inwin A1 PLUS BLACK (650W 80+ GOLD) .....279,279
Unitek .............................................................. Inwin A1 PLUS WHITE (650W 80+ GOLD) ......279,279
Unitek Y-C810ABL Network cable Cat 6 UTP RJ45 Inwin A1 PLUS PINK (650W 80+ GOLD) ........279,279
Inwin B1 BLACK (200W 80+ GOLD) ..............119,119
Inwin IW-CJ708 (265W 80+ BRONZE) ...........119,119
Inwin IW-CE685 (300W 80+ BRONZE) ..........139,139
Inwin SR24 PRO...........................................159,159
Inwin SR36 PRO ..........................................209,209
Inwin BR24 ..................................................139,139
Inwin BR36 ...................................................179,179
Silverstone PS16B mATX Casing with USB 3 ....59,59
Silverstone FAH1MB-PRO M-ATX gaming cha ..89,89
Silverstone FAB1B-PRO ATX Casing ARGB ......99,99
Intel 11th Gen i9 11900K CPU,649
Fractal Design Torrent Black Solid FD-C-TOR1A-05,290
Fractal Design Focus 2 Black TG Clear Tint FD-C-FOC2A-01,111
Huawei S110-24T2SR S110-24T2SR,519
Synology SA3600 12-bay RackStation,13156
"Fractal Design 7000D Airflow , Black",329
Fractal Design Torrent Black TG Dark Tint FD-C-TOR1A-06,305
Fractal Design Focus 2 White TG Clear Tint FD-C-FOC2A-02,111
Synology SA3200D 12-bay Dual Control,12216
"Fractal Design 7000D Airflow , White",329
Synology RS2818RP+ 16-bay RackStation,4271
"Fractal Design iCUE 7000X RGB , Black",419
Fractal Design Torrent RGB White TG clear tint FD-C-TOR1A-07,375
Fractal Design Focus 2 RGB Black TG Clear Tint FD-C-FOC2A-03,126
Synology RS2821RP+,5637
"Fractal Design iCUE 7000X RGB , White",419
Garmin Forerunner 55 Black GM-010-02562-50,309
Synology RS4017xs+ 16-bay RackStation,8372
"Fractal Design iCUE 5000X RGB TG , Black",269
Fractal Design Torrent Compact Black TG Dark Tint FD-C-TOR1C-01,230
Fractal Design Focus 2 RGB White TG Clear Tint FD-C-FOC2A-04,126
Synology FS3600 24-bay 2.5'' SAS/SATA,15036
"Fractal Design iCUE 5000X RGB TG , White",269
Garmin Forerunner 55 Whitestone GM-010-02562-51,309
Synology FS3400 24-bay 2.5'' SAS/SATA,11276
"Fractal Design 5000D Airflow TG , Black",209
Fractal Design Torrent Compact RGB Black TG Light Tint FD-C-TOR1C-02,260
Fractal Design Focus 2 Black Solid FD-C-FOC2A-07,111
"Fractal Design 5000D Airflow TG , White",209
Garmin Forerunner 55 Aqua GM-010-02562-52,309
Synology UC3200 12-bay Dual Control,10337
"Fractal Design 5000D TG , Black",209
Fractal Design Torrent Compact White TG Clear Tint FD-C-TOR1C-03,230
Synology DX517 5-bay SATA expansion,767
"Fractal Design iCUE 4000X RGB TG , Black",189
Fractal Design Torrent Compact Black Solid FD-C-TOR1C-04,215
Fractal Design Focus G Black (Window Edition) FD-CA-FOCUS-BK-W,90
Garmin Forerunner 55 Monterra Grey GM-010-02562-53,309
Synology DX1215 12-bay SATA expansion,1787
"Fractal Design iCUE 4000X RGB TG , White",189
Fractal Design Focus G Blue (Window Edition) FD-CA-FOCUS-BU-W,90
Synology DX1215ll,1787
"Fractal Design 4000D TG , Black",139
Fractal Design Torrent Nano Black TG Dark Tint FD-C-TOR1N-01,200
Garmin Forerunner 255 Slate Grey GM-010-02641-43,549
Synology RX418 4-bay SATA expansion,853
"Fractal Design 4000D TG , White",139
Fractal Design Focus G Red (Window Edition) FD-CA-FOCUS-RD-W,90
Synology RX1217 12-bay SATA expansion,2128
"Fractal Design 4000D Airflow TG , White",139
Fractal Design Torrent Nano RGB Black TG Light Tint FD-C-TOR1N-02,215
Fractal Design Focus G White (Window Edition) FD-CA-FOCUS-WT-W,90
Garmin Forerunner 255 Tidal Blue GM-010-02641-53,549
Synology RX1217RP 12-bay SATA expansion,3179
"Fractal Design Carbide 275R Airflow , Black",119
Synology RX1216sas 12-bay SAS/SATA expansion,4068
"Fractal Design Carbide 275R Airflow , Whit",119
Fractal Design Torrent Nano White TG Clear Tint FD-C-TOR1N-03,200
Fractal Design Focus Mini G Black (Window Edition) FD-CA-FOCUS-MINI-BKW,90
Garmin Forerunner 255s Powder Grey GM-010-02641-63,549
Synology RX1217sas 12-bay SAS/SATA expansion,4068
Fractal Design Carbide 275R — Black ( TG,115
Synology RX2417sas 24-bay 2.5'' SAS/SATA expansion,4888
Fractal Design Carbide 275R — White ( TG,115
Fractal Design Torrent Nano Black Solid FD-C-TOR1N-04,185
Garmin Forerunner 255s Light Pink GM-010-02641-73,549
Synology RXD1215sas 12-bay SAS expansion,4888
Fractal Design Carbide 275R — Black (Windo,105
Synology SAT5200-3840G 3.84TB 2.5'' SSD,1834
Fractal Design Carbide 275R — White (Windo,105
Fractal Design Node 804 FD-CA-NODE-804-BL-W,170
Garmin Forerunner 255 Music Black GM-010-02641-48,629
Synology SNV3400-400G 400GB M.2 2280,258
Fractal Design Carbide 275Q Quiet Gaming,115
Synology SNV3400-800G 800GB M.2 2280,495
Fractal Design Carbide 100R Silent Edition,99
Fractal Design Meshify 2 XL Black TG Dark Tint FD-C-MES2X-01,320
Fractal Design Node 304 FD-CA-NODE-304-BL,140
Garmin Forerunner 255 Music Whitestone GM-010-02641-58,629
Synology SNV3500-400G 400GB M.2 22110,298
Fractal Design Carbide 100R Mid Tower,82
Synology SNV3500-800G 800GB M.2 22110,552
CORSAIR Carbide 175R RGB TG Gaming,99
Fractal Design Node 202 FD-CA-NODE-202-BK,140
Garmin Forerunner 255s Music Black GM-010-02641-68,629
Synology HAT5300-8T Synology 3.5'' Internal Drive,551
Corsair iCUE 220T RGB Airflow TG Sma,165
Fractal Design Meshify 2 XL Black TG Light Tint FD-C-MES2X-02,320
Synology HAT5300-12T Synology 3.5'' Internal Drive,828
Corsair iCUE 220T RGB Airflow TG,165
Fractal Design Core 500 FD-CA-CORE-500-BK,105
Garmin Forerunner 255s Music Whitestone GM-010-02641-78,629
Synology HAT5300-16T Synology 3.5'' Internal Drive,1104
CORSAIR iCUE 465X RGB TG - Black,219
"Garmin Forerunner 265 Black, 46mm GM-010-02810-50",689
Seagate ST1000NM000A 1TB Exos 7E8 Hard Drive,164
CORSAIR iCUE 465X RGB TG - White,219
Fractal Design Meshify 2 RGB Black TG Light tint FD-C-MES2A-06,279
"Garmin Forerunner 265 Whitestone, 46mm GM-010-02810-51",689
Seagate ST2000NM000A 2TB Exos 7E8 Hard Drive,215
Crystal 280X RGB TG — Black,249
Seagate ST4000NM000A 4TB Exos 7E8 Hard Drive,297
Crystal 280X RGB TG — White,249
Fractal Design Meshify 2 RGB White TG Clear tint FD-C-MES2A-08,279
"Garmin Forerunner 265 Aqua, 46mm GM-010-02810-52",689
Seagate ST6000NM021A 6TB Exos 7E8 Hard Drive,408
CORSAIR Crystal 680X RGB -Black,369
Seagate ST8000NM000A 8TB Exos 7E8 Hard Drive,525
CORSAIR Crystal 680X RGB -White,369
"Fractal Design ION SFX Gold 500W, Black, UK Cord FD-PSU-ION-SFX-500G-BK-UK",175
"Garmin Forerunner 265s Black, 42mm GM-010-02810-53",689
Seagate ST10000NM001G 10TB Exos X16,655
CORSAIR Carbide 678C - Black,199
Fractal Design Meshify 2 Black Solid FD-C-MES2A-01,230
Seagate ST12000NM001G 12TB Exos X16,788
CORSAIR Carbide 678C - White,199
"Fractal Design ION SFX Gold 650W, Black, UK Cord FD-PSU-ION-SFX-650G-BK-UK",210
"Garmin Forerunner 265s Whitestone, 42mm GM-010-02810-54",689
Seagate ST14000NM001G 14TB Exos X16,918
Corsair Obsidian 500D RGB SE Premium,389
Fractal Design Meshify 2 Black TG Dark Tint FD-C-MES2A-02,250
"Garmin Forerunner 265s Pink, 42mm GM-010-02810-55",689
Seagate ST16000NM001G 16TB Exos X16,1048
Crystal 570X RGB TG Black,299
"Fractal Design ION+ 660P, 660W Fully Modular Power Supply FD-PSU-IONP-660P-BK-UK",205
Seagate ST18000NM000J 18TB Exos X18,1208
Crystal 570X RGB TG White,299
Fractal Design Meshify 2 Black TG Light Tint FD-C-MES2A-03,250
Garmin Forerunner 955 Black GM-010-02638-J0,789
Seagate ST1000NM001A 1TB Exos 7E8 Hard Drive,197
Crystal 570X RGB TG Black Mirror,299
Fractal Design ION Gold 750W Fully Modular Power Supply FD-P-IA2G-750-UK,180
Seagate ST2000NM004A 2TB Exos 7E8 Hard Drive,255
Obsidian 1000D Super-Tower,729
Fractal Design Meshify 2 Gray TG Light Tint FD-C-MES2A-04,250
Garmin Forerunner 955 White GM-010-02638-J1,789
Seagate ST4000NM003A 4TB Exos 7E8 Hard Drive,324
QNAP TS-233 2-Bay 2GB RAM Desktop,336
Fractal Design ION Gold 850W Fully Modular Power Supply FD-P-IA2G-850-UK,200
Seagate ST6000NM029A 6TB Exos 7E8 Hard Drive,439
"QNAP 2-Bay Desktop NAS, Intel Cele",682
Fractal Design Meshify 2 White TG Clear Tint FD-C-MES2A-05,250
Garmin Forerunner 955 Solar Black GM-010-02638-H0,919
Seagate ST8000NM001A 8TB Exos 7E8 Hard Drive,546
QNAP 4-Bay Desktop ARM A-55 2GHz C,627
Garmin Forerunner 955 Solar White GM-010-02638-H1,919
Seagate ST10000NM0096 10TB Exos X10,653
QNAP 4-bay Intel Celeron N5105/N50,869
Fractal Design Meshify 2 Lite Black TG Light tint FD-C-MEL2A-03,190
"Garmin Forerunner 965 Black, 47mm GM-010-02809-80",919
Seagate ST12000NM002G 12TB Exos X16,808
QNAP 4-Bay NAS AMD Ryzen quad-cor,1166
Fractal Design Meshify 2 Lite White TG Clear FD-C-MEL2A-04,190
"Garmin Forerunner 965 Whitestone, 47mm GM-010-02809-81",919
Seagate ST14000NM002G 14TB Exos X16,938
"QNAP 4-Bay NAS, Intel Core i3-8100",2233
Fractal Design Meshify 2 Lite RGB Black TG Light tint FD-C-MEL2A-05,225
"Garmin Forerunner 965 Yellow, 47mm GM-010-02809-82",919
Seagate ST16000NM002G 16TB Exos X16,1071
QNAP 4-Bay quad-core 1.7GHz 1U sho,979
Garmin Running Dynamic Pod Yellow GM-010-12520-10,108
Seagate ST18000NM004J 18TB Exos X18,1229
QNAP Short depth 1U rackmount 4-ba,1056
Fractal Design Meshify 2 Compact Black Solid FD-C-MES2C-01,185
Garmin HRM Dual Black GM-010-12883-01,109
Seagate ST1000NX0313 1TB Exos 7E200,307
QNAP 6-bay Intel Celeron N5105/N50,1100
Fractal Design Meshify 2 Compact Black TG Dark Tint FD-C-MES2C-02,199
Seagate ST2000NX0253 2TB Exos 7E200,534
"QNAP 6-bay NAS, AMD Ryzen V1000 se",1320
Fractal Design Meshify 2 Compact Black TG Light Tint FD-C-MES2C-03,199
Garmin HRM Pro Plus Black GM-010-13118-10,199
Seagate ST1000NX0333 1TB Exos 7E200,328
"QNAP 6-Bay NAS, Intel Core i3 NAS",2640
Fractal Design Meshify 2 Compact Gray TG Light Tint FD-C-MES2C-04,199
Seagate ST2000NX0343 2TB Exos 7E200,551
"QNAP 8-bay NAS, AMD Ryzen V1000 s",1595
Fractal Design Meshify 2 Compact White TG Clear Tint FD-C-MES2C-05,199
"Garmin Approach S70 White, 42mm GM-010-02746-50",999
"QNAP 8-Bay NAS, Intel core i5-8400",3080
Fractal Design Prisma AL-12 ARGB PWM Fan - Single Pack FD-FAN-PRI-AL12-PWM,35
"Garmin Approach S70 Powder Gray, 42mm GM-010-02746-51",999
Seagate ST1000DM010 BarraCuda 1TB 3.5 SATA,10
QNAP TS-873AeU-RP-4G 8-Bay Rackmou,2772
Fractal Design Meshify 2 Compact RGB Black TG Light Tint FD-C-MES2C-06,225
Fractal Design Prisma AL-12 ARGB PWM Fan - Triple Pack FD-FAN-PRI-AL12-PWM-3P,90
"Garmin Approach S70 Black, 47mm GM-010-02746-52",1099
Seagate ST2000DM008 BarraCuda 2TB 3.5 SATA,20
"QNAP 9-bay NAS, AMD Ryzen V1500B 4",1452
Fractal Design Meshify 2 Compact RGB White TG Clear Tint FD-C-MES2C-08,225
Fractal Design Prisma AL-14 ARGB PWM Fan - Single Pack FD-FAN-PRI-AL14-PWM,40
Seagate ST3000DM007 BarraCuda 3TB 3.5 SATA,30
QNAP 2-bay 3.5'' SATA HDD USB 3.1 G,264
Fractal Design Meshify 2 Compact Lite Black TG Light tint FD-C-MEL2C-03,165
Fractal Design Prisma AL-14 ARGB PWM Fan - Triple Pack FD-FAN-PRI-AL14-PWM-3P,99
Seagate ST4000DM004 BarraCuda 4TB 3.5 SATA,40
QNAP 4-bay 3.5'' SATA HDD USB 3.0 t,341
Fractal Design Meshify 2 Compact Lite White TG Clear FD-C-MEL2C-04,165
Fractal Design Prisma AL-18 ARGB PWM Fan - Single Pack FD-FAN-PRI-AL18-PWM,70
Seagate ST6000DM003 BarraCuda 6TB 3.5 SATA,60
QNAP M.2 2280 PCIe NVMe to U.2 PCI,88
Fractal Design Meshify 2 Compact Lite RGB Black TG Light tint FD-C-MEL2C-05,199
Fractal Design Prisma AL-18 ARGB PWM Fan - Dual Pack FD-FAN-PRI-AL18-PWM-2P,115
Seagate ST8000DM004 BarraCuda 8TB 3.5 SATA,80
QNAP QM2-2P-384 Dual M.2 PCIe SSD,242
Fractal Design Meshify 2 Mini Black TG Dark Tint FD-C-MES2M-01,185
Fractal Design Venturi HP-12 PWM Fan FD-FAN-VENT-HP12-PWM,33
Seagate ST500LM030 BarraCuda 500GB 2.5 SATA,500
QNAP QM2-4P-384 Quad M.2 PCIe SSD,264
Fractal Design Meshify 2 Mini White TG Clear Tint FD-C-MES2M-02,185
Fractal Design Venturi HP-14 PWM Fan FD-FAN-VENT-HP14-PWM,39
Seagate ST1000LM048 BarraCuda 1TB 2.5 SATA,1
QNAP 2 x PCIe Gen3 NVMe SSD & 1 x,341
Fractal Design Meshify 2 Nano Black TG Dark Tint FD-C-MES2N-01,170
Fractal Design Dynamic X2 GP-12 Fan (Black) FD-FAN-DYN-X2-GP12BK,22
Seagate ST2000LM015 BarraCuda 2TB 2.5 SATA,2
QNAP QXG-10G1TB Single-port (10Gba,193
Fractal Design Meshify 2 Nano White TG Clear Tint FD-C-MES2N-02,170
Fractal Design Dynamic X2 GP-12 Fan (White) FD-FAN-DYN-X2-GP12WT,22
Seagate ST3000LM024 BarraCuda 3TB 2.5 SATA,3
QNAP 2 x RJ-45 10gBe Ports PCIe 3.,337
Fractal Design Pop Air Black Solid FD-C-POA1A-01,128
Fractal Design Dynamic X2 GP-14 Fan (Black) FD-FAN-DYN-X2-GP14BK,25
Seagate ST4000LM024 BarraCuda 4TB 2.5 SATA,4
QNAP CAB-DAC30M-SFPP SFP+ 10GbE tw,113
Fractal Design Pop Air Black TG Clear Tint FD-C-POA1A-02,128
Fractal Design Dynamic X2 GP-14 Fan (White) FD-FAN-DYN-X2-GP14WT,25
Seagate ST5000LM000 BarraCuda 5TB 2.5 SATA,5
QNAP CAB-SAS05M-8644 Mini SAS cabl,113
Fractal Design Pop Air White TG Clear Tint FD-C-POA1A-03,128
"Fractal Design HDD Cage kit - Type B, Black FD-A-CAGE-001",22
Seagate ST1000VN002 IronWolf 1TB 3.5 SATA,1
QNAP PWR-ADAPTER-65W-A01 65W exter,116
Fractal Design Pop Air RGB White TG Clear Tint FD-C-POR1A-01,145
Fractal Design USB-C 10Gbps Cable- Model D FD-A-USBC-001,18
Seagate ST2000VN004 IronWolf 2TB 3.5 SATA,2
QNAP PWR-ADAPTER-90W-A01 90W exter,116
Fractal Design Pop Air RGB Cyan Core TG Clear Tint FD-C-POR1A-02,145
Seagate ST3000VN007 IronWolf 3TB 3.5 SATA,3
QNAP SP-2BAY-ADAPTOR-90W 90W exter,127
Fractal Design Pop Air RGB Magenta Core TG Clear Tint FD-C-POR1A-03,145
"Fractal Design HDD Drive Tray Kit - Type B, Black, Dual pack FD-A-TRAY-001",22
Seagate ST4000VN008 IronWolf 4TB 3.5 SATA,4
QNAP PWR-ADAPTER-120W-A01 120W 4pi,143
Fractal Design Pop Air RGB Green Core TG Clear Tint FD-C-POR1A-04,145
SUUNTO VERTICAL TITANIUM,1229
Seagate ST6000VN001 IronWolf 6TB 3.5 SATA,6
QNAP PWR-PSU-100W-DT01 100W open f,132
Fractal Design Pop Air RGB Orange Core TG Clear Tint FD-C-POR1A-05,145
SUUNTO VERTICAL,899
Seagate ST8000VN004 IronWolf 8TB 3.5 SATA,8
QNAP PWR-PSU-250W-DT02 250W Delta,171
Fractal Design Pop Air RGB Black TG Clear Tint FD-C-POR1A-06,145
SUUNTO 9 PEAK PRO TITANIUM,849
Seagate ST10000VN0008 IronWolf 10TB 3.5 SATA,10
QNAP PWR-PSU-300W-DT01 300W power,319
Fractal Design Pop Silent Black Solid FD-C-POS1A-01,128
SUUNTO 9 PEAK PRO,679
Seagate ST12000VN0008 IronWolf 12TB 3.5 SATA,12
QNAP PWR-PSU-300W-DT02 300W power,319
Fractal Design Pop Silent Black TG Clear Tint FD-C-POS1A-02,128
SUUNTO 9 PEAK TITANIUM,589
Seagate ST4000NE001 IronWolf Pro 4TB 3.5 SATA,4
QNAP SP-469U-S-PSU 250W single pow,424
Fractal Design Pop Silent White TG Clear Tint FD-C-POS1A-04,128
SUUNTO 9 PEAK,459
Seagate ST6000NE000 IronWolf Pro 6TB 3.5 SATA,6
QNAP RAIL-B02 Rack Slide Rail Kit,131
SUUNTO 5 PEAK,329
Seagate ST8000NE001 IronWolf Pro 8TB 3.5 SATA,8
QNAP RAIL-A02-90 A02 (Chass,264
Fractal Design Pop Mini Air RGB White TG Clear Tint FD-C-POR1M-01,145
"Huawei AP362 Settled AP, Wi-Fi 6, indoor, Dual Radio(2.4G/5GHz), 2*2/2*2 MU-MIMO, 1*GE Base-T, internal smart antennas",359
"Silent Loop 2 240 (BW010), ARGB Pump",192
Seagate ST1000VX005 SkyHawk 1TB 3.5 SATA,1
Fractal Design Define 7 XL Black - Solid Panel C-DEF7X-01,330
Fractal Design Pop Mini Air RGB Black TG Clear Tint FD-C-POR1M-06,145
"Huawei AP263 Wall-plate AP, Wi-Fi 6, indoor, Dual Radio(2.4G/5GHz), 2*2/2*2 MU-MIMO, 1*GE Base-T, 1*GE Base-T, BLE, USB, internal smart antennas",339
"Silent Loop 2 280 (BW011), ARGB Pump",207
Seagate ST2000VX015 SkyHawk 2TB 3.5 SATA,2
Fractal Design Define 7 XL Black - Light Tint Tempered Glass FD-C-DEF7X-02,355
Fractal Design Pop Mini Silent Black Solid FD-C-POS1M-01,130
"Huawei AC650-128AP 10*GE ports, 2*10GE SFP+ ports, built-in 128 license",1849
"Silent Loop 2 360 (BW012), ARGB Pump",235
Seagate ST3000VX009 SkyHawk 3TB 3.5 SATA,3
Fractal Design Define 7 XL Black - Dark Tint Tempered Glass FD-C-DEF7X-03,355
Fractal Design Pop Mini Silent Black TG Clear Tint FD-C-POS1M-02,130
"Huawei AC650-256AP 10*GE ports, 2*10GE SFP+ ports, built-in 256 license",2499
"Pure Rock 2 (BK006), 4x6mm heatpipes",58
Seagate ST4000VX013 SkyHawk 4TB 3.5 SATA,4
Fractal Design Define 7 Black Solid FD-C-DEF7A-01,268
Fractal Design Pop XL Air RGB White TG Clear Tint FD-C-POR1X-01,170
"Huawei S310-24P4S L2+ (static router), 24*10/100/1000BASE-T ports, 4*GE SFP ports, POE+(370W)",1339
"Pure Rock 2 Black (BK007), 4x6mm heatpipes",64
Seagate ST6000VX001 SkyHawk 6TB 3.5 SATA,6
Fractal Design Define 7 Black TG Light Tint FD-C-DEF7A-02,282
Fractal Design Pop XL Air RGB Black TG Clear Tint FD-C-POR1X-06,170
"Huawei S310-24T4S L2+ (static route), 24*10/100/1000BASE-T ports, 4*GE SFP ports",739
"Shadow Rock 3 (BK004), 190W TDP, 5x6mm heatpipes",80
Seagate ST8000VE001 SkyHawk AI 8TB 3.5 SATA,8
Fractal Design Define 7 Black TG Dark Tint FD-C-DEF7A-03,282
Fractal Design Pop XL Silent Black Solid FD-C-POS1X-01,155
"Huawei S310-48T4S L2+ (static route), 48*10/100/1000BASE-T ports, 4*GE SFP ports",1079
"Dark Rock 4 (BK021), 200W TDP, 6x6mm",109
Fractal Design Define 7 White TG Clear Tint FD-C-DEF7A-06,282
Fractal Design Pop XL Silent Black TG Clear Tint FD-C-POS1X-02,155
"Huawei S380-L4T1T 1*GE WAN, 4*GE LAN, up to 150 users, forwarding performance 2Gbps",559
"Dark Rock 4 Slim (BK024), 180W TDP",96
Fractal Design Define 7 Grey TG Light Tint FD-C-DEF7A-08,282
Fractal Design Ridge Black Mitx FD-C-RID1N-01,220
"Huawei S380-L4P1T 1*GE WAN, 4*GE LAN(PoE+, 50W), up to 150 users, forwarding performance 2Gbps",909
"Dark Rock 4 PRO (BK022), 250W TDP, 7 heatpipes",158
Fractal Design Define 7 Compact Black Solid FD-C-DEF7C-01,179
Fractal Design Ridge White mITX FD-C-RID1N-02,220
"Huawei S380-S8T2T 2*GE WAN, 8*GE LAN, up to 250 users, forwarding performance 2Gbps",1039
"Dark Rock 4 PRO TR4 (BK023), 250W TDP",139
Fractal Design Define 7 Compact White Solid FD-C-DEF7C-05,179
"Huawei S380-S8P2T 2*GE WAN, 8*GE LAN(PoE+, 124W), up to 350 users, forwarding performance 2Gbps",1329
"Dark Rock TF (BK020), 220W TDP, 6x6mm",130
Fractal Design Define 7 Compact Black TG Dark Tint FD-C-DEF7C-02,199
"Huawei S380-H8T3ST 2*GE WAN, 1*GE(SFP) WAN, 8*GE LAN, up to 500 users, forwarding performance 2Gbps",1299
Silent Wings 3 120mm PWM HS (BL070),33
Fractal Design Define 7 Compact Black TG Light Tint FD-C-DEF7C-03,199
"Huawei AR730 2*GE combo WAN, 1*10GE(SFP+) WAN, 8*GE LAN, 1*GE combo LAN, 2*USB, 2*SIC, up to 700 users, forwarding performance 4Gbps",3019
Silent Wings 3 140mm PWM HS (BL071),34
Fractal Design Define 7 Compact White TG Clear Tint FD-C-DEF7C-04,199
"Huawei AR720 2*GE combo WAN, 8*GE LAN, 2*USB, 2*SIC, up to 1200 users, forwarding performance 6Gbps",1429
Pure Wings 2 120mm PWM HS (BL081),15
Fractal Design Define 7 Mini Black Solid FD-C-DEF7M-01,188
"Huawei S110-8P2ST S110-8P2ST (8*10/100/1000BASE-T ports, PoE+, 1*GE SFP port, 1*10/100/1000BASE-T port, AC power, power adapter)",239
Pure Wings 2 140mm PWM HS (BL083),16
Fractal Design Define 7 Mini Black TG Light Tint FD-C-DEF7M-02,188
"Huawei S110-16LP2SR S110-16LP2SR (16*10/100/1000BASE-T ports, 2*GE SFP ports, PoE+, AC power)",369
ARCTIC BioniX P120 A-RGB,38
Fractal Design Define 7 Nano Black Solid FD-C-DEF7N-01,168
"Huawei S110-24LP2SR S110-24LP2SR (24*10/100/1000BASE-T ports, 2*GE SFP ports, PoE+, AC power)",779
Seagate FireCuda 530 SSD (NEW) 500GB,199
Fractal Design Define 7 Nano Black TG Light Tint FD-C-DEF7N-02,168
Seagate FireCuda 530 SSD (NEW) 1TB,349
Fractal Design North Charcoal Black FD-C-NOR1C-01,225
Seagate FireCuda 530 SSD (NEW) 2TB,729
Fractal Design North Charcoal Black TG Dark Tint FD-C-NOR1C-02,225
Seagate FireCuda 530 SSD (NEW) 4TB,1399
Fractal Design North Chalk White FD-C-NOR1C-03,225
Seagate FireCuda 530 w/ Heat Sink 500GB,229
Fractal Design North Chalk White TG Clear Tint FD-C-NOR1C-04,225
Seagate FireCuda 530 w/ Heat Sink 1TB,389
Fractal Design Torrent Black TG Light Tint FD-C-TOR1A-01,305
Seagate FireCuda 530 w/ Heat Sink 2TB,819
Fractal Design Torrent Gray TG Light Tint FD-C-TOR1A-02,305
Seagate FireCuda 530 w/ Heat Sink 4TB,1499
Fractal Design Torrent White TG Clear Tint FD-C-TOR1A-03,305
Synology DS2419+ 12-bay DiskStation,2531
Fractal Design Torrent Black RGB TG Light Tint FD-C-TOR1A-04,375
Synology DS2419+ll,2531
Synology DS3617xs 12-bay DiskStation,4015
Synology DS3617xsll,4015
Synology FS1018 12-bay FlashStation,2531
Synology RS217 2-bay RackStation,733
Synology RS819 4-bay RackStation,1070
Synology RS820+ 4-bay RackStation,1691
Synology RS820RP+ 4-bay RackStation,2159
Synology RS1619xs+ 4-bay RackStation,3244
Synology RS1219+ 8-bay RackStation,1707
Synology RS1221+ 8-bay RackStation,2066
Synology RS1221RP+ 8-bay RackStation,2817
Synology RS2418+ 12-bay RackStation,2732
Synology RS2418RP+ 12-bay RackStation,3587
Synology RS2421+ 12-bay RackStation,3193
Synology RS2421RP+ 12-bay RackStation,3946
Synology RS3618xs 12-bay RackStation,4186
Synology RS3617RPxs 12-bay RackStation,5211
Synology RS3617xs+ 12-bay RackStation,6662
Synology RS4021xs+ 16-bay RackStation,9399
Synology RS3621xs+ 12-bay RackStation,7518
Synology RS3621RPxs 12-bay RackStation,6013
Synology SA3400 12-bay RackStation,9961
JABRA EVOLVE 80 MS STEREO ..................................................... USB-C SDPH34H-080T-SBAAB 8459,8459
CS-C1C-F0-1E2WF C1C-B,78
DGS-1100-08V2 8-port Gigabi,66
DAP-3666 Wireless AC1200 Wa,446
USB-C SDPS24H-008T-SBAAB 7799,7799
DGS-1100-16V2 16-port Gigabit Smart Managed Switch,159
USB-C SDPS24H-016T-SBAAB 10999,10999
DGS-1100-26MPV2 26-port Gig,665
DAP-1682F 3KM Outdoor Bridg,153
CS-C6N-B0-1G2WF,80
DGS-1100-24V2 24-port Gigab,208
DAP-1683F 8KM Outdoor Bridg,199
CS-TY2-B0-1G2WF,75
USB-C SDPH48H-048T-SBAAB 6979,6979
CS-CV346-A0-7A3WFR,185
DGS-1210-10 8-Port Gigabit,159
CS-C6W-A0-3H4WF,195
D-Link DGS-1210-20 16-port UTP 10/,235
DPE-301GI 1-port Gigabit 80,36
USB-C SDPH48H-096T-SBAAB 11799,11799
CS-C8C-A0-1F2WF,175
D-Link DGS-1210-26 24-port UTP 10/,265
DPE-301GS 1-port Gigabit 80,38
USB-C SDPH48H-144T-SBAAB 16799,16799
CS-C3W-A0-1F4WFL,195
D-Link DGS-1210-28 24-port UTP 10/,312
USB-C SDPS24H-032T-SBAAB 16599,16599
CS-C3TN-A0-1H2WF,98
DGS-1210-52 48-port UTP 10/,626
DGS-3130-30PS,2083
USB-C SDPH48H-160T-SBAAB 17599,17599
CS-BC1C-B0-2C2WPBDL,285
DGS-3130-30S,1552
CS-CMT-Solar Panel-C,65
DGS-1210-26MPPV2 MPPV2: 26-,862
DGS-3130-30TS,1155
"CS-DB2C-A0-1E3WPBR (DB2C Kit(With Chime)""",185
DES-F1006P-E 250M 4-Port 10,58
DGS-3130-54PS,3079
"CS-DP2C-A0-6E2WPFBSDP2C)""",230
MOUNTAIN Everest Max / US / MX Brown / Black,399
DES-F1010P-E 250M 8-Port 10,121
DGS-3130-54S,2943
CS-CMT-Bracket-WallMount,10
MOUNTAIN Everest Max / US / MX Brown / Gray,399
DGS-3130-54TS,2264
MOUNTAIN Everest Max / US / MX Red / Black,399
DGS-F1005P-E 250M 4-Port Gi,65
MOUNTAIN Everest Max / US / MX Red / Gray,399
D-Link DGS-F1018P-E 250M 16-Port G,330
MOUNTAIN Makalu 67 Black Mouse,99
D-Link DGS-F1026P-E 250M 24-Port G,431
MOUNTAIN Makalu 67 White Mouse,99
DGS-1210-10P 8-port UTP 802,235
DGS-3630-28TC,2184
MOUNTAIN Nunatak M Mousepad,24.9
DGS-1210-10MP 8-P,361
DGS-3630-28TC-SE-LIC DGS-36,146
MOUNTAIN Nunatak XL Mousepad,49.9
DES-F1018P-E 250M 16-Port 1,308
DGS-3630-28TC-EM-LIC DGS-36,582
Nitro Concepts E250 Gaming Chair - Black,239
DES-F1026P-E 250M 24-Port 1,379
DGS-3630-28TC-SM-LIC DGS-36,728
Nitro Concepts E250 Gaming Chair - Black / Blue,239
Nitro Concepts E250 Gaming Chair - Black / Red,239
DGS-1210-28P 24-port UTP 802.3af & 802.3at PoE,626
DGS-3630-28PC,2826
Nitro Concepts E250 Gaming Chair - Black / White,239
DGS-1210-28MP 24-port UTP 8,822
DGS-3630-28PC-SE-LIC DGS-36,248
Nitro Concepts S300 EX Gaming Chair - Carbon Black,339
DGS-1210-52MP 48-port UTP 8,1175
DGS-3630-28PC-EM-LIC DGS-36,841
Nitro Concepts S300 EX Gaming Chair - Inferno Red,339
DGS-1210-52MPP 48-port UTP,1488
DGS-3630-28PC-SM-LIC DGS-36,1091
Nitro Concepts S300 EX Gaming Chair - Radiant White,339
DGS-F1100-10PS-E 10-port Gi,189
Nitro Concepts S300 Gaming Chair - black,309
DGS-1250-28XMP 28-port Giga,868
DGS-3630-28SC,2456
Nitro Concepts S300 Gaming Chair - black/red,309
DGS-3630-28SC-SE-LIC DGS-36,165
Nitro Concepts S300 Gaming Chair - black/white,309
DMS-1100-10TS • 8 x,707
DGS-3630-28SC-EM-LIC DGS-36,692
"Noblechairs EPIC GAMING CHAIR, short gas lift - Mercedes-AMG Petronas Formula One Team - 2021Edition",559
DMS-1100-10TP • 8 x 100/1,942
DGS-3630-28SC-SM-LIC DGS-36,856
Noblechairs EPIC Gaming Chair - black / blue,369
DXS-1210-10TS 8-port UTP 10,1568
Noblechairs EPIC Gaming Chair - black / gold,369
DXS-1210-12TC 8-port UTP 10,2053
DGS-3630-52TC,3459
Noblechairs EPIC Gaming Chair - black / red,369
DXS-1210-12SC 10-port 10G S,1792
DGS-3630-52TC-SE-LIC DGS-36,255
Noblechairs EPIC Gaming Chair - white,369
DXS-1210-16TC 12-port UTP 1,2732
DGS-3630-52TC-EM-LIC DGS-36,1001
"Noblechairs EPIC TX GAMING CHAIR, short gas lift - anthracite",389
DXS-1210-28T 24 x 10G Base-,3847
DGS-3630-52TC-SM-LIC DGS-36,1256
Noblechairs HERO Gaming Chair - black,439
Noblechairs HERO Gaming Chair - black/blue,439
DAP-X1810F WiFi 6 AX1800 In,133
Noblechairs HERO Gaming Chair - black/gold,439
Noblechairs HERO Gaming Chair - black/platinum white,439
Noblechairs HERO Gaming Chair - black/red,439
DNH-100 Nuclias Connect Hub,202
Noblechairs HERO Gaming Chair -Black Edition,499
"Noblechairs HERO TX GAMING CHAIR, short gas lift - anthracite",459
DAP-X2810 Wireless AX1800 W,242
Noblechairs ICON Gaming Chair - WHITE/BLACK,359
DAP-X2850 Wireless AX3600 W,410
Noblechairs ICON Gaming Chair - black/blue,359
DAP-2610 Wireless AC1300 Wa,101
Noblechairs ICON Gaming Chair - black/platinum white,359
DAP-2662 Wireless AC1200 Wa,124
Noblechairs ICON Gaming Chair BLACK,359
DAP-2682 Wireless AC2300 Wa,156
Noblechairs ICON Gaming Chair BLACK/GOLD,359
DAP-2620 Wirless AC1200 Wav,134
Noblechairs ICON Gaming Chair BLACK/RED,359
DS-2CE16D0T-EXIF 2.8mm,43
DS-2CE76D0T-EXIMF 2.8mm,43
DS-2CE76D0T-ITPFS 2.8mm,58
DS-2CE16D0T-ITFS 2.8mm,70
DS-2CE16D0T-VFIR3F 2.8-12mm,120
DS-2CE56D0T-VFIR3F 2.8-12mm,120
DS-2CE5AD0T-VPIT3F 2.8-12mm,113
DS-2CE76H0T-ITPF 2.8mm,63
DS-2CE16H0T-ITF© 3.6mm,78
DS-2CE10DF0T-F 3.6mm,78
DS-2CE70DF0T-MF 3.6mm,78
DS-2CD1123G0E-I(L) 2.8mm,100
DS-2CD1023G0E-I(L) 2.8mm,100
DS-2CD1023G0-IUF © 2.8mm,135
DS-2CD1323G0-IUF © 2.8mm,135
DS-2CD1027G0-L 2.8mm,170
DS-2CD1327G0-L 2.8mm,170
DS-2CD1143G0-I 2.8mm,183
DS-2CD1043G0-I 2.8mm,188
DS-2CD2121G0-I 2.8mm,150
DS-2CD2021G1-I 2.8mm,150
DS-2CD2121G1-IDW1 2.8mm,150
DS-2CD2021G1-IDW1 2.8mm,150
DS-2CD2421G0-IW 2.8mm,168
DS-2CV2Q21FD-IW(B) 2.8mm,120
DS-2DE2A204IW-DE3© 2.8-12mm(S6),288
DS-2DE4215IW-DE(S5),688
iDS-7204HQHI-M1/S,170
iDS-7208HQHI-M1/S,255
iDS-7216HQHI-M1/S,475
iDS-7216HQHI-M2/S,500
iDS-7204HUHI-M1/S,263
iDS-7208HUHI-M1/S,445
DS-7604NI-Q1/4P,275
DS-7608NI-Q1/8P,370
DS-7616NI-Q2/16P,565
DS-K1T804BMF/BEF,188
DS-KIS603-P(B),500
DS-KH6320-WTE1,288
DS-KIS703-P,545
DGS-1100-10MPV2 10-port Gig,269
DGS-1100-24PV2 24-port Giga,393
DGS-1210-28MP 24-port UTP 80,986
DGS-1510-28XMP 24-port UTP 802.3af PoE,1213
DGS-1510-52XMP 48-port UTP,2238
DGS-1520-28MP 28-port Gigab,1570
DGS-1520-52MP 52-port Gigab,2199
DES-1210-28 24-port UTP 10/,217
DES-1210-52 48-port UTP 10/,455
DGS-1100-05V2 5-port Gigabi,41
DEM-220T 100Base-BX-D (Simp,106
"D-Link DXS-3610-54S 48 x 10G SFP+,",14838
D-Link DGS-3630-52PC 44-port UTP 1,6032
D-Link DPS-200A Redundant Power Su,224
D-Link DMC-1910/E 1000Base-TX (UTP,976
DGS-3630-52PC-SE-LIC DGS-36,447
D-Link DMC-1910R/E 1000Base-TX to,437
D-Link DXS-3610-54S-SE-LIC DXS-361,1962
DPS-500A Redundant Power Su,280
D-Link DMC-1910T/E 1000Base-TX to,662
D-Link DXS-3610-54T-SE-LIC DXS-361,1962
DPS-700 Redundant Power Sup,821
D-Link DIS-F2010PS-E 10-port Gigab,446
DGS-3630-52PC-EM-LIC DGS-36,893
DPS-800 Chassis of Redundan,112
D-Link DMC-F02SC/E 100Base-TX to 1,69
DGS-3630-52PC-SM-LIC DGS-36,1340
DEM-CB100Q28 100G QSFP28 to,241
D-Link DPS-CB150-2PS 150CM RPS cab,37
DEM-CB100Q28-4S28 100G QSFP,284
DXS-5K-54S-DC-LIC Licens,2747
DMC-F15SC/E 100Base-TX to 1,78
DXS-3400-24TC/EEI 20-port U,9060
DXS-5000-54S 10G Data Cente,8911
DSR-250V2 Nuclias Connect D,314
DMC-F20SC-BXD/E 100Base-TX,87
DQS-5000-32Q28 100G D,18841
"D-Link DSR-500 4-port Gigabit LAN,",398
DMC-F20SC-BXU/E 100Base-TX,87
DXS-3400-24TC/ESI 20-port U,8733
DQS-5000-32S 40G Da,11776
D-Link DSR-500-WCF-12-LIC License,141
DMC-F30SC/E 100Base-TX to 1,87
DXS-3400-24TC-SE-LIC DXS-34,328
DQS-5000-54SQ28 25G Da,16486
DSR-500AC 4-port Gigabit LA,485
DMC-F60SC/E 100Base-TX to 1,104
DEM-QX01Q-SR4,274
DSR-500AC-WCF-12-LIC Licens,141
DMC-G01LC/E 10/100/1000Mbps,62
DXS-3400-24SC/EEI 20-port 1,6695
DEM-QX10Q-LR4,1805
DSR-1000 4-port Gigabit LAN,524
DXS-3400-24SC/ESI 20-port 1,6368
DEM-CB100QXS-4XS,235
DSR-1000-WCF-12-LIC License,141
DWM-312 4G LTE Industrial V,416
DXS-3400-24SC-SE-LIC DXS-34,328
DSR-1000AC 4-port Gigabit L,542
DWM-312W 4G LTE Industrial,469
DEM-410T 10G SFP+ to 10GBas,235
DSR-1000AC-WCF-12-LIC Licen,141
DWM-315 4G LTE Cat 6 Indust,469
DXS-PWR300AC 300W hot-swapp,637
DEM-431XT 10GBASE-SR (Duple,277
DWM-313 4G LTE Industrial V,586
DXS-FAN100 Hot-swappable fa,73
DEM-431XT-DD 10GBASE-LR (Du,277
DWM-321 4G LTE In-Vehicle W,1173
DEM-432XT 10GBASE-LR (Duple,410
D-Link DMC-1000/E 19” Rackmount Me,575
DWM-550-G 5G NR Multi-Conne,1079
DXS-3600-16S/EEI 8 fixed SF,7662
DEM-433XT 10GBASE-ER SFP+ T,1872
DMC-1001 Redundant Power Su,288
DIS-300G-8PSW 4 x 10/100/10,2418
DXS-3600-16S/ESI,6772
DEM-434XT 10GBASE-ZR SFP+ T,3474
DMC-1002 SNMP Management Mo,261
DIS-300G-14PSW 8 x 10/100/1,2747
DXS-3600-16S-SE-LIC DXS-360,802
DEM-435XT 10GBASE-LRM Multi,356
DIS-300G-12SW 8 x 10/100/10,1884
DXS-3600-32S/EEI 24 fixed S,13542
DEM-436XT-BXD 10GBASE-LR Bi,624
DMC-300SC/E 10/100Base-TX (,106
DXS-3600-32S/ESI,12294
DEM-436XT-BXU 10GBASE-LR Bi,660
DMC-515SC/E 10/100Base-TX (,134
DXS-3600-32S-SE-LIC DXS-360,1426
DMC-530SC/E 10/100Base-TX (,154
DXS-3600-EM-4QXS 4 x 40Gbps,3208
DMC-920/E 10/100Base-TX to,326
DXS-3600-EM-4XT 4-Port 10GB,1727
DEM-311GT 1-port 1000Base-S,73
DMC-920R 10/100Base-TX to 1,132
DXS-3600-EM-8T 8-Port UTP 1,480
DEM-312GT2 1-port 1000Base-,277
DMC-920T 10/100Base-TX to 1,144
NCB-C6UBLUR-305-24 CAT6 UTP,144
DXS-3600-EM-8XS 8-Port 10G,1623
DEM-314GT 1-port 1000Base-L,333
DMC-1530SC/E 10/100Base-TX,163
DXS-3600-EM-Stack 2-Port 12,437
DEM-315GT 1-port 1000Base-T,370
DMC-1580SC/E 10/100Base-TX,804
DEM-CB100QXS 1M 40G QSFP+ t,99
DEM-330R 1000Base-BX-U (Sim,80
"Ugreen MD114-20417 3 in 1 Mini DP to HDMI/ VGA/DVI - White, 1080p",72
DEM-CB100QXS-4XS 1M 40G QSF,196
DEM-330T 1000Base-BX-D (Sim,94
DMC-700SC/E 1000Base-TX (UT,235
"Ugreen MD114-20418 3 in 1 Mini DP to HDMI/ VGA/DVI - Black, 1080p",72
DEM-CB300QXS 3M 40G QSFP+ t,125
DEM-331R 1000Base-BX-U (Sim,333
DMC-805G/E 1000Base-TX (UT,122
"Ugreen MD115-20421 Mini DisplayPort to HDMI & VGA Converter Silver , HDMI 4K*2K@30Hz , VGA 1920x1200 @60hz, HDMI port support audio, VGA port don’t support audio",64
DEM-QX01Q-SR4 40GBASE-SR4 M,1047
DEM-331T 1000Base-BX-D (Sim,370
"Ugreen 10448 Mini DP Cable Male to DVI Female converter cable, Active, 4Kx2K, Support ATI Infinity EOL",66
DEM-QX10Q-LR4 40GBASE-LR4 S,5583
DGS-712 10/100/1000Base-T (,110
D-Link DECS-1Y D-Link Edge Cloud S,37
Ugreen MD110-10451 Mini dp male to HDMI female converter cable---Aluminum case Support 4K*2K @ 60hzresolution,58
DEM-CB50CXP 120G CXP to CXP,200
D-Link DECS-2Y D-Link Edge Cloud S,60
"Ugreen MD110-10401 Mini dp male to HDMI female converter cable---Aluminum case, 1.1V 40",40
DXS-3600-FAN-BF A fan tray,500
DEM-210 100BASE-FX (Duplex,92
D-Link DECS-3Y D-Link Edge Cloud S,88
"Ugreen MD112-10461 Mini dp to HDMI female converter cable 18CM Black - Plastic, 1920*1080",22
DEM-CB100S 10-GbE SFP+ 1m D,84
DEM-211 100BASE-FX (Duplex,84
Ugreen MD112-40360 Mini dp to HDMI,22
DEM-CB300S 10-GbE SFP+ 3m D,157
DEM-220R 100BASE-BX-U (Simp,99
DIS-100G-5PSW (No Po,542
DEM-CB700S 10-GbE SFP+ 7m D,230
DIS-100G-5SW 4-port,384
"DIS-S301SX 1000BASE-SX, Mul",132
DIS-100G-5W 5-port,353
"DIS-S302SX 1000BASE-SX, Mul",132
DIS-100G-8SW 6-port,542
"DIS-S310LX 1000BASE-LX, Sin",161
DIS-100G-8W 8-port,511
"DIS-S330EX 1000BASE-EX, Sin",345
"DIS-S350LHX 1000BASE-LHX, S",381
"DIS-S380ZX 1000BASE-ZX, Sin",396
D-Link DIS-F2020PS-E 20-port Gigab,776
NDR-240-48 DIN Rail Power S,157
D-Link DIS-200G-12PS 8-port UTP 80,1177
DIS-200G-12PSW 8-port UTP 8,1296
DIS-200G-12SW 10 x 10/100/1,1060
DIS-PWR40AC/M 40W power ada,69
DIS-PWR180AC/M,240
DIS-200G-RPK180 Rack-mount,235
DIS-RK200G Standard 19” rac,24
DIS-700G-28XS 24 x 100/1000,7772
D-Link DFL-870M UTM Firewall,2041
DFL-870M-AV-12-LIC 1-year L,550
DFL-870M-AV-24-LIC 2-year L,1024
DFL-870M-AV-36-LIC 3-year L,1351
DFL-870M-AC-12-LIC 1-year L,550
DFL-870M-AC-24-LIC 2-year L,1024
DFL-870M-AC-36-LIC 3-year L,1351
DFL-870M-IPS-12-LIC 1-year,550
DFL-870M-IPS-24-LIC 2-year,1024
DFL-870M-IPS-36-LIC 3-year,1351
DV-800S-LIC D-View 8,7259
DV-800E-LIC D-View,10889
DV-800-SE-LIC The U,5807
DV-800MS-Y1-LIC D-View 8 St,3630
DV-800MS-Y2-LIC D-View 8 St,6533
DV-800MS-Y3-LIC D-View 8 St,8711
DV-800MS-Y4-LIC D-View 8 St,10163
DV-800MS-Y5-LIC D-View 8 St,10889
DV-800ME-Y1-LIC D-View 8 En,5807
DV-800ME-Y2-LIC D-View 8 En,10889
DV-800ME-Y3-LIC D-View 8 En,15244
