item,price_sgd
Transcend MTS820S 48 TS480GMTS820S,95
Transcend MTS430S 25 TS256GMTS430S,69
Transcend MTS430S 51 TS512GMTS430S,109
Transcend MTS830S 25 TS256GMTS830S,65
Transcend MTS830S 51 TS512GMTS830S,105
Transcend MTS830S 1T TS1TMTS830S,199
Transcend MTS830S 2T TS2TMTS830S,399
Transcend MTE220S 25 TS256GMTE220S,85
Transcend MTE220S 51 TS512GMTE220S,125
Transcend MTE220S 1T TS1TMTE220S,219
Transcend MTE220S 2T TS2TMTE220S,409
Transcend MTE240S 50 TS500GMTE240S,145
Transcend MTE240S 1T TS1TMTE240S,239
Transcend MTE112S 1T TS1TMTE112S,179
Transcend MTE112S 51 TS512GMTE112S,99
Transcend MTE110S 12 TS128GMTE110S,39
Transcend MTE110S 25 TS256GMTE110S,60
Transcend MTE110S 51 TS512GMTE110S,99
Transcend MTE110S 1T TS1TMTE110S,189
Transcend SSD370 128 TS128GSSD370S,80.4
Transcend SSD370 256 TS256GSSD370S,142.8
Transcend SSD370 512 TS512GSSD370S,270
Transcend SSD370 1TB TS1TSSD370S,522
Transcend ESD240C Po TS240GESD240C,79
Transcend ESD240C Po TS480GESD240C,129
Transcend ESD250C Po TS960GESD250C,209
Transcend ESD350C Po TS480GESD350C,149
Transcend ESD350C Po TS960GESD350C,239
Transcend 350V High TS64GUSD350V,16.8
Transcend 350V High TS128GUSD350V,27.6
Transcend 64GB Micro TS64GUSD330S,18.6
Transcend 128GB Micr TS128GUSD330S,31.2
Transcend 16GB UHS-I TS16GUSD300S-A,5.76
Transcend 32GB UHS-I TS32GUSD300S-A,7.8
Transcend 64GB UHS-I TS64GUSD300S-A,12
Transcend 128GB UHS- TS128GUSD300S-A,22.8
Transcend 256GB UHS- TS256GUSD300S-A4,5.6
Transcend 512GB UHS- TS512GUSD300S-A,96
Transcend USB 3.1 U TS-RDF9K2,39.9
Transcend USB 3.1 M TS-RDC8K2,43.9
Transcend USB 3.1 Mu TS-RDF8K2,29.9
Transcend USB 3.1 Mu TS-RDF8W2,29.9
Transcend USB 3.1 SD TS-RDF5K,18.9
Transcend USB 3.1 SD TS-RDF5W,18.9
Transcend USB 3.1 SD TS-RDF5R,18.9
Transcend USB 3.0 CF TS-RDF2,75
Transcend PCMCIA ATA TS0MCF2PC,24.9
Transcend 4-Port HUB TS-HUB2C,29.9
Transcend USB 3.1 Hu TS-HUB2K,29.9
Transcend USB 3.1 Hu TS-HUB3K,39.9
Transcend HUB5C 6-in TS-HUB5C,69
Transcend Smart Read TS-RDP9K,16.9
Transcend RDC3 USB 3 TS-RDC3,29.9
Transcend Smart Read TS-RDA2W,49
Transcend 8X Externa TS8XDVDS-W,58
Transcend 8X Externa TS8XDVDS-K,58
Transcend USB 3.1 St TS0GSJ25S3,29.9
Transcend USB 3.1 St TS0GSJ25CK3,36.9
Transcend USB 3.1 - TS-CM80S,55.9
Transcend USB 3.1 - TS-CM42S,51.9
AMD Ryzen 9 5950X,1059
AMD Ryzen 9 5900X,759
AMD Ryzen 7 5800X,589
AMD Ryzen 5 5700X,499
AMD Ryzen 5 5600X,345
AMD Ryzen 7 5700G,502
AMD Ryzen 5 5600G,359
AMD Ryzen 5 5600,299
AMD Ryzen 5 5500,249
AMD Ryzen 3 3200G,149
AMD Ryzen 5 4600G,249
AMD Ryzen 5 4650G,289
Intel 11th Gen i3 10105 CPU,194
Intel 11th Gen i3 10105F CPU,135
Intel 11th Gen i5 11400F CPU,288
Intel 11th Gen i5 11400 CPU,316
Intel 11th Gen i5 11500 CPU,349
Intel 11th Gen i5 11600KF CPU,412
Intel 11th Gen i5 11600K CPU,429
Intel 11th Gen i7 11700F CPU,527
Intel 11th Gen i7 11700 CPU,569
Intel 11th Gen i7 11700K CPU,589
Intel 11th Gen i9 11900F CPU,639
Intel 11th Gen i9 11900KF CPU,647
Intel 11th Gen i9 11900K CPU,649
"Corsair 7000D Airflow , Black",329
"Corsair 7000D Airflow , White",329
"Corsair iCUE 7000X RGB , Black",419
"Corsair iCUE 7000X RGB , White",419
"Corsair iCUE 5000X RGB TG , Black",269
"Corsair iCUE 5000X RGB TG , White",269
"Corsair 5000D Airflow TG , Black",209
"Corsair 5000D Airflow TG , White",209
"Corsair 5000D TG , Black",209
"Corsair iCUE 4000X RGB TG , Black",189
"Corsair iCUE 4000X RGB TG , White",189
"Corsair 4000D TG , Black",139
"Corsair 4000D TG , White",139
"Corsair 4000D Airflow TG , White",139
"Corsair Carbide 275R Airflow , Black",119
"Corsair Carbide 275R Airflow , Whit",119
Corsair Carbide 275R — Black ( TG,115
Corsair Carbide 275R — White ( TG,115
Corsair Carbide 275R — Black (Windo,105
Corsair Carbide 275R — White (Windo,105
Corsair Carbide 275Q Quiet Gaming,115
Corsair Carbide 100R Silent Edition,99
Corsair Carbide 100R Mid Tower,82
CORSAIR Carbide 175R RGB TG Gaming,99
Corsair iCUE 220T RGB Airflow TG Sma,165
Corsair iCUE 220T RGB Airflow TG,165
CORSAIR iCUE 465X RGB TG - Black,219
CORSAIR iCUE 465X RGB TG - White,219
Crystal 280X RGB TG — Black,249
Crystal 280X RGB TG — White,249
CORSAIR Crystal 680X RGB -Black,369
CORSAIR Crystal 680X RGB -White,369
CORSAIR Carbide 678C - Black,199
CORSAIR Carbide 678C - White,199
Corsair Obsidian 500D RGB SE Premium,389
Crystal 570X RGB TG Black,299
Crystal 570X RGB TG White,299
Crystal 570X RGB TG Black Mirror,299
Obsidian 1000D Super-Tower,729
QNAP TS-233 2-Bay 2GB RAM Desktop,336
"QNAP 2-Bay Desktop NAS, Intel Cele",682
QNAP 4-Bay Desktop ARM A-55 2GHz C,627
QNAP 4-bay Intel Celeron N5105/N50,869
QNAP 4-Bay NAS AMD Ryzen quad-cor,1166
"QNAP 4-Bay NAS, Intel Core i3-8100",2233
QNAP 4-Bay quad-core 1.7GHz 1U sho,979
QNAP Short depth 1U rackmount 4-ba,1056
QNAP 6-bay Intel Celeron N5105/N50,1100
"QNAP 6-bay NAS, AMD Ryzen V1000 se",1320
"QNAP 6-Bay NAS, Intel Core i3 NAS",2640
"QNAP 8-bay NAS, AMD Ryzen V1000 s",1595
"QNAP 8-Bay NAS, Intel core i5-8400",3080
QNAP TS-873AeU-RP-4G 8-Bay Rackmou,2772
"QNAP 9-bay NAS, AMD Ryzen V1500B 4",1452
QNAP 2-bay 3.5” SATA HDD USB 3.1 G,264
QNAP 4-bay 3.5” SATA HDD USB 3.0 t,341
QNAP M.2 2280 PCIe NVMe to U.2 PCI,88
QNAP QM2-2P-384 Dual M.2 PCIe SSD,242
QNAP QM2-4P-384 Quad M.2 PCIe SSD,264
QNAP 2 x PCIe Gen3 NVMe SSD & 1 x,341
QNAP QXG-10G1TB Single-port (10Gba,193
QNAP 2 x RJ-45 10gBe Ports PCIe 3.,337
QNAP CAB-DAC30M-SFPP SFP+ 10GbE tw,113
QNAP CAB-SAS05M-8644 Mini SAS cabl,113
QNAP PWR-ADAPTER-65W-A01 65W exter,116
QNAP PWR-ADAPTER-90W-A01 90W exter,116
QNAP SP-2BAY-ADAPTOR-90W 90W exter,127
QNAP PWR-ADAPTER-120W-A01 120W 4pi,143
QNAP PWR-PSU-100W-DT01 100W open f,132
QNAP PWR-PSU-250W-DT02 250W Delta,171
QNAP PWR-PSU-300W-DT01 300W power,319
QNAP PWR-PSU-300W-DT02 300W power,319
QNAP SP-469U-S-PSU 250W single pow,424
QNAP RAIL-B02 Rack Slide Rail Kit,131
QNAP RAIL-A02-90 A02 (Chass,264
Fractal Design Define 7 XL Black - Solid Panel FD-C-DEF7X-01,330
Fractal Design Define 7 XL Black - Light Tint Tempered Glass FD-C-DEF7X-02,355
Fractal Design Define 7 XL Black - Dark Tint Tempered Glass FD-C-DEF7X-03,355
Fractal Design Define 7 Black Solid FD-C-DEF7A-01,268
Fractal Design Define 7 Black TG Light Tint FD-C-DEF7A-02,282
Fractal Design Define 7 Black TG Dark Tint FD-C-DEF7A-03,282
Fractal Design Define 7 White TG Clear Tint FD-C-DEF7A-06,282
Fractal Design Define 7 Grey TG Light Tint FD-C-DEF7A-08,282
Fractal Design Define 7 Compact Black Solid FD-C-DEF7C-01,179
Fractal Design Define 7 Compact White Solid FD-C-DEF7C-05,179
Fractal Design Define 7 Compact Black TG Dark Tint FD-C-DEF7C-02,199
Fractal Design Define 7 Compact Black TG Light Tint FD-C-DEF7C-03,199
Fractal Design Define 7 Compact White TG Clear Tint FD-C-DEF7C-04,199
Fractal Design Define 7 Mini Black Solid FD-C-DEF7M-01,188
Fractal Design Define 7 Mini Black TG Light Tint FD-C-DEF7M-02,188
Fractal Design Define 7 Nano Black Solid FD-C-DEF7N-01,168
Fractal Design Define 7 Nano Black TG Light Tint FD-C-DEF7N-02,168
Fractal Design North Charcoal Black FD-C-NOR1C-01,225
Fractal Design North Charcoal Black TG Dark Tint FD-C-NOR1C-02,225
Fractal Design North Chalk White FD-C-NOR1C-03,225
Fractal Design North Chalk White TG Clear Tint FD-C-NOR1C-04,225
Fractal Design Torrent Black TG Light Tint FD-C-TOR1A-01,305
Fractal Design Torrent Gray TG Light Tint FD-C-TOR1A-02,305
Fractal Design Torrent White TG Clear Tint FD-C-TOR1A-03,305
Fractal Design Torrent Black RGB TG Light Tint FD-C-TOR1A-04,375
Fractal Design Torrent Black Solid FD-C-TOR1A-05,290
Fractal Design Torrent Black TG Dark Tint FD-C-TOR1A-06,305
Fractal Design Torrent RGB White TG clear tint FD-C-TOR1A-07,375
Fractal Design Torrent Compact Black TG Dark Tint FD-C-TOR1C-01,230
Fractal Design Torrent Compact RGB Black TG Light Tint FD-C-TOR1C-02,260
Fractal Design Torrent Compact White TG Clear Tint FD-C-TOR1C-03,230
Fractal Design Torrent Compact Black Solid FD-C-TOR1C-04,215
Fractal Design Torrent Nano Black TG Dark Tint FD-C-TOR1N-01,200
Fractal Design Torrent Nano RGB Black TG Light Tint FD-C-TOR1N-02,215
Fractal Design Torrent Nano White TG Clear Tint FD-C-TOR1N-03,200
Fractal Design Torrent Nano Black Solid FD-C-TOR1N-04,185
Fractal Design Meshify 2 XL Black TG Dark Tint FD-C-MES2X-01,320
Fractal Design Meshify 2 XL Black TG Light Tint FD-C-MES2X-02,320
Fractal Design Meshify 2 RGB Black TG Light tint FD-C-MES2A-06,279
Fractal Design Meshify 2 RGB White TG Clear tint FD-C-MES2A-08,279
Fractal Design Meshify 2 Black Solid FD-C-MES2A-01,230
Fractal Design Meshify 2 Black TG Dark Tint FD-C-MES2A-02,250
Fractal Design Meshify 2 Black TG Light Tint FD-C-MES2A-03,250
Fractal Design Meshify 2 Gray TG Light Tint FD-C-MES2A-04,250
Fractal Design Meshify 2 White TG Clear Tint FD-C-MES2A-05,250
Fractal Design Meshify 2 Lite White TG Clear FD-C-MEL2A-03,190
Fractal Design Meshify 2 Lite White TG Clear FD-C-MEL2A-04,190
Fractal Design Meshify 2 Lite RGB Black TG Light tint FD-C-MEL2A-05,225
Fractal Design Meshify 2 Compact Black Solid FD-C-MES2C-01,185
Fractal Design Meshify 2 Compact Black TG Dark Tint FD-C-MES2C-02,199
Fractal Design Meshify 2 Compact Black TG Light Tint FD-C-MES2C-03,199
Fractal Design Meshify 2 Compact Gray TG Light Tint FD-C-MES2C-04,199
Fractal Design Meshify 2 Compact White TG Clear Tint FD-C-MES2C-05,199
Fractal Design Meshify 2 Compact RGB Black TG Light Tint FD-C-MES2C-06,225
Fractal Design Meshify 2 Compact RGB White TG Clear Tint FD-C-MES2C-08,225
Fractal Design Meshify 2 Compact Lite Black TG Light tint FD-C-MEL2C-03,165
Fractal Design Meshify 2 Compact Lite White TG Clear FD-C-MEL2C-04,165
Fractal Design Meshify 2 Compact Lite RGB Black TG Light tint FD-C-MEL2C-05,199
Fractal Design Meshify 2 Mini Black TG Dark Tint FD-C-MES2M-01,185
Fractal Design Meshify 2 Mini White TG Clear Tint FD-C-MES2M-02,185
Fractal Design Meshify 2 Nano Black TG Dark Tint FD-C-MES2N-01,170
Fractal Design Meshify 2 Nano White TG Clear Tint FD-C-MES2N-02,170
Fractal Design Pop Air Black Solid FD-C-POA1A-01,128
Fractal Design Pop Air Black TG Clear Tint FD-C-POA1A-02,128
Fractal Design Pop Air White TG Clear Tint FD-C-POA1A-03,128
Fractal Design Pop Air RGB White TG Clear Tint FD-C-POR1A-01,145
Fractal Design Pop Air RGB Cyan Core TG Clear Tint FD-C-POR1A-02,145
Fractal Design Pop Air RGB Magenta Core TG Clear Tint FD-C-POR1A-03,145
Fractal Design Pop Air RGB Green Core TG Clear Tint FD-C-POR1A-04,145
Fractal Design Pop Air RGB Orange Core TG Clear Tint FD-C-POR1A-05,145
Fractal Design Pop Air RGB Black TG Clear Tint FD-C-POR1A-06,145
Fractal Design Pop Silent Black Solid FD-C-POS1A-01,128
Fractal Design Pop Silent Black TG Clear Tint FD-C-POS1A-02,128
Fractal Design Pop Silent White TG Clear Tint FD-C-POS1A-04,128
Fractal Design Pop Mini Air RGB White TG Clear Tint FD-C-POR1M-01,145
Fractal Design Pop Mini Air RGB Black TG Clear Tint FD-C-POR1M-06,145
Fractal Design Pop Mini Silent Black Solid FD-C-POS1M-01,130
Fractal Design Pop Mini Silent Black TG Clear Tint FD-C-POS1M-02,130
Fractal Design Pop XL Air RGB White TG Clear Tint FD-C-POR1X-01,170
Fractal Design Pop XL Air RGB Black TG Clear Tint FD-C-POR1X-06,170
Fractal Design Pop XL Silent Black Solid FD-C-POS1X-01,155
Fractal Design Pop XL Silent Black TG Clear Tint FD-C-POS1X-02,155
Fractal Design Ridge Black Mitx FD-C-RID1N-01,220
Fractal Design Ridge White mITX FD-C-RID1N-02,220
Fractal Design Focus 2 Black TG Clear Tint FD-C-FOC2A-01,111
Fractal Design Focus 2 White TG Clear Tint FD-C-FOC2A-02,111
Fractal Design Focus 2 RGB Black TG Clear Tint FD-C-FOC2A-03,126
Fractal Design Focus 2 RGB White TG Clear Tint FD-C-FOC2A-04,126
Fractal Design Focus 2 Black Solid FD-C-FOC2A-07,111
Fractal Design Focus G Black (Window Edition) FD-CA-FOCUS-BK-W,90
Fractal Design Focus G Blue (Window Edition) FD-CA-FOCUS-BU-W,90
Fractal Design Focus G Red (Window Edition) FD-CA-FOCUS-RD-W,90
Fractal Design Focus G White (Window Edition) FD-CA-FOCUS-WT-W,90
Fractal Design Focus Mini G Black (Window Edition) FD-CA-FOCUS-MINI-BKW,90
Fractal Design Node 804 FD-CA-NODE-804-BL-W,170
Fractal Design Node 304 FD-CA-NODE-304-BL,140
Fractal Design Node 202 FD-CA-NODE-202-BK,140
Fractal Design Core 500 FD-CA-CORE-500-BK,105
"Fractal Design ION SFX Gold 500W, Black, UK Cord FD-PSU-ION-SFX-500G-BK-UK",175
"Fractal Design ION SFX Gold 650W, Black, UK Cord FD-PSU-ION-SFX-650G-BK-UK",210
"Fractal Design ION+ 660P, 660W Fully Modular Power Supply FD-PSU-IONP-660P-BK-UK",205
Fractal Design ION Gold 750W Fully Modular Power Supply FD-P-IA2G-750-UK,180
Fractal Design ION Gold 850W Fully Modular Power Supply FD-P-IA2G-850-UK,200
FD-C-MEL2A-03,190
FD-C-MEL2A-04,190
FD-C-MEL2A-05,225
Fractal Design Meshify 2 Compact Black Solid FD-C-MES2C-01,185
FD-C-MES2C-02,199
FD-C-MES2C-03,199
FD-C-MES2C-04,199
FD-C-MES2C-05,199
FD-C-MES2C-06,225
FD-C-MES2C-08,225
FD-C-MEL2C-03,165
FD-C-MEL2C-04,165
FD-C-MEL2C-05,199
FD-C-MES2M-01,185
FD-C-MES2M-02,185
FD-C-MES2N-01,170
FD-C-MES2N-02,170
FD-C-POA1A-01,128
FD-C-POA1A-02,128
FD-C-POA1A-03,128
FD-C-POR1A-01,145
FD-C-POR1A-02,145
FD-C-POR1A-03,145
FD-C-POR1A-04,145
FD-C-POR1A-05,145
FD-C-POR1A-06,145
POS1A-01,128
FD-C-POS1A-02,128
FD-C-POS1A-04,128
FD-C-POR1M-01,145
FD-C-POR1M-06,145
POS1M-01,130
FD-C-POS1M-02,130
FD-C-POR1X-01,170
FD-C-POR1X-06,170
POS1X-01,155
FD-C-POS1X-02,155
FD-C-RID1N-01,220
FD-C-RID1N-02,220
FOC2A-01,111
FOC2A-02,111
FD-C-FOC2A-03,126
FD-C-FOC2A-04,126
FOC2A-07,111
"Fractal Design HDD Cage kit - Type B, Black FD-A-CAGE-001",22
Fractal Design USB-C 10Gbps Cable- Model D FD-A-USBC-001,18
"Fractal Design HDD Drive Tray Kit - Type B, Black, Dual pack FD-A-TRAY-001",22
Fractal Design Prisma AL-12 ARGB PWM Fan - Single Pack FD-FAN-PRI-AL12-PWM,35
Fractal Design Prisma AL-12 ARGB PWM Fan - Triple Pack FD-FAN-PRI-AL12-PWM-3P,90
Fractal Design Prisma AL-14 ARGB PWM Fan - Single Pack FD-FAN-PRI-AL14-PWM,40
Fractal Design Prisma AL-14 ARGB PWM Fan - Triple Pack FD-FAN-PRI-AL14-PWM-3P,99
Fractal Design Prisma AL-18 ARGB PWM Fan - Single Pack FD-FAN-PRI-AL18-PWM,70
Fractal Design Prisma AL-18 ARGB PWM Fan - Dual Pack FD-FAN-PRI-AL18-PWM-2P,115
Fractal Design Venturi HP-12 PWM Fan FD-FAN-VENT-HP12-PWM,33
Fractal Design Venturi HP-14 PWM Fan FD-FAN-VENT-HP14-PWM,39
Fractal Design Dynamic X2 GP-12 Fan (Black) FD-FAN-DYN-X2-GP12BK,22
Fractal Design Dynamic X2 GP-12 Fan (White) FD-FAN-DYN-X2-GP12WT,22
Fractal Design Dynamic X2 GP-14 Fan (Black) FD-FAN-DYN-X2-GP14BK,25
Fractal Design Dynamic X2 GP-14 Fan (White) FD-FAN-DYN-X2-GP14WT,25
SUUNTO VERTICAL TITANIUM,1229
SUUNTO VERTICAL,899
SUUNTO 9 PEAK PRO TITANIUM,849
SUUNTO 9 PEAK PRO,679
SUUNTO 9 PEAK TITANIUM,589
SUUNTO 9 PEAK,459
SUUNTO 5 PEAK,329
Garmin Forerunner 955 Solar White GM-010-02638-H0 upc 753759308162,919
"Garmin Forerunner 965 Black, 47mm GM-010-02809-80 upc 753759318420",919
"Garmin Forerunner 965 Whitestone, 47mm GM-010-02809-81 upc 753759318437",919
"Garmin Forerunner 965 Yellow, 47mm GM-010-02809-82 upc 753759318444",919
Garmin Running Dynamic Pod Yellow GM-010-12520-10 upc 753759175535,108
Garmin HRM Dual Black GM-010-12883-01 upc 753759231873,109
Garmin HRM Pro Plus Black GM-010-13118-10 upc 753759312657,199
"Garmin Approach S70 White, 42mm GM-010-02746-50 upc 753759325923",999
"Garmin Approach S70 Powder Gray, 42mm GM-010-02746-51 upc 753759325930",999
"Garmin Approach S70 Black, 47mm GM-010-02746-52 upc 753759325947",1099
Garmin Forerunner 55 Black GM-010-02562-50 upc 753759283322,309
Garmin Forerunner 55 Whitestone GM-010-02562-51 upc 753759283339,309
Garmin Forerunner 55 Aqua GM-010-02562-52 upc 753759283346,309
Garmin Forerunner 55 Monterra Grey GM-010-02562-53 upc 753759283353,309
Garmin Forerunner 255 Slate Grey GM-010-02641-43 upc 753759307264,549
Garmin Forerunner 255 Tidal Blue GM-010-02641-53 upc 753759307363,549
Garmin Forerunner 255s Powder Grey GM-010-02641-63 upc 753759307462,549
Garmin Forerunner 255s Light Pink GM-010-02641-73 upc 753759307561,549
Garmin Forerunner 255 Music Black GM-010-02641-48 upc 753759307318,629
Garmin Forerunner 255 Music Whitestone GM-010-02641-58 upc 753759307417,629
Garmin Forerunner 255s Music Black GM-010-02641-68 upc 753759307516,629
Garmin Forerunner 255s Music Whitestone GM-010-02641-78 upc 753759307615,629
"Garmin Forerunner 265 Black, 46mm GM-010-02810-50 upc 753759318635",689
"Garmin Forerunner 265 Whitestone, 46mm GM-010-02810-51 upc 753759318642",689
"Garmin Forerunner 265 Aqua, 46mm GM-010-02810-52 upc 753759318659",689
"Garmin Forerunner 265s Black, 42mm GM-010-02810-53 upc 753759318666",689
"Garmin Forerunner 265s Whitestone, 42mm GM-010-02810-54 upc 753759318673",689
"Garmin Forerunner 265s Pink, 42mm GM-010-02810-55 upc 753759318680",689
Garmin Forerunner 955 Black GM-010-02638-J0 upc 753759306144,789
Garmin Forerunner 955 White GM-010-02638-J1 upc 753759306151,789
Garmin Forerunner 955 Solar Black GM-010-02638-J2 upc 753759306168,889
"Huawei AP362 Settled AP, Wi-Fi 6, indoor, Dual Radio(2.4G/5GHz), 2*2/2*2 MU-MIMO, 1*GE Base-T, internal smart antennas",359
"Huawei AP263 Wall-plate AP, Wi-Fi 6, indoor, Dual Radio(2.4G/5GHz), 2*2/2*2 MU-MIMO, 1*GE Base-T, 1*GE Base-T, BLE, USB, internal smart antennas",339
"Huawei AC650-128AP 10*GE ports, 2*10GE SFP+ ports, built-in 128 license",1849
"Huawei AC650-256AP 10*GE ports, 2*10GE SFP+ ports, built-in 256 license",2499
"Huawei S310-24P4S L2+ (static router), 24*10/100/1000BASE-T ports, 4*GE SFP ports, POE+(370W)",1339
"Huawei S310-24T4S L2+ (static route), 24*10/100/1000BASE-T ports, 4*GE SFP ports",739
"Huawei S310-48T4S L2+ (static route), 48*10/100/1000BASE-T ports, 4*GE SFP ports",1079
"Huawei S380-L4T1T 1*GE WAN, 4*GE LAN, up to 150 users, forwarding performance 2Gbps",559
"Huawei S380-L4P1T 1*GE WAN, 4*GE LAN(PoE+, 50W), up to 150 users, forwarding performance 2Gbps",909
"Huawei S380-S8T2T 2*GE WAN, 8*GE LAN, up to 250 users, forwarding performance 2Gbps",1039
"Huawei S380-S8P2T 2*GE WAN, 8*GE LAN(PoE+, 124W), up to 350 users, forwarding performance 2Gbps",1329
"Huawei S380-H8T3ST 2*GE WAN, 1*GE(SFP) WAN, 8*GE LAN, up to 500 users, forwarding performance 2Gbps",1299
"Huawei AR730 2*GE combo WAN, 1*10GE(SFP+) WAN, 8*GE LAN, 1*GE combo LAN, 2*USB, 2*SIC, up to 700 users, forwarding performance 4Gbps",3019
"Huawei AR720 2*GE combo WAN, 8*GE LAN, 2*USB, 2*SIC, up to1200 users, forwarding performance 6Gbps",1429
"Huawei S110-8P2ST (8*10/100/1000BASE-T ports, PoE+, 1*GE SFP port, 1*10/100/1000BASE-T port, AC power, power adapter)",239
"Huawei S110-16LP2SR (16*10/100/1000BASE-T ports, 2*GE SFP ports, PoE+, AC power)",369
"Huawei S110-24LP2SR (24*10/100/1000BASE-T ports, 2*GE SFP ports, PoE+, AC power)",779
"Huawei S110-24T2SR (24*10/100/1000BASE-T ports, 2*GE SFP ports, AC power)",519
ARCTIC BioniX P120 A-RGB,38
"Pure Base 500 (BG034), ATX, Solid Si",94
"Pure Base 500 Window (BGW34), ATX, T",117
"Pure Base 500 Window (BGW35), ATX",117
"Pure Base 500 Window (BGW36), ATX, T",117
"Pure Base 500 DX (BGW37), ATX, ARGB",150
"Pure Base 500 DX (BGW38), ATX, ARGB",150
"Pure Base 600 (BG021), ATX, Solid Si",117
"Pure Base 600 (BGW21), ATX, TG Panel",136
"Dark Base 700 WIndow (BGW23), ATX, T",260
"Silent Base 601 (BG026), ATX, Steel",153
"Silent Base 601 Window (BGW26), ATX",171
"Silent Base 802 Window (BGW39), Mesh",267
"Silent Base 802 Window (BGW40), Mesh",267
"Dark Base 900 (BG0116), Full ATX, 8P",303
Dark Base Pro 900 rev.2 TG (BGW15),366
"Silent Loop 2 240 (BW010), ARGB Pump",192
"Silent Loop 2 280 (BW011), ARGB Pump",207
"Silent Loop 2 360 (BW012), ARGB Pump",235
"Pure Rock 2 (BK006), 4x6mm heatpipes",58
"Pure Rock 2 Black (BK007), 4x6mm hea",64
"Shadow Rock 3 (BK004), 190W TDP, 5x6",80
"Dark Rock 4 (BK021), 200W TDP, 6x6mm",109
"Dark Rock 4 Slim (BK024), 180W TDP",96
"Dark Rock 4 PRO (BK022), 250W TDP, 7",158
"Dark Rock 4 PRO TR4 (BK023), 250W TD",139
"Dark Rock TF (BK020), 220W TDP, 6x6m",130
Silent Wings 3 120mm PWM HS (BL070),33
Silent Wings 3 140mm PWM HS (BL071),34
"Pure Wings 2 120mm PWM HS (BL081), 2",15
"Pure Wings 2 140mm PWM HS (BL083), 1",16
Seagate FireCuda 530 SSD (NEW) 500GB,199
Seagate FireCuda 530 SSD (NEW) 1TB,349
Seagate FireCuda 530 SSD (NEW) 2TB,729
Seagate FireCuda 530 SSD (NEW) 4TB,1399
Seagate FireCuda 530 w/ Heat Sink 500GB,229
Seagate FireCuda 530 w/ Heat Sink 1TB,389
Seagate FireCuda 530 w/ Heat Sink 2TB,819
Seagate FireCuda 530 w/ Heat Sink 4TB,1499
Seagate ST10000NM0096 10TB Exos X10,653
Seagate ST12000NM002G 12TB Exos X16,808
Seagate ST14000NM002G 14TB Exos X16,938
Seagate ST16000NM002G 16TB Exos X16,1071
Seagate ST18000NM004J 18TB Exos X18,1229
Seagate ST1000NX0313 1TB Exos 7E200,307
Seagate ST2000NX0253 2TB Exos 7E200,534
Seagate ST1000NX0333 1TB Exos 7E200,328
Seagate ST2000NX0343 2TB Exos 7E200,551
Seagate ST1000DM010 BarraCuda 1TB 3.5 SATA,59
Seagate ST2000DM008 BarraCuda 2TB 3.5 SATA,82
Seagate ST3000DM007 BarraCuda 3TB 3.5 SATA,115
Seagate ST4000DM004 BarraCuda 4TB 3.5 SATA,139
Seagate ST6000DM003 BarraCuda 6TB 3.5 SATA,209
Seagate ST8000DM004 BarraCuda 8TB 3.5 SATA,269
Seagate ST500LM030 BarraCuda 500GB 2.5 SATA,72
Seagate ST1000LM048 BarraCuda 1TB 2.5 SATA,92
Seagate ST2000LM015 BarraCuda 2TB 2.5 SATA,125
Seagate ST3000LM024 BarraCuda 3TB 2.5 SATA,185
Seagate ST4000LM024 BarraCuda 4TB 2.5 SATA,195
Seagate ST5000LM000 BarraCuda 5TB 2.5 SATA,235
Seagate ST1000VN002 IronWolf 1TB 3.5 SATA,105
Seagate ST2000VN004 IronWolf 2TB 3.5 SATA,129
Seagate ST3000VN007 IronWolf 3TB 3.5 SATA,159
Seagate ST4000VN008 IronWolf 4TB 3.5 SATA,179
Seagate ST6000VN001 IronWolf 6TB 3.5 SATA,289
Seagate ST8000VN004 IronWolf 8TB 3.5 SATA,379
Seagate ST10000VN0008 IronWolf 10TB 3.5 SATA,519
Seagate ST12000VN0008 IronWolf 12TB 3.5 SATA,619
Seagate ST4000NE001 IronWolf Pro 4TB 3.5 SATA,229
Seagate ST6000NE000 IronWolf Pro 6TB 3.5 SATA,339
Seagate ST8000NE001 IronWolf Pro 8TB 3.5 SATA,429
Seagate ST10000NE0008 IronWolf Pro 10TB,589
Seagate ST12000NE0008 IronWolf Pro 12TB,699
Seagate ST14000NE0008 IronWolf Pro 14TB,819
Seagate ST16000NE000 IronWolf Pro 16TB,929
Seagate ST18000NE000 IronWolf Pro 18TB,1099
Seagate ST1000VX005 SkyHawk 1TB 3.5 SATA,99
Seagate ST2000VX015 SkyHawk 2TB 3.5 SATA,119
Seagate ST3000VX009 SkyHawk 3TB 3.5 SATA,149
Seagate ST4000VX013 SkyHawk 4TB 3.5 SATA,169
Seagate ST6000VX001 SkyHawk 6TB 3.5 SATA,269
Seagate ST8000VE001 SkyHawk AI 8TB 3.5 SATA,399
Seagate ST10000VE0008 SkyHawk AI 10TB,559
Seagate ST12000VE0008 SkyHawk AI 12TB,659
Seagate ST14000VE0008 SkyHawk AI 14TB,769
Seagate ST16000VE002 SkyHawk AI 16TB 3.5 SATA,899
Seagate ST18000VE002 SkyHawk AI 18TB 3.5 SATA,1059
Seagate ST1000NM000A 1TB Exos 7E8 H,164
Seagate ST2000NM000A 2TB Exos 7E8 H,215
Seagate ST4000NM000A 4TB Exos 7E8 H,297
Seagate ST6000NM021A 6TB Exos 7E8 H,408
Seagate ST8000NM000A 8TB Exos 7E8 H,525
Seagate ST10000NM001G 10TB Exos X16,655
Seagate ST12000NM001G 12TB Exos X16,788
Seagate ST14000NM001G 14TB Exos X16,918
Seagate ST16000NM001G 16TB Exos X16,1048
Seagate ST18000NM000J 18TB Exos X18,1208
Seagate ST1000NM001A 1TB Exos 7E8 H,197
Seagate ST2000NM004A 2TB Exos 7E8 H,255
Seagate ST4000NM003A 4TB Exos 7E8 H,324
Seagate ST6000NM029A 6TB Exos 7E8 H,439
Seagate ST8000NM001A 8TB Exos 7E8 H,546
Synology DS2419+ 12-bay DiskStation,2531
Synology DS2419+ll,2531
Synology DS3617xs 12-bay DiskStation,4015
Synology DS3617xsll,4015
Synology FS1018 12-bay FlashStation,2531
"Synology RS217 2-bay RackStation, Du",733
Synology RS819 4-bay RackStation (up,1070
Synology RS820+ 4-bay RackStation (u,1691
Synology RS820RP+ 4-bay RackStation,2159
Synology RS1619xs+ 4-bay RackStation,3244
Synology RS1219+ 8-bay RackStation (,1707
Synology RS1221+ 8-bay RackStation (,2066
Synology RS1221RP+ 8-bay RackStation,2817
Synology RS2418+ 12-bay RackStation,2732
Synology RS2418RP+ 12-bay RackStatio,3587
Synology RS2421+ 12-bay RackStation,3193
Synology RS2421RP+ 12-bay RackStatio,3946
Synology RS3618xs 12-bay RackStation,4186
Synology RS3617RPxs 12-bay RackStati,5211
Synology RS3617xs+ 12-bay RackStatio,6662
Synology RS4021xs+ 16-bay RackStatio,9399
Synology RS3621xs+ 12-bay RackStatio,7518
Synology RS3621RPxs 12-bay RackStati,6013
Synology SA3400 12-bay RackStation (,9961
Synology SA3600 12-bay RackStation (,13156
Synology SA3200D 12-bay Dual Control,12216
Synology RS2818RP+ 16-bay RackStatio,4271
Synology RS2821RP+,5637
Synology RS4017xs+ 16-bay RackStatio,8372
Synology FS3600 24-bay 2.5’’ SAS/SAT,15036
Synology FS3400 24-bay 2.5’’ SAS/SAT,11276
Synology UC3200 12-bay Dual Controll,10337
Synology DX517 5-bay SATA expansion,767
Synology DX1215 12-bay SATA expansio,1787
Synology DX1215ll,1787
Synology RX418 4-bay SATA expansion,853
Synology RX1217 12-bay SATA expansio,2128
Synology RX1217RP 12-bay SATA expans,3179
Synology RX1216sas 12-bay SAS/SATA e,4068
Synology RX1217sas 12-bay SAS/SATA e,4068
Synology RX2417sas 24-bay 2.5’’ SAS/,4888
Synology RXD1215sas 12-bay SAS expan,4888
Synology SAT5200-3840G 3.84TB 2.5” E,1834
Synology SNV3400-400G 400GB M.2 2280,258
Synology SNV3400-800G 800GB M.2 2280,495
Synology SNV3500-400G 400GB M.2 2211,298
Synology SNV3500-800G 800GB M.2 2211,552
Synology HAT5300-8T Synology 3.5” In,551
Synology HAT5300-12T Synology 3.5” I,828
Synology HAT5300-16T Synology 3.5” I,1104
Nitro Concepts S300 EX Gaming Chair - Stealth Black,339
D-Link DGS-F1026P-E 250M 24-Port Gigabit PoE Switch + 2 SFP Ports - Power Budget : 250W,431
Nitro Concepts S300 Gaming Chair - black/red,309
"D-Link DGS-1510-52X 48-port UTP 10/100/1000Mbps, 4-port 10GE SFP+",1195
Nitro Concepts S300 Gaming Chair - black/white,309
D-Link DGS-1210-52MP 48-port UTP 802.3af PoE & 802.3at PoE+,1175
"Noblechairs EPIC GAMING CHAIR, short gas lift - Mercedes-AMG Petronas Formula One Team - 2021Edition",559
Noblechairs EPIC Gaming Chair - black / black,369
Noblechairs EPIC Gaming Chair - black / blue,369
D-Link DGS-1210-52MPP 48-port UTP,1488
Noblechairs EPIC Gaming Chair - black / gold,369
Noblechairs EPIC Gaming Chair - black / red,369
Noblechairs EPIC Gaming Chair - white,369
D-Link DGS-F1100-10PS-E 10-port Gi,189
"Noblechairs EPIC TX GAMING CHAIR, short gas lift - anthracite",389
Noblechairs HERO Gaming Chair - black,439
Noblechairs HERO Gaming Chair - black/blue,439
Noblechairs HERO Gaming Chair - black/gold,439
Noblechairs HERO Gaming Chair - black/platinum white,439
Noblechairs HERO Gaming Chair - black/red,439
D-Link DGS-F1210-26PS-E 26-port Standard S,514
Noblechairs HERO Gaming Chair -Black Edition,499
"Noblechairs HERO TX GAMING CHAIR, short gas lift - anthracite",459
Noblechairs ICON Gaming Chair - WHITE/BLACK,359
D-Link DPS-520 Redundant Power Sup,589
Noblechairs ICON Gaming Chair - black/blue,359
Noblechairs ICON Gaming Chair - black/platinum white,359
Noblechairs ICON Gaming Chair BLACK,359
D-Link DPS-800 Chassis of Redundan,112
Noblechairs ICON Gaming Chair BLACK/GOLD,359
Noblechairs ICON Gaming Chair BLACK/RED,359
G-DRIVE ARMORATD SPACE GREY 1TB USB-C SDPH81G-001T-GBAND,135
D-Link DGS-1250-28XMP 28-port Giga,868
G-DRIVE ARMORATD SPACE GREY 2TB USB-C SDPH81G-002T-GBAND,165
G-DRIVE ARMORATD SPACE GREY 4TB USB-C SDPH81G-004T-GBAND,229
G-DRIVE ARMORATD SPACE GREY 5TB USB-C SDPH81G-005T-GBAND,279
D-Link DGS-1250-52XMP 52-port Giga,1335
G-DRIVE ARMORLOCK SSD 1TB USB-C (1000MB/s) SDPS41A-001T-SBANB,339
G-DRIVE ARMORLOCK SSD 2TB USB-C (1000MB/s) SDPS41A-002T-SBANB,599
DS-2CE16D0T-EXIF 2.8mm,43
G-DRIVE ARMORLOCK SSD 4TB USB-C (1000MB/s) SDPS41A-004T-SBANB,1199
DS-2CE76D0T-EXIMF 2.8mm,43
DMS-1100-10TS • 8 x,707
DS-2CE76D0T-ITPFS 2.8mm,58
DS-2CE16D0T-ITFS 2.8mm,70
DS-2CE16D0T-VFIR3F 2.8-12mm,120
DS-2CE56D0T-VFIR3F 2.8-12mm,120
DS-2CE5AD0T-VPIT3F 2.8-12mm,113
DMS-1100-10TP • 8 x 100/1,942
DS-2CE76H0T-ITPF 2.8mm,63
DS-2CE16H0T-ITF© 3.6mm,78
DS-2CE10DF0T-F 3.6mm,78
DS-2CE70DF0T-MF 3.6mm,78
DS-2CD1123G0E-I(L) 2.8mm,100
DS-2CD1023G0E-I(L) 2.8mm,100
"D-Link DXS-1210-10TS 8-port UTP 10GBASE-T, 2-port 10G SFP+",1568
DS-2CD1023G0-IUF © 2.8mm,135
DS-2CD1323G0-IUF © 2.8mm,135
DS-2CD1027G0-L 2.8mm,170
DS-2CD1327G0-L 2.8mm,170
DS-2CD1143G0-I 2.8mm,183
DS-2CD1043G0-I 2.8mm,188
DS-2CD2121G0-I 2.8mm,150
DS-2CD2021G1-I 2.8mm,150
"D-Link DXS-1210-12TC 8-port UTP 10GBASE-T, 2-port 10G SFP+, 2-port UTP 10GBASE-T/10G SFP+ Combo",2053
DS-2CD2121G1-IDW1 2.8mm,150
DS-2CD2021G1-IDW1 2.8mm,150
DS-2CD2421G0-IW 2.8mm,168
DS-2CV2Q21FD-IW(B) 2.8mm,120
DS-2DE2A204IW-DE3© 2.8-12mm(S6),288
DS-2DE4215IW-DE(S5),688
iDS-7204HQHI-M1/S,170
iDS-7208HQHI-M1/S,255
"D-Link DXS-1210-12SC 10-port 10G SFP+, 2-port UTP 10GBASE-T/10G SFP+ Combo",1792
iDS-7216HQHI-M1/S,475
iDS-7216HQHI-M2/S,500
iDS-7204HUHI-M1/S,263
iDS-7208HUHI-M1/S,445
DS-7604NI-Q1/4P,275
DS-7608NI-Q1/8P,370
DS-7616NI-Q2/16P,565
DS-K1T804BMF/BEF,188
DS-KIS603-P(B),500
DS-KH6320-WTE1,288
DS-KIS703-P,545
"D-Link DXS-1210-16TC 12-port UTP 10GBASE-T, 2-port 10G SFP+, 2-port UTP 10GBASE-T/10G SFP+ Combo",2732
CS-C1C-F0-1E2WF C1C-B,78
CS-CV246-A0-1C2WFR (C6CN)”,75
CS-C6N-B0-1G2WF,80
CS-TY2-B0-1G2WF,75
CS-CV346-A0-7A3WFR,185
CS-C6W-A0-3H4WF,195
CS-C8C-A0-1F2WF,175
CS-C3W-A0-1F4WFL,195
CS-C3TN-A0-1H2WF,98
CS-BC1C-B0-2C2WPBDL,285
CS-CMT-Solar Panel-C,65
CS-DB2C-A0-1E3WPBR (DB2C Kit(With Chime)”,185
CS-DP2C-A0-6E2WPFBSDP2C)”,230
CS-CMT-Bracket-WallMount,10
D-Link DXS-1210-28T 24 x 10G Base-T + 4 x 10G / 25G SFP28 Gigabit Standard Smart Managed Switch,3847
MOUNTAIN Cable Organizer - MOOY Clingman,13
MOUNTAIN Everest Max / US / MX Brown / Black,399
MOUNTAIN Everest Max / US / MX Brown / Gray,399
MOUNTAIN Everest Max / US / MX Red / Black,399
MOUNTAIN Everest Max / US / MX Red / Gray,399
MOUNTAIN Makalu 67 Black Mouse,99
MOUNTAIN Makalu 67 White Mouse,99
MOUNTAIN Nunatak M Mousepad,24.9
MOUNTAIN Nunatak XL Mousepad,49.9
Nitro Concepts E250 Gaming Chair - Black,239
Nitro Concepts E250 Gaming Chair - Black / Blue,239
Nitro Concepts E250 Gaming Chair - Black / Red,239
Nitro Concepts E250 Gaming Chair - Black / White,239
Nitro Concepts S300 EX Gaming Chair - Carbon Black,339
Nitro Concepts S300 EX Gaming Chair - Inferno Red,339
Nitro Concepts S300 EX Gaming Chair - Radiant White,339
Nitro Concepts S300 Gaming Chair - black,309
Nitro Concepts S300 Gaming Chair - black/blue,309
Nitro Concepts S300 Gaming Chair - black/gold,309
Nitro Concepts S300 Gaming Chair - black/white,309
D-Link DES-F1006P-E 250M 4-Port 10/100 PoE Switch + 2 Uplink Gigabit Ports - Power Budget : 60W,58
D-Link DES-F1010P-E 250M 8-Port 10/100 PoE Switch + 2 Uplink Gigabit Ports - Power Budget : 96W,121
D-Link DES-F1018P-E 250M 16-Port 10/100 PoE Switch + 1 Uplink Gigabit Ports + 1 Combo (UTP/SFP) port - Power Budget : 150W,308
D-Link DES-F1026P-E 250M 24-Port 10/100 PoE Switch + 1 Uplink Gigabit Ports + 1 Combo (UTP/SFP) port - Power Budget : 250W,379
D-Link DGS-F1005P-E 250M 4-Port Gigabit PoE Switch + 1 Uplink Gigabit Ports - Power Budget : 60W,65
D-Link DGS-F1018P-E 250M 16-Port Gigabit PoE Switch + 2 SFP Ports - Power Budget : 150W,330
D-Link DGS-F1026P-E 250M 24-Port Gigabit PoE Switch + 2 SFP Ports - Power Budget : 250W,431
D-Link DGS-1100-08PV2 8-port Gigabit Smart Managed PoE (64W) Switch,125
D-Link DGS-1100-18PV2 18-port Gigabit Smart Managed PoE (130W) Switch with 2-port Gigabit Combo Uplinks,336
D-Link DGS-1100-24PV2 24-port Gigabit Smart Managed PoE (100W) Switch,393
D-Link DGS-1100-10MPV2 10-port Gigabit Smart Managed PoE (130W) Switch with 2-port Gigabit Uplinks,269
D-Link DGS-1100-10MPPV2 10-port Gigabit Smart Managed PoE++ (242W) Switch with 2-port Gigabit Uplinks,361
D-Link DGS-1100-26MPV2 26-port Gigabit Smart Managed PoE (370W) Switch with 2-port Gigabit Combo Uplinks,665
D-Link DGS-1100-26MPPV2 MPPV2: 26-port Gigabit Smart Managed PoE++ (525W) Switch with 2-port Gigabit Combo Uplinks,862
D-Link DGS-1100-05V2 5-port Gigabit Smart Managed Switch,41
D-Link DGS-1100-08V2 8-port Gigabit Smart Managed Switch,66
D-Link DGS-1100-16V2 16-port Gigabit Smart Managed Switch,159
D-Link DGS-1100-24V2 24-port Gigabit Smart Managed Switch,208
"D-Link DGS-1210-10 8-Port Gigabit Smart Managed Switch, 2 x Gigabit SFP ports",159
"D-Link DGS-1210-20 16-port UTP 10/100/1000Mbps, 4-port Gigabit SFP",235
"D-Link DGS-1210-26 24-port UTP 10/100/1000Mbps, 2-port Gigabit SFP",265
"D-Link DGS-1210-28 24-port UTP 10/100/1000Mbps, 4-port Gigabit SFP",312
"D-Link DGS-1210-52 48-port UTP 10/100/1000Mbps, 4-port Gigabit SFP",626
"D-Link DGS-1210-10P 8-port UTP 802.3af & 802.3at PoE 10/100/1000Mbps, 2-port UTP 10/100/1000Mbps / SFP Combo Smart Switch",235
"D-Link DGS-1210-10MP 8-Ports 10/100/1000Mbps PoE + 2-Ports SFP 100/1000Mbps Smart Managed Switch, Power Budget : 130W",361
"D-Link DGS-1210-28P 24-port UTP 802.3af & 802.3at PoE 10/100/1000Mbps, 4-port Gigabit SFP Smart Switch",626
"D-Link DGS-1210-28MP 24-port UTP 802.3af PoE & 802.3at PoE+ 10/100/1000Mbps, 4-port UTP 10/100/1000Mbps / SFP Combo",822
"D-Link DGS-1210-52MP 48-port UTP 802.3af PoE & 802.3at PoE+ 10/100/1000Mbps, 4-port 10GE SFP+",1488
D-Link DGS-1250-28X 24 Ports 10/100/1000Mbps + 4 Ports 10G SFP+ Smart Managed Switch,452
D-Link DGS-1250-52X 48 Ports 10/100/1000Mbps + 4 Ports 10G SFP+ Smart Managed Switch,860
"D-Link DGS-1510-20 16-port UTP 10/100/1000Mbps, 2-port Gigabit SFP; 2-port 10GE SFP+",411
"D-Link DGS-1510-28X 24-port UTP 10/100/1000Mbps, 4-port 10GE SFP+",579
"D-Link DGS-1510-52X 48-port UTP 10/100/1000Mbps, 4-port 10GE SFP+",1155
"D-Link DGS-3130-30PS 24 10/100/1000Base-T PoE ports + 2 10GBase-T ports + 4 10G SFP+ ports, L3 Stackable Managed Switch",2083
"D-Link DGS-3130-30S 24 SFP ports + 2 10GBase-T ports + 4 10G SFP+ ports, L3 Stackable Managed Switch",1552
"D-Link DGS-3130-30TS 24 10/100/1000Base-T ports + 2 10GBase-T ports + 4 10G SFP+ ports, L3 Stackable Managed Switch",1155
"D-Link DGS-3130-54PS 48 10/100/1000Base-T PoE ports + 2 10GBase-T ports + 4 10G SFP+ ports, L3 Stackable Managed Switch",3079
"D-Link DGS-3130-54S 48 SFP ports + 2 10GBase-T ports + 4 10G SFP+ ports, L3 Stackable Managed Switch",2943
D-Link DAP-X1810F WiFi 6 AX1800 Indoor Access point,133
DNH-100 Nuclias Connect Hub,202
D-Link DAP-X2810 Wireless AX1800 WIFI 6 (2 x 2) Dual-Band INDOOR Access Point,242
D-Link DAP-X2850 Wireless AX3600 WIFI 6 (4 x 4) Dual-Band INDOOR Access Point,410
D-Link DAP-2610 Wireless AC1300 Wave 2 (2 x 2) Dual Band INDOOR Access Point,101
D-Link DAP-2662 Wireless AC1200 Wave 2 (2 x 2) Dual Band INDOOR Access Point (HIGH POWER),124
D-Link DAP-2682 Wireless AC2300 Wave 2 (4 x 4) Dual Band INDOOR Access Point,156
D-Link DAP-2620 Wirless AC1200 Wave 2 (2 x 2) Dual Band WALL PLATE Access Point,134
D-Link DAP-3666 Wireless AC1200 Wave 2 (2 x 2) Dual Band OUTDOOR Access Point,446
D-Link DAP-1682F 3KM Outdoor Bridge PTP/PTMP Wireless AP,153
D-Link DAP-1683F 8KM Outdoor Bridge PTP/PTMP Wireless AP,199
D-Link DPE-301GI 1-port Gigabit 802.3af PoE & 802.3at PoE+ Injector,36
"D-Link DPE-301GS 1-port Gigabit 802.3af PoE & 802.3at PoE+ Splitter, 5V DC/9V DC/12V DC Output",38
"D-Link DSR-500 4-port Gigabit LAN,",398
D-Link DEM-QX10Q-LR4,1805
D-Link DXS-3400-24SC/EEI 20-port 1,6695
D-Link DSR-500-WCF-12-LIC License,141
DGS-3130-54TS,2264
"DXS-3400-24SC/ESI 20-port 10G SFP+,",6368
DXS-3400-24SC-SE-LIC DXS-34,328
D-Link DEM-410T 10G SFP+ to 10GBas,235
DSR-500AC 4-port Gigabit LA,485
DSR-500AC-WCF-12-LIC Licens,141
DWM-315 4G LTE Cat 6 Indust,469
DXS-PWR300AC 300W hot-swapp,637
D-Link DEM-431XT 10GBASE-SR (Duple,277
DIS-200G-12PSW 8-port UTP 8,1296
DXS-FAN100 Hot-swappable fa,73
D-Link DEM-431XT-DD 10GBASE-LR (Du,277
DIS-200G-12SW 10 x 10/100/1,1060
D-Link DEM-432XT 10GBASE-LR (Duple,410
DXS-3600-16S/EEI 8 fixed SF,7662
DEM-433XT 10GBASE-ER SFP+ T,1872
DIS-PWR40AC/M 40W power ada,69
DXS-3600-16S/ESI,6772
DEM-434XT 10GBASE-ZR SFP+ T,3474
DGS-3630-28TC 20-port UTP 1,2184
DXS-3600-16S-SE-LIC DXS-360,802
DEM-435XT 10GBASE-LRM Multi,356
DGS-3630-28TC-SE-LIC DGS-36,146
DXS-3600-32S/EEI 24 fixed S,13542
DEM-436XT-BXD 10GBASE-LR Bi,624
DGS-3630-28TC-EM-LIC DGS-36,582
DXS-3600-32S/ESI,12294
DEM-436XT-BXU 10GBASE-LR Bi,660
DGS-3630-28TC-SM-LIC DGS-36,728
DXS-3600-32S-SE-LIC DXS-360,1426
DXS-3600-EM-4QXS 4 x 40Gbps,3208
DGS-3630-28PC 20 PoE,2826
DXS-3600-EM-4XT 4-Port 10GB,1727
DEM-311GT 1-port 1000Base-S,73
DGS-3630-28PC-SE-LIC DGS-36,248
DXS-3600-EM-8T 8-Port UTP 1,480
DEM-312GT2 1-port 1000Base-,277
DGS-3630-28PC-EM-LIC DGS-36,841
DXS-3600-EM-8XS 8-Port 10G,1623
DEM-314GT 1-port 1000Base-L,333
DGS-3630-28PC-SM-LIC DGS-36,1091
DXS-3600-EM-Stack 2-Port 12,437
DEM-315GT 1-port 1000Base-T,370
D-Link DEM-CB100QXS 1M 40G QSFP+ t,99
DEM-330R 1000Base-BX-U (Sim,80
DGS-3630-28SC 20-ports Giga,2456
DEM-CB100QXS-4XS 1M 40G QSF,196
DEM-330T 1000Base-BX-D (Sim,94
DGS-3630-28SC-SE-LIC DGS-36,165
D-Link DEM-CB300QXS 3M 40G QSFP+ t,125
DEM-331R 1000Base-BX-U (Sim,333
DGS-3630-28SC-EM-LIC DGS-36,692
DEM-QX01Q-SR4 40GBASE-SR4 M,1047
DEM-331T 1000Base-BX-D (Sim,370
DGS-3630-28SC-SM-LIC DGS-36,856
DEM-QX10Q-LR4 40GBASE-LR4 S,5583
DGS-712 10/100/1000Base-T (,110
DEM-CB50CXP 120G CXP to CXP,200
DGS-3630-52TC 44-port UTP 1,3459
DXS-3600-FAN-BF A fan tray,500
DEM-210 100BASE-FX (Duplex,92
DGS-3630-52TC-SE-LIC DGS-36,255
DEM-CB100S 10-GbE SFP+ 1m D,84
DEM-211 100BASE-FX (Duplex,84
DGS-3630-52TC-EM-LIC DGS-36,1001
DEM-CB300S 10-GbE SFP+ 3m D,157
DEM-220R 100BASE-BX-U (Simp,99
DGS-3630-52TC-SM-LIC DGS-36,1256
DEM-CB700S 10-GbE SFP+ 7m D,230
DEM-220T 100BASE-BX-D (Simp,106
DGS-3630-52PC 44-port UTP 1,6032
"DXS-3610-54S 48 x 10G SFP+,",14838
D-Link DPS-200A Redundant Power Su,224
DGS-3630-52PC-SE-LIC DGS-36,447
DPS-500A Redundant Power Su,280
DGS-3630-52PC-EM-LIC DGS-36,893
DXS-3610-54S-SE-LIC DXS-361,1962
DPS-700 Redundant Power Sup,821
DGS-3630-52PC-SM-LIC DGS-36,1340
DXS-3610-54T-SE-LIC DXS-361,1962
DPS-800 Chassis of Redundan,112
DEM-CB100Q28 100G QSFP28 to,241
D-Link DPS-CB150-2PS 150CM RPS cab,37
DXS-3400-24TC/EEI 20-port U,9060
DEM-CB100Q28-4S28 100G QSFP,284
DXS-3400-24TC/ESI 20-port U,8733
DXS-3400-24TC-SE-LIC DXS-34,328
DXS-5000-54S 10G Data Cente,8911
DSR-250V2 Nuclias Connect D,314
DXS-5K-54S-DC-LIC Licens,2747
DSR-250V2-WCF-12-LIC Licens,114
DXS-3400-24SC/EEI 20-port 1,6368
DQS-5000-32Q28 100G D,18841
D-Link DSR-500AC 4-port Gigabit LA,469
DQS-5000-32S 40G Da,11776
D-Link DSR-500AC-WCF-12-LIC Licens,141
DQS-5000-54SQ28 25G Da,16486
D-Link DSR-1000 4-port Gigabit LAN,524
DEM-QX01Q-SR4,274
D-Link DSR-1000-WCF-12-LIC License,141
D-Link DSR-1000AC 4-port Gigabit L,542
D-Link DSR-1000AC-WCF-12-LIC Licen,141
D-Link DMC-1000/E 19” Rackmount Me,575
DWM-313 4G LTE Industrial V,586
DMC-1001 Redundant Power Su,288
D-Link DWM-321 4G LTE In-Vehicle W,1173
DMC-1002 SNMP Management Mo,261
D-Link DIS-PWR180AC/M,240
D-Link DIS-200G-RPK180 Rack-mount,235
DMC-300SC/E 10/100Base-TX (,106
D-Link DIS-RK200G Standard 19” rac,24
DMC-515SC/E 10/100Base-TX (,134
DMC-530SC/E 10/100Base-TX (,154
D-Link DIS-300G-8PSW 4 x 10/100/10,2418
DMC-920/E 10/100Base-TX to,326
D-Link DIS-300G-14PSW 8 x 10/100/1,2747
DMC-920R 10/100Base-TX to 1,132
D-Link DIS-300G-12SW 8 x 10/100/10,1884
DMC-920T 10/100Base-TX to 1,144
D-Link DMC-1530SC/E 10/100Base-TX,163
DIS-100G-5PSW (No Po,542
D-Link DMC-1580SC/E 10/100Base-TX,804
DIS-100G-5SW 4-port,384
DIS-100G-5W 5-port,353
DMC-700SC/E 1000Base-TX (UT,235
DIS-100G-8SW 6-port,542
D-Link DMC-805G/E 1000Base-TX (UT,122
DIS-100G-8W 8-port,511
D-Link DMC-810SC/E 1000Base-TX (UT,437
D-Link DMC-1910/E 1000Base-TX (UTP,976
DMC-1910R/E 1000Base-TX to,437
DIS-700G-28XS 24 x 100/1000,7772
D-Link DMC-1910T/E 1000Base-TX to,662
D-Link DMC-F02SC/E 100Base-TX to 1,69
"D-Link DIS-S301SX 1000BASE-SX, Mul",132
D-Link DMC-F15SC/E 100Base-TX to 1,78
"D-Link DIS-S302SX 1000BASE-SX, Mul",132
DMC-F20SC-BXD/E 100Base-TX,87
"DIS-S310LX 1000BASE-LX, Sin",161
D-Link DMC-F20SC-BXU/E 100Base-TX,87
"DIS-S330EX 1000BASE-EX, Sin",345
D-Link DMC-F30SC/E 100Base-TX to 1,87
"DIS-S350LHX 1000BASE-LHX, S",381
D-Link DMC-F60SC/E 100Base-TX to 1,104
"D-Link DIS-S380ZX 1000BASE-ZX, Sin",396
D-Link DMC-G01LC/E 10/100/1000Mbps,62
D-Link DFL-870M UTM Firewall 10-po”,2041
D-Link DWM-312 4G LTE Industrial V,416
DFL-870M-AV-12-LIC 1-year L,550
DIS-200G-12PS 8-port UTP 80,1177
DFL-870M-AV-24-LIC 2-year L,1024
D-Link DECS-1Y D-Link Edge Cloud S,37
DFL-870M-AV-36-LIC 3-year L,1351
D-Link DECS-2Y D-Link Edge Cloud S,60
DFL-870M-AC-12-LIC 1-year L,550
D-Link DECS-3Y D-Link Edge Cloud S,88
DFL-870M-AC-24-LIC 2-year L,1024
DFL-870M-AC-36-LIC 3-year L,1351
D-Link DIS-100G-5PSW (No Power Adapter,542
DFL-870M-IPS-12-LIC 1-year,550
DFL-870M-IPS-24-LIC 2-year,1024
DFL-870M-IPS-36-LIC 3-year,1351
D-Link DIS-F2010PS-E 10-port Gigab,446
D-Link DIS-F2020PS-E 20-port Gigab,776
D-Link NDR-240-48 DIN Rail Power S,157
D-Link DV-800S-LIC D-View 8,7259
D-Link DV-800E-LIC D-View 8 Enterprise Edition,10889
D-Link DV-800E-LIC D-View,10889
D-Link DV-800-SE-LIC The U,5807
D-Link DV-800MS-Y1-LIC D-View 8 St,3630
D-Link DV-800MS-Y2-LIC D-View 8 St,6533
D-Link DV-800MS-Y3-LIC D-View 8 St,8711
D-Link DV-800MS-Y4-LIC D-View 8 St,10163
D-Link DV-800MS-Y5-LIC D-View 8 St,10889
D-Link DV-800ME-Y1-LIC D-View 8 En,5807
D-Link DV-800ME-Y2-LIC D-View 8 En,10889
D-Link DV-800ME-Y3-LIC D-View 8 En,15244
D-Link NCB-C6UBLUR-305-24 CAT6 UTP,144
"Ugreen MD114-20417 3 in 1 Mini DP to HDMI/VGA/DVI - White, 1080p 1080p",72
"Ugreen MD114-20418 3 in 1 Mini DP to HDMI/VGA/DVI - Black, 1080p 1080p",72
Ugreen MD115-20421 Mini DisplayPort to HDMI & VGA Converter Silver Silver,64
"Ugreen 10448 Mini DP Cable Male to DVI Female converter cable, Active, 4Kx2K, Support ATI Infinity EOL",66
Ugreen MD110-10451 Mini dp male to HDMI female converter cable---Aluminum case Support 4K*2K @ 60hzresolution,58
"Ugreen MD110-10401 Mini dp male to HDMI female converter cable---Aluminum case, 1.1V",40
"Ugreen MD112-10461 Mini dp to HDMI female converter cable 18CM Black - Plastic, 1920*1080 18CM Black",22
"Ugreen MD112-40360 Mini dp to HDMI female converter cable 18CM Black - Plastic, 4K*2K/30Hz 18CM Black",30
"Ugreen MD112-40361 Mini dp to HDMI female converter cable 18CM White - Plastic, 4K*2K/30Hz 18CM White",30
"Ugreen 10402 Mini dp male to DVI female converter cable, Ver 1",34
Ugreen MD107-10403 Mini dp male to VGA female converter cable---Aluminum case,40
Ugreen MD113-10459 Mini dp male to VGA female converter cable---Aluminum case,37
Ugreen MD101-10419 Mini dp male to hdmi cable white 3M - 1080p 3M,40
"Ugreen MD101-20848 Mini dp 1.2 male to hdmi cable black 4K, 1.5m 1.5m",34.4
"Ugreen MD101-10455 Mini dp 1.2 male to hdmi cable black 4K, 3.0m 3.0m",48
Ugreen MD102-10443 Mini DP to DVI (24+1) cable 1.5M White 1.5M White,44
Ugreen MD102-10405 Mini DP to DVI (24+1) cable 2M White 2M White,44
Ugreen MD102-20925 Mini DP to DVI (24+1) cable 2M Black 2M Black,44
Ugreen MD102-10425 Mini DP to DVI (24+1) cable 3M * EOL 3M,46
"Ugreen MD105-10477 Mini DP to DP 1.2 cable 1.5M, 3D, 4Kx2K@60Hz 1.5M",24
"Ugreen MD105-10433 Mini DP to DP 1.2 cable 2.0M, 4Kx2K@60Hz 2.0M",28
"Ugreen MD105-10434 Mini DP to DP 1.2 cable 3.0M, 4Kx2K@60Hz 3.0M",31
"Ugreen MD111-10429 Mini DP Male to Male Cable, 2m, 4K White 2m",24
"Ugreen 10445 Mini DP Male to DP female adaptor, ver 1.2 support 4K*2K",20
Ugreen DP110-20420 DisplayPort to HDMI/VGA/DVI Converter Black Black,70
"Ugreen DP106-20414 DP Male to VGA Female Converter cable, support ATI Eyefinity - Black color Black",36
Ugreen MM137-40363 DP to HDMI Female converter cable 4K*2K@ 30hz Slim type 4K*2K@ 30hz,38
Ugreen MM137-70694 DP to HDMI Female converter cable 4K*2K@ 60hz Slim type 4K*2K@ 60hz,41.2
Ugreen DP105-10247 DP Male to VGA Male cable 1M,15
Ugreen HD107-10141 HDMI male to female extension cable 24K gold-plated 2M,20
"Ugreen 40203 1x8 HDMI Amplifier Splitter, 4K*2K@30HZ",316
Ugreen HD107-10142 HDMI male to female extension cable 2M,20
"Ugreen 40218 1x16 HDMI Amplifier Splitter, 1080p",900
"Ugreen US128-10371 USB 3.0 A male to A male Cable, 1M Micro B to Type C Lead for USB 3.0 External Portable SSD 1M",14.4
Ugreen CR111-20255 USB3.0 Giga Lan Card--ABS case White White,64
Ugreen 30154 USB 3.1 Type-C to Micro USB Adapter,10
"Ugreen CM209-50922 USB Ethernet Adapter Aluminum USB 3.0 to Network Gigabit RJ45 Adapter Converter for Nintendo Switch, MacBook...",64
Ugreen 30155 USB 3.1 Type C superspeed male to USB 3.0 Type A female adapter,13
Ugreen US173-20808 Type C to USB 3.0 A Female adaptor - Black Black,13
Ugreen 40276 1x2 HDMI Amplifier Splitter 4K 4K,178
Ugreen 40277 1x4 HDMI Amplifier Splitter 4K 4K,260
Ugreen US154-30702 Usb Type C To Usb 3.0 Female Cable White 15Cm 15Cm White,16
Ugreen CM217-50966 2-Port HDMI Switcher/Splitter 4K@30hz 4K@30hz,34
"Ugreen 40278 HDMI 3*1 Switch 4K, 5V power adaptor, Zinc Alloy Case",130
"Ugreen CM199-50737 USB Type C to giga, Grey, Realtek chipset Grey",64
Ugreen MM123-30843 USB type C to HDMi+VGA Female converter,80
Ugreen 40205 5x1 HDMI Switch 1080p,116
Ugreen CM275-70446 USB C to 2.5G Ethernet Adapter Type C to 2.5 Gigabit Network,124
Ugreen MM129-40370 HDMI 5*1 Swith with 3.5mm Audio+ optical fiber zinc alloy Material 4K@30hz 4K@30hz,200
Ugreen CM260-60568 USB-C To VGA+HDMI+DP Converter,116
Ugreen 40279 HDMI 5*1 Switch 4K 4K,170
"Ugreen CR125-40755 USB C Card Reader, USB A and USB Type C 2 in 1",60
"Ugreen CM186-50707 HDMI 2.0 1*2 Splitter, support 4K*2K@60HZ, 3D, HDCP2.2 EDID",178
Ugreen CM185-50706 USB-C +USB 3.0 TF/SD Card Reader,158
"Ugreen CM187-50708 HDMI 2.0 1*4 Splitter, support 4K*2K@60HZ, 3D, HDCP2.2 EDID",176
Ugreen CM387-80798 USB-C SD TF Card Reader 3 in 1 USB 3.0,47
Ugreen CM201-50745 HDMI 4*1 Quad Multi-View 1080p 1080p,396
Ugreen 30722 Bluetooth 4.0 Receiver USB Adapter,26
Ugreen 10379 Samsung OTG,6
Ugreen 20224 USB to DB25F,32
"Ugreen CR107-20206 USB 2.0 to DB9 RS232 cable, 1m - FTDI Chipset 1m",46
Ugreen CM228-60101 4 ports USB Synchronous Controller Black Black,100
"Ugreen CR107-20218 USB 2.0 to DB9 RS232 cable, 2m - FTDI Chipset 2m",48.6
Ugreen CM229-60102 8 ports USB Synchronous Controller Black Black,216
"Ugreen CR104-20210 USB 2.0 to DB9 RS232 cable, 1m - Prolfic Chipset 1m",27.2
Ugreen 40207 2 ports HDMI splitter 1m - Black 1m Black,100
"Ugreen CR104-20222 USB 2.0 to DB9 RS232 cable, 2m - Prolfic Chipset 2m",28.4
Ugreen 40281 HDMI to HDMI Converter with SPDIF and 3.5mm audio (De Embedder)- 4K@30hz 4K@30hz,96
"Ugreen US229-30769 USB 2.0 to 2xDB9 RS232 cable, 1.5m Prolfic Chipset 1.5m",68.6
Ugreen US121-10319 USB 2.0 Active extension cable with Chipset 5M Black 5M Black,30
"Ugreen CM253-70612 USB C to DB9 RS232 cable 1.5m, Prolific Chipset 1.5m",32
Ugreen US121-10321 USB 2.0 Active extension cable with Chipset 10M Black 10M Black,46
Ugreen CM253-60562 USB TO RS-422/RS485 adapter Cable 1.5m 1.5m,57
Ugreen US121-10323 USB 2.0 Active Extension cable with chipset 15m 15m,90
Ugreen CM204-50773 USB to RJ45 Console cable 1.5m for Cisco Serial Switch 1.5m,44
Ugreen US121-10324 USB 2.0 Active Extension cable with chipset 20m 20m,110
Ugreen CM204-80186 USB TYPE C TO RJ45 CONSOLE FLAT CABLE 1.5M BLACK 1.5M Black,47
Ugreen US122-10374 USB 2.0 Active A to B Printer Cable 10M Black 10M Black,40
"Ugreen US186-30461 USB to Micro USB x1, USB Type C x1, MFi Lightning x1 - 1m 1m",52
"Ugreen US122-30935 USB 2.0 Active A to B cable with Chipset 10m, gold plated EOL 10m",46
Ugreen 30572 USB Y Splitter Cable USB to USB Type C & Micro USB Cable 0.5M 0.5M,27
"Ugreen US122-30936 USB 2.0 Active A to B cable with Chipset 15m, gold plated 15m",66
Ugreen US155-20729 Lightning to USB Cable(ABS case) MFi Ceritified 1.5m,36
Ugreen US175-20826 USB 3 Extender up to 5m 5m,62
"Ugreen US289-60134 USB 2.0 Male to Micro USB Data Cable Black, 0.25m black 0.25m",4.2
Ugreen US175-20827 USB 3 Extender up to 10m 10m,134
"Ugreen US289-60136 USB 2.0 Male to Micro USB Data Cable Black, 1m black 1m",5.8
Ugreen US133-10396 Micro USB to USB female OTG Black Color Round 480bps,4.3
"Ugreen US289-60138 USB 2.0 Male to Micro USB Data Cable Black, 2m black 2m",6.6
Ugreen US127-10817 Micro USB to USB female Type C & Micro USB Cable OTG White Color Round,9
"Ugreen US289-60827 USB 2.0 Male to Micro USB Data Cable Black, 3m black 3m",10
Ugreen US155-20728 MFI Certified Lightning to USB Cable Data Syncing Charging Cord 1M,39
Ugreen US114-10841 USB 3.0 A male to Micro B USB male cable 1M 1M,16
Ugreen US155-80315 MFI Certified Lightning to USB Cable Data Syncing Charging Cord 1.5M,42
Ugreen US114-10843 USB 3.0 Male to Micro USB Male cable 2m 2m,17
"Ugreen US211-30756 Lightning TO 3.5 Female, MFi Ceritified, Length:10cm 10cm",48
Ugreen US127-10817 Micro USB 3.0 OTG cable White White,10
Ugreen US260-50146 USB A Male to 3.5mm Male Ipod Charging Cable White White,6
Ugreen US102-10311 USB2.0 A male to A male cable 2M 2M,10
Ugreen US277-10376 USB A Male to 3.5*1.35 charging cable black 1m 1m,4
Ugreen US102-30136 USB2.0 A male to A male cable 3M 3M,12
Ugreen 30143 USB 2.0 External 3.5mm Sound Card Adapter 15CM White 15CM White,24
Ugreen US103-10314 USB2.0 A Male to A Female extension cable gold plated 1m 1m,7.6
"Ugreen US206-30712 USB Sound Adapter, USB External Sound Audio Adapter with 3.5mm Stereo for Headset",37.2
Ugreen US103-10316 USB2.0 A Male to A Female extension cable gold plated 2m 2m,8
Ugreen CM129-40964 USB 2.0 External Stereo Sound Adapter 15cm adjustable volume 15cm,34.4
Ugreen US103-10317 USB2.0 A Male to A Female extension cable gold plated 3m 3m,10
Ugreen CM151-50291 Iphone Lightning and Android phone to HDMI,92
Ugreen US103-10318 USB2.0 A Male to A Female extension cable gold plated 5m 5m,14.4
Ugreen 40243 USB 3 to DVI Converter 80cm Silver 80cm Silver,240
Ugreen US135-10350 USB 2.0 AM to BM print cable gold-plated 1.5M 1.5M,7.6
Ugreen 40246 USB 3 to Dual DVI Converter 80cm Silver 80cm Silver,280
Ugreen US135-20847 USB 2.0 AM to BM print cable gold-plated 2M 2M,9.8
Ugreen CM138-40576 USB 2.0 Slim Portable DVD Writer 50cm,156
Ugreen US135-10351 USB 2.0 AM to BM print cable gold-plated 3M 3M,15
Ugreen US135-10352 USB 2.0 AM to BM print cable gold-plated 5M 5M,17
Ugreen 30985 Micro USB Ethernet adaptor for Chromecast and Micro TV Sticks,42
Ugreen US132-10385 USB2.0 A male to Mini 5pin male cable 1.5M - Gold plated 1.5M,9
Ugreen US132-30472 USB2.0 A male to Mini 5pin male cable 2.0M - Gold plated 2.0M,9.1
Ugreen 30175 USB type C to USB 2 type A female change and sync cable,20
Ugreen US132-10386 USB2.0 A male to Mini 5pin male cable 3M - Gold plated 3M,14
Ugreen ED008-40574 USB C Extension Cable Type C Extender Cord Male to Female 0.5m,11.6
"Ugreen US210-30753 USB 3.0 A Male to B Male, 24K Gold Plated Connector, Multiple Interior Shielding, 28+24AWG,OD Black1m 1m",12.8
Ugreen US353-10387 USB-C 3.1 Gen 2 Extension Cable（10Gbps) 1m,26
"Ugreen US210-10372 USB 3.0 A Male to B Male, 24K Gold Plated Connector, Multiple Interior Shielding, 28+24AWG,OD Black 2m 2m",18.6
Ugreen US177-20873 Micro Usb Cable With Usb C Adapter Silver 1.5M 1.5M,26
Ugreen US241-40417 USB C to USB 2 Printer Cable 1.5m White 1.5m White,15.8
ASUS XA01 ROG STRIX FLARE CHERRY RGB MX BROWN,249
ASUS XA01 ROG STRIX FLARE CHERRY RGB MX BLUE,249
ASUS ROG STRIX SCOPE DELUXE RD (XA04),279
ASUS ROG STRIX SCOPE DELUXE BL (XA04),279
ASUS ROG STRIX SCOPE TKL DELUXE RD (X801),239
ASUS ROG STRIX SCOPE TKL DELUXE SV,239
ASUS XA03 ROG STRIX SCOPE PBT KEYCAP MX RED,209
ASUS ROG STRIX SCOPE RX GAMING,179
ASUS XA02 ROG STRIX CONTROL CHERRY RGB MX RED 2Y,219
ASUS XA02 ROG STRIX CONTROL CHERRY RGB MX BROWN 2Y,219
ASUS XA02 ROG STRIX CONTROL CHERRY RGB MX BLUE 2Y,219
ASUS TUF GAMING K7 OPT-MECH RGB GAMING KEYBOARD-2Y,209
ASUS TUF GAMING K7 TACTILE BLUE RGB OPT-MECH RGB GAMING KEYBOARD-2Y,209
ASUS TUF GAMING K3 RED KB / LINEAR,159
ASUS TUF GAMING K3 BLUE KB / CLICKY,159
ASUS TUF GAMING K1 KB,79
ASUS ROG CHAKRAM W/LESS RGB MOUSE WITH QI,259
ASUS ROG CHAKRAM CORE,159
ASUS ROG KERIS WIRELESS,159
ASUS ROG PUGIO II GAMING MOUSE,159
ASUS ROG STRIX CARRY WIRELESS GAMING MOUSE,109
ASUS ROG GLADIUS II WIRELESS AURA RGB MOUSE,189
ASUS ROG GLADIUS II AURA RGB GAMING MOUSE,139
ASUS ROG GLADIUS II CORE RGB GAMING MOUSE,79
ASUS ROG STRIX IMPACT II WIRELESS GAMING MOUSE,139
ASUS ROG STRIX IMPACT II AURA RGB GAMING MOUSE,69
ASUS TUF GAMING M3 RGB GAMING MOUSE,39
ASUS CERBERUS 2500DPI GAMING MOUSE,29
ASUS ROG BALTEUS QI WIRELESS CHARGING MOUSEMAT,209
ASUS ROG SCABBARD GAMING MOUSEMAT,79
ASUS ROG SHEATH GAMING MOUSEMAT,69
ASUS ROG STRIX SLICE MOUSEMAT,39
ASUS CERBERUS PAD XXL MOUSEMAT,49
ASUS CERBERUS PAD PLUS MOUSEMAT,29
ASUS CERBERUS PAD MINI RED MOUSEMAT,19
ASUS TUF GAMING P3 GAMING MOUSEMAT,29
ASUS ROG GAMING KEYCAP SET,59
ASUS ROG THETA 7.1 GAMING HEADSET,479
ASUS ROG STRIX GO 2.4GHZ GAMING HEADSET,319
ASUS ROG STRIX GO CORE - 3.5mm,159
ASUS ROG DELTA DAC TYPE-C RGB GAMING HEADSET,399
ASUS EXT 8X BLACK DVD WRITER M-DISC,59
ASUS ROG DELTA S TYPE-C RGB GAMING HEADSET,399
ASUS EXTERNAL 8X SILVER DVD WRITER M-DISC,59
ASUS ROG STRIX FUSION 500 7.1 GAMING HEADSET,359
ASUS EXTERNAL 8X BLACK DVD WRITER,49
ASUS ROG STRIX FUSION 300 7.1 GAMING HEADSET,209
ASUS ROG STRIX FUSION WIRELESS GAMING HEADSET,259
ASUS TUF GAMING H7 7.1 WIRELESS HEADSET,199
ASUS TUF GAMING H7 7.1 GAMING HEADSET,149
ASUS TUF GAMING H7 CORE (RED) HEADSET,129
ASUS TUF GAMING H3 7.1 GAMING HEADSET Silver,69
ASUS TUF GAMING H3 7.1 GAMING HEADSET Red,69
ASUS ROG CETRA RGB GAMING EARPHONE,169
ASUS ROG CETRA GAMING EARPHONE,159
ASUS ROG CETRA CORE GAMING EARPHONE,89
ASUS ROG THRONE QI WIRELESS CHARGER (HEADSET STAND),219
ASUS AI NOISE-CANCELING MIC ADAPTER WITH USB-C TO 3.5MM,99
ASUS ROG STRIX SCOPE TKL EP/RD/US - X803,229
ASUS ROG STRIX IMPACT II EP - P512 MSE,79
ASUS ROG SHEATH EP - NC01 MOUSEMAT,79
ASUS ROG STRIX Go 2.4 EP HEADSET,319
ROG STRIX FLARE RGB MX RED PNK EDITON,249
ROG STRIX FUSION 300 PNK EDT 7.1 HEADSET,209
ASUS ROG GLADIUS II ORIGIN PNK EDITION MSE,109
ROG SHEATH PNK EDITION GAMING MOUSEMAT,39
ASUS ROG STRIX HELIOS GX 601 T.GLASS CASING,399
ASUS TUF GAMING CASE GT501 T.GLASS/RGB FANS,199
ASUS TUF GAMING CASE GT501VC,139
ASUS TUF GAMING CASE GT301/BLK/ARGB FAN,109
ASUS GR101 ROG Z11 CASE/BLK,399
ASUS ROG-THOR-1200W 80+PLATINUM OLED PSU,589
ASUS ROG-THOR-850W 80+PLATINUM OLED PSU,399
ASUS ROG-STRIX-1000G GOLD PSU,349
ASUS ROG-STRIX-850G-WHITE GOLD PSU,329
ASUS ROG-STRIX-850G-WHITE GOLD PSU,329
ASUS ROG-STRIX-750G Gold PSU,249
ASUS TUF-GAMING-750B 80+ BRONZE,179
ASUS TUF-GAMING-650B 80+ BRONZE,159
ASUS ROG RYUJIN 360 OLED AIO CPU COOLER,519
ASUS ROG RYUJIN 240 OLED AIO CPU COOLER,419
ASUS ROG STRIX LC 360 RGB WHITE EDITION,399
ASUS ROG STRIX LC 240 RGB WHITE EDITION,349
ASUS ROG RYUO 240 OLED AIO CPU COOLER,359
ASUS ROG RYUO 120 OLED AIO CPU COOLER,309
ASUS TUF GAMING LC 240 RGB,229
ASUS EXTERNAL 16X BLU-RAY ODD WRITER,199
ASUS EXTERNAL 6X BLU-RAY ODD WRITER,149
ASUS EXT 8X DVD WRITER W/7.1 SOUNDCARD,159
ASUS EXT 8X GOLD DVD WRITER W/TYPE-C,65
ASUS EXT 8X BLACK DVD WRITER W/TYPE-C,65
ASUS EXT 8X SILVER DVD WRITER W/TYPE-C,65
"EPSON WORKFORCE CARTRIDGE BLACK STANDARD CARTRIDGE WF-5621, WF-5111",90
"EPSON WORKFORCE CARTRIDGE CYAN STANDARD CARTRIDGE WF-5621, WF-5111",99
"EPSON WORKFORCE CARTRIDGE MAGENTA STANDARD CARTRIDGE WF-5621, WF-5111",99
"EPSON WORKFORCE CARTRIDGE YELLOW STANDARD CARTRIDGE WF-5621, WF-5111",99
EPSON MAINTENANCE BOX (WF-5621/WF-5111),36.5
EPSON BLACK STANDARD CARTRIDGE WF-6091,135
EPSON CYAN STANDARD CARTRIDGE WF-6091,105
EPSON MAGENTA STANDARD CARTRIDGE WF-6091,105
EPSON YELLOW STANDARD CARTRIDGE WF-6091,105
EPSON Replacement Pick Up Roller (Standard Cassette) WF-6091,55
EPSON Replacement Pick Up Roller (Optional Cassette) WF-6091,55
EPSON MAINTENANCE BOX (WF-6091),103
EPSON C12C932871 OPTIONAL CASSETTE (WF-C579R),383
EPSON C13T671600 MAINTENANCE BOX (WF-C579R),52
EPSON C12C932611 500-sheet Paper Cassette Unit (PCU),500
EPSON C12C934321 RIPS3 PRINTER STAND,253
EPSON C12C934361 WF-C879R Manual Stapler,440
EPSON C12C934471 EPSONNET 10/100/1000BASE TX INT - C879 only,455
EPSON C12C934491 SUPER G3 MULTI FAXBOARD - C879 only,1296
EPSON C12C934911 WF-C879R STAPLE CARTRIDGE - C879 only,58
EPSON C12C934921 WF-C879R Authentication Device Table - C879 only,41
EPSON C13S210048 Standard Cassette Maintenance Roller,68
EPSON C13S210049 Optional Cassette Maintenance Roller,68
EPSON C12C935941 MAINTENANCE ROLLER FOR PAPER CASSETTE,31
EPSON C12C935961 MAINTENANCE ROLLER FOR MAIN UNIT,27
EPSON C12C934471 EPSONNET 10/100/1000BASE TX INT.,455
EPSON C12C934491 SUPER G3 MULTI FAXBOARD,1296
EPSON C13T671400 MAINTENANCE BOX (WF-C878R/879R),121
EPSON C13S210048 Standard Cassette Maintenance Roller,68
EPSON C13S210049 Optional Cassette Maintenance Roller,68
EPSON C13T01D400 WF-579R Y/Large,201
EPSON C13T01D300 WF-579R M/Large,201
EPSON C13T01D200 WF-579R C/Large,201
EPSON C13T01D100 WF-579R BK/Large,591
EPSON C13T01C400 WF-579R Y/Standard,131
EPSON C13T01C300 WF-579R M/Standard,131
EPSON C13T01C200 WF-579R C/Standard,131
EPSON C13T01C100 WF-579R BK/Standard,302
"EPSON C13T05A100 Hopkins3, BK/Standard",131
"EPSON C13T05A200 Hopkins3, C/Standard",268
"EPSON C13T05A300 Hopkins3, M/Standard",268
"EPSON C13T05A400 Hopkins3, Y/Standard",268
"EPSON C13T05B100 Hopkins3, BK/Large",493
"EPSON C13T05B200 Hopkins3, C/Large",554
"EPSON C13T05B300 Hopkins3, M/Large",554
"EPSON C13T05B400 Hopkins3, Y/Large",554
EPSON C13T973100 Black Standard Ink Pack,144
EPSON C13T973200 Cyan Standard Ink Pack,268
EPSON C13T973300 Magenta Standard Ink Pack,268
EPSON C13T973400 Yellow Standard Ink Pack,268
EPSON C13T974100 Black Large Ink Pack,495
EPSON C13T974200 Cyan Large Ink Pack,918
EPSON C13T974300 Magenta Large Ink Pack,918
EPSON C13T974400 Yellow Large Ink Pack,918
EPSON C11CH605024NTB1 1+4 years Coverplus for WF-C878R (with Option),1014
EPSON C11CH605022NTB1 1+2 years Coverplus for WF-C878R (with Option),479
EPSON C11CH355024NTB1 1+4 years Coverplus for WF-C879R (with Option),1165
EPSON C11CH355022NTB1 1+2 years Coverplus for WF-C879R (with Option),556
EPSON IC579R3N101 2+3 year Coverplus for WF-C579R,398
EPSON IC579R1N101 2+1 year Coverplus for WF-C579R,131
Canon 3850C003 LV-X350 Compact Projector LCD Fixed Lens Lamp,999
Canon 3851C003 LV-WX370 Compact Projector LCD Fixed Lens Lamp,1099
Canon 3852C003 LV-WU360 Compact Projector LCD Fixed Lens Lamp,1799
Canon 2136C003 XEED WUX500ST Compact Short-throw Full HD LCOS Projector,5000
Canon 1955C003 XEED 4K600STZ LCOS Fixed Lens Laser 6000 lumens 4K,11000
Canon 3899C001 LV-LP43 LV-X350 / WX370 / WU360 Lamps,180
Canon 1907C001 LV-LP42 LV-X420 / HD420 Lamps,450
Canon 1035C001 LX-LP02 MW500 / MU500 Lamps,900
Canon 0953C001 LX-LP01 MU700 Lamps,2000
Canon 5322B001 LV-LP34 7490 / 8320 Lamps,280
Canon 5323B001 LV-LP35 7292 / 7290 / 7392 Lamps,180
Canon 5806B001 LV-LP36 8235UST Lamps,350
Canon 0030C001 LV-LP37 S300 / X300 Lamps,300
Canon 0031C001 LV-LP38 X300ST / X320 / X310ST Lamps,350
Canon 0119C001 LV-LP39 WX300 Lamps,300
Canon 0120C001 LV-LP40 WX300ST / WX320 / WX310ST Lamps,350
Canon 0740C001 LV-LP41 WX300UST / WX300USTi Lamps,400
Canon 2406C001 RS-LP12 WUX7500 / WUX6700 / WUX5800 Lamps,700
Canon 8377B001 RS-LP08 WX520 / WUX400ST / WUX450 / WX450ST / WUX500ST / WUX500 Lamps,550
Canon 9963B001 RS-LP09 WUX6000/WUX6010 Lamps,550
Canon 2141C001 RS-LP11 WUX6500 Lamps,900
CANON SCANNER LiDE 300 ASA 2995C012AA,149
CANON SCANNER LiDE 400 ASA 2996C012AA,189
CANON SCANNER P-215 II 9705B002,459
CANON SCANNER DR-F120 9017B003,689
CANON IMAGEFORMULA 3258C003AD DR-C225 II,1562
CANON IMAGEFORMULA 0651C003AF DR-C240,2095
CANON IMAGEFORMULA 4044C003AC DR-S150,2625
CANON IMAGEFORMULA 2405C003AE DR-M260,3474
CANON IMAGEFORMULA 1255C003AF ScanFront 400,8415
CANON IMAGEFORMULA 4624B003AJ DR-6030C,8800
CANON IMAGEFORMULA 3150C003AC DR-G2110,13788
CANON IMAGEFORMULA 3149C003AC DR-G2140,19310
CANON IMAGEFORMULA 2152C003AB !A4 size Flatbed Unit 102 (FSU 102),1080
Apple AirTag Loop - White MX4F2FE/A,45
Apple AirTag (1 Pack) MX532ZP/A,45
Apple AirTag Loop - Pink Citrus MLYY3FE/A,45
Apple AirTag FineWoven Key Ring - Black MT2H3FE/A,55
Apple AirTag FineWoven Key Ring - Mulberry MT2J3FE/A,55
Apple AirTag FineWoven Key Ring - Pacific Blue MT2K3FE/A,55
Apple AirTag FineWoven Key Ring - Taupe MT2L3FE/A,55
Apple AirTag FineWoven Key Ring - Coral MT2M3FE/A,55
Apple AirTag (4 Pack) MX542ZP/A,149
Apple iPhone 12 mini Silicone Case with MagSafe - Deep Navy,75
Apple iPhone 12 mini Silicone Case with MagSafe - White,75
Apple iPhone 12 mini Silicone Case with MagSafe - (PRODUCT)RED,75
Apple iPhone 12 mini Silicone Case with MagSafe - Black,75
Apple iPhone 12 | 12 Pro Silicone Case with MagSafe - Deep Navy,75
Apple iPhone 12 | 12 Pro Silicone Case with MagSafe - White,75
Apple iPhone 12 | 12 Pro Silicone Case with MagSafe - (PRODUCT)RED,75
Apple iPhone 12 | 12 Pro Silicone Case with MagSafe - Black,75
Apple iPhone 12 mini Clear Case with MagSafe,75
Apple iPhone 12 | 12 Pro Clear Case with MagSafe,75
Apple iPhone 13 mini Silicone Case with MagSafe - Chalk Pink,75
Apple iPhone 13 mini Silicone Case with MagSafe - Abyss Blue,75
Apple iPhone 13 mini Silicone Case with MagSafe - Midnight,75
Apple iPhone 13 mini Silicone Case with MagSafe – (PRODUCT)RED,75
Apple iPhone 13 Silicone Case with MagSafe – Chalk Pink,75
Apple iPhone 13 Silicone Case with MagSafe – Abyss Blue,75
Apple iPhone 13 Silicone Case with MagSafe – Midnight,75
Apple iPhone 13 Silicone Case with MagSafe – (PRODUCT)RED,75
Apple iPhone 13 Pro Silicone Case with MagSafe – Chalk Pink,75
Apple iPhone 13 Pro Silicone Case with MagSafe – Abyss Blue,75
Apple iPhone 13 Pro Silicone Case with MagSafe – Midnight,75
Apple iPhone 13 Pro Silicone Case with MagSafe – (PRODUCT)RED,75
Apple iPhone 13 Pro Max Silicone Case with MagSafe – Chalk Pink,75
Apple iPhone 13 Pro Max Silicone Case with MagSafe - Orange Sorbet,75
Apple iPhone 13 Pro Max Silicone Case with MagSafe – Cypress,75
Apple iPhone 13 Pro Max Silicone Case with MagSafe – Midnight,75
Apple iPhone 13 Pro Max Silicone Case with MagSafe - Winter Blue,75
Apple iPhone 13 Pro Max Silicone Case with MagSafe – (PRODUCT)RED,75
Apple iPhone 13 mini Clear Case with MagSafe,75
Apple iPhone 13 Clear Case with MagSafe,75
Apple iPhone 13 Pro Clear Case with MagSafe,75
Apple iPhone 13 Pro Max Clear Case with MagSafe,75
Apple iPhone 13 mini Silicone Case with MagSafe - Pink Pomelo,75
Apple iPhone 13 mini Silicone Case with MagSafe - Clover,75
Apple iPhone 13 Silicone Case with MagSafe – Pink Pomelo,75
Apple iPhone 14 Silicone Case with MagSafe - Midnight,75
Apple iPhone 14 Plus Silicone Case with MagSafe - Midnight,75
Apple iPhone 14 Pro Silicone Case with MagSafe - Midnight,75
Apple iPhone 14 Pro Max Silicone Case with MagSafe - Midnight,75
Apple iPhone 14 Clear Case with MagSafe,75
Apple iPhone 14 Plus Clear Case with MagSafe,75
Apple iPhone 14 Pro Clear Case with MagSafe,75
Apple iPhone 14 Pro Max Clear Case with MagSafe,75
Apple iPhone 14 Silicone Case with MagSafe - Storm Blue,75
Apple iPhone 14 Silicone Case with MagSafe - (PRODUCT)RED,75
Apple iPhone 14 Silicone Case with MagSafe - Chalk Pink,75
Apple iPhone 14 Plus Silicone Case with MagSafe - Storm Blue,75
Apple iPhone 14 Plus Silicone Case with MagSafe - (PRODUCT)RED,75
Apple iPhone 14 Plus Silicone Case with MagSafe - Chalk Pink,75
Apple iPhone 14 Pro Silicone Case with MagSafe - Storm Blue,75
Apple iPhone 14 Pro Silicone Case with MagSafe - (PRODUCT)RED,75
Apple iPhone 14 Pro Silicone Case with MagSafe - Chalk Pink,75
Apple iPhone 14 Pro Max Silicone Case with MagSafe - Storm Blue,75
Apple iPhone 14 Pro Max Silicone Case with MagSafe - (PRODUCT)RED,75
Apple iPhone 14 Pro Max Silicone Case with MagSafe - Chalk Pink,75
Apple iPhone 14 Silicone Case with MagSafe - Canary Yellow,75
Apple iPhone 14 Silicone Case with MagSafe - Olive,75
Apple iPhone 14 Silicone Case with MagSafe - Sky,75
Apple iPhone 14 Silicone Case with MagSafe - Iris,75
Apple iPhone 14 Plus Silicone Case with MagSafe - Canary Yellow,75
Apple iPhone 14 Plus Silicone Case with MagSafe - Olive,75
Apple iPhone 14 Plus Silicone Case with MagSafe - Sky,75
Apple iPhone 14 Plus Silicone Case with MagSafe - Iris,75
Apple iPhone 14 Pro Silicone Case with MagSafe - Canary Yellow,75
Apple iPhone 14 Pro Silicone Case with MagSafe - Olive,75
Apple iPhone 14 Pro Silicone Case with MagSafe - Sky,75
Apple iPhone 14 Pro Silicone Case with MagSafe - Iris,75
Apple iPhone 14 Pro Max Silicone Case with MagSafe - Canary Yellow,75
Apple iPhone 14 Pro Max Silicone Case with MagSafe - Olive,75
Apple iPhone 14 Pro Max Silicone Case with MagSafe - Sky,75
Apple iPhone 14 Pro Max Silicone Case with MagSafe - Iris,75
Apple iPhone 15 Silicone Case with MagSafe - Black,75
Apple iPhone 15 Silicone Case with MagSafe - Storm Blue,75
Apple iPhone 15 Silicone Case with MagSafe - Clay,75
Apple iPhone 15 Silicone Case with MagSafe - Light Pink,75
Apple iPhone 15 Silicone Case with MagSafe - Guava,75
Apple iPhone 15 Silicone Case with MagSafe - Orange Sorbet,75
Apple iPhone 15 Silicone Case with MagSafe - Cypress,75
Apple iPhone 15 Silicone Case with MagSafe - Winter Blue,75
Apple iPhone 15 Plus Silicone Case with MagSafe - Black,75
Apple iPhone 15 Plus Silicone Case with MagSafe - Storm Blue,75
Apple iPhone 15 Plus Silicone Case with MagSafe - Clay,75
Apple iPhone 15 Plus Silicone Case with MagSafe - Light Pink,75
Apple iPhone 15 Plus Silicone Case with MagSafe - Guava,75
Apple iPhone 15 Plus Silicone Case with MagSafe - Orange Sorbet,75
Apple iPhone 15 Plus Silicone Case with MagSafe - Cypress,75
Apple iPhone 15 Plus Silicone Case with MagSafe - Winter Blue,75
Apple iPhone 15 Pro Silicone Case with MagSafe - Black,75
Apple iPhone 15 Pro Silicone Case with MagSafe - Storm Blue,75
Apple iPhone 15 Pro Silicone Case with MagSafe - Clay,75
Apple iPhone 15 Pro Silicone Case with MagSafe - Light Pink,75
Apple iPhone 15 Pro Silicone Case with MagSafe - Guava,75
Apple iPhone 15 Pro Silicone Case with MagSafe - Orange Sorbet,75
Apple iPhone 15 Pro Silicone Case with MagSafe - Cypress,75
Apple iPhone 15 Pro Silicone Case with MagSafe - Winter Blue,75
Apple iPhone 15 Pro Max Silicone Case with MagSafe - Black,75
Apple iPhone 15 Pro Max Silicone Case with MagSafe - Storm Blue,75
Apple iPhone 15 Pro Max Silicone Case with MagSafe - Clay,75
Apple iPhone 15 Pro Max Silicone Case with MagSafe - Light Pink,75
Apple iPhone 15 Pro Max Silicone Case with MagSafe - Guava,75
Apple iPhone 15 Pro Max Silicone Case with MagSafe - Orange Sorbet,75
Apple iPhone 15 Pro Max Silicone Case with MagSafe - Cypress,75
Apple iPhone 15 Pro Max Silicone Case with MagSafe - Winter Blue,75
Apple iPhone 15 Clear Case with MagSafe,75
Apple iPhone 15 Plus Clear Case with MagSafe,75
Apple iPhone 15 Pro Clear Case with MagSafe,75
Apple iPhone 15 Pro Max Clear Case with MagSafe,75
Apple iPhone FineWoven Wallet with MagSafe - Taupe,89
Apple iPhone FineWoven Wallet with MagSafe - Mulberry,89
Apple iPhone FineWoven Wallet with MagSafe - Pacific Blue,89
Apple iPhone FineWoven Wallet with MagSafe - Evergreen,89
Apple iPhone FineWoven Wallet with MagSafe - Black,89
Apple iPhone 15 FineWoven Case with MagSafe - Black,89
Apple iPhone 15 FineWoven Case with MagSafe - Taupe,89
Apple iPhone 15 FineWoven Case with MagSafe - Mulberry,89
Apple iPhone 15 FineWoven Case with MagSafe - Pacific Blue,89
Apple iPhone 15 FineWoven Case with MagSafe - Olive,89
Apple iPhone 15 FineWoven Case with MagSafe - Evergreen,89
Apple iPhone 15 Plus FineWoven Case with MagSafe - Black,89
Apple iPhone 15 Plus FineWoven Case with MagSafe - Taupe,89
Apple iPhone 15 Plus FineWoven Case with MagSafe - Mulberry,89
Apple iPhone 15 Plus FineWoven Case with MagSafe - Pacific Blue,89
Apple iPhone 15 Plus FineWoven Case with MagSafe - Evergreen,89
Apple iPhone 15 Pro FineWoven Case with MagSafe - Black,89
Apple iPhone 15 Pro FineWoven Case with MagSafe - Taupe,89
Apple iPhone 15 Pro FineWoven Case with MagSafe - Mulberry,89
Apple iPhone 15 Pro FineWoven Case with MagSafe - Pacific Blue,89
Apple iPhone 15 Pro FineWoven Case with MagSafe - Evergreen,89
Apple iPhone 15 Pro Max FineWoven Case with MagSafe - Black,89
Apple iPhone 15 Pro Max FineWoven Case with MagSafe - Olive,89
Apple iPhone 15 Pro Max FineWoven Case with MagSafe - Taupe,89
Apple iPhone 15 Pro Max FineWoven Case with MagSafe - Mulberry,89
Apple iPhone 15 Pro Max FineWoven Case with MagSafe - Pacific Blue,89
Apple iPhone 15 Pro Max FineWoven Case with MagSafe - Evergreen,89
Apple iPhone XR Clear Case MRW62FE/A,59.55
Apple Smart Cover for iPad (9th generation) - White,75.7
Apple iPhone XS Max Silicone Case - Papaya,59.55
Apple iPhone 11 Pro Silicone Case - Pomegranate,59.55
Apple iPhone 11 Pro Silicone Case - Beryl,59.55
Apple iPhone 11 Pro Max Silicone Case - Beryl,59.55
Apple Smart Cover for iPad (9th generation) - Black,75.7
Apple Smart Folio for iPad Air (5th generation) - White,120.1
Apple Smart Folio for iPad Air (5th generation) - Black,120.1
Apple Smart Folio for iPad Pro 11-inch (4th generation) - Black,120.1
Apple Smart Folio for iPad Pro 11-inch (4th generation) - White,120.1
Apple iPhone 15 Plus Silicone Case with MagSafe Silicone Case with MagSafe,75
Apple iPhone 13 Pro Max Silicone Case with MagSafe - Orange Sorbet,75
Apple Smart Folio for iPad Pro 12.9-inch (6th generation) - Black,150.35
Apple Smart Folio for iPad Pro 12.9-inch (6th generation) - White,150.35
Apple Smart Folio for iPad mini (6th generation) - Black,89.8
Apple Smart Folio for iPad mini (6th generation) - White,89.8
Apple Smart Folio for iPad mini (6th generation) - Electric Orange,89.8
Apple Smart Folio for iPad mini (6th generation) - Dark Cherry,89.8
Apple Smart Folio for iPad mini (6th generation) - English Lavender,89.8
Apple Smart Cover for iPad (9th generation) - English Lavender,75.7
Apple iPhone SE Silicone Case - Midnight,49.45
Apple iPhone SE Silicone Case - Abyss Blue,49.45
Apple iPhone SE Silicone Case - Chalk Pink,49.45
Apple iPhone SE Silicone Case - (PRODUCT)RED,49.45
Apple Smart Folio for iPad Air (5th generation) - Dark Cherry,120.1
Apple Smart Folio for iPad Air (5th generation) - English Lavender,120.1
Apple Smart Folio for iPad Air (5th generation) - Marine Blue,120.1
Apple Smart Folio for iPad (10th generation) - White,120.1
Apple Smart Folio for iPad (10th generation) - Lemonade,120.1
Apple Smart Folio for iPad (10th generation) - Watermelon,120.1
Apple Smart Folio for iPad (10th generation) - Sky,120.1
Apple Smart Folio for iPad Pro 11-inch (4th generation) - Marine Blue,120.1
Apple Smart Folio for iPad Pro 12.9-inch (6th generation) - Marine Blue,150.35
Apple Apple Pencil Tips - 4 pack,29.25
Apple Apple Pencil (2nd Generation),200.85
Apple Apple Pencil (1st Generation),150.35
Apple USB-C to Apple Pencil Adapter,15.1
Apple Apple Pencil (USB-C),119
Apple Radeon Pro Vega II MPX Module,3300
Apple Radeon Pro Vega II Duo MPX Module,6600
Apple VESA Mount Adapter,281.6
Apple Pro Stand,1412.05
Apple Pro Display XDR - Standard glass,7367.2
Apple Pro Display XDR - Nano-texture glass,8780.25
Apple Apple Studio Display - Standard Glass - Tilt- and Height-Adjustable Stand,2926.05
Apple Apple Studio Display - Standard Glass - Tilt-Adjustable Stand,2320.45
Apple Apple Studio Display - Standard Glass - VESA Mount Adapter (Stand not included),2320.45
Apple Apple Studio Display - Nano-Texture Glass - Tilt- and Height-Adjustable Stand,3329.8
Apple Apple Studio Display - Nano-Texture Glass - Tilt-Adjustable Stand,2724.2
Apple Apple Studio Display - Nano-Texture Glass - VESA Mount Adapter (Stand not included),2724.2
Apple EarPods with Lightning Connector,29
Apple EarPods (USB-C),29
Apple AirPods Pro (2nd generation) with MagSafe Case (USB-C),362.35
Apple EarPods with 3.5mm Headphone Plug,29.25
Apple Wireless Charging Case for AirPods,120.1
Apple AirPods (2nd generation),200.85
Apple Lightning to 3.5mm Audio Cable (1.2m) - Black,49
Apple AirPods Max - Space Gray,806.45
Apple AirPods Max - Silver,806.45
Apple AirPods Max - Sky Blue,806.45
Apple AirPods Max - Pink,806.45
Apple AirPods Max - Green,806.45
Apple AirPods (3rd generation) with MagSafe Charging Case,271.5
Apple AirPods (3rd generation) with Lightning Charging Case,261.4
Apple Apple Afterburner Card,3028
Apple 16GB (2x8GB) DDR4 ECC Memory Kit,605.6
Apple 32GB (2x16GB) DDR4 ECC Memory Kit,1200
Apple 64GB (2x32GB) DDR4 ECC Memory Kit,1800
Apple 128GB (2x64GB) DDR4 ECC Memory Kit MX1K2G/A,4200
Apple Magic Keyboard for iPad Pro 12.9-inch (6th Generation) - Chinese (Zhuyin) - White MU7E2FE/A,15.1
Apple 256GB (2x128GB) DDR4 ECC Memory Kit MX8G2G/A,9000
Apple Magic Keyboard with Touch ID for Mac computers with Apple silicon - US English MJQL3MO/A,533.9
Apple USB-C to SD Card Reader MUFG2ZA/A,59.55
Apple Apple Mac Pro Wheels Kit MX572FE/A,1008.3
Apple Magic Keyboard with Touch ID for Mac computers with Apple silicon - US English MK293ZA/A,200.85
Apple Lightning to 3.5mm Audio Cable (1.2m) - Black MR2C2FE/A,49
Apple Apple Mac Pro Feet Kit MXNM2FE/A,402.7
Apple Magic Keyboard - US English MK2A3ZA/A,130.2
Apple Lightning to USB Cable (1 m) MXLY2ZA/A,29.25
Apple Radeon Pro W5700X MPX Module MW662ZA/A,1500
Apple Magic Keyboard with Touch ID and Numeric Keypad for Mac computers with Apple silicon - US English MK2C3ZA/A,241.2
Apple Power Adapter Extension Cable MK122B/A,29.25
Apple 1TB SSD Kit for Mac Pro MXNN2FE/A,900
Apple Magic Trackpad MK2D3ZA/A,170.55
Apple 96W USB-C Power Adapter MX0J2ZP/A,99.9
Apple 2TB SSD Kit for Mac Pro MXNP2FE/A,1500
Apple Magic Mouse MK2E3ZA/A,99.9
Apple Apple 85W MagSafe Power Adapter (for 15- and 17-inch MacBook Pro) MC556B/C,99.9
Apple 4TB SSD Kit for Mac Pro MXNQ2FE/A,2400
Apple Magic Keyboard with Touch ID for Mac computers with Apple silicon - British English MK293BX/A,200.85
Apple 30W USB-C Power Adapter MY1W2ZP/A,55.5
Apple 8TB SSD Kit for Mac Pro MXNR2FE/A,4200
Apple Magic Keyboard with Touch ID for Mac computers with Apple silicon - Chinese (Pinyin) MK293CV/A,200.85
Apple Apple 12W USB Power Adapter MGN03ZP/A,29.25
Apple Radeon Pro W5500X MPX Module MXM52ZA/A,900
Apple Magic Keyboard with Touch ID for Mac computers with Apple silicon - Japanese MK293JX/A,200.85
Apple MagSafe Charger MHXH3AM/A,59.55
Apple Radeon Pro W6800X MPX Module MJ073ZA/A,4200
Apple Magic Keyboard with Touch ID for Mac computers with Apple silicon - Chinese (Zhuyin) MK293MO/A,200.85
Apple 20W USB-C Power Adapter MHJF3ZP/A,29.25
Apple Polishing Cloth MM6F3ZA/A,29.25
Apple Magic Keyboard - British English MK2A3BX/A,130.2
Apple Lightning to 3.5 mm Audio Cable (1.2m) - White MXK22FE/A,49.45
Apple Radeon Pro W6600X MPX Module MKGY3ZA/A,1050
Apple Magic Keyboard - Chinese (Pinyin) MK2A3CV/A,130.2
Apple 67W USB-C Power Adapter MKU63ZP/A,85.75
Apple Apple 2TB SSD Upgrade Kit for Mac Pro MR393FE/A,1500
Apple Magic Keyboard - Japanese MK2A3JX/A,130.2
Apple 140W USB-C Power Adapter MLYU3ZP/A,120.1
Apple Apple 4TB SSD Upgrade Kit for Mac Pro MR3A3FE/A,2400
Apple Magic Keyboard - Chinese (Zhuyin) MK2A3MO/A,130.2
Apple USB-C to MagSafe 3 Cable (2m) - Silver MLYV3ZA/A,65.6
Apple Apple 8TB SSD Upgrade Kit for Mac Pro MR3C3FE/A,4200
Apple Magic Keyboard with Touch ID and Numeric Keypad for Mac computers with Apple silicon - British English MK2C3BX/A,241.2
Apple USB-C to Lightning Cable (1 m) MM0A3FE/A,29.25
Apple Magic Keyboard with Numeric Keypad - US English - Silver MQ052ZA/A,170.55
Apple Magic Keyboard with Touch ID and Numeric Keypad for Mac computers with Apple silicon - Chinese (PinYin) MK2C3CV/A,241.2
Apple Thunderbolt 4 Pro Cable (1.8 m) MN713ZA/A,180.65
Apple Smart Keyboard for iPad (9th generation) - US English MX3L2ZA/A,251.3
Apple Magic Keyboard with Touch ID and Numeric Keypad for Mac computers with Apple silicon - Japanese MK2C3JX/A,241.2
Apple Thunderbolt 4 Pro Cable (3 m) MWP02ZA/A,221
Apple Smart Keyboard Folio for iPad Pro 11-inch (4th generation) and iPad Air (5th generation)– US English MXNK2ZA/A,281.6
Apple Magic Keyboard with Touch ID and Numeric Keypad for Mac computers with Apple silicon - Chinese (Zhuyin) MK2C3MO/A,241.2
Apple 35W Dual USB-C Port Power Adapter MNWP3ZP/A,85.75
Apple Smart Keyboard Folio for 12.9-inch iPad Pro (6th generation) - US English MXNL2ZA/A,301.75
Apple Magic Trackpad - Black Multi-Touch Surface MMMP3ZA/A,200.85
Apple 60W USB-C Charge Cable (1m) MQKJ3ZA/A,29.25
Apple Magic Keyboard for iPad Pro 11-inch (4th generation) and iPad Air (5th generation) - US English - Black MXQT2ZA/A,453.15
Apple Magic Mouse - Black Multi-Touch Surface MMMQ3ZA/A,130.2
Apple 70W USB-C Power Adapter MQLN3ZP/A,85.75
Apple Smart Keyboard for iPad (9th generation) - British English MX3L2BX/A,251.3
Apple Magic Keyboard with Touch ID and Numeric Keypad for Mac models with Apple silicon - US English - Black Keys MMMR3ZA/A,271.5
Apple Apple USB SuperDrive MD564ZM/A,99.9
Apple Smart Keyboard for iPad (9th generation) - Chinese (Pinyin) MX3L2CV/A,251.3
Apple Magic Keyboard with Touch ID and Numeric Keypad for Mac models with Apple silicon - British English - Black Keys MMMR3BX/A,271.5
Apple Wireless Charging Case for AirPods MR8U2ZA/A,119
Apple Smart Keyboard for iPad (9th generation) - Japanese MX3L2JX/A,251.3
Apple Magic Keyboard with Touch ID and Numeric Keypad for Mac models with Apple silicon - Chinese (PinYin) - Black Keys MMMR3CV/A,271.5
Apple AirPods (2nd generation) MV7N2ZA/A,200.85
Apple Smart Keyboard for iPad (9th generation) - Chinese (Zhuyin) MX3L2MO/A,251.3
Apple Magic Keyboard with Touch ID and Numeric Keypad for Mac models with Apple silicon - Japanese - Black Keys MMMR3JX/A,271.5
Apple AirPods (3rd generation) with MagSafe Charging Case MME73ZA/A,271.5
Apple Smart Keyboard Folio for iPad Pro 11-inch (4th generation) and iPad Air (5th generation) — British English MXNK2BX/A,281.6
Apple Magic Keyboard with Touch ID and Numeric Keypad for Mac models with Apple silicon - Chinese (Zhuyin) - Black Keys MMMR3MO/A,271.5
Apple AirPods (3rd generation) with Lightning Charging Case MPNY3ZA/A,261.4
Apple Smart Keyboard Folio for iPad Pro 11-inch (4th generation) and iPad Air (5th generation) — Chinese (Pinyin) MXNK2CV/A,281.6
Apple Magic Keyboard Folio for iPad (10th generation) - International English MQDP3ZA/A,382.5
Apple AirPods Max - Space Gray MGYH3ZA/A,806.45
Apple Smart Keyboard Folio for iPad Pro 11-inch (4th generation) and iPad Air (5th generation) — Japanese MXNK2JX/A,281.6
Apple Magic Keyboard Folio for iPad (10th generation) - British English MQDP3BX/A,382.5
Apple AirPods Max - Silver MGYJ3ZA/A,806.45
Apple Smart Keyboard Folio for iPad Pro 11-inch (4th generation) and iPad Air (5th generation) - Chinese (Zhuyin) MXNK2MO/A,281.6
Apple Magic Keyboard Folio for iPad (10th generation) - Chinese (PinYin) MQDP3CV/A,382.5
Apple AirPods Max - Sky Blue MGYL3ZA/A,806.45
Apple Magic Keyboard for iPad Pro 11-inch (4th generation) and iPad Air (5th generation) - British English - Black MXQT2BX/A,453.15
Apple Magic Keyboard Folio for iPad (10th generation) - Japanese MQDP3JX/A,382.5
Apple AirPods Max - Pink MGYM3ZA/A,806.45
Apple Magic Keyboard for iPad Pro 11-inch (4th generation) and iPad Air (5th generation) - Chinese (Pinyin) - Black MXQT2CV/A,453.15
Apple Magic Keyboard Folio for iPad (10th generation) - Chinese (Zhuyin) MQDP3MO/A,382.5
Apple AirPods Max - Green MGYN3ZA/A,806.45
Apple Magic Keyboard for iPad Pro 11-inch (4th generation) and iPad Air (5th generation) - Japanese - Black MXQT2JX/A,453.15
Apple Apple Watch Magnetic Charging Cable (1 m) MX2E2AM/A,39
Apple AirPods Pro (2nd generation) with MagSafe Case (USB-C) MTJV3ZA/A,362.35
Apple Magic Keyboard for iPad Pro 11-inch (4th generation) and iPad Air (5th generation) - Chinese (Zhuyin) - Black MXQT2MO/A,453.15
Apple Apple World Travel Adapter Kit MD837AM/A,45
Apple Magic Keyboard for iPad Pro 11-inch (4th generation) and iPad Air (5th generation) - US English - White MJQJ3ZA/A,453.15
Apple Lightning to USB Cable (2 m) MD819AM/A,45
Apple Lightning to USB Camera Adapter MD821AM/A,45
Apple Magic Keyboard for iPad Pro 12.9-inch (6th Generation) - US English - White MJQL3ZA/A,533.9
Apple USB-C to Lightning Cable (2 m) MQGH2ZA/A,45
Apple Magic Keyboard for iPad Pro 11-inch (4th generation) and iPad Air (5th generation) - British English - White MJQJ3BX/A,453.15
Apple 240W USB-C Charge Cable (2 m) MU2G3ZA/A,45
Apple USB-C to Lightning Adapter MUQX3ZA/A,45
Apple Magic Keyboard for iPad Pro 11-inch (4th generation) and iPad Air (5th generation) - Chinese (Pinyin) - White MJQJ3CV/A,453.15
Apple Thunderbolt 4 (USB-C) Pro Cable (1 m) MU883ZA/A,95
Apple Magic Keyboard for iPad Pro 11-inch (4th generation) and iPad Air (5th generation) - Japanese - White MJQJ3JX/A,453.15
Apple Apple MagSafe to MagSafe 2 Converter MD504ZM/A,15.1
Apple Magic Keyboard for iPad Pro 11-inch (4th generation) and iPad Air (5th generation) - Chinese (Zhuyin) - White MJQJ3MO/A,453.15
Apple Apple 45W MagSafe 2 Power Adapter (for MacBook Air) MD592B/B,99.9
Apple Magic Keyboard for iPad Pro 12.9-inch (6th Generation) - British English - Black MJQK3BX/A,533.9
Apple Apple Thunderbolt cable (2.0 m) MD861ZM/A,59.55
Apple Magic Keyboard for iPad Pro 12.9-inch (6th Generation) - Chinese (Pinyin) - Black MJQK3CV/A,533.9
Apple Apple 85W MagSafe 2 Power Adapter (for MacBook Pro with Retina display) MD506B/B,99.9
Apple Magic Keyboard for iPad Pro 12.9-inch (6th Generation) - US English - Black MJQK3ZA/A,533.9
Apple Apple 60W MagSafe 2 Power Adapter (MacBook Pro with 13-inch Retina display) MD565B/B,99.9
Apple Magic Keyboard for iPad Pro 12.9-inch (6th Generation) - Japanese - Black MJQK3JX/A,533.9
Apple Lightning to VGA Adapter MD825AM/A,75.7
Apple Magic Keyboard for iPad Pro 12.9-inch (6th Generation) - Chinese (Zhuyin) - Black MJQK3MO/A,533.9
Apple Lightning to Digital AV Adapter MD826AM/A,75.7
Apple Magic Keyboard for iPad Pro 12.9-inch (6th Generation) - British English - White MJQL3BX/A,533.9
Apple Lightning to USB Cable (0.5 m) ME291AM/A,29.25
Apple Magic Keyboard for iPad Pro 12.9-inch (6th Generation) - Chinese (Pinyin) - White MJQL3CV/A,533.9
Apple USB-C VGA Multiport Adapter MJ1L2AM/A,95.85
Apple Magic Keyboard for iPad Pro 12.9-inch (6th Generation) - Japanese - White MJQL3JX/A,533.9
Apple USB-C to USB Adapter MJ1M2AM/A,29.25
Apple Lightning to SD Card Camera Reader MJYT2AM/A,45.4
Apple Lightning to USB3 Camera Adapter MK0W2AM/A,59.55
Apple Lightning to 3.5 mm Headphone Jack Adapter MMX62FE/A,15.1
Apple Thunderbolt 3 (USB-C) to Thunderbolt 2 Adapter MMEL2ZA/A,65.6
Apple Apple 30-pin to USB Cable MA591G/C,29.25
"Benq Projector MS560 4000lm SVGA (800x600) 20,000:1",579
"Benq Projector MX560 4000lm XGA (1024x768) 20,000:1",649
"Benq Projector MW560 4000lm WXGA (1280x800) 20,000:1",749
"Benq Projector MH560 3800lm FHD (1920x1080) 20,000:1",1199
"Benq Projector EX600 3600lm XGA (1024x768) 20,000:1",1049
"Benq Projector EW600 3600lm WXGA (1280x800) 20,000:1",1149
"Benq Projector EH600 3500lm FHD (1920x1080) 10,000:1",1449
"Benq Projector LU930 5000lm WUXGA (1920x1200) 3,000,000:1",4488
"Benq Projector LU935 6000lm WUXGA (1920x1200) 3,000,000:1",5888
"Benq Projector LU935ST 5500lm WUXGA (1920x1200) 3,000,000:1",6488
"Benq Projector LK936ST 5100lm 4k UHD (3840x2160) 3,000,000:1",8488
"Benq Projector MW855UST+ 3500lm WXGA (1280x800) 10,000:1",1888
"Benq Projector LH890UST 4000lm FULL HD (1920x1080) 100,000:1",4448
"Benq Projector TH575 3800lm FULL HD (1920x1080) 15,000:1",1099
"Benq Projector TH685i 3500lm FULL HD (1920x1080) 10,000:1",1549
"Benq Projector TK700 3200lm 4k UHD (3840x2160) 10,000:1",2099
"Benq Projector TK700STi 3000lm 4k UHD (3840x2160) 4,500:1",2499
"Benq Projector TK850i 3000lm 4k UHD (3840x2160) 30,000:1",2699
"Benq Projector X3000i 3000lm 4k UHD (3840x2160) 500,000:1 (Dynamic Black)",3499
"Benq Projector W5700 1800lm 4k UHD (3840x2160) 100,000:1",4299
BENQ InstasShow WDC10,1488
BENQ GW2480 IPS 23.8” 1920x1080 20Mil:1 5ms (GtG) 1x 2x 1W 100x100mm,179
BENQ GW2480L IPS 23.8” 1920x1080 20Mil:1 5ms (GtG) 1x 2x 1W 100x100mm,179
BENQ GW2480T IPS 23.8” 1920x1080 20Mil:1 5ms (GtG) 1x 2x 1W 100x100mm,229
BENQ GW2485TC IPS 23.8” 1920x1080 20Mil:1 5ms (GtG) NA 2x2W 100x100mm,319
BENQ GW2780 IPS 27”W 1920x1080 20Mil:1 5ms (GtG) 1x 2x2W 100x100mm,239
BENQ GW2780T IPS 27”W 1920x1080 20Mil:1 5ms (GtG) 1x 2x2W 100x100mm,289
BENQ GW2785TC IPS 27”W 1920x1080 20Mil:1 5ms (GtG) NA 2x2W 100x100mm,359
BENQ EX240 IPS 23.8”” 1920x1080 20Mil:1 2ms (GtG) 1ms(MPRT) NA 2x2.5W 100x100mm,329
BENQ EX240N VA 23.8”” 1920x1080 20Mil:1 4ms (GtG) 1ms(MPRT) NA 2x2.5W 100x100mm,279
BENQ EX2510S IPS 24.5”” 1920x1080 20Mil:1 2ms (GtG) 1ms(MPRT) NA 2x2.5W 100x100mm,339
BENQ EX2710S IPS 27”” 1920x1080 20Mil:1 2ms (GtG) 1ms(MPRT) NA 2x2.5W 100x100mm,359
BENQ EX2710Q IPS 27 2560x1440 20Mil:1 2ms (GtG) 1ms(MPRT) NA 2x2.5W 100x100mm,579
BENQ EX270M IPS 27 1920x1080 20Mil:1 1ms (GtG) 1ms(MPRT) NA 2.1 Channel Speaker Audio DSP 2Wx2 + 5W (Woofer) 100x100mm,579
BENQ EX270QM IPS 27 2560x1440 20Mil:1 1ms (GtG) 1ms(MPRT) NA 2.1 Channel Speaker Audio DSP 2Wx2 + 5W (Woofer) 100x100mm,1139
BENQ EX2710U IPS 27 3840x2160 20Mil:1 2ms (GtG) 1ms(MPRT) NA 2.1 Channel Speaker Audio DSP 2Wx2 + 5W (Woofer) 100x100mm,1129
BENQ EX3210U IPS 32 3840x2160 20Mil:1 2ms (GtG) 1ms(MPRT) NA 2.1 Channel Speaker Audio DSP 2Wx2 + 5W (Woofer) 100x100mm,1449
BENQ EX3410R VA 34”” 3440x1440 20Mil:1 2ms (GtG) 1ms(MPRT) NA 2.1 Channel Speaker Audio DSP 2Wx2 + 5W (Woofer) 100x100mm,799
BENQ EX3415R IPS 34”” 3440x1440 20Mil:1 2ms (GtG) 1ms(MPRT) NA 2.1 Speaker | Audio DSP: 2Wx2 + 5W (Woofer) 100x100mm,1099
BENQ EX480UZ OLED 48”” 3840x1260 20Mil:1 0.1ms (GtG) NA 2.1 Channel Speaker Audio DSP 5Wx2 + 10W (Woofer) 200x200mm,2599
BENQ EW2480 IPS 24” 1920x1080 20Mil:1 5ms (GtG) NA 2x2W 100x100mm,249
BENQ EW2780 IPS 27” 1920x1080 20Mil:1 5ms (GtG) NA 2x 2.5W 100x100mm,270
BENQ EW2880U IPS 28” 3840x2160 12Mil:1 5ms (GTG) NA Audio DSP;2x3W 100x100mm,549
BENQ EW3270U VA 31.5” 3840x2160 20Mil:1 4ms (GtG) NA 2x 2W 100x100mm,499
BENQ EW3280U IPS 32”” 3840x2160 20Mil:1 5ms (GtG) NA 2.1 Speaker | Audio DSP: 2Wx2 + 5W (Woofer) 100x100mm,899
BENQ SW240 IPS 24.1” 1920x1200 20Mil:1 5ms (GtG) NA NA 100c100mm,529
BENQ SH240 Shading Hood for SW240,109
BENQ SW270C IPS 27”W 2560x1440 20Mil:1 5ms (GtG) NA NA 100x100mm,1199
BENQ SW271C IPS 27”W 3840x2160 20Mil:1 5ms (GtG) NA NA 100x100mm,2349
BENQ SW321C IPS 32”W 3840x2160 20Mil:1 5ms (GtG) NA NA 100x100mm,2649
BENQ PD2705U IPS 27” 3840x2160 20Mil:1 5ms (GtG) NA 2x 2.5W 100x100mm,779
BENQ PD2705UA IPS 27” 3840x2160 20Mil:1 5ms (GtG) NA 2x 2.5W 100x100mm,899
"BENQ PD2725U IPS 27” 3840x2160 20Mil:1 5ms (GtG) NA; USB Hub; 2x ThunderBolt3 (1- Power Delivery 65W, DP altmode, Data; 1- Power Delivery 15W) 2x 2.5W 100x100mm",1219
BENQ PD3205U IPS 32” 3840x2160 20Mil:1 5ms (GtG) NA 2x 2.5W 100x100mm,999
BENQ PD3205UA IPS 32” 3840x2160 20Mil:1 5ms (GtG) NA 2x 2.5W 100x100mm,1129
"BENQ PD3220U IPS 32” 3840x2161 20Mil:1 5ms (GtG) NA; USB Hub; 2x ThunderBolt3 (1- Power Delivery 85W, DP altmode, Data; 1- Power Delivery 15W, DP alt mode, Data) 2x 2W 100x100mm",1599
HP EliteBook 830G9 i5-1235U 16GB/512GB SSD 6C1V1PA Win 11,2449
HP EliteBook X360 1040 G9 i7-1255U 16GB/1TB SSD (Touch +Intel Evo+ Sure View) 6C1Z9PA Win 11,2329
HP Elite Dragonfly G3 i5-1235U 16GB/512GB SSD (Intel Evo + Sure View) 6C224PA Win 11,3069
HP Elite Dragonfly G3 i7-1255U 16GB/1TB SSD (Intel Evo + Sure View) 6C225PA Win 11,3779
HP ProBook 440 G10 i5-1335U 8GB/512GB SSD 8B210PA Win 11,1609
HP ProBook 440 G10 i7-1355U 16GB/512GB SSD 8B209PA Win 11,1879
HP ProBook 450 G10 i5-1335U 16GB/512GBSSD 8H2G4PA Win 11,1649
HP EliteBook 630 G10 i5-1335U 8GB/512GB SSD 8B217PA Win 11,1609
HP EliteBook 630 G10 i7-1355U 16GB/512GB SSD 8B221PA Win 11,1879
HP EliteBook 640 G10 i5-1335U 8GB/512GBSSD 8B224PA Win 11,1729
HP EliteBook 640 G10 i7-1355U 16GB/512GBSSD 8B225PA Win 11,2009
HP EliteBook 830 G10 i5-1335U 16GB/512GB SSD 8B229PA Win 11,2129
HP EliteBook 830 G10 i7-1355U 16GB/512GB SSD 8B230PA Win 11,2369
HP EliteBook 840 G10 i5-1335U 16GB/512GBSSD 8B232PA Win 11,2179
HP EliteBook 840 G10 i7-1355U 16GB/512GBSSD 8B234PA Win 11,2429
HP EliteBook 1040 G10 i7-1355U 32GB/1TB SSD (Intel EVO + HP Sure View) 8B2P3PA Win 11,3089
HP EliteBook X360 1040 G10 i7-1355U 16GB/1TB SSD (Intel EVO + HP Sure View + Touch) 8H2G5PA Win 11,3619
HP Elite Dragonfly G4 i5-1335U 16GB/1TB SSD (Intel Evo + Sure View) 8B258PA Win 11,3149
HP Elite Dragonfly G4 i7-1355U 32GB/1TB SSD (Intel Evo + Sure View) 8B260PA Win 11,3549
HP Zbook FireFly14 G10 A500 i7-1355U 14 32GB/512GB 8C5R5PA Win 11,3042
HP Zbook FireFly 14 G10 A500 i7-1355U 14 32GB/1TB 8C5T4PA Win 11,3143
HP Zbook Power G10 i7-13700H 15.6 32GB/512GB 8C5R2PA Win 11,3875.01
HP Zbook Studio G10 16 RTX3000 8GB i7-13700H 16 32GB/512GB 8F166PA Win 11,6162
HP Zbook Studio G10 i7-13700H 16 32GB/1TB 8C5R3PA Win 11,7086.73
HP ProDesk 400 G9 SFF i5-12500 8GB/512GB SSD 8T832AA Win11,1207
HP Pro SFF 400 G9 i5-13500 8GB/512GB 8Q318PA Win11,1023
HP Pro SFF 400 G9 i7-13700 8GB/1TB 8R031PA Win11,1279
HP Pro Mini 400 G9 i5-13500T 8GB/512GB 8Q322PA Win11,1049
HP Pro Tower 400 G9 i5-13500 8GB/512GB 8Q324PA Win11,1023
HP Pro Tower 400 G9 i7-13700 8GB/1TP 8R030PA Win11,1279
HP ProOne 440 G9 AiO i5-13500 8GB/512GB 8Q328PA Win11,1254
HP Elite SFF 600 G9 i7-13700 16GB/512GB 915N6PA Win11,1369
HP Elite Tower 600 G9 i7-13700 16GB/512GB/ RX 6300 2GB GDDR6 8Q327PA Win11,1637
HP Elite Mini 800 G9 i5-13500T 8GB/256GB 8B5W9PA Win11,1153
HP Elite Mini 800 G9 i7-13700T 8GB/512GB 8B5Z4PA Win11,1395
HP Elite SFF 800 G9 i5-13500 8GB/512GB 8A6M6PA Win11,1450
HP Elite SFF 800 G9 i7-13700 8GB/512GB 8A6M7PA Win11,1570
HP Elite SFF 800 G9 i7-13700 16GB/512GB 8A6M9PA Win11,1668
HP Elite SFF 800 G9 i7-13700 16GB/1TB 8A6M8PA Win11,1759
HP Elite Tower 800 G9 i7-13700 8GB/512GB 8A6U6PA Win11,1570
HP Elite Tower 800 G9 i7-13700 16GB/512GB 8A6V1PA Win11,1668
HP Elite Tower 800 G9 i7-13700 16GB/1TB 8A6V5PA Win11,1759
HP EliteOne 840 G9 23.8 AiO Touchscreen i7-13700 16GB/1TB SSD 8T700PA Win 11,2111
HP EliteOne 870 G9 27 AiO Non-Touch QHD i7-13700 32GB/1TB SSD 8T701PA Win 11,2559
HP Z2 SFF G9 i7-12700 8GB/512GB SSD 6V1Z6PA Win 11,2275
HP Z2 SFF G9 i7-13700 16GB/512GB SSD 8D0J9PA Win 11,2864
HP Z2 SFF G9 i7-13700 16GB/256GB SSD/1TB SATA 8D0H3PA Win 11,2957
HP Z2 Mini G9 i7-13700 32GB/512GB SSD 8D0H4PA Win 11,3858
HP Z2 G9 TWR i7-13700K 32GB/256GB SSD/2TB SATA 8D0H6PA Win 11,3418
HP Z2 G9 TWR i7-13700 16GB/256GB SSD/2TB SATA 8D0H8PA Win 11,3010
HP Z2 G9 TWR i7-13700 16GB/1TB SSD 8D0H9PA Win 11,2942
HP EliteBook 1030 G8 i5-1135 13.3 16GB/512GB SSD (Touch) 72194607 Win 10,2992.09
Dell EliteBook 830G9 i5-1235U 16GB/512GB SSD 6C1V1PA Win 11 AL5540i755U16G512ssd,2449
Dell Opti 7010BASICMFF|I5-13600T|8GB|512GB SSD|WLAN|W11 Win 11 Pro AO7010BMFFI5600T8512,1191
Dell Opti 7010BASICSFF|I5-13500|8GB|512GB SSD|RW|BRZ|W11 Win 11 Pro AO7010BSFFI55008512,1192
Dell Opti 7010BASICMT|I5-13600|8GB|512GB SSD|RW|BRZ|W11 Win 11 Pro AO7010BMTI56008512,1300
Dell Opti 7010PLUSMFF|I7-13700T|8GB|512GBSSD|WLAN|W11 Win 11 Pro AO7010PMFFI78512,1587
Dell Opti 7010PLUSSFF|I7-13700|8GB|512GB SSD|RW|BRZ|W11 Win 11 Pro AO7010PSFFI78512,1619
Dell Opti 7010PLUSSFF|I7-13700|16GB|1TB SSD|RW|BRZ|W11 Win 11 Pro AO7010PSFFI7161TB,1857
Dell Opti 7010PLUSSFF|I7-13700|16GB|512GB SSD|RW|BRZ|W11 Win 11 Pro AO7010PSFFI716512,1734
Dell Opti 7010PLUSMT|I7-13700|8GB|512GB SSD|RW|BRZ|W11 Win 11 Pro AO7010PMTI78512,1619
Dell Opti 7010PLUSMT|I7-13700|16GB|1TB SSD|RW|BRZ|W11 Win 11 Pro AO7010PMTI7161TB,1857
Dell Opti 7010PLUSMT|I7-13700|16GB|512GB SSD|RW|BRZ|W11 Win 11 Pro AO7010PMTI716512,1734
Dell Opti 7410AIO|I5-13500|16GB|512GB SSD|W11|TOUCH Win 11 Pro AO7410AIOI516G512GB-T,1854
Dell Opti 7410AIO|I5-13600|16GB|1TB SSD|W11|TOUCH Win 11 Pro AO7410AIOI516G1TG-T,2019
Dell Opti 7410AIO|I7-13700|16GB|512GB SSD|W11|TOUCH Win 11 Pro AO7410AIOI716G512GB-T,2075
Dell Opti 7410AIO|I7-13700|16GB|1TB SSD|W11|TOUCH Win 11 Pro AO7410AIOI716G1TG-T,2206
Dell Lati 3440|i5-1335U|8GB|512GB SSD|W11 Win 11 Pro S014L344014SG_VP42,1653
Dell Lati 3440|i5-1335U|16GB|512GB SSD|W11 Win 11 Pro Lati3440i516G512,1838
Dell Lati 3440|i7-1355U|8GB|512GB SSD|W11 Win 11 Pro Lati3440i78G512,1949
Dell Lati 3440|i7-1355U|16GB|512GB SSD|W11 Win 11 Pro Lati3440i716G512_V1,2070
Dell Lati 5340|i5-1335U|8GB|512GB SSD|W11 Win 11 Pro Lati5340i58G512,1921
Dell Lati 5340|i5-1345U|16GB|512GB SSD|W11 Win 11 Pro S002L534013SG_VP,1949
Dell Lati 5340|i7-1365U|16GB|512GB SSD|W11 Win 11 Pro Lati5340i716G512,2289
Dell Lati 5440|i5-1335U|8GB|512GB SSD|W11 Win 11 Pro Lati5440i58G512,1973
Dell Lati 5440|i5-1335U|16GB|512GB SSD|W11 Win 11 Pro Lati5440i516g512,2112
Dell Lati 5440|i7-1365U|16GB|512GB SSD|W11 Win 11 Pro S021L544014SG_VP,2314
Dell Lati 5540|i5-1345U|8GB|512GB SSD|W11 Win 11 Pro S011L554015SG_VP,1889
Dell Lati 5540|i7-1355U|16GB|512GB SSD|W11 Win 11 Pro AL5540i755U16G512ssd,2449
Dell Lati 7340|i5-1335U|8GB|512GB SSD|W11 Win 11 Pro AL7340i58G512ssd,2256
Dell Lati 7340|i5-1335U|16GB|512GB SSD|W11 Win 11 Pro AL7340i516G512ssd,2367
Dell Lati 7340|i7-1335U|16GB|512GB SSD|W11 Win 11 Pro AL7340i716G512ssd,2580
Dell Lati 7340|i7-1335U|16GB|1TB SSD|W11 Win 11 Pro AL7340i716G1TBssd,2705
Dell Lati 7440|i5-1335U|8GB|512GB SSD|W11 Win 11 Pro AL7440I58G512,2367
Dell Lati 7440|i5-1345U|16GB|512GB SSD|W11 Win 11 Pro s002l744014sg_vp,2395
Dell Lati 7440|i7-1355U|16GB|512GB SSD|W11 Win 11 Pro AL7440I716G512,2693
Dell Lati 7440|i7-1365U|16GB|1TB SSD|W11 Win 11 Pro AL7440I716G1TBSSD,2874
Dell Preci 3480|I5-1350P|16GB|512GB SSD|W11|Nvidia A500 Win 11 Pro AWM3480i516GB512GBSSDA500,2385
Dell Preci 3480|I7-1370P|16GB|512GB SSD|W11|Nvidia A500 Win 11 Pro AWM3480i716GB512GBSSDA500,2622
Dell Preci 3580|I7-1360P|16GB|512GBSSD|W11|Nvidia A500 Win 11 Pro AWM3580i516GB512GBSSDA500,2851
Dell Preci 3580|I7-1370P|32GB|1TBSSD|W11|Nvidia A500 Win 11 Pro AWM3580i532GB1TBSSDA500,3333
Dell Preci3660MT|i7-12700|16GB|512GB SSD |W10|T400 Win 10 Pro AWT3660MTI716G512GB-T400,2150
Dell Preci3660MT|i7-13700|16GB|512GB SSD|2TB SATA|W11|T400 Win 11 Pro AWT3660MTI713165122TBT400,2318
Dell Preci5820 MT|W-2223|32GB|512GB SSD| 2TB|W11|T1000 Win 11 Pro AWT5820MTXeon32G2TBT1000,3114
Lenovo ThinkBook 14 G4 i5-1235U/8GB/512GB SSD 21DH00CUSB W11 Pro DG 64,1515
Lenovo ThinkBook 14 G4 i5-1340P/8GB/512GB SSD 21JC007FSB W11 Pro,1515
Lenovo ThinkBook 14 G5 i7-1360P/8GB/512GB SSD 21JC007GSB W11 Pro,1718
Lenovo ThinkPad E14 G5 i5-1335U/8GB/512GB SSD 21JK0066SG W11 Pro,1549
Lenovo ThinkPad E14 G5 i5-1340P/16GB/512GB SSD 21JKS00C00 W11 Pro,1634
Lenovo ThinkPad E14 G5 i7-1355U/8GB/512GGB SSD 21JK0067SG W11 Pro,1749
Lenovo ThinkPad E14 G5 i7-1360P/16GB/512GGB SSD 21JKS00B00 W11 Pro,1836
Lenovo ThinkPad E16 G1 i7-1355U/8GB/512GGB SSD 21JN005HSG W11 Pro,1698
Lenovo ThinkPad L14 G4 i5-1335U/8GB/512GB SSD 21H1005QSG W11 Pro,1749
Lenovo ThinkPad L14 G4 i7-1335U/8GB/512GB SSD 21H1005RSG W11 Pro,1949
Lenovo ThinkPad T14 G3 i7-1260P/16GB/512GB SSD 21AH00M3SG W11 Pro DG 64,1949
Lenovo ThinkPad T14 G4 i5-1335U/16GB/512GB SSD 21HD005TSG W11 Pro,1999
Lenovo ThinkPad T14 G4 i7-1355U/16GB/512GB SSD 21HD005USG W11 Pro,2199
Lenovo ThinkPad T14s G4 i5-1340P/16GB/512GB SSD 21F6006USG W11 Pro,2149
Lenovo ThinkPad T14s G4 i7-1360P/16GB/512GB SSD 21F6006SSG W11 Pro,2339
Lenovo ThinkPad T16 G2 i7-1355U/16GB/512GB SSD 21HH003KSG W11 Pro,2299
Lenovo ThinkPad X13 G4 I7-1355U/32GB/1TB SSD 21EXS00T00 W11 Pro,2789
Lenovo ThinkPad X1 Carbon G11 i7-1365U/32GB/1TB SSD 21HM008HSG W11 Pro,3699
Lenovo ThinkPad X1 Carbon G11 i7-1360P/16GB/512GB SSD 21HM001USG W11 Pro DG 64,3499
Lenovo ThinkPad X1 Carbon G11 i7-1360P/16GB/512GB SSD 21HM008FSG W11 Pro,3419
Lenovo ThinkPad X1 Carbon G11 i7-1360P/16GB/1TB SSD 21HM008GSG W11 Pro,3549
Lenovo ThinkPad X1 Yoga G8 i7-1355U/32B/1TB SSD (Touch) 21HQ004YSG W11 Pro,3899
Lenovo ThinkCentre M75s G2 R5 2650G/8GB/512GB SSD 11R8002JSG W11 Pro DG 64,1060
Lenovo ThinkCentre M70S G3 i5-12500/8GB/512GB SSD 11T8004DSG W11 Pro DG 64,1415
Lenovo ThinkCentre M90S G3 i7-12700/16GB/512GB SSD 11TT001XSG W11 Pro DG 64,1765
Lenovo ThinkCentre M70S G4 i5-13400/8GB/512GB SSD 12DN000ASG W11 Pro,1399
Lenovo ThinkCentre M70S G4 i7-13700/16GB/512GB SSD 12DN000BSG W11 Pro,1599
Lenovo ThinkCentre M70Q G4 i5-13400T/8GB/512GB SSD 12E30011SG W11 Pro,1249
Lenovo ThinkCentre M70Q G4 i7-13700T/16GB/512GB SSD 12E30012SG W11 Pro,1599
Lenovo ThinkCentre neo 30a 24 23.8” i5-1240P/8GB/512GB SSD (non-touch) 12B000CDSG W11 Pro DG 64,1715
Lenovo ThinkCentre M70a G3 21.5’’ i5-12500/8GB/512GB SSD (Touch) 11VL0008SG W11 Pro DG 64,1869
Lenovo ThinkCentre M90a G3 23.8’’ i7-12700/16GB/512GB SSD (Touch) 11VF009TSG W11 Pro DG 64,2220
Lenovo ThinkStation P3 Ultra i7-13700/16GB/512GB SSD/NV T400 *TD Exclusive* 30HAS01H00 W11 Pro,2230
Lenovo ThinkStation P3 Ultra i7-13700/16GB/512GB SSD/ NV T1000 30HA002GSG W11 Pro,2699
Lenovo Thinkstation P3 TWR i7-13700/16GB/512GB SSD/NV T1000,2699
Lenovo ThinkStation P5 TWR W3-T1000*TD Exclusive*,3400
Lenovo ThinkStation P5 TWR W3-2423/32GB/512GB SSD/NV RTX A2000,4499
Lenovo ThinkPad P14s G4 i7-1360P/32GB/512GB SSD/NV RTX A500,2399
Lenovo ThinkPad P16s G2 i7-1360P/32GB/512GB SSD/NV RTX A500,2499
Lenovo ThinkPad P16 G2 i7-13700HX/32GB/512GB SSD/NV RTX 2000,3749
Lenovo ThinkPad P1 G6 i7-13700H/32GB/512GB SSD/NV RTX 2000,3999
Thinkpad X12 Detachable G1 i5-1130G7/16GB/512GB SSD,2928
Thinkpad X12 Detachable G1 i7-1160G7/16GB/512GB SSD,3127.97
ThinkSmart Core + Controller Kit for MS Team Rooms i5-1145G7E/8GB/256GB SSD,4325
ThinkSmart Core + Controller Kit for Zoom i5-1145G7E/8GB/256GB SSD,4325
ThinkSmart Core Full Room Kit for MS Team Rooms i5-1145G7E/8GB/256GB SSD,5675
ThinkSmart Core Full Room Kit for Zoom i5-1145G7E/8GB/256GB SSD,5675
ThinkSmart Core for Logitec,1565.5
ThinkSmart View Lenovo CD-18781Y,505
Google Meet One Room Kits Gen 2 (Small Kit) *NEW*,5188
Google Meet One Room Kits Gen 2 (Medium Kit) *NEW*,6590
Google Meet One Room Kits Gen 2 (Large Kit) *NEW*,8645.6
Lenovo ThinkSmart One for Microsoft Teams Rooms,4279
"Garmin Index S2, Smart Scale",269
Garmin 010-02064-14 Instinct Outdoor gps,329
Garmin 010-02120-20 Forerunner 245,339
Garmin GM-010-02384-51 Lily Sport GPS,309
"Garmin Enduro 2 – Watch,",1799
Garmin 010-02156-05 Forerunner 45,229
"Garmin inReach Mini 2, Lightweight",749
Garmin Forerunner 55,299
Garmin Forerunner 735XT,329
Garmin Instinct 2S Poppy,359
Garmin HRM-Pro Plus,209
Garmin vívoactive 4S,429
Garmin 010-02060-34 Edge 530 GPS,489
Garmin 010-12520-10 Running Dynamic Pod,89
Garmin Backpack Tether Accessory,49
"Garmin epix Gen 2, Premium active",1499
Garmin Speed Sensor 2 and Cadence Sensor 2,99
Garmin GM-010-02064-78 Instinct Esports,489
Garmin Descent MK2s,1499
"Garmin Venu Sq, GPS Smartwatch",299
"Garmin 010-11617-10, 10’ Transducer",69
Garmin Forerunner 945 Premium,729
Garmin fenix 7X Sapphire,1699
Garmin GM-010-02158-65 Fenix 6,749
Garmin GM-010-02293-66 Instinct Solar,669
"Garmin Instinct 2 Solar, Tactical",789
Garmin fenix 7X Sapphire Solar,1699
"Garmin Descent G1, Dive Computer,",1029
"Garmin Drive 52, GPS Navigator",189
Garmin GM-010-02293-32 Instinct Solar,689
Garmin 010-12105-20 Trolling Motor,59
Garmin Epix Premium Active,1629
Garmin Delta XC Bundle,269
Garmin Forerunner 255 Music,669
Garmin 176971 Vivoactive 3 Smartwatch,289
Garmin GM-010-02384-F0 Lily Classic,369
Garmin Garmin HRM-Run,169
"Garmin Lily Classic Editi, White w/Light Gold",329
Suunto Core Wrist-Top Computer Watch,319
"Garmin vívoactive 4S, Smaller-Sized",429
Garmin GM-010-02384-52 Lily Sport Edition,319
Surface Keyboard Bluetooth,164
Surface Arc Mouse - Bluetooth,119
Surface Mouse Bluetooth - Grey,82
Surface Precision Mouse,148
Srfce Mobile Mouse SC Bluetooth Comm Black,54
Srfce Mobile Mouse SC Bluetooth Comm Platinum,54
Srfce Mobile Mouse SC Bluetooth Comm Ice Blue,54
Srfce Mobile Mouse SC Bluetooth Comm Poppy Red,54
Surface Pen - Silver,148
Surface Pen - Charcoal,148
Surface Pen - Poppy Red,148
Surface Pen - Ice Blue,148
Surface Slim Pen 2 - Black,179
Surface Slim Pen 2 Charger,39
Surface Docking Station,314
Surface Docking Station 2,388
Surface Earbuds - Glacier,300
Surface Headphones 2+ - Black,458
Modern USB Headset - Black,78
Modern USB-C Headset - Black,79
Modern Wireless Headset - Black,149.99
Mini Display to HDMI Adapter,64
Mini Display to VGA Adapter,64
USB-C to 3.5mm Audio Adapter,18
USB-C to HDMI Adapter,64
USB-C to VGA Adapter,64
USB-C to Display Port Adapter,64
Surface Pro 7+ 128GB i5 8GB - Platinum,1528
Surface Pro 7+ 256GB i5 8GB - Platinum,1938
Surface Pro 7+ 256GB i5 8GB - Black,1938
Surface Pro 7+ 256GB i5 16GB - Platinum,2238
Surface Pro 7+ 256GB i7 16GB - Black,2338
Surface Pro 7+ 512GB i7 16GB - Black,2938
Surface Pro 7+ 1TB i7 32GB - Platinum,4098
Surface Pro 7+ 128GB i5 8GB LTE - Platinum,1758
Surface Pro 7+ 256GB i5 8GB LTE - Platinum,2168
Surface Pro 7+ 256GB i5 16GB LTE - Platinum,2468
Surface Pro Type Cover - Black,199
Surface Pro Signature Type Cover - Poppy Red,249
Surface Pro Signature Type Cover - Ice Blue,249
Surface Pro Signature Type Cover - Light Charcoal,249
Surface Pro Fingerprint Type Cover - Black,249
Surface Pro 8 128GB i5 8GB - Platinum,1788
Surface Pro 8 256GB i5 8GB - Platinum,1938
Surface Pro 8 256GB i5 8GB - Black,1938
Surface Pro 8 256GB i5 16GB - Platinum,2248
Surface Pro 8 256GB i5 16GB - Black,2248
Surface Pro 8 512GB i5 8GB - Black,2248
Surface Pro 8 256GB i7 16GB - Platinum,2548
Surface Pro 8 256GB i7 16GB - Black,2548
Surface Pro 8 512GB i7 16GB - Black,2998
Surface Pro 8 1TB i7 16GB - Platinum,3598
Surface Pro 8 1TB i7 32GB - Platinum,4098
Surface Pro 8 128GB i5 8GB LTE - Platinum,2018
Surface Pro 8 256GB i5 8GB LTE - Platinum,2168
Surface Pro 8 256GB i5 16GB LTE - Platinum,2478
Surface Pro 8 256GB i7 16GB LTE - Platinum,2778
Surface Pro Signature Type Cover - Black,239
Surface Pro Signature Type Cover - Poppy Red,239
Surface Pro Signature Type Cover - Ice Blue,239
Surface Pro Signature Type Cover - Platinum,239
Surface Pro Signature Type Cover - Black Fingerprint,289
Surface Pro Signature Type Cover with Surface Slim Pen 2 - Black,429
Surface Go 3 64GB Pentium Gold 6500Y 4GB - Platinum,678
Surface Go 3 64GB i3 4GB - Platinum,758
Surface Go 3 128GB i3 8GB - Platinum,998
Surface Go 3 128GB i3 8GB - Black,998
Surface Go 3 64GB i3 4GB LTE - Platinum,908
Surface Go 3 128GB i3 8GB LTE - Black,1158
Surface Go 3 256GB i3 8GB LTE - Black,1298
Surface Go Type Cover - Black,138
Surface Go Signature Type Cover - Light Charcoal,188
Surface Go Signature Type Cover - Ice Blue,188
Surface Go Signature Type Cover - Poppy Red,188
Surface Laptop Go 128GB i5 8GB - Platinum,1228
Surface Laptop Go 256GB i5 8GB - Platinum,1528
Surface Laptop Go 256GB i5 16GB - Platinum,1838
Surface Laptop 4 256GB AMD Ryzen 5 8GB - 13.5” Platinum,1638
Surface Laptop 4 256GB i5 8GB - 13.5” Platinum,1788
Surface Laptop 4 256GB i5 8GB - 13.5” Black,1788
Surface Laptop 4 512GB i5 8GB - 13.5” Black,2038
Surface Laptop 4 512GB i5 8GB - 13.5” Platinum,2038
Surface Laptop 4 256GB i5 16GB - 13.5” Black,2188
Surface Laptop 4 512GB i5 16GB - 13.5” Black,2388
Surface Laptop 4 256GB i7 16GB - 13.5” Black,2388
Surface Laptop 4 512GB AMD Ryzen 7 16GB - 13.5” Black,2488
Surface Laptop 4 512GB i7 16GB - 13.5” Black,2638
Surface Laptop 4 256GB AMD Ryzen 7 8GB - 15” Platinum,2088
Surface Laptop 4 256GB i7 8GB - 15” Platinum,2258
Surface Laptop 4 512GB i7 8GB - 15” Black,2558
Surface Laptop 4 256GB i7 16GB - 15” Black,2558
Surface Laptop 4 256GB i7 16GB - 15” Platinum,2558
Surface Laptop 4 512GB AMD Ryzen 7 16GB - 15” Black,2638
Surface Laptop 4 512GB i7 16GB - 15” Black,2738
Surface Laptop 4 512GB i7 16GB - 15” Platinum,2738
Surface Pro X 128GB SQ1 ARM Processor 8GB LTE - Black,1638
Surface Pro X 256GB SQ1 ARM Processor 8GB LTE - Black,1998
Surface Pro X 256GB SQ2 ARM Processor 16GB LTE - Platinum,2298
Surface Pro X 512GB SQ2 ARM Processor 16GB LTE - Black,2598
Surface ProX 256GB SQ2 ARM Processor 16GB WIFI - Platinum,2098
Surface ProX 512GB SQ2 ARM Processor 16GB WIFI - Platinum,2398
Surface Pro X Type Cover - Black,219
Surface Slim Pen - Black,219
Surface Pro X Signature Type Cover with Slim Pen - Black,429
Surface Go 3 64GB Pentium Gold 6500Y 4GB - Platinum,678
Surface Go 3 64GB i3 4GB - Platinum,758
Surface Go 3 128GB i3 8GB - Platinum,998
Surface Go 3 128GB i3 8GB - Black,998
Surface USB-C Travel Hub,150
USB 3.0 to Ethernet Adapter Commercial,64
USB-C to Ethernet and USB 3.0 Adapter,69
USB-C to USB 3.0 Adapter,34
Surface Power Supply Adapter (65W),124
Surface Power Supply Adapter (24W),64
Surface Dial,159
Kaloc KLC-DS100 Gas Spring Monitor,99
Kaloc KLC-DS90-2 Gas Spring Monitor,169
Kaloc KLC-DW220J Gas Spring Monitor,129
Kaloc KLC-DW220T Gas Spring Monitor,135
Asus WIRELESS MOUSE MSG010,549
Asus AS ROG CHAKRAM,259
Razer Deathhadder V2 Wired Mouse,79
Razer Cynosa V2 Chroma RGB keyboard,79
Coolermaster MM731 Wireless RGB Mouse,95
EVGA Z15 keyboard,30
EVGA Z12 keyboard,17
EVGA X17 Mouse Grey,20
EVGA X12 Mouse White,20
Asus ROG SPATHA X,249
Asus ROG GLADIUS III WIRELESS,189
Asus AS ROG PUGIO II (P705),159
Asus ROG KERIS WIRELES (P513),139
Asus ROG STRIX IMPACT II WIRELESS,119
Asus AS ROG STRIX CARRY WIRELESS,109
Asus TUF GAMING M4 WIRELESS,89
Asus ROG CHAKRAM CORE (P511),129
Asus ROG GLADIUS III,139
Asus ROG KERIS (P509),99
Asus AS ROG STRIX IMPACT II,79
Asus TUF GAMING M4 AIR,79
Asus AS TUF GAMING M3,34
Asus AS CERBERUS MOUSE,29
Asus ROG BALTEUS QI,209
Asus ROG SCABBARD II,79
Asus ROG SCABBARD II MEDIUM,45
Asus AS ROG SHEATH,69
Asus AS ROG STRIX SLICE,39
Asus TUF GAMING P3 GAMING MOUSEMAT,25
Asus TUF GAMING P1 GAMING MOUSEMAT,19
Asus CERBERUS PAD MINI RED,15
Asus AS ROG THETA 7.1,479
Asus ROG DELTA S - Ty-C RGB,379
Asus ROG STRIX GO BT,399
Asus AS ROG STRIX GO 2.4 Wireless,319
Asus ROG STRIX GO - Ty-C,179
Asus ROG STRIX GO CORE - 3.5mm,159
Asus AS TUF GAMING H3 WIRELESS,179
Asus AS TUF GAMING H3 (Silver),69
Asus AS TUF GAMING H3 (Red),69
Asus AS TUF GAMING H3 (GUN METAL),69
Asus TUF GAMING H1 WIRELESS,139
Asus TUF GAMING H1,69
Asus ROG CETRA TRUE WIRELESS,199
Asus ROG CETRA RGB,169
Asus ROG CETRA II,159
Asus AS ROG CETRA,159
Asus ROG CETRA II CORE,89
Asus ROG CLAVIS,189
Asus ASUS AI NC MIC ADAPTER/USB C,59
Asus ASUS WEBCAM C3,89
Asus ROG EYE S,179
Asus AS ROG THRONE QI (Headset Stand),219
Asus ROG STRIX FLARE CHERRY RGB MX RED PNK,269
Asus ROG GLADIUS II ORIGIN PNK LTD,149
Asus ROG SHEATH PNK LTD,69
Asus ROG STRIX FUSION 300 PNK,229
Asus ROG STRIX SCOPE TKL EP/RD/US - X803,229
Asus ROG STRIX IMPACT II EP - P512,69
Asus ROG SHEATH EP - NC01,69
Asus ROG STRIX GO 2.4 EP,319
Asus ROG STRIX SCOPE FLARE CHERRY RGB MX RED,249
Asus ROG STRIX SCOPE FLARE CHERRY RGB MX BLUE,249
Asus AS ROG STRIX SCOPE TKL DELUXE RD (X801),219
Asus AS ROG STRIX SCOPE TKL DELUXE SV (X801),219
Asus TUF GAMING K3 RD,139
Asus TUF GAMING K3 BL,139
Asus TUF GAMING K1,69
Asus SL300C ROG CHARIOT,799
Coolermaster Devastator 3 Plus Set,78
Coolermaster CK530 RGB Mechanical Red,69
Coolermaster CK550 RGB Mechanical Red,79
Coolermaster SK622 RGB Mechanical Red,128
Coolermaster MK730 RGB Mechanical Red,139
Cooler Master Masterkeys Mk750 Rgb,139
LOGITECH G613 WIRELESS BLUETOOTH MECH KEYBOARD,159
LOGITECH G715 WIRELESS RGB KB GX-BROWN TACTILE,299
LOGITECH G715 WIRELESS RGB KB GX-RED LINEAR,299
LOGITECH G915 TKL W.LESS MECH RGB KB(GL-TACTILE),349
LOGITECH G915 TKL W.LESS MECH RGB KB (GL-LINEAR),349
LOGITECH G915 TKL W.LESS MECH RGB KB (GL-CLICKY),349
LOGITECH G915 TKL WHITE W.LESS MECH (GL-TACTILE),349
LOGITECH G203 LIGHTSYNC RGB WIRED MOUSE BLACK,59
LOGITECH G203 LIGHTSYNC RGB WIRED MOUSE WHITE,59
LOGITECH G402 HYPERION FURY FPS GAMING MOUSE,79
LOGITECH G403 HERO WIRED RGB MOUSE,109
LOGITECH G PRO HERO WIRED RGB GAMING MOUSE,109
LOGITECH G502 HERO PERFORMANCE RGB MOUSE,129
LOGITECH G502 X WIRED GAMING MOUSE BLACK,121
LOGITECH G502 X WIRED GAMING MOUSE WHITE,121
LOGITECH G PRO X MECH RGB KB (GX-BLUE CLICKY),195
LOGITECH G PRO X MECH RGB KB (GX-BLUE CLICKY),234
LOGITECH G304 LIGHTSPEED WL GAMING MOUSE BLACK,84
LOGITECH G304 LIGHTSPEED WL GAMING MOUSE WHITE,84
LOGITECH G703 HERO LIGHTSPEED W/L RGB MOUSE,159
LOGITECH G705 LIGHTSPEED W/L MOUSE OFF-WHITE,162
LOGITECH G303 SHROUD EDITION LIGHTSPEED MSE,219
LOGITECH GX TACTILE MECH SWITCHES FOR PRO-X,79
LOGITECH GX LINEAR MECH SWITCHES FOR PRO-X,79
LOGITECH G502 HERO LIGHTSPEED W/L RGB MOUSE,249
LOGITECH G502 X PLUS LIGHTSPEED RGB MSE BLACK,255
LOGITECH G502 X PLUS LIGHTSPEED RGB MSE WHITE,255
LOGITECH G903 HERO LIGHTSPEED W/L RGB MOUSE,249
LOGITECH G240 CLOTH GAMING MOUSEPAD,21
LOGITECH G440 HARD GAMING MOUSEPAD,35
LOGITECH G640 LARGE CLOTH GAMING MOUSEPAD,49
LOGITECH G740 LARGE THICK CLOTH GAMING MOUSEPAD,59
LOGITECH G840 XL BLACK CLOTH GAMING MOUSEPAD,69
LOGITECH G840 XL MAGENTA GAMING MOUSE PAD,74.9
LOGITECH POWERPLAY WIRELESS CHARGING SYSTEM,199
LOGITECH G PRO HERO LIGHTSPEED W/L RGB MOUSE,199
LOGITECH G PRO X SUPERLIGHT GAMING MOUSE BLACK,239
LOGITECH G PRO X SUPERLIGHT GAMING MOUSE WHITE,239
LOGITECH G PRO X SUPERLIGHT GAMING MSE MAGENTA,239
LOGITECH G PRO X SUPERLIGHT GAMING MSE RED,239
LOGITECH G PRO X SUPERLIGHT 2 GAMING MSE BLACK,249
LOGITECH G PRO X SUPERLIGHT 2 GAMING MSE WHITE,249
LOGITECH G PRO X SUPERLIGHT 2 GAMING MSE MAGENTA,249
LOGI PRO X TKL LIGHTSPEED KB BLACK (GX-BROWN),319
LOGI PRO X TKL LIGHTSPEED KB WHITE (GX-BROWN),319
LOGI PRO X TKL LIGHTSPEED KB MAGENTA (GX-BROWN),319
LOGITECH G560 LIGHTSYNC RGB PC GAMING SPEAKERS,329
LOGITECH G413 TKL SE MECH KEYBOARD (TACTILE),105
LOGITECH G413 SE MECH KEYBOARD (TACTILE),125
LOGITECH G331 STEREO GAMING HEADSET,99
LOGITECH G512 CARBON RGB KB GX-BLUE CLICKY,189
LOGITECH G333 WIRED IN-EAR HEADPHONE BLACK,89
LOGITECH G333 WIRED IN-EAR HEADPHONE WHITE,89
LOGITECH G333 WIRED IN-EAR HEADPHONE PURPLE,89
LOGITECH G512 CARBON RGB KB GX-BROWN TACTILE,189
LOGITECH G512 CARBON RGB KB GX-RED LINEAR,189
LOGITECH G513 CARBON RGB KB GX-BROWN TACTILE,199
LOGITECH G713 MECH RGB KB (GX-BROWN TACTILE),269
LOGITECH G713 MECH RGB KB (GX-RED LINEAR),269
LOGITECH G335 STEREO GAMING HEADSET MINT,99
LOGITECH G815 MECH RGB KEYBOARD (GL-TACTILE),299
LOGITECH G815 MECH RGB KEYBOARD (GL-LINEAR),299
LOGITECH G815 MECH RGB KEYBOARD (GL-CLICKY),299
LOGITECH G431 7.1 WIRED GAMING HEADSET,129
LOGITECH G PRO X 7.1 GAMING HS W/BLUE VO!CE,229
Asus ROG STRIX SCOPE DELUXE NX RED WIRELESS,269
Asus ROG STRIX SCOPE DELUXE NX BLUE WIRELESS,269
Asus ROG STRIX SCOPE NX DELUXE RED,209
Asus ROG STRIX SCOPE NX DELUXE BLUE,209
Asus ROG STRIX SCOPE CHERRY RGB MX RED,209
Asus ROG STRIX SCOPE CHERRY RGB MX BLUE,209
Asus ROG STRIX SCOPE NX RED,209
Asus ROG STRIX SCOPE NX BLUE,209
Asus ROG STRIX SCOPE TKL NX RED,199
Asus ROG STRIX SCOPE TKL NX BLUE,199
Asus ROG STRIX SCOPE RX GAMING,169
Asus ROG STRIX FLARE CHERRY RGB MX RED,249
Asus ROG STRIX FLARE CHERRY RGB MX BLUE,249
Asus ROG STRIX SCOPE TKL DELUXE RD (X801),219
Asus ROG STRIX SCOPE TKL DELUXE SV (X801),219
Asus ROG STRIX FLARE II NX RED ANIMATE (PBT),399
Asus ROG STRIX FLARE II NX BLUE ANIMATE (PBT),399
Asus ROG DELTA S ANIMATE,419
Asus ROG STRIX SCOPE TKL NX RED MOONLIGHT,259
Asus ROG STRIX SCOPE TKL NX BLUE MOONLIGHT,259
Asus ROG STRIX IMPACT II MOONLIGHT,79
Asus ROG CETRA II CORE MOONLIGHT,99
Asus ROG STRIX GO CORE MOONLIGHT,159
Asus SL300 ROG CHARIOT CORE,799
Razer DeathAdder V3 - Ultra-lightweight Ergonomic Esports Mouse,109.9
Razer Basilisk V3 - Ergonomic Wired Gaming Mouse - FRML Packaging,109.9
Razer Cobra - Wired Gaming Mouse - FRML Packaging,64.9
Razer™ Naga X - Wired MMO Gaming Mouse - FRML Packaging,129.9
Razer DeathAdder V3 Pro - Ergonomic Wireless Gaming Mouse - AP Packaging,229
Razer DeathAdder V3 Pro - White Edition - Ultra-lightweight Wireless Ergonomic Esports Mouse,229
Razer DeathAdder V3 Pro Faker Edition - Ergonomic Wireless Gaming Mouse - FRML World Packaging,269.9
Razer DeathAdder V2 X HyperSpeed - Wireless Ergonomic Gaming Mouse,94.9
Razer Basilisk V3 Pro - Ergonomic Wireless Gaming Mouse - AP Packaging,249
Razer Basilisk V3 Pro White Edition - Ergonomic Wireless Gaming Mouse - AP Packaging,249
Razer Basilisk V3 X HyperSpeed - Wireless Ergonomic Gaming Mouse - AP Packaging,109.9
Razer Orochi V2 - Wireless Gaming Mouse - AP Packaging,104.9
Razer Orochi V2 - Mobile Wireless Gaming Mouse - White Edition - AP Packaging,104.9
Razer Orochi V2 - Wireless Gaming mouse - Quartz Edition - AP Packaging,119.9
Razer Cobra Pro - Ambidextrous Wired/Wireless Gaming Mouse - AP Packaging,2099
Razer Viper V2 Pro - Wireless Gaming Mouse - AP Packaging,229.9
Razer Viper V2 Pro - Wireless Gaming Mouse - White - AP Packaging,229.9
Razer Naga V2 Pro - Wireless MMO Gaming Mouse,289
Razer Viper V3 HyperSpeed - Wireless Esports Gaming Mouse - FRML Packaging,109.9
Razer Naga V2 HyperSpeed - Wireless MMO Gaming Mouse - AP Packaging,159
Razer Goliathus Chroma Soft Gaming Mouse Mat Chroma,59.9
Razer Goliathus Chroma Extended - Soft Gaming Mouse Mat with Chroma - FRML Packaging,89.9
Razer Goliathus Extended Chroma - Soft Gaming Mouse Mat with Chroma - Mercury - FMRL Packaging,89.9
Razer Goliathus Extended Chroma - Soft Gaming Mouse Mat with Chroma - Quartz - FMRL Packaging,89.9
Razer Goliathus Chroma 3XL - Soft Gaming Mouse Mat with Chroma - FRML Packaging,159
RAZER GOLIATHUS MOBILE - SMALL,13.9
Razer Goliathus Mobile Stealth Edition - Small,13.9
Razer Gigantus V2 - Soft Gaming Mouse Mat Medium - FRML Packaging Medium,15.9
Razer BlackWidow V3 Tenkeyless (Green Switch) - Pokemon Edition Pokemon Edition,299.9
"Belkin USB-A TO LTG, SILICONE, 1M, PINK 1M, PINK",150.22
CM MASTERBOX NR200P SFF m-ITX CASE WITH T.G Pink,150.22
Razer DeathStalker V2 Pro Tenkeyless - Wireless Low Profile Optical Gaming Keyboard (Clicky Purple Switch) - White Edition - US Layout - World Packaging White Edition,329
"Belkin USB-A TO LTG, SILICONE, 1M, WHT 1M, WHT",150.22
CM MASTERBOX NR200P SFF m-ITX CASE WITH T.G White,150.22
Razer Opus X - Green - Active Noise Cancellation Headset - FRML Packaging Green,154.9
Razer Gigantus V2 - Soft Gaming Mouse Mat Large - FRML Packaging Large,24.9
Razer DeathStalker V2 Pro Tenkeyless - Wireless Low Profile Optical Gaming Keyboard (Linear Red Switch) - US Layout – FRML Linear Red Switch,299
Razer Hammerhead True Wireless Pro - Earbuds - AP Packaging AP Packaging,299.9
"Belkin CABLE,THUNDERBOLT 3,C-C,40Gbps,.5M,BLACK,5A 0.5M, BLACK",59
CM MASTERBOX NR200P SFF m-ITX CASE WITH T.G Orange,132.44
Razer Gigantus V2 - Soft Gaming Mouse Mat XXL - FRML Packaging XXL,49.9
Razer DeathStalker V2 Pro Tenkeyless - Wireless Low Profile Optical Gaming Keyboard (Linear Red Switch) - White Edition - US Layout - World Packaging White Edition,309
Razer Hammerhead Pro HyperSpeed - Earbuds - AP Packaging AP Packaging,299.9
"Belkin ADAPTER,USB-C,HDMI,4K,60HZ,BLACK Black",79
CM MASTERBOX NR200P SFF m-ITX CASE WITH T.G Grey,132.44
Razer Gigantus V2 - Soft Gaming Mouse Mat 3XL - FRML Packaging 3XL,79
Razer DeathStalker V2 - Low Profile Optical Gaming Keyboard (Linear Red Switch) - US Layout – FRML Linear Red Switch,249
"Razer Gigantus V2 – Soft Gaming Mouse Mat – Medium – Pokemon Edition - AP Packaging Medium, Pokemon Edition",43.9
"Belkin USB-C 4-PORT MINI HUB,3.0,BLK 3.0, BLK",90
CM MASTERBOX NR200P SFF m-ITX CASE WITH T.G White,132.44
Razer Strider Chroma - Gaming Mouse Mat - FRML Packaging Chroma,209
Razer Ornata V3 - Low Profile Gaming Keyboard - US Layout – FRML US Layout,109.9
Razer Hammerhead HyperSpeed (Xbox Licensed) - Wireless Multi-Platform Gaming Earbuds - AP Packaging Xbox Licensed,249
"Belkin USB-C MULTIMEDIA HUB+ POWER,SPACE GRAY Space Gray",136
CM MASTERBOX NR200 SFF m-ITX CASE NR200,105.78
Razer Strider - Hybrid Gaming Mouse Mat - Large - FRML Packaging Large,49.9
Razer Ornata V3 X - Low Profile Gaming Keyboard - US Layout – FRML US Layout,64.9
"Razer Gigantus V2 – Soft Gaming Mouse Mat – XXL – Pokemon Edition - AP Packaging XXL, Pokemon Edition",65.9
"Belkin KEYCHAIN , PC, PINK Pink",11
CM MASTERBOX NR200 SFF m-ITX CASE - WHITE White,105.78
"Razer Strider - Hybrid Gaming Mouse Mat - Large - Quartz Edition - FRML Packaging Large, Quartz Edition",49.9
Razer Ornata V3 Tenkeyless - Low Profile Gaming Keyboard - US Layout – FRML Tenkeyless,109.9
Razer Kraken V3 X - Wired USB Gaming Headset - Pokemon Edition - AP Packaging Pokemon Edition,139.9
"Belkin STRAP , PC, PINK Pink",11
CM MASTERBOX MB600L V2 ATX CASE WITH ODD ATX,70.22
Razer Strider - Hybrid Gaming Mouse Mat - XXL - FRML Packaging XXL,80.9
Razer Moray - Ergonomic In-ear Monitor for All-day Streaming - FRML Packaging FRML Packaging,200.5
"Belkin ADAPTER, USB-C TO GIGABIT ETHERNET, 60W PD, BLK 60W PD",55
CM MASTERBOX MB540 ARGB ATX CASE WITH T.G ARGB,141.33
Razer Firefly V2,79.9
Razer BlackWidow V3 Pro - Wireless Mechanical Gaming Keyboard (Green Switch) - US Layout - FRML Packaging Green Switch,359
Razer Leviathan V2 X - PC Gaming Sound Bar - Pokemon Edition - AP Packaging Pokemon Edition,235.9
Belkin USB-C DUAL DISPLAY DOCK Dual Display,299
CM MASTERBOX MB530 ARGB ATX CASE WITH 3 T.G 3 T.G,150.22
Razer Atlas,159.9
Razer BlackWidow V3 Pro - Wireless Mechanical Gaming Keyboard (Yellow Switch) - US Layout - FRML Packaging Yellow Switch,359
Razer Nommo V2 Pro - Full-Range 2.1 PC Gaming Speakers with Wireless Subwoofer - EU/IDN + UK/MY/SG/UAE Packaging V2 Pro,669.9
Belkin USB-C 11-IN-1 MULTIPORT DOCK 11-in-1,145
CM MASTERBOX MB520 ARGB ATX CASE WITH T.G ARGB,114.67
Razer Atlas White Edition White Edition,159.9
Razer BlackShark V2 Pro (2023) - Wireless Gaming Headset - FRML Packaging 2023,324.9
Razer Nommo V2 - Full-Range 2.1 PC Gaming Speakers with Wired Subwoofer - EU/ IDN + UK/MY/SG/UAE Packaging V2,419.9
Belkin THUNDERBOLT 4 CABLE 2M ACTIVE 2M Active,115
CM MASTERBOX MB511D ARGB ATX CASE WITH T.G ARGB,114.67
Razer Sphex V3 – Ultra-Thin Gaming Mouse Mat - Small - FRML Packaging Small,15.9
Razer BlackShark V2 Pro (2023) - Wireless Gaming Headset - White Edition - FRML Packaging White Edition,324.9
Razer Nommo V2 X - Full-Range 2.0 PC Gaming Speakers - EU/IDN/RUS//UKR/ISR/EGY/ZAF + UK/MY/SG/UAE/SAU Packaging V2 X,249.9
"Belkin GLASS,EZ TRAY,APPLE,13 MINI,TEMPERED GLASS AM 13 Mini",24
CM MASTERBOX MB320L ARGB m-ATX CASE WITH T.G m-ATX,88
Razer Sphex V3 - Ultra-Thin Gaming Mouse Mat - Large - FRML Packaging Large,39.9
Razer BlackShark V2 Pro - Wireless Gaming Headset - White Edition - FRML Packaging White Edition,269.9
Razer Nommo Chroma 2.0 Gaming Speakers Chroma,229
"Belkin GLASS,EZ TRAY,APPLE,13/13 PRO,TEMPERED GLASS AM 13/13 Pro",24
CM MASTERBOX MB311L ARGB m-ATX CASE WITH T.G m-ATX,88
Razer BlackShark V2 Pro - Wireless Gaming Headset - FRML Packaging Wireless,269.9
Razer Nommo 2.0 Gaming Speakers 2.0,159
"Belkin GLASS,EZ TRAY,APPLE,13 PRO MAX,TEMPERED GLASS AM 13 Pro Max",24
CM MASTERBOX 500 ARGB ATX CASE ARGB,114.67
Razer Huntsman V3 Pro - Analog Optical Esports Keyboard - US Layout - FRML US Layout,399.9
Razer BlackShark V2 HyperSpeed - Wireless Ultra-Lightweight Esports Headset - FRML Packaging HyperSpeed,205.9
Razer Leviathan V2 - PC Gaming Sound Bar with Subwoofer V2,379
"Belkin GLASS, EZ TRAY, 2022 C, TEMPERED GLASS AM 2022 C",24
CM ELITE 500 ATX CASE WITH ODD ODD,70.22
Razer Huntsman V3 Pro Tenkeyless - Tenkeyless Analog Optical Esports Keyboard - US Layout - FRML Tenkeyless,349
Razer BlackShark V2 - Wired Gaming Headset + USB Sound Card - FRML Packaging Wired,159.9
Razer Leviathan V2 X - PC Gaming Soundbar - FRML Packaging V2 X,165
"Belkin GLASS, EZ TRAY, 2022 D, TEMPERED GLASS AM 2022 D",24
MPG-8501-AFBAP-XUK CM XG PLUS PLATINUM 850 FULL MODULAR ARGB PSU 850W,360.8
Razer Huntsman V3 Pro Mini - 60% Analog Optical Esports Keyboard - US Layout - FRML Mini,279.9
Razer BlackShark V2 - Wired Gaming Headset + USB Sound Card - CourageJD Edition - FRML Packaging CourageJD Edition,169.9
Razer Wolverine V2 Pro - Wireless PlayStation 5 & PC Gaming Controller - White - AP Packaging White,399
"Belkin GLASS, EZ TRAY, 2022 C, LAS GLASS AM 2022 C Las",26
MPG-7501-AFBAP-XUK CM XG PLUS PLATINUM 750 FULL MODULAR ARGB PSU 750W,321.69
Razer Huntsman V2 - Optical Gaming Keyboard (Clicky Purple Switch) - US Layout - FRML Packaging Clicky Purple Switch,299.9
Razer BlackShark V2 - Wired Gaming Headset + USB Sound Card - SE - World Packaging SE,169.9
RAZER KAIRA PRO HYPERSPEED-PS5 WLESS GMING HDSET PS5,329.9
"Belkin GLASS, EZ TRAY, 2022 D, LAS GLASS AM 2022 D Las",26
MPG-8501-AFBAP-UK CM XG PLATINUM 850 FULL MODULAR PSU 850W,263.02
Razer Huntsman V2 - Optical Gaming Keyboard (Linear Red Switch) Linear Red Switch,309
Razer BlackShark V2 X USB - Wired Gaming Headset - FRML Packaging USB,105
RAZER KAIRA HYPERSPEED-PS5 WLESS GAMING HEADSET PS5,214.9
"Belkin 20W AC CHARGER, STANDALONE, WHT 20W",25
MPG-7501-AFBAP-UK CM XG PLATINUM 750 FULL MODULAR PSU 750W,223.91
Razer Huntsman V2 Tenkeyless - Optical Gaming Keyboard (Clicky Purple Switch) - US Layout Clicky Purple Switch,239.9
Razer BlackShark V2 X - Wired Gaming Headset - FRML Packaging Wired,94.9
RAZER KAIRA X FOR PLAYSTATION-FOR PS5 PS5,89.9
Belkin PD 25W PPS USB-C WALL CHARGER 25W,29
MPY-8501-SFHAGV-WK CM V SFX GOLD 850 FULL MODULAR WHITE PSU 850W White,233.69
Razer Huntsman V2 Tenkeyless - Optical Gaming Keyboard (Linear Red Switch) Linear Red Switch,254.9
Razer BlackShark V2 X - Wired Gaming Headset - White - FRML Packaging White,94.9
RAZER HAMMERHEAD HYPERSPEED-PS5 PS5,249.9
"Belkin 63W USB-C CHARGER,GAN,50C/18C,WHT 63W",69
MPY-7501-SFHAGV-WK CM V SFX GOLD 750 FULL MODULAR WHITE PSU 750W White,214.13
Razer Huntsman V2 Tenkeyless - Optical Gaming Keyboard (Linear Red Switch) - Quartz Edition - US Layout - FRML Quartz Edition,269.9
Razer BlackShark V2 X - Wired Gaming Headset - Quartz Edition - FRML Packaging Quartz Edition,94.9
Razer Kishi V2 - Gaming Controller for Android - FRML Packaging Android,149.9
"Belkin 108W USB-C CHARGER,GAN,4-PORT,WHT,2M 108W",119
MPY-8501-SFHAGV-UK CM V SFX GOLD 850 FULL MODULAR PSU 850W,223.91
Razer Huntsman Mini - 60% Optical Gaming Keyboard (Clicky Purple Switch) - FRML Packaging Clicky Purple Switch,189.9
Razer Kraken V3 Pro - Wireless Gaming Headset with Razer HyperSense - FRML Packaging HyperSense,329.9
Razer Kishi V2 - Gaming Controller for iPhone - FRML Packaging iPhone,149.9
Belkin 65W DUAL USB-C GAN WALL CHARGER WITH 65W,75
MPY-7501-SFHAGV-UK CM V SFX GOLD 750 FULL MODULAR PSU 750W,204.36
Razer Huntsman Mini - 60% Optical Gaming Keyboard (Linear Red Switch) - FRML Packaging Linear Red Switch,209.9
Razer Kraken V3 HyperSense - Wired USB Gaming Headset with Haptic Technology - FRML Packaging HyperSense,209.9
Razer Gaming Finger Sleeve,14.9
"Belkin MAGSAFE PAD WITH STAND, NO PSU, BK Black",99
MPY-6501-SFHAGV-UK CM V SFX GOLD 650 FULL MODULAR PSU 650W,184.8
Razer Huntsman Mini Analog - 60% Analog Optical Gaming Keyboard (Analog Switch) - US Layout - FRML Packaging Analog Switch,229.9
Razer Kraken V3 - Wired USB Gaming Headset - FRML Packaging Wired,159.9
Razer Ergonomic Wrist Rest for Tenkeyless Keyboards - FRML Packaging Tenkeyless,29.9
"Belkin MAGSAFE PAD WITH STAND, NO PSU, BL Blue",99
MPZ-D001-AFBAPV-UK CM V PLATINUM 1300 FULL MODULAR PSU 1300W,419.47
Razer BlackWidow V4 Pro - Mechanical Gaming Keyboard (Green Switch) - US Layout - FRML Green Switch,359
Razer Kraken V3 X - Wired USB Gaming Headset - FRML Packaging Wired,109.9
Razer Ergonomic Wrist Rest for Mini Keyboards - FRML Packaging Mini,29.9
"Belkin MAGSAFE PAD WITH STAND, NO PSU, WH White",99
MPZ-A001-AFBAPV-UK CM V PLATINUM 1000 FULL MODULAR PSU 1000W,360.8
Razer BlackWidow V4 Pro - Mechanical Gaming Keyboard (Yellow Switch) - US Layout - FRML Yellow Switch,359
Razer Kraken Kitty V2 Pro - Wired RGB Headset with Interchangeable Ears - Black - FRML Packaging Black,329.99
Razer Mouse Dock Pro - FRML Packaging FRML Packaging,119.9
"Belkin MAGNET PAD 7.5W, PSU, BK Black",59
MPZ-8501-AFBAPV-UK CM V PLATINUM 850 FULL MODULAR PSU 850W,311.91
Razer BlackWidow V4 - Mechanical Gaming Keyboard (Green Switch) - US Layout - FRML Green Switch,269.9
Razer Kraken Kitty V2 Pro - Wired RGB Headset with Interchangeable Ears - Quartz Edition - FRML Packaging Quartz Edition,329.99
Razer Mouse Dock Chroma – FRML Packaging Chroma,79.9
"Belkin MAGNET PAD 7.5W, PSU, WH White",59
MPY-850V-AFBAG-UK CM V GOLD V2 850 FULL MODULAR PSU 850W,223.91
Razer BlackWidow V4 - Mechanical Gaming Keyboard (Yellow Switch) - US Layout - FRML Yellow Switch,269.9
Razer Kraken Kitty V2 - USB Headset with RGB Kitty Ears - Black - FRML Packaging Black,155.9
Razer Mouse Bungee V3 Chroma - FRML Packaging Chroma,59.9
"Belkin STAND,15W,PSU,BLACK Black",59
MPY-750V-AFBAG-UK CM V GOLD V2 750 FULL MODULAR PSU 750W,204.36
Razer BlackWidow V4 X - Mechanical Gaming Keyboard (Green Switch) - US Layout - FRML Green Switch,209.9
Razer Kraken Kitty V2 - USB Headset with RGB Kitty Ears - Quartz Edition - FRML Packaging Quartz Edition,155.9
Razer Fujin Headrest - FRML Packaging Headrest,199.9
"Belkin STAND,15W,PSU,WHITE White",59
MPY-650V-AFBAG-UK CM V GOLD V2 650 FULL MODULAR PSU 650W,184.8
Razer BlackWidow V4 X - Mechanical Gaming Keyboard (Yellow Switch) - US Layout - FRML Yellow Switch,209.9
Razer Kraken Kitty V2 BT - Quartz Edition - Wireless Bluetooth RGB Headset with Kitty Ears - FRML Packaging Bluetooth,155.9
Razer Fujin Pro - Fully Adjustable Mesh Gaming Chair - NASA+AP Packaging NASA Edition,1499
"Belkin MAGNET STAND 7.5W, PSU, BK Black",69
MPY-750V-AGBAG-UK CM V GOLD V2 750 FULL MODULAR WHITE PSU 750W White,214.13
Razer BlackWidow V4 75% - Hot-swappable Mechanical Gaming Keyboard - US Layout - FRML 75%,290.9
Razer Barracuda Pro - Wireless Gaming Headset with Hybrid ANC - FRML Packaging Barracuda Pro,409.9
Razer Fujin – Mesh Gaming Chair - NASA+AP Packaging NASA Edition,939
"Belkin MAGNET STAND 7.5W, PSU, WH White",69
MPY-650V-AGBAG-UK CM V GOLD V2 650 FULL MODULAR WHITE PSU 650W White,194.58
Razer BlackWidow V4 75% - Hot-swappable Mechanical Gaming Keyboard - White Edition - US Layout - World Packaging White Edition,305.9
Razer Barracuda - Wireless Multi-platform Gaming and Mobile Headset - FRML Packaging Barracuda,264.9
Razer Iskur - Gaming chair with built-in lumbar support Standard,749.9
"Belkin STAND/PAD/PUCK,PSU,BLACK Black",159
MPE-C501-AFCAG-3UK CM MWE GOLD V2 1250W FULL MODULAR ATX3 PSU 1250W,341.24
Razer™ BlackWidow V3 - Mechanical Gaming Keyboard (Green Switch) - US Layout – FRML Packaging Green Switch,219.9
Razer Barracuda - Wireless Multi-platform Gaming and Mobile Headset - Mercury White - FRML Packaging Mercury White,279.9
Razer Iskur Gaming chair with built-in lumbar support - Black Colour Black,749.9
"Belkin STAND/PAD/PUCK,PSU,WHITE White",159
MPE-A501-AFCAG-3UK CM MWE GOLD V2 1050W FULL MODULAR ATX3 PSU 1050W,311.92
Razer™ BlackWidow V3 - Mechanical Gaming Keyboard (Yellow Switch) - US Layout – FRML Packaging Yellow Switch,219.9
Razer Barracuda - Wireless Multi-platform Gaming and Mobile Headset - Quartz Pink - FRML Packaging Quartz Pink,279.9
Razer Iskur - Dark Gray Fabric - Gaming Chair With Built In Lumbar Support - NASA + AP Packaging Dark Gray Fabric,749.9
"Belkin DUAL PAD,15W,PSU,BLACK Black",99
MPE-8501-AFAAG-UK CM MWE GOLD V2 850W FULL MODULAR PSU 850W,184.8
Razer™ BlackWidow V3 - Mechanical Gaming Keyboard (Green Switch) - Quartz Edition - US Layout FRML Packaging Quartz Edition,219.9
Razer Barracuda X (2022) - Wireless Multi-Platform Gaming and Mobile Headset - FRML Packaging Barracuda X,159.9
Razer Iskur X - Ergonomic Gaming Chair Iskur X,599.9
"Belkin DUAL PAD,15W,PSU,WHITE White",99
MPE-7501-AFAAG-UK CM MWE GOLD V2 750W FULL MODULAR PSU 750W,165.24
Razer™ BlackWidow V3 Tenkeyless - Mechanical Gaming Keyboard - US Layout – FRML packaging Tenkeyless,159.9
Razer Barracuda X (2022) - Wireless Multi-Platform Gaming and Mobile Headset - Mercury White - FRML Packaging Mercury White,159.9
Razer Stream Controller – All-in-one Keypad for Streaming - FRML Packaging Stream Controller,409.9
"Belkin MAGSAFE 2/1 STAND, BK Black",132
MPE-6501-AFAAG-UK CM MWE GOLD V2 650W FULL MODULAR PSU 650W,145.69
Razer™ BlackWidow V3 Tenkeyless - Mechanical Gaming Keyboard (Yellow Switch) - US Layout - FRML packaging Yellow Switch,159.9
Razer Barracuda X (2022) - Wireless Multi-Platform Gaming and Mobile Headset - Quartz Pink - FRML Packaging Quartz Pink,159.9
Razer Stream Controller X - All-in-one Keypad for Streaming - FRML Packaging Stream Controller X,239.9
"Belkin MAGSAFE 2/1 STAND, WH White",132
MPW-8001-ACAAG-UK CM G800 GOLD NON MODULAR PSU 800W,131.28
Razer™ BlackWidow V3 Mini HyperSpeed - Phantom Pudding Edition - 65% Wireless Mechanical Gaming Keyboard (Yellow Switch) - FRML Packaging Mini HyperSpeed,309.9
Razer Opus X - Mercury - Active Noise Cancellation Headset - FRML Packaging Mercury,154.9
Razer Viper V2 Pro - Wireless Gaming Mouse - PUBG: Battlegrounds Edition - World Packaging PUBG Edition,265.9
Belkin 3-IN-1 WIRELESS CHARGING PAD WITH MAGSAFE WIZ016myBK Black,209
MPE-5001-ACABW-UK CM MWE WHITE 500W 80+ 230v EU PSU V2 500W,79.11
Razer DeathStalker V2 Pro - Wireless Low Profile Optical Gaming Keyboard (Linear Red Switch) - US Layout – FRML Linear Red Switch,319
Razer Opus X - Quartz - Active Noise Cancellation Headset - FRML Packaging Quartz,154.9
Razer Barracuda X (2022) - Wireless Multi-Platform Gaming and Mobile Headset - PUBG: Battlegrounds Edition - World Packaging PUBG Edition,205.9
Belkin 3-IN-1 WIRELESS CHARGING PAD WITH MAGSAFE WIZ016myWH White,209
MPE-4501-ACABW-UK CM MWE WHITE 450W 80+ 230v EU PSU V2 450W,70.22
Razer DeathStalker V2 Pro - Wireless Low Profile Optical Gaming Keyboard (Linear Red Switch) - White Edition - US Layout – FRML White Edition,319
Razer Seiren V2 Pro - Professional Grade USB Microphone - FRML Packaging V2 Pro,239.9
Razer Huntsman V2 - Optical Gaming Keyboard (Linear Optical Switch) - World Packaging Linear Optical Switch,399.9
Belkin 3-IN-1 WIRELESS CHARGING STAND WITH WIZ017MYBK Black,209
CM MF120 PRISMATIC 3IN1 ARGB CRYSTAL FAN 3-in-1,124.17
Razer Seiren V2 X - USB Microphone for Streamers - FRML Packaging V2 X,159.9
Razer Orochi V2 - Wireless Gaming Mouse - Roblox Edition - FRML Packaging Roblox Edition,139.9
Belkin 3-IN-1 WIRELESS CHARGING STAND WITH WIZ017MYWH White,209
CM MF120 PRISMATIC ARGB CRYSTAL FAN Single,49.17
Razer Seiren Mini - Ultra-Compact Condenser Microphone - FRML Packaging Mini,79.9
Razer™ BlackWidow V3 - Mechanical Gaming Keyboard - Roblox Edition - US Layout FRML Packaging Roblox Edition,279.9
CM MASTERFAN SF360R ARGB FAN SF360R,69.22
Razer Seiren Mini - Ultra-Compact Condenser Microphone - Quartz - FRML Packaging Quartz,79.9
Razer Barracuda X (2022) - Wireless Multi-Platform Gaming and Mobile Headset - Roblox Edition - FRML Packaging Roblox Edition,209.9
CM MASTERFAN MF140 HALO ARGB ARGB FAN MF140 Halo,35
Razer Seiren Mini - Ultra-Compact Condenser Microphone - Mercury - FRML Packaging Mercury,79.9
CM MASTERFAN MF120 HALO 3IN1 ARGB ARGB FAN - WHITE 3-in-1 White,77
RAZER SEIREN BT-BLUETOOTH MIC FOR MOBILE STREAMING Bluetooth,159.9
CM MASTERFAN MF120 HALO ARGB FAN - WHITE White,30.33
Razer Kiyo Pro - USB Camera with High-Performance Adaptive Light Sensor Kiyo Pro,299.9
CM MASTERFAN MF120 HALO 3IN1 ARGB FAN 3-in-1,77
Razer Kiyo Standard,159.9
CM MASTERFAN MF120 HALO ARGB FAN Single,30.33
Razer Kiyo X - USB Broadcasting Camera - FRML Packaging Kiyo X,119
CM MOBIUS 120P ARGB RING BLADE FAN Mobius 120P,38.11
Razer Ripsaw X - USB Capture Card - FRML Packaging Ripsaw X,219
CM SICKLEFLOW 140 PWM ARGB FAN Sickleflow 140,27.22
RAZER AUDIO MIXER Audio Mixer,386.9
CM SICKLEFLOW 120 PWM ARGB FAN - WHITE White,20.94
Razer Key Light Chroma – All-in-one lighting kit for Streaming - FRML Packaging Key Light Chroma,439
CM SICKLEFLOW 120 ARGB 3IN1 WITH CONTROLLER 3-in-1 with Controller,61.44
Razer Stream Controller – All-in-one Keypad for Streaming - FRML Packaging Stream Controller,409.9
Razer Stream Controller X - All-in-one Keypad for Streaming - FRML Packaging Stream Controller X,239.9
"Belkin CABLE,CAT6,UTP,RJ45M/M,10M,BLU,PATCH,SNAGLESS 10M Blue",22
"Belkin CABLE,HDMI 2.1, M/M, 2M,BLACK 2M Black",59
"Belkin CABLE,HDMI 2.1, M/M, 1M,BLACK 1M Black",69
"Belkin CABLE,HDMI 2.1, M/M, 2M,BLACK 2M Black",85
"Belkin ADAPTER, USB-C TO VGA, 60W PD, BLK 60W PD",19
"Belkin ADAPTER, USB-C TO HDMI, 60W PD, BLK 60W PD",69
Belkin USB-C Video Adapter Video Adapter,109
Belkin USB-C 5-IN-1 MULTIPORT ADAPTER 5-in-1,79
Belkin USB-C 7-IN-1 MULTIPORT ADAPTER 7-in-1,99
"Belkin SURGE,4OT,525J,2M, 2 USB-2.4A SHARED 4 Outlets",55
"Belkin SURGE,6OT,650J,2M, 2 USB-2.4A SHARED 6 Outlets",63
"Belkin SURGE,80T,900J,2M, 2 USB-2.4A SHARED 8 Outlets",79
"Belkin USB-A TO LTG, SILICONE, 1M, BLK 1M Black",27
"Belkin USB-A TO LTG, SILICONE, 1M, BLUE 1M Blue",27
CM COSMOS C700M ARGB TOWER W/T.GLASS Cosmos C700M,565.72
CM HAF700 EVO ARGB TOWER WITH T.G HAF700 EVO,660.17
CM SILENCIO S600 ATX CASE WITH TG / SD CARD READER Silencio S600,132.44
CM SILENCIO S400 m-ATX CASE WITH TG /SDCARD READER Silencio S400,114.67
CM MASTERFRAME 700 OPEN-AIR FRAME MasterFrame 700,272.94
CM MASTERCASE EG200 eGPU WITH SFX550 GOLD PSU EG200,471.28
CM MASTERCASE H500M ARGB CASE WITH 4 T.G H500M,282.39
CM MASTERCASE H500 ARGB CASE WITH T.G H500,159.61
CM MASTERBOX CM694 ATX CASE WITH T.G CM694,178.5
CM MASTERBOX TD500 MESH ARGB ATX CASE - WHITE TD500 Mesh White,141.33
CM MASTERBOX TD500 MESH ARGB ATX CASE TD500 Mesh,132.44
CM MASTERBOX TD300 MESH ARGB m-ATX CASE - WHITE TD300 White,105.78
CM MASTERBOX TD300 MESH ARGB m-ATX CASE TD300,105.78
CM MASTERBOX NR600P ATX CASE WITH HOTSWAP BAYS NR600P,187.94
CM MASTERBOX NR600 ATX CASE WITH T.G / ODD NR600,105.78
CM MASTERBOX NR400 m-ATX CASE WITH T.G NR400,88
CM MASTERBOX NR200P MAX WITH 850W PSU & 280MM AIO NR200P Max,471.28
