item,price_sgd
Asrock RX6600 CLD 8GB PCI-EX,319
Sapphire PULSE RX 6500XT 4GB GDDR,284
Sapphire Nitro+ RX6600XT OC 8GB,399
Sapphire Pulse RX7600XT 16GB GDD,520
Sapphire Nitro+ 6900xt Nitro+ 16GB,2399
Sapphire Nitro+ RX7800XT 16GB,769
Sapphire Founder RX7800XT 16GB,875
Sapphire Pulse RX7800XT 16GB,668
Sapphire Pure RX7800XT 16GB,758
Sapphire Nitro+ RX7700XT 12GB GamingOC,695
Sapphire Pure RX7700XT 12GB,722
Sapphire PULSE RX 7600 GAMING 8GB,405
Sapphire Pure RX7900 GRE 16GB,859
Sapphire Nitro+ RX7900 GRE 16GB,915
Sapphire Nitro+ RX 7900XTX 24GB,1650
Asus RX6400 Graphic Card,259
ASUS DUAL-RX6500XT-O4G/ TUF RX6500xt,258
Asus RX550 Phoenix DVI HDMI DP 4G,189
Asus TUF-RX7800XT-O16G-GAMING,869
Asus TUF-RX7800XT-O16G-WHITE-GAMING,888
Asus DUAL-RX7800XT-O16G,845
Asus DUAL-RX7700XT-O12G,724
Asus ROG-STRIX-RX7600-O8G,477
Asus DUAL-RX7600-O8-V2,428
Asus TUF-RX7600XT-O16G-GAMING,597
Asus DUAL-RX7600XT-O16G,524
Asus DUAL-RX6600-8G,522
Gigabyte RX6500XT 4G,250
Gigabyte GV R64EAGLE-4GD 4GB,276
Gigabyte RX6400 4GB GV R64EAGLE-4,266
Gigabyte RX7600 8GB GV R76GAMING,421
Gigabyte RX7600XT 16GB GV R76XTGA,505
Gigabyte RX7700XT 12GB GV R77XTGA,688
Gigabyte RX7800XT 16GB GV R78XTGA,815
MSI Radeon RX 6600 MECH 2X 8G,699
PowerColor HellHound 7900XTX 24GB,1399
POWERCOLOR FIGHTER RX 6500 XT 4GB,259
AMD Original CPU AM4+ / Intel CPU Cooler,30
ARCTIC Freezer 34 (LGA 1700 Compatible),46
ARCTIC Freezer 34 eSports DUO,60
ARCTIC Liquid Freezer II 240mm ARGB,109
ARCTIC Freezer i35 (Base Model),40
ARCTIC Freezer i35 RGB (INTEL),21
ARCTIC Freezer i35 ARGB (LGA1700/1200),58
ARCTIC Freezer A35 ARGB (AM4/AM5),58
ARCTIC Freezer 36 A-RGB,48
ARCTIC Freezer 4U-M (SP6 SP3 sTR5 TR4 sWRX8 sTRX4 LGA4677 LGA4189),92
ARCTIC Liquid Freezer III-240 (Black),113
ARCTIC Liquid Freezer III-280 (Black),120
ARCTIC Liquid Freezer III-360 (Black),141
ARCTIC Liquid Freezer III-420 (Black),151
ARCTIC Liquid Freezer III-240 ARGB (Black),132
ARCTIC Liquid Freezer III-280 A-RGB (Black),136
ARCTIC Liquid Freezer III-360 ARGB (Black),151
ARCTIC Liquid Freezer III-420 ARGB,160
ARCTIC Liquid Freezer III-240 ARGB (White),137
ARCTIC Liquid Freezer III-280 A-RGB (White),139
ARCTIC Liquid Freezer III-360 ARGB (White),166
ARCTIC Liquid Freezer II - 120,33
ASUS ROG RYUJIN III 360 AIO CPU CO,466
ASUS ROG RYUJIN III 240 AIO CPU CO,397
ASUS ROG RYUJIN III 360 ARGB WHITE,498
ASUS ROG RYUJIN III 240 ARGB WHITE,423
ASUS ROG RYUJIN III 360 ARGB AIO C,480
ASUS ROG RYUJIN III 240 ARGB AIO C,406
ASUS PROART LC 420 AIO CPU COOLER,459
ASUS RYUO III 360 ARGB WHITE AIO C,407
ASUS RYUO III 240 ARGB WHITE AIO C,343
ASUS RYUO III 360 ARGB AIO CPU,395
ASUS RYUO III 240 ARGB AIO CPU,331
ASUS ROG LC III 360 AIO ( NO ARGB),275
ASUS ROG LC III 360 ARGB black/white,325
ASUS ROG LC III 240 ARGB black/white,250
ASUS ROG STRIX LC II 360 RGB WHITE,351
ASUS ROG STRIX LC II 240 RGB WHITE,289
ASUS ROG STRIX LC 240 RGB WHITE ED,261
ASUS ROG STRIX LC II 360 ARGB AIO,295
ASUS ROG STRIX LC II 280 ARGB AIO,253
ASUS ROG STRIX LC II 240 ARGB AIO,234
ASUS TUF GAMING LC III 360 ARGB AIO,365
ASUS TUF GAMING LC II 240 ARGB AIO,190
ASUS TUF GAMING LC 240 ARGB,128
be quiet! Silent Loop 2 240 ARGB,183
be quiet! Silent Loop 2 280 ARGB,196
be quiet! Silent Loop 2 360 ARGB,223
be quiet! PURE LOOP 2 FX 280mm,157
be quiet! Dark Rock PRO 4 (LGA1700/AM5),84
Cryorig RHEO 240mm AIO,89
Cryorig RHEO 360mm AIO,99
Cryorig CR401 ARGB Air Cooler,32
Cryorig CR601 ARGB Air Cooler,59
Cryorig MONSTER XX,129
Cooler Master MLW-D36M-A18PZ-RW MA,89
Cooler Master MLW-D36M-A18PZ-R1 MA,81
Cooler Master MLW-D24M-A18PZ-RW MA,73
Cooler Master MLW-D24M-A18PZ-R1 MA,64
Cooler Master MAM-D8PN-318PK-R1 MA,105
Cooler Master RR-D6NA-17PA-R1 HYPE,32
Cooler Master RR-S4KK-20PA-R1 HYPE,40
CM MA624 STEALTH CPU COOLER,149
CM MA612 STEALTH ARGB CPU COOLER,122
CM MA612 STEALTH CPU COOLER,105
CM HYPER 622 HALO ARGB CPU COOLER,87
CM HYPER 620S ARGB CPU COOLER,52
CM MASTERLIQUID 360 ATMOS ARGB,249
CM MASTERLIQUID 240 ATMOS ARGB,189
CM HYPER 212 HALO CPU COOLER,78
CM HYPER T200 CPU COOLER,26
CM A71C ARGB AM4 CPU COOLER,34
Corsair iCUE H115i Elite CAPELLIX,230
Corsair iCUE H150i Elite CAPELLIX,248
Corsair iCUE H100i Elite CAPELLIX,215
Corsair iCUE H170i Elite CAPELLIX,296
Corsair iCUE ELITE CPU Cooler LCD,127
Corsair H55 RGB 120mm Liquid CPU,86
CORSAIR iCUE H100i ELITE LCD XT L,336
CORSAIR iCUE LINK H100i RGB Liqui,204
CORSAIR iCUE LINK H150i RGB Liqui,241
CORSAIR iCUE LINK H100i RGB White,226
CORSAIR iCUE LINK H150i RGB White,263
CORSAIR iCUE LINK H100i LCD Liqui,314
CORSAIR iCUE LINK H150i LCD Liqui,373
CORSAIR iCUE LINK H150i LCD Liqui white,380
CORSAIR iCUE LINK H170i LCD Liqui,384
CORSAIR iCUE LINK TITAN 240 RX RG,197
CORSAIR iCUE LINK TITAN 360 RX RG,259
Cryorig Air Cooler H7,54
Darkflash DX240 ARGB AIO / TR240,80
DarkFlash DC240 ARGB AIO 240 Black,70
Deepcool Castle 360EX A-RGB AIO BL,156
Deepcool Castle 360EX A-RGB WHITE,156
Deepcool CPU Cooler Gammaxx GT RGB,41
Deepcool AG400 4 x 6mm Heatpipe To,27
Deepcool AK400 DIGITAL PRO,55
DEEPCOOL AK400 PINK LIMITED EDITIO,40
Deepcool AK620 DIGITAL,103
Deepcool AK620 DIGITAL PRO,114
Deepcool AK620 ZERO DARK ZORIA,100
Deepcool AK620 DIGITAL White,103
Deepcool AN600 (Low Profile cooler,60
Deepcool ASSASSIN IV,140
DEEPCOOL ASSASSIN IV WHITE,140
Deepcool ASSASSIN IVS BK,111
Deepcool ASSASSIN IVS WH,111
Deepcool LD240,129
Deepcool LD360,167
Deepcool LD360 WH,167
Deepcool LE520 WHITE AIO 2 x ARGB,100
Deepcool LE720 WHITE AIO 3 x ARGB,122
Deepcool LS520 ARGB 240 AIO BLACK,146
Deepcool LS520S ZERO DARK,111
Deepcool LS520 ARGB 240 AIO WHITE,146
Deepcool LS720S ZERO DARK,133
Deepcool LT360 ARGB,157
Deepcool LT360 WH ARGB,168
Deepcool LT520,123
Deepcool LT520 WH,134
Deepcool MYSTIQUE 240,174
Deepcool MYSTIQUE 360 ARGB,230
Deepcool MYSTIQUE 360,218
EKIO EK-AIO 360 D-RGB,222
EVGA CLC AIO 240mm cooler,59
EVGA CLC AIO 280mm cooler,68
EVGA CLC AIO 360mm cooler,123
Gigabyte AORUS WATERFORCE X 240,285
Gigabyte AORUS WATERFORCE X 360,345
Gigabyte ATC700 AORUS CPU COOLER,98
Gigabyte ATC800 AORUS CPU COOLER,150
ID-Cooling BLITZ X4,22
ID-Cooling DK 09i - LGA115x/LGA120,10
ID-Cooling DX360 MAX - Black,88
ID Cooling FROZN A400 BLACK,25
ID Cooling FROZN A620 BLACK,45
ID Cooling FROZN A620 PRO SE,43
ID-Cooling FROZN A720 Black,66
ID Cooling FX240 ARGB - 240m,57
ID-Cooling FX240 INF -,63
ID-Cooling FX240 PRO,57
ID-Cooling FX360 INF - BLACK,82
ID-Cooling FX360 PRO,77
ID Cooling IS-40X V3 -,20
ID-COOLING IS-47K AIR COOLER,25
ID Cooling IS-55 ARGB Black,50
ID Cooling IS-55 ARGB WHITE,40
ID Cooling IS-55 BLACK,39
ID Cooling PINKFLOW 240 ARGB V2 (L,122
ID Cooling SE 206 XT Black,36
ID-COOLING SE 214 XT ARGB,24
ID Cooling SE 224 XTS ARGB WHITE 2,31
ID-COOLING SE 226 XT ARGB,40
ID-COOLING SE 226 XT BLACK (LGA 17,50
ID COOLING SE 914 XT ARGB V2 AIR C,37
ID-COOLING SE 226 XT ARGB SNOW,39
ID-Cooling Space SL240 XE - Black,129
ID-Cooling Space SL240 XE - White.,129
ID-Cooling Space SL360 XE - Black,151
ID-Cooling Space SL360 XE - White,151
ID-COOLING SPACE SL360 LCD AIO - W,151
ID-COOLING ZOOMFLOW 360X ARGB BLAC,77
ID-COOLING ZOOMFLOW 360X WHITE ARG,77
ID-COOLING ZOOMFLOW 360XT ARGB BLA,84
ID-COOLING ZOOMFLOW 360XT WHITE AR,84
Lian Li Hydroshift LCD AIO 360TL,330
Lian Li Hydroshift LCD AIO 360R,253
Lian Li Hydroshift LCD AIO 360S,228
Lian Li Galahad II LCD AIO 280,281
Lian Li Galahad II LCD AIO 360,301
Lian Li Galahad II LCD AIO 360 SL-INF,355
Lian Li Galahad II Trinity AIO 240,160
Lian Li Galahad II Trinity AIO 240 SL-INF,209
Lian Li Galahad II Trinity AIO 360,193
Lian Li Galahad II Trinity AIO 360 SL-INF,245
Lian Li Galahad II Trinity Perform,220
MONTECH Hyperflow ARGB 360 White,140
MONTECH METAL DT24 BASE,67
MONTECH METAL DT24 PREMIUM,78
"Noctua NH-L9a-AMD chromax., Low Profile",151
"Noctua NH-L9i chromax.black, Low-Profile",151
"Noctua NH-L9x65, Premium Low Profile",161
"Noctua NH-L9i-17xx chromax.black,",151
"Noctua NH-U9 TR4-SP3, Premium Cooler",161
"Noctua NH-U9S, Premium CPU Cooler",141
"Noctua NH-D9L, Premium CPU Cooler",140
Noctua NH-U9S chromax.black/Premium,150
"Noctua NH-L12S, Premium Low Profile",131
"Noctua NH-U12A chromax.black, , 120mm",232
Noctua NH-U12S Cooler Redux/Chromax,161
"Noctua NH-U12S SE-AM4, Premium CPU",150
"Noctua NH-U12S TR4-SP3, Premium-grade",150
"Noctua NH-D12L, Low-Height Dual-Tower",181
"Noctua NH-C14S, Premium CPU Cooler w",222
"Noctua NH-U14S, Premium CPU Cooler w",160
"Noctua NH-U14S TR4-SP3, Premium",201
"Noctua NH-D15 chromax.black, /Premium",249
Noctua NH-D15S chromax.black/Premium,191
"Noctua NH-D15 SE-AM4, Premium Dual-T",182
Noctua NH-D15 G Premium,228
NZXT T120,39
NZXT T120 RGB,45
"NZXT Kraken 240 (LCD, Black)",190
(2023) NZXT Kraken Elite 240 - Black,246
"NZXT Kraken 360 (LCD, Black)",246
(2023) NZXT Kraken Elite 360 - Black,291
NZXT Kraken 120 (LGA1700/AM5),78
NZXT Kraken 240 RGB (LCD),218
(2025) NZXT Kraken ELITE 240 RGB V2 -,323
"NZXT Kraken 280 RGB (LCD,)",185
(2023) NZXT Kraken ELITE 280 RGB - White,280
NZXT Kraken 360 RGB (LCD),287
(2023) NZXT Kraken ELITE 360 RGB - White,308
(2025) NZXT Kraken ELITE 360 RGB V2,390
NZXT Kraken X53 RGB (LGA1700/AM5),101
NZXT Kraken Z63 (LGA1700/AM5),283
"Scythe Fuma 3, (LGA 1700/AM5 READY",69
SCYTHE MUGEN 6 COOLER,56
SCYTHE MUGEN 6 DUAL FAN BLACK EDIT,69
"Scythe Ninja 5, Twin Tower Cooler",69
Silverstone PF240 AIO ARGB,118
Silverstone ICEMystic AIO 360 Cooler,209
TR Assassin X 90 SE ARGB,24
TR Assassin Spirit 120 V2,22
TR Assassin X 120 Refined SE ARGB,25
TR Assassin X 120 REFINED SE ARGB,28
TR Assassin X 120 Refined SE V2,20
TR AXP-120 X67 Thermalright,54
TR AXP-90 X36 Thermalright,35
TR AXP-90 X47 Thermalright,36
TR AXP-90 X53 Thermalright,44
TR Burst Assassin 120 ARGB,38
TR Contact Frame / Secure Frame,10
TR Frost Spirit 140 Thermalright,63
TR Frost Spirit 140 V3 - Thermalright,75
"TR M.2 2280 TYPE A B SSD Heatsink , PAD",15
TR Peerless Assassin 120,65
TR Peerless Assassin 120 SE,45
TR Peerless Assassin 120 SE ARGB,55
TR Phantom Spirit 120 Thermalright,58
TR Phantom Spirit 120 EVO Thermalright,71
TR Phantom Spirit 120 SE Thermalright,49
TR Phantom Spirit 120 SE ARGB - Bl,54
TRYX PANORAMA 360mm AIO Liquid ARGB,509
TRYX PANORAMA 240mm AIO Liquid ARGB,469
TRYX PANORAMA 360mm AIO Liquid,489
TRYX PANORAMA 240mm AIO Liquid,449
Tecware Mirage ARGB 120mm (White 75),64
Tecware Mirage ARGB 240mm (White 95),91
Tecware Mirage ARGB 360mm (White 108),97
Tecware Eclipse 360 ARGB LCD AIO,190
Thermaltake TH360 ARGB Sync/AIO LQ,149
ASUS ROG THOR 1600 80+ TITANIUM PS,931
ASUS ROG THOR 1200 80+ PLATINUM II,526
ASUS ROG THOR 1000W PLATINUM II EV,507
ASUS ROG THOR 1000W 80+ PLATINUM I,488
ASUS ROG-STRIX-1000G GOLD FULL MOD,310
ASUS ROG-STRIX-850G GOLD FULL MODU,273
ASUS ROG-STRIX-750G GOLD FULL MODU,198
ASUS ROG STRIX GOLD AURA 1200 ATX3,392
ASUS ROG STRIX GOLD AURA 1000 ATX3,355
ASUS ROG STRIX GOLD AURA 1000 ATX3,327
ASUS ROG STRIX GOLD AURA 850 ATX3,292
ASUS ROG STRIX GOLD AURA 750 ATX3,273
ASUS ROG LOKI SFXL 1200 TITANIUM M,415
ASUS ROG LOKI SFXL 1000 PLATINUM M,352
ASUS ROG LOKI SFXL 850 PLATINUM MO,297
ASUS ROG LOKI SFXL 750 PLATINUM MO,262
ASUS ROG LOKI SFXL 850 PLAT White,327
ASUS PRIME AP850G FULL MODULAR GOL,186
ASUS PRIME AP750G FULL MODULAR GOL,165
ASUS TUF GAMING 1200 GOLD FULL MOD,339
ASUS TUF GAMING 1000 GOLD FULL MOD,256
ASUS TUF GAMING 850 GOLD FULL MODU,194
ASUS TUF GAMING 750 GOLD FULL MODU,175
ASUS TUF-GAMING-750B BRONZE PSU,129
ASUS TUF-GAMING-650B BRONZE PSU,108
Adata XPG Pylon 650w 80+ Bronze,99
Adata XPG Pylon 750w 80+ Bronze,116
Adata XPG Core Reactor Gold 750w,139
Adata XPG Core Reactor Gold 850w,159
Cooler Master V SFX PLATINUM 1300,454
CM V1100 SFX PLATINUM FULL MODOLAR,416
CM V850 SFX GOLD FULL MODULAR 3.1,229
CM V750 SFX GOLD FULL MODULAR 3.1,209
CM V PLATINUM 1300 FULL MODULAR PS,387
Superflower LEADEX VI Platinum PRO 1000w,189
Superflower Leadex Platinum SE 1200,234
Superflower Leadex Platinum 1600W,364
Superflower Leadex Titanium 1600W,476
Superflower Leadex Platinum 2000W -,503
Superflower Zillion DB 80+ - 550W,53
Superflower Zillion DB 80+ - 650W,63
Super Flower Leadex III Gold 850W ATX3.1,139
Thermlright TG 650W 80+ Gold Full Modular,131
Thermlright TG 850W 80+ Gold Full Modular,130
Vios SFX 450w / iCute 500w /Gamemax,56
Xigmatek X-Power 600W / EVGA 600w,68
DEEPCOOL MATREXX 30,60
Airstream R200 ARGB / Zero ARGB,96
Desk PI Rackmate T1 + Patch Panel - Brush,599
Asus ProArt PA602 E-ATX computer,389
ASUS ROG HYPERION GR701 EATX,589
ASUS ROG STRIX HELIOS ATX CASE black,353
ASUS TUF GAMING GT502 DUAL-CHAMBER,178
Armaggeddon Kagami K-2 ARGB w/Fan,56
Armaggeddon Kagami K-3 ARGB,70
LIAN LI V3000 PLUS,556
ASUS TUF GAMING GT502 Horizon,249
ASUS TUF GAMING GT301 ARGB ATX CAS,107
Lian Li O11 Dynamic Evo XL,292
LIAN LI O11D EVO RGB,217
Lian-Li O11D EVO RGB Automobili La,422
Lian Li PC-O11 Dynamic Space,185
Lian Li O11 Vision Compact,167
Lian Li O11 Vision,187
Lian Li O11 Dynamic Mini,167
Lian Li O11 Air Mini Black,137
Lian Li O11 Air Mini White,152
LIAN LI LANCOOL III RGB White,199
LIAN LI LANCOOL 207,116
Lian Li Lancool 216 Black RGB,130
Lian Li Lancool 216 White RGB,134
Lian Li Dan Cases A3 Black,109
Lian Li Dan Cases A3 Wood,120
Lian Li SUP01,223
MONTECH AIR 903 MAX,90
MONTECH AIR 100 ARGB MATX,73
MONTECH KING 65 Pro,116
MONTECH KING 95 Pro,184
MONTECH KING 95,140
MONTECH SKY TWO GX -,120
"MONTECH SKY TWO WHITE, 4 ARGB Sync",111
MONTECH XR Black,69
MONTECH XR White,76
MSI MAG Vampiric 010X,109
MSI MAG FORGE 112R,91
MSI MPG GUNGNIR 110R WHITE,164
MSI MAG VAMPIRIC 300R,158
NZXT Noctis 450 Mid Tower Chassis,119
NZXT H5 Elite (2022) - White,140
NZXT H5 Flow RGB (2022) - White,112
NZXT H5 Flow (2024),101
NZXT H5 Flow RGB (2024),140
NZXT H6 Flow - Black,140
NZXT H6 Flow RGB - Black,174
NZXT H6 Flow - White,140
NZXT H6 Flow RGB - White,174
NZXT H7 (2022),111
NZXT H7 Elite (2022) - Black,146
NZXT H7 Flow (2022),127
NZXT H7 Flow (2024) - Black,166
NZXT H7 Flow RGB (2024) -,195
NZXT H9 Elite White,284
NZXT H9 Flow,199
"Phanteks NV9 Case,, DRGB,",325
"Phanteks NV7 Case,, DRGB,",295
"Phanteks NV5 Case,, DRGB,",155
be quiet! SILENT WINGS 4 120mm PWM high,32
be quiet! SILENT WINGS 4 140mm PWM high,33
be quiet! SILENT WINGS PRO 4 120mm PWM,41
be quiet! SILENT WINGS PRO 4 140mm PWM,42
"Corsair iCUE LINK QX120 RGB, 120mm",63
"Corsair iCUE LINK QX120 RGB, 120mm",183
"Corsair AR120, 120mm iCUE RGB Fan,",20
"Corsair AR120, 120mm iCUE RGB Fan,",53
"Corsair iCUE AF120 RGB SLIM, Fluid",37
"Corsair iCUE AF120 RGB SLIM, Fluid",84
"Corsair ML120 RGB ELITE, 120mm Magn",138
"Corsair ML120 RGB ELITE, 120mm Magn",42
Corsair iCUE SP120 RGB ELITE Perfor,25
Corsair iCUE SP120 RGB ELITE Perfor,77
"Corsair QL , QL120 RGB, 120mm",43
"Corsair QL , QL120 RGB, 120mm",138
"Corsair QL , QL140 RGB, 140mm",116
"Corsair QL140 RGB, 140mm RGB LED Fan",50
Corsair LL120 RGB 120mm Dual Light,143
Corsair LL120 RGB 120mm Dual Light,42
Corsair iCUE LINK System Hub - Conn,69
"Corsair iCUE LINK Slim Cable, 600mm",24
"Corsair iCUE LINK Slim Cable, 200mm",24
Corsair Commander PRO Smart RGB Lig,85
Corsair iCUE COMMANDER CORE XT Smar,72
Corsair Lighting Node PRO,72
Corsair Premium PCIe 4.0 ×16 Extens,94
Air Duster 400ml,12
Arctic 10 PWM Fan Hub,20
"Arctic P12 / F12 120mm Fan, PWM",13
"Arctic P14 / F14 140mm Fan, PWM",18
"Arctic P12 Slim 120mm Fan, PWM",17
Arctic BioniX P120 A-RGB,41
Arctic BioniX P120 A-RGB 3Fan+1Hub,112
"Arctic F9 92mm Fan, / F8 80mm Fan",12
Artic P12 MAX / P14 MAX,20
Asus TUF TF120 ARGB 3in1 Fan,100
Asus TUF TF120 ARGB Single Fan (XF120),40
ASUS ROG Herculx Graphics Card Holder,70
ASUS ROG GEFORCE RTX NVLINK 4 AURA,154
ASUS TUG GAMING TF120 ARGB 3IN1 FA,80
ASUS TUF GAMING TF120 ARGB FAN - W,28
ASUS TUF GAMING TF120 ARGB 3IN1 FA,77
ASUS ROG STRIX XF120 PWN FAN,30
Asus Wingwall Holder,103
Asus Thunderbolt 4 card (TB3 Card 155),206
Asus TPM Module for Windows 11 B365/360,81
CM MASTERFAN MF140 HALO ARGB FAN V,30
CM MASTERFAN MF120 HALO 3IN1 ARGB,76
CM MASTERFAN MF120 HALO ARGB FAN (,30
CM MOBIUS 140P ARGB RING BLADE FAN,49
CM MOBIUS 120 OC RING BLADE FAN (,49
CM MOBIUS 120P ARGB RING BLADE FAN,38
CM SICKLEFLOW 140 PWM ARGB FAN,27
CM SICKLEFLOW 120 PWM ARGB FAN - W,21
CM SICKLEFLOW 120 ARGB 3IN1 WITH C,69
CM SICKLEFLOW 120 PWM LED FAN,14
CM SICKLEFLOW 120 PWM NON LED FAN,12
CM SICKLEFLOW 80mm and 92mm,11
CM MASTERACCESSORY GEM UNIVERSAL M,49
CM ORACLE AIR NVME M.2 SSD ALUMINU,65
CM UNIVERSAL 1-5 ARGB SPLITTER CAB,12
CM MASTERACCESSORY - ARGB GPU SUP,38
CM VERTICAL GPU HOLDER PCI-E 4.0 R,107
CM MASTERACCESSORY RISER CABLE PCI,98
Corsair Commander PRO Smart RGB Light,92
Corsair Commander PRO XT,84
Corsair 12+4 12VHPWR Gen5 Type-4,29
Corsair RGB LED Lighting PRO Expansion,71
DarkFlash INF8 5in1 FAN PACK,45
darkFlash C6 3in1 fan pack,25
"Deepcool CF120+, 3 x 12cm PWM ARGB",53
"Deepcool SC790, 1 to 6 ARGB + PWM Fan",20
"Deepcool FH-04, 1 to 4 port Fan hub",10
"Deepcool RF 120FS, Fixed RGB, Tripl",30
"Deepcool RF120, White LED 12cm fan,",7
"Deepcool RF120M, 4 pin RGB 5 x 12cm",44
ID-Cooling HA-02 8 Port PWM +ARGB Hub,20
Inwin POLARIS-RGB (TWIN PACK),41
HYTE FA12 120mm 3 Fan Pack,35
MONTECH RX120 ARGB PWM Reverse Fan,16
MONTECH AX120 ARGB PWM fan,16
MONTECH Metal 120 PWM fan,19
MSI MAG F12A-3 3x120mm ARGB Fans,41
NZXT Sentry Mesh 5 channel 30w Fan,8
"NZXT Sentry Mix 2, 6 channel fan c",8
NZXT F140 RGB Core,26
NZXT F140 RGB Duo -,36
NZXT RGB and Fan Controller v1,28
NZXT RGB & Fan Controller V2,39
NZXT Internal Usb Hub v3.0,25
NZXT Hue 2 LED kit 250mm,11
NZXT Hue 2 Underglow 200mm,11
NZXT Hue 2 Underglow 300mm,17
"Corsair Carbide 275R Airflow , Black",119
C-TOR1N-01,200
Fractal Design Focus G White (Window Edition) FD-CA-FOCUS-WT-W,90
Garmin Forerunner 255s Powder Grey GM-010-02641-63,549
Synology RX1217sas 12-bay SAS/SATA expansion,4068
Crucial CT51264BF160B 1600 LAPTOP 4GB,119
"Corsair Carbide 275R Airflow , Whit",119
Fractal Design Torrent Nano RGB Black TG Light Tint FD-C-TOR1N-02,215
Garmin Forerunner 255s Light Pink GM-010-02641-73,549
Synology RX2417sas 24-bay 2.5’’ SAS/SATA expansion,4888
Crucial CT8G4DFRA266 2666 DESKTOP 8GB,115
Corsair Carbide 275R — Black ( TG,115
Fractal Design Torrent Nano White TG Clear Tint FD-C-TOR1N-03,200
Garmin Forerunner 255s Light Pink,549
Synology RXD1215sas 12-bay SAS expansion,4888
Crucial CT8G4DFS824A 2400 DESKTOP 8GB,115
Corsair Carbide 275R — White ( TG,115
Fractal Design Torrent Nano White TG Clear Tint,200
Synology SAT5200-3840G 3.84TB 2.5” Enterprise SSD,1834
Crucial CT8G4DFS8266 2666 DESKTOP 8GB,105
Corsair Carbide 275R — Black (Window Edition),105
Fractal Design Torrent Nano Black Solid FD-C-TOR1N-04,185
Synology SNV3400-400G 400GB M.2 2280 NVMe SSD,258
Crucial CT8G4SFS6266 2666 LAPTOP 8GB,105
Corsair Carbide 275R — White (Window Edition),105
Fractal Design Torrent Nano Black Solid,185
Synology SNV3400-800G 800GB M.2 2280 NVMe SSD,495
Crucial CT8G4SFS824A 2400 LAPTOP 8GB,115
Corsair Carbide 275Q Quiet Gaming,115
Synology SNV3500-400G 400GB M.2 22110 NVMe SSD,298
Crucial CT8G4SFS8266 2666 LAPTOP 8GB,99
Corsair Carbide 100R Silent Edition,99
Fractal Design Node 804 FD-CA-NODE-804-BL-W,170
Garmin Forerunner 255 Music Black GM-010-02641-48,629
Synology SNV3500-800G 800GB M.2 22110 NVMe SSD,552
Crucial CT8G4SFS832A 3200 LAPTOP 8GB,82
Corsair Carbide 100R Mid Tower,82
Fractal Design Meshify 2 XL Black TG Dark Tint FD-C-MES2X-01,320
Fractal Design Node 304 FD-CA-NODE-304-BK,140
Garmin Forerunner 255 Music Whitestone GM-010-02641-58,629
Synology HAT5300-8T Synology 3.5” Enterprise SATA HDD,551
Crucial CT8G4DFS832A 3200 DESKTOP 8GB,99
CORSAIR Carbide 175R RGB TG Gaming,99
Fractal Design Meshify 2 XL Black TG Light Tint FD-C-MES2X-02,320
Fractal Design Node 202 FD-CA-NODE-202-BK,140
Synology HAT5300-12T Synology 3.5” Enterprise SATA HDD,828
Crucial CT32G4DFD832A 3200 DESKTOP 32GB,165
Corsair iCUE 220T RGB Airflow TG Smart Case,165
Garmin Forerunner 255s Music Black GM-010-02641-68,629
Synology HAT5300-16T Synology 3.5” Enterprise SATA HDD,1104
Crucial CT32G4SFD832A 3200 LAPTOP 32GB,219
CORSAIR iCUE 465X RGB TG - Black,219
Fractal Design Meshify 2 RGB Black TG Light tint FD-C-MES2A-06,279
Fractal Design Core 500 FD-CA-CORE-500-BK,105
Garmin Forerunner 255s Music Whitestone GM-010-02641-78,629
Crucial Ballistix BL8G32C16U4B 3200Mhz 8GB,249
Crystal 280X RGB TG — Black,249
Fractal Design Meshify 2 RGB White TG Clear tint FD-C-MES2A-08,279
"Garmin Forerunner 265 Black, 46mm GM-010-02810-50",689
Seagate ST1000NM000A 1TB Exos 7E8 Hard Drive,164
Crucial Ballistix BL8G32C16U4R 3200Mhz 8GB,369
CORSAIR Crystal 680X RGB -Black,369
Fractal Design Meshify 2 Black Solid FD-C-MES2A-01,230
"Garmin Forerunner 265 Whitestone, 46mm GM-010-02810-51",689
Seagate ST2000NM000A 2TB Exos 7E8 Hard Drive,215
Crucial Ballistix BL8G32C16U4W 3200Mhz 8GB,199
CORSAIR Carbide 678C - Black,199
Fractal Design Meshify 2 Black TG Dark Tint FD-C-MES2A-02,250
"Garmin Forerunner 265 Aqua, 46mm GM-010-02810-52",689
Seagate ST4000NM000A 4TB Exos 7E8 Hard Drive,297
Corsair Obsidian 500D RGB SE Premium,389
Fractal Design Meshify 2 Black TG Light Tint FD-C-MES2A-03,250
"Garmin Forerunner 265s Black, 42mm GM-010-02810-53",689
Seagate ST6000NM021A 6TB Exos 7E8 Hard Drive,408
Crystal 570X RGB TG Black,299
Fractal Design Meshify 2 Gray TG Light Tint FD-C-MES2A-04,250
"Garmin Forerunner 265s Whitestone, 42mm GM-010-02810-54",689
Seagate ST8000NM000A 8TB Exos 7E8 Hard Drive,525
Obsidian 1000D Super-Tower,729
Fractal Design Meshify 2 White TG Clear Tint FD-C-MES2A-05,250
"Garmin Forerunner 265s Pink, 42mm GM-010-02810-55",689
Seagate ST10000NM001G 10TB Exos X16,655
QNAP TS-233 2-Bay 2GB RAM Desktop,336
Fractal Design Meshify 2 Lite Black TG Light tint FD-C-MEL2A-03,190
Garmin Forerunner 955 Black GM-010-02638-J0,789
Seagate ST12000NM001G 12TB Exos X16,788
"QNAP 2-Bay Desktop NAS, Intel Celeron",682
Fractal Design Meshify 2 Lite White TG Clear FD-C-MEL2A-04,190
Garmin Forerunner 955 White GM-010-02638-J1,789
Seagate ST14000NM001G 14TB Exos X16,918
QNAP 4-Bay Desktop ARM A-55 2GHz,627
Fractal Design Meshify 2 Lite RGB Black TG Light tint FD-C-MEL2A-05,225
Garmin Forerunner 955 Solar Black GM-010-02638-H0,919
Seagate ST16000NM001G 16TB Exos X16,1048
QNAP 4-bay Intel Celeron N5105/N50,869
Fractal Design Meshify 2 Compact Black Solid FD-C-MES2C-01,185
Garmin Forerunner 955 Solar White GM-010-02638-H1,919
Seagate ST18000NM000J 18TB Exos X18,1208
QNAP 4-Bay NAS AMD Ryzen quad-core,1166
Fractal Design Meshify 2 Compact Black TG Dark Tint FD-C-MES2C-02,199
"Garmin Forerunner 965 Black, 47mm GM-010-02809-80",919
Seagate ST1000NM001A 1TB Exos 7E8 Hard Drive,197
"QNAP 4-Bay NAS, Intel Core i3-8100",2233
Fractal Design Meshify 2 Compact Black TG Light Tint FD-C-MES2C-03,199
"Garmin Forerunner 965 Whitestone, 47mm GM-010-02809-81",919
Seagate ST2000NM004A 2TB Exos 7E8 Hard Drive,255
QNAP 4-Bay quad-core 1.7GHz 1U short depth,979
Fractal Design Meshify 2 Compact Gray TG Light Tint FD-C-MES2C-04,199
"Garmin Forerunner 965 Yellow, 47mm GM-010-02809-82",919
Seagate ST4000NM003A 4TB Exos 7E8 Hard Drive,324
QNAP Short depth 1U rackmount 4-bay,1056
Fractal Design Meshify 2 Compact White TG Clear Tint FD-C-MES2C-05,199
Garmin Running Dynamic Pod Yellow GM-010-12520-10,108
Seagate ST6000NM029A 6TB Exos 7E8 Hard Drive,439
QNAP 6-bay Intel Celeron N5105/N50,1100
Fractal Design Meshify 2 Compact RGB Black TG Light Tint FD-C-MES2C-06,225
Garmin HRM Dual Black GM-010-12883-01,109
Seagate ST8000NM001A 8TB Exos 7E8 Hard Drive,546
"QNAP 6-bay NAS, AMD Ryzen V1000 series",1320
Fractal Design Meshify 2 Compact RGB White TG Clear Tint FD-C-MES2C-08,225
Garmin HRM Pro Plus Black GM-010-13118-10,199
Seagate ST10000NM0096 10TB Exos X10,653
"QNAP 6-Bay NAS, Intel Core i3 NAS",2640
Fractal Design Meshify 2 Compact Lite Black TG Light tint FD-C-MEL2C-03,165
"Garmin Approach S70 White, 42mm GM-010-02746-50",999
Seagate ST12000NM002G 12TB Exos X16,808
"QNAP 8-bay NAS, AMD Ryzen V1000 series",1595
Fractal Design Meshify 2 Compact Lite White TG Clear FD-C-MEL2C-04,165
"Garmin Approach S70 Powder Gray, 42mm GM-010-02746-51",999
Seagate ST14000NM002G 14TB Exos X16,938
"QNAP 8-Bay NAS, Intel core i5-8400",3080
Fractal Design Meshify 2 Compact Lite RGB Black TG Light tint FD-C-MEL2C-05,199
"Garmin Approach S70 Black, 47mm GM-010-02746-52",1099
Seagate ST16000NM002G 16TB Exos X16,1071
QNAP TS-873AeU-RP-4G 8-Bay Rackmount,2772
Fractal Design Meshify 2 Mini Black TG Dark Tint FD-C-MES2M-01,185
Seagate ST18000NM004J 18TB Exos X18,1229
"QNAP 9-bay NAS, AMD Ryzen V1500B 4-core",1452
Fractal Design Meshify 2 Mini White TG Clear Tint FD-C-MES2M-02,185
Seagate ST1000NX0313 1TB Exos 7E2000,307
QNAP 2-bay 3.5” SATA HDD USB 3.1 Gen 2,264
Fractal Design Meshify 2 Nano Black TG Dark Tint FD-C-MES2N-01,170
Seagate ST2000NX0253 2TB Exos 7E2000,534
QNAP 4-bay 3.5” SATA HDD USB 3.0 tower,341
Fractal Design Meshify 2 Nano White TG Clear Tint FD-C-MES2N-02,170
Seagate ST1000NX0333 1TB Exos 7E2000,328
QNAP M.2 2280 PCIe NVMe to U.2 PCIe,88
Seagate ST2000NX0343 2TB Exos 7E2000,551
QNAP QM2-2P-384 Dual M.2 PCIe SSD,242
QNAP QM2-4P-384 Quad M.2 PCIe SSD,264
QNAP 2 x PCIe Gen3 NVMe SSD & 1 x 10GbE,341
QNAP QXG-10G1TB Single-port (10Gbase-T),193
QNAP 2 x RJ-45 10gBe Ports PCIe 3.0,337
QNAP CAB-DAC30M-SFPP SFP+ 10GbE twinax,113
QNAP CAB-SAS05M-8644 Mini SAS cable,113
QNAP PWR-ADAPTER-65W-A01 65W external power adapter,116
QNAP PWR-ADAPTER-90W-A01 90W external power adapter,116
QNAP SP-2BAY-ADAPTOR-90W 90W external power adapter,127
QNAP PWR-ADAPTER-120W-A01 120W 4pin power adapter,143
QNAP PWR-PSU-100W-DT01 100W open frame power supply,132
QNAP PWR-PSU-250W-DT02 250W Delta power supply,171
QNAP PWR-PSU-300W-DT01 300W power supply,319
QNAP PWR-PSU-300W-DT02 300W power supply,319
QNAP SP-469U-S-PSU 250W single power supply,424
QNAP RAIL-B02 Rack Slide Rail Kit,131
QNAP RAIL-A02-90 A02,264
Fractal Design Define 7 XL Black - Solid Panel FD-C-DEF7X-01,330
Fractal Design Define 7 XL Black - Light Tint Tempered Glass FD-C-DEF7X-02,355
Fractal Design Define 7 XL Black - Dark Tint Tempered Glass FD-C-DEF7X-03,355
Fractal Design Define 7 Black Solid FD-C-DEF7A-01,268
Fractal Design Define 7 Black TG Light Tint FD-C-DEF7A-02,282
Fractal Design Define 7 Black TG Dark Tint FD-C-DEF7A-03,282
Fractal Design Define 7 White TG Clear Tint FD-C-DEF7A-06,282
Fractal Design Define 7 Grey TG Light Tint FD-C-DEF7A-08,282
Fractal Design Define 7 Compact Black Solid FD-C-DEF7C-01,179
Fractal Design Define 7 Compact White Solid FD-C-DEF7C-05,179
Fractal Design Define 7 Compact Black TG Dark Tint FD-C-DEF7C-02,199
Fractal Design Define 7 Compact Black TG Light Tint FD-C-DEF7C-03,199
Fractal Design Define 7 Compact White TG Clear Tint FD-C-DEF7C-04,199
Fractal Design Define 7 Mini Black Solid FD-C-DEF7M-01,188
Fractal Design Define 7 Mini Black TG Light Tint FD-C-DEF7M-02,188
Fractal Design Define 7 Nano Black Solid FD-C-DEF7N-01,168
Fractal Design Define 7 Nano Black TG Light Tint FD-C-DEF7N-02,168
Fractal Design North Charcoal Black FD-C-NOR1C-01,225
Fractal Design North Charcoal Black TG Dark Tint FD-C-NOR1C-02,225
Fractal Design North Chalk White FD-C-NOR1C-03,225
Fractal Design North Chalk White TG Clear Tint FD-C-NOR1C-04,225
Fractal Design Torrent Black TG Light Tint FD-C-TOR1A-01,305
Fractal Design Torrent Gray TG Light Tint FD-C-TOR1A-02,305
Fractal Design Torrent White TG Clear Tint FD-C-TOR1A-03,305
Fractal Design Torrent Black RGB TG Light Tint FD-C-TOR1A-04,375
Fractal Design Torrent Black Solid FD-C-TOR1A-05,290
Fractal Design Torrent Black TG Dark Tint FD-C-TOR1A-06,305
Fractal Design Torrent RGB White TG clear tint FD-C-TOR1A-07,375
Fractal Design Torrent Compact Black TG Dark Tint FD-C-TOR1C-01,230
Fractal Design Torrent Compact Black TG Light Tint FD-C-TOR1C-02,260
Fractal Design Torrent Compact White TG Clear Tint FD-C-TOR1C-03,230
Fractal Design Torrent Compact Black Solid FD-C-TOR1C-04,215
Fractal Design Torrent Nano Black TG Dark Tint FD-C-TOR1N-01,170
Fractal Design Torrent Nano White TG Clear Tint FD-C-TOR1N-02,170
Fractal Design Pop Air Black Solid FD-C-POA1A-01,128
Fractal Design Pop Air Black TG Clear Tint FD-C-POA1A-02,128
Fractal Design Pop Air White TG Clear Tint FD-C-POA1A-03,128
Fractal Design Pop Air RGB White TG Clear Tint FD-C-POR1A-01,145
Fractal Design Pop Air RGB Cyan Core TG Clear Tint FD-C-POR1A-02,145
Fractal Design Pop Air RGB Magenta Core TG Clear Tint FD-C-POR1A-03,145
Fractal Design Pop Air RGB Green Core TG Clear Tint FD-C-POR1A-04,145
Fractal Design Pop Air RGB Orange Core TG Clear Tint FD-C-POR1A-05,145
Fractal Design Pop Air RGB Black TG Clear Tint FD-C-POR1A-06,145
Fractal Design Pop Silent Black Solid FD-C-POS1A-01,128
Fractal Design Pop Silent Black TG Clear Tint FD-C-POS1A-02,128
Fractal Design Pop Silent White TG Clear Tint FD-C-POS1A-04,128
Fractal Design Pop Mini Air RGB White TG Clear Tint FD-C-POR1M-01,145
Fractal Design Pop Mini Air RGB Black TG Clear Tint FD-C-POR1M-06,145
Fractal Design Pop Mini Silent Black Solid FD-C-POS1M-01,130
Fractal Design Pop Mini Silent Black Clear Tint FD-C-POS1M-02,130
Fractal Design Pop XL Air RGB White TG Clear Tint FD-C-POR1X-01,170
Fractal Design Pop XL Air RGB Black TG Clear Tint FD-C-POR1X-06,170
Fractal Design Pop XL Silent Black Solid FD-C-POS1X-01,155
Fractal Design Pop XL Silent Black Clear Tint FD-C-POS1X-02,155
Fractal Design Ridge Black Mitx FD-C-RID1N-01,220
Fractal Design Ridge White mITX FD-C-RID1N-02,220
Fractal Design Focus 2 Black TG Clear Tint FD-C-FOC2A-01,111
Fractal Design Focus 2 White TG Clear Tint FD-C-FOC2A-02,111
Fractal Design Focus 2 RGB Black TG Clear Tint FD-C-FOC2A-03,126
Fractal Design Focus 2 RGB White TG Clear Tint FD-C-FOC2A-04,126
Fractal Design Focus 2 Black Solid FD-C-FOC2A-07,111
Fractal Design Focus G Black (Window Edition) FD-CA-FOCUS-BK-W,90
Fractal Design Focus G Blue (Window Edition) FD-CA-FOCUS-BU-W,90
Fractal Design Focus G Red (Window Edition) FD-CA-FOCUS-RD-W,90
"Fractal Design ION SFX Gold 500W, Black, UK Cord FD-PSU-ION-SFX-500G-BK-UK",175
"Fractal Design ION SFX Gold 650W, Black, UK Cord FD-PSU-ION-SFX-650G-BK-UK",210
"Fractal Design ION+ 660P, 660W Fully Modular Power Supply FD-PSU-IONP-660P-BK-UK",205
Fractal Design ION Gold 750W Fully Modular Power Supply FD-P-IA2G-750-UK,180
Fractal Design ION Gold 850W Fully Modular Power Supply FD-P-IA2G-850-UK,200
Fractal Design Prisma AL-12 ARGB PWM Fan - Single Pack FD-FAN-PRI-AL12-PWM,35
Fractal Design Prisma AL-12 ARGB PWM Fan - Triple Pack FD-FAN-PRI-AL12-PWM-3P,90
Fractal Design Prisma AL-14 ARGB PWM Fan - Single Pack FD-FAN-PRI-AL14-PWM,40
Fractal Design Prisma AL-14 ARGB PWM Fan - Triple Pack FD-FAN-PRI-AL14-PWM-3P,99
Fractal Design Prisma AL-18 ARGB PWM Fan - Single Pack FD-FAN-PRI-AL18-PWM,70
Fractal Design Prisma AL-18 ARGB PWM Fan - Dual Pack FD-FAN-PRI-AL18-PWM-2P,115
Fractal Design Venturi HP-12 PWM Fan FD-FAN-VENT-HP12-PWM,33
Fractal Design Venturi HP-14 PWM Fan FD-FAN-VENT-HP14-PWM,39
Fractal Design Dynamic X2 GP-12 Fan (Black) FD-FAN-DYN-X2-GP12BK,22
Fractal Design Dynamic X2 GP-12 Fan (White) FD-FAN-DYN-X2-GP12WT,22
Fractal Design Dynamic X2 GP-14 Fan (Black) FD-FAN-DYN-X2-GP14BK,25
Fractal Design Dynamic X2 GP-14 Fan (White) FD-FAN-DYN-X2-GP14WT,25
"Fractal Design HDD Cage kit - Type B, Black FD-A-CAGE-001",22
Fractal Design USB-C 10Gbps Cable- Model D FD-A-USBC-001,18
"Fractal Design HDD Drive Tray Kit - Type B, Black, Dual pack FD-A-TRAY-001",22
SUUNTO VERTICAL TITANIUM,1229
SUUNTO VERTICAL,899
SUUNTO 9 PEAK PRO TITANIUM,849
SUUNTO 9 PEAK PRO,679
SUUNTO 9 PEAK TITANIUM,589
SUUNTO 9 PEAK,459
SUUNTO 5 PEAK,329
"Huawei AP362 Settled AP, Wi-Fi 6, indoor",359
"Huawei AP263 Wall-plate AP, Wi-Fi 6, indoor",339
"Huawei AC650-128AP 10*GE ports, 2*10GE SFP+ ports, built-in 128 license",1849
"Huawei AC650-256AP 10*GE ports, 2*10GE SFP+ ports, built-in 256 license",2499
Huawei S310-24P4S L2+,1339
Huawei S310-24T4S L2+,739
Huawei S310-48T4S L2+,1079
Huawei S380-L4T1T,559
Huawei S380-L4P1T,909
Huawei S380-S8T2T,1039
Huawei S380-S8P2T,1329
Huawei S380-H8T3ST,1299
Huawei AR730,3019
Huawei AR720,1429
Huawei S110-8P2ST S110-8P2ST,239
Huawei S110-16LP2SR S110-16LP2SR,369
Huawei S110-24LP2SR S110-24LP2SR,779
Huawei S110-24T2SR S110-24T2SR,519
Garmin Forerunner 55 Black GM-010-02562-50 upc 753759283322,309
Garmin Forerunner 55 Whitestone GM-010-02562-51 upc 753759283339,309
Garmin Forerunner 55 Aqua GM-010-02562-52 upc 753759283346,309
Garmin Forerunner 55 Monterra Grey GM-010-02562-53 upc 753759283353,309
Garmin Forerunner 255 Slate Grey GM-010-02641-43 upc 753759307264,549
Garmin Forerunner 255 Tidal Blue GM-010-02641-53 upc 753759307363,549
AMD Ryzen 9 5950X,1059
AMD Ryzen 9 5900X,759
AMD Ryzen 7 5800X,589
AMD Ryzen 5 5700X,499
AMD Ryzen 5 5600X,345
AMD Ryzen 7 5700G,502
AMD Ryzen 5 5600G,359
AMD Ryzen 5 5600,299
AMD Ryzen 5 5500,249
AMD Ryzen 3 3200G,149
AMD Ryzen 5 4600G,249
AMD Ryzen 5 4650G,289
Intel 11th Gen i3 10105 CPU,194
Intel 11th Gen i3 10105F CPU,135
Intel 11th Gen i5 11400F CPU,288
Intel 11th Gen i5 11400 CPU,316
Intel 11th Gen i5 11500 CPU,349
Intel 11th Gen i5 11600KF CPU,412
Intel 11th Gen i5 11600K CPU,429
Intel 11th Gen i7 11700F CPU,527
Intel 11th Gen i7 11700 CPU,569
Intel 11th Gen i7 11700K CPU,589
Intel 11th Gen i9 11900F CPU,639
Intel 11th Gen i9 11900KF CPU,647
Intel 11th Gen i9 11900K CPU,649
"Corsair 7000D Airflow , Black",329
"Corsair 7000D Airflow , White",329
"Corsair iCUE 7000X RGB , Black",419
"Corsair iCUE 7000X RGB , White",419
"Corsair iCUE 5000X RGB TG , Black",269
"Corsair iCUE 5000X RGB TG , White",269
"Corsair 5000D Airflow TG , Black",209
"Corsair 5000D Airflow TG , White",209
"Corsair 5000D TG , Black",209
"Corsair iCUE 4000X RGB TG , Black",189
"Corsair iCUE 4000X RGB TG , White",189
"Corsair 4000D TG , Black",139
"Corsair 4000D TG , White",139
"Corsair 4000D Airflow TG , White",139
"Pure Base 500 (BG034), ATX, Solid Side Panel",94
"Pure Base 500 Window (BGW34), ATX, Tempered Glass",117
"Pure Base 500 Window (BGW35), ATX",117
"Pure Base 500 Window (BGW36), ATX, Tempered Glass",117
"Pure Base 500 DX (BGW37), ATX, ARGB",150
"Pure Base 500 DX (BGW38), ATX, ARGB",150
"Pure Base 600 (BG021), ATX, Solid Side Panel",117
"Pure Base 600 (BGW21), ATX, TG Panel",136
"Dark Base 700 WIndow (BGW23), ATX, Tempered Glass",260
"Silent Base 601 (BG026), ATX, Steel",153
"Silent Base 601 Window (BGW26), ATX",171
"Silent Base 802 Window (BGW39), Mesh",267
"Silent Base 802 Window (BGW40), Mesh",267
"Dark Base 900 (BG0116), Full ATX, 8P",303
Dark Base Pro 900 rev.2 TG (BGW15),366
"Silent Loop 2 240 (BW010), ARGB Pump",192
"Silent Loop 2 280 (BW011), ARGB Pump",207
"Silent Loop 2 360 (BW012), ARGB Pump",235
"Pure Rock 2 (BK006), 4x6mm heatpipes",58
"Pure Rock 2 Black (BK007), 4x6mm heatpipes",64
"Shadow Rock 3 (BK004), 190W TDP, 5x6mm heatpipes",80
"Dark Rock 4 (BK021), 200W TDP, 6x6mm heatpipes",109
"Dark Rock 4 Slim (BK024), 180W TDP",96
"Dark Rock 4 PRO (BK022), 250W TDP, 7 heatpipes",158
"Dark Rock 4 PRO TR4 (BK023), 250W TDP",139
"Dark Rock TF (BK020), 220W TDP, 6x6mm heatpipes",130
Silent Wings 3 120mm PWM HS (BL070),33
Silent Wings 3 140mm PWM HS (BL071),34
Pure Wings 2 120mm PWM HS (BL081),15
Pure Wings 2 140mm PWM HS (BL083),16
ARCTIC BioniX P120 A-RGB,38
Seagate FireCuda 530 SSD (NEW) 500GB,199
Seagate FireCuda 530 SSD (NEW) 1TB,349
Seagate FireCuda 530 SSD (NEW) 2TB,729
Seagate FireCuda 530 SSD (NEW) 4TB,1399
Seagate FireCuda 530 w/ Heat Sink 500GB,229
Seagate FireCuda 530 w/ Heat Sink 1TB,389
Seagate FireCuda 530 w/ Heat Sink 2TB,819
Seagate FireCuda 530 w/ Heat Sink 4TB,1499
Synology DS2419+ 12-bay DiskStation,2531
Synology DS2419+ll,2531
Synology DS3617xs 12-bay DiskStation,4015
Synology DS3617xsll,4015
Synology FS1018 12-bay FlashStation,2531
Synology RS217 2-bay RackStation,733
Synology RS819 4-bay RackStation,1070
Synology RS820+ 4-bay RackStation,1691
Synology RS820RP+ 4-bay RackStation,2159
Synology RS1619xs+ 4-bay RackStation,3244
Synology RS1219+ 8-bay RackStation,1707
Synology RS1221+ 8-bay RackStation,2066
Synology RS1221RP+ 8-bay RackStation,2817
Synology RS2418+ 12-bay RackStation,2732
Synology RS2418RP+ 12-bay RackStation,3587
Synology RS2421+ 12-bay RackStation,3193
Synology RS2421RP+ 12-bay RackStation,3946
Synology RS3618xs 12-bay RackStation,4186
Synology RS3617RPxs 12-bay RackStation,5211
Synology RS3617xs+,6662
Synology RS4021xs+ 16-bay RackStation,9399
Synology RS3621xs+,7518
Synology RS3621RPxs 12-bay RackStation,6013
Synology SA3400 12-bay RackStation,9961
Synology SA3600 12-bay RackStation,13156
Synology SA3200D 12-bay Dual Control,12216
Synology RS2818RP+ 16-bay RackStation,4271
Synology RS2821RP+,5637
Synology RS4017xs+ 16-bay RackStation,8372
Synology FS3600 24-bay 2.5’’ SAS/SATA,15036
Synology FS3400 24-bay 2.5’’ SAS/SATA,11276
Synology UC3200 12-bay Dual Controller,10337
Synology DX517 5-bay SATA expansion,767
Synology DX1215 12-bay SATA expansion,1787
Synology DX1215ll,1787
Synology RX418 4-bay SATA expansion,853
Synology RX1217 12-bay SATA expansion,2128
Synology RX1217RP 12-bay SATA expansion,3179
Synology RX1216sas 12-bay SAS/SATA expansion,4068
D-Link DGS-3630-52PC-SM-LIC DGS-36,1340
D-Link DPE-301GS 1-port Gigabit 80,38
D-Link DGS-3130-30PS,2083
D-Link DGS-3130-30S,1552
D-Link DGS-3130-30TS,1155
D-Link DGS-3130-54PS,3079
D-Link DGS-3130-54S,2943
D-Link DGS-3130-54TS,2264
DGS-3630-28TC,2184
D-Link DGS-3630-28TC-SE-LIC DGS-36,146
D-Link DGS-3630-28TC-EM-LIC DGS-36,582
D-Link DGS-3630-28TC-SM-LIC DGS-36,728
D-Link DGS-3630-28PC,2826
D-Link DGS-3630-28PC-SE-LIC DGS-36,248
D-Link DGS-3630-28PC-EM-LIC,841
D-Link DGS-3630-28PC-SM-LIC,1091
DGS-3630-28SC,2456
D-Link DGS-3630-28SC-SE-LIC DGS-36,165
D-Link DGS-3630-28SC-EM-LIC,692
D-Link DGS-3630-28SC-SM-LIC,856
DGS-3630-52TC,3459
D-Link DGS-3630-52TC-SE-LIC DGS-36,255
D-Link DGS-3630-52TC-EM-LIC DGS-36,1001
D-Link DGS-3630-52TC-SM-LIC DGS-36,1256
D-Link DGS-3630-52PC 44-port UTP 1,6032
D-Link DGS-3630-52PC-SE-LIC DGS-36,447
D-Link DGS-3630-52PC-EM-LIC,893
D-Link DEM-CB100Q28 100G QSFP28 to,241
D-Link DPS-800 Chassis of Redundan,112
D-Link D-Link DPS-CB150-2PS 150CM RPS cab,37
D-Link D-Link DXS-3400-24TC/EEI 20-port U,9060
D-Link DXS-3400-24TC/ESI 20-port U,8733
D-Link DXS-3400-24TC-SE-LIC DXS-34,328
D-Link DXS-3400-24SC/EEI 20-port 1,6695
D-Link DXS-3400-24SC/ESI 20-port 1,6368
D-Link DXS-3400-24SC-SE-LIC DXS-34,328
D-Link DXS-PWR300AC 300W hot-swapp,637
D-Link DXS-FAN100 Hot-swappable fa,73
D-Link DXS-3600-16S/EEI 8 fixed SF,7662
D-Link DXS-3600-16S/ESI,6772
D-Link DXS-3600-16S-SE-LIC DXS-360,802
D-Link DXS-3600-32S/EEI 24 fixed S,13542
D-Link DXS-3600-32S/ESI,12294
D-Link DXS-3600-32S-SE-LIC DXS-360,1426
D-Link DXS-3600-EM-4QXS 4 x 40Gbps,3208
D-Link DXS-3600-EM-4XT 4-Port 10GB,1727
D-Link DXS-3600-EM-8T 8-Port UTP 1,480
D-Link DXS-3600-EM-8XS 8-Port 10G,1623
D-Link DXS-3600-EM-Stack 2-Port 12,437
D-Link DEM-CB100QXS 1M 40G QSFP+ t,99
D-Link DEM-CB100QXS-4XS 1M 40G QSF,196
D-Link DEM-CB300QXS 3M 40G QSFP+ t,125
D-Link DEM-QX01Q-SR4 40GBASE-SR4 M,1047
D-Link DEM-QX10Q-LR4 40GBASE-LR4 S,5583
D-Link DEM-CB50CXP 120G CXP to CXP,200
D-Link DXS-3600-FAN-BF A fan tray,500
D-Link DEM-CB100S 10-GbE SFP+ 1m D,84
D-Link DEM-CB300S 10-GbE SFP+ 3m D,157
D-Link DEM-CB700S 10-GbE SFP+ 7m D,230
"D-Link DXS-3610-54S 48 x 10G SFP+,",14838
D-Link DXS-3610-54S-SE-LIC DXS-361,1962
D-Link DXS-3610-54T-SE-LIC DXS-361,1962
D-Link DEM-CB100Q28-4S28 100G QSFP,284
D-Link DMC-F15SC/E 100Base-TX to 1,78
D-Link DMC-F20SC-BXD/E 100Base-TX,87
D-Link DMC-F20SC-BXU/E 100Base-TX,87
D-Link DIS-F2020PS-E 20-port Gigab,776
D-Link NDR-240-48 DIN Rail Power S,157
D-Link DWM-312 4G LTE Industrial V,416
D-Link DIS-200G-12PS 8-port UTP 80,1177
D-Link DWM-312W 4G LTE Industrial,469
D-Link DWM-315 4G LTE Cat 6 Indust,469
D-Link DIS-200G-12PSW 8-port UTP 8,1296
D-Link DIS-200G-12SW 10 x 10/100/1,1060
D-Link DIS-PWR40AC/M 40W power ada,69
D-Link DIS-200G-RPK180 Rack-mount,235
D-Link DIS-RK200G Standard 19” rac,24
D-Link DWM-321 4G LTE In-Vehicle W,1173
D-Link DIS-300G-8PSW 4 x 10/100/10,2418
D-Link DWM-550-G 5G NR Multi-Conne,1079
D-Link DECS-1Y D-Link Edge Cloud S,37
D-Link DECS-2Y D-Link Edge Cloud S,60
D-Link DECS-3Y D-Link Edge Cloud S,88
D-Link DIS-300G-14PSW 8 x 10/100/1,2747
D-Link DIS-300G-12SW 8 x 10/100/10,1884
D-Link DIS-700G-28XS 24 x 100/1000,7772
"D-Link DIS-S301SX 1000BASE-SX, Mul",132
"D-Link DIS-S302SX 1000BASE-SX, Mul",132
"D-Link DIS-S310LX 1000BASE-LX, Sin",161
"D-Link DIS-S330EX 1000BASE-EX, Sin",345
"D-Link DIS-S350LHX 1000BASE-LHX, S",381
"D-Link DIS-S380ZX 1000BASE-ZX, Sin",396
D-Link DFL-870M UTM Firewall 10-po”,2041
D-Link DFL-870M-AV-12-LIC 1-year L,550
D-Link DFL-870M-AV-24-LIC 2-year L,1024
D-Link DQS-5000-32Q28 100G D,18841
D-Link DQS-5000-32S 40G Da,11776
D-Link DQS-5000-54SQ28 25G Da,16486
D-Link DEM-QX01Q-SR4,274
D-Link DEM-QX10Q-LR4,1805
D-Link DEM-CB100QXS-4XS,235
D-Link DEM-410T 10G SFP+ to 10GBas,235
D-Link DEM-431XT 10GBASE-SR (Duple,277
D-Link DEM-431XT-DD 10GBASE-LR (Du,277
D-Link DEM-432XT 10GBASE-LR (Duple,410
D-Link DEM-433XT 10GBASE-SR4 M,1872
D-Link DEM-434XT 10GBASE-ZR SFP+ T,3474
D-Link DEM-435XT 10GBASE-LR Multi,356
D-Link DEM-436XT-BXD10GBASE-LR Bi,624
D-Link DEM-436XT-BXU 10GBASE-LR Bi,660
D-Link DEM-311GT 1-port 1000Base-S,73
D-Link DEM-312GT2 1-port 1000Base-,277
D-Link DEM-314GT 1-port 1000Base-L,333
D-Link DEM-315GT 1-port 1000Base-T,370
D-Link DEM-330R 1000Base-BX-U (Sim,80
D-Link DEM-330T 1000Base-BX-D (Sim,94
D-Link DEM-331R 1000Base-BX-U (Sim,333
D-Link DEM-331T 1000Base-BX-D (Sim,370
D-Link DGS-712 10/100/1000Base-T (,110
D-Link DEM-210 100BASE-FX (Duplex,92
D-Link DEM-211 100BASE-FX (Duplex,84
D-Link DEM-220R 100BASE-BX-U (Simp,99
D-Link DEM-220T 100BASE-BX-D (Simp,106
D-Link D-Link DPS-200A Redundant Power Su,224
D-Link DPS-500A Redundant Power Su,280
D-Link DPS-700 Redundant Power Sup,821
D-Link D-Link DMC-1000/E 19” Rackmount Me,575
D-Link D-Link DMC-1001 Redundant Power Su,288
D-Link D-Link DMC-1002 SNMP Management Mo,261
D-Link DMC-300SC/E 10/100Base-TX (,106
D-Link DMC-515SC/E 10/100Base-TX (,134
D-Link DMC-530SC/E 10/100Base-TX (,154
D-Link DMC-920/E 10/100Base-TX to,326
D-Link DMC-920R 10/100Base-TX to 1,132
D-Link DMC-920T 10/100Base-TX to 1,144
D-Link D-Link DMC-1530SC/E 10/100Base-TX,163
D-Link D-Link DMC-1580SC/E 10/100Base-TX,804
D-Link DMC-700SC/E 1000Base-TX (UT,235
D-Link D-Link DMC-805G/E 1000Base-TX (UT,122
D-Link D-Link DMC-810SC/E 1000Base-TX (UT,437
D-Link DMC-1910/E 1000Base-TX (UTP,976
D-Link DMC-1910R/E 1000Base-TX to,437
D-Link DMC-1910T/E 1000Base-TX to,662
D-Link DMC-F02SC/E 100Base-TX to 1,69
D-Link D-Link DSR-250V2 Nuclias Connect D,314
D-Link DSR-250V2-WCF-12-LIC Licens,114
"D-Link D-Link DSR-500 4-port Gigabit LAN,",398
D-Link D-Link DSR-500-WCF-12-LIC License,141
D-Link DSR-500AC 4-port Gigabit LA,485
D-Link DSR-500AC-WCF-12-LIC Licens,141
D-Link DSR-1000 4-port Gigabit LAN,524
D-Link DSR-1000-WCF-12-LIC License,141
D-Link DSR-1000AC 4-port Gigabit L,542
D-Link DSR-1000AC-WCF-12-LIC Licen,141
D-Link DIS-100G-5PSW (No Po,542
D-Link DIS-100G-5SW 4-port,384
D-Link DIS-100G-5W 5-port,353
D-Link DIS-100G-8SW 6-port,542
D-Link DIS-100G-8W 8-port,511
D-Link DIS-F2010PS-E 10-port Gigab,446
GAMING MOUSE,29
ROG BALTEUS QI WIRELESS CHARGING MOUSEMAT,209
ROG SCABBARD GAMING MOUSEMAT,79
ASUS ROG SHEATH GAMING MOUSEMAT,69
ASUS ROG STRIX SLICE MOUSEMAT,39
ASUS CERBERUS PAD XXL MOUSEMAT,49
ASUS CERBERUS PAD PLUS MOUSEMAT,29
ASUS CERBERUS PAD MINI RED MOUSEMAT,19
ASUS TUF GAMING P3 GAMING MOUSEMAT,29
ASUS ROG GAMING KEYCAP SET,59
ASUS ROG THETA 7.1 GAMING HEADSET,479
ROG STRIX GO 2.4GHZ GAMING HEADSET,319
ASUS ROG STRIX GO CORE - 3.5mm HEADSET,159
ASUS ROG DELTA DAC TYPE-C RGB GAMING HEADSET,399
ASUS ROG DELTA S TYPE-C RGB GAMING HEADSET,399
ROG STRIX FUSION 500 7.1 GAMING HEADSET,359
ASUS ROG STRIX FUSION 300 7.1 GAMING HEADSET,209
ASUS ROG STRIX FUSION WIRELESS GAMING HEADSET,259
ASUS TUF GAMING H7 7.1 WIRELESS HEADSET,199
ASUS TUF GAMING H7 7.1 WIRELESS HEADSET,149
ASUS TUF GAMING H7 CORE (RED) HEADSET,129
ASUS TUF GAMING H3 7.1 GAMING HEADSET,69
ASUS TUF GAMING H3 7.1 GAMING HEADSET,69
ASUS ROG CETRA RGB GAMING EARPHONE,169
ASUS ROG CETRA GAMING EARPHONE,159
ASUS ROG CETRA CORE GAMING EARPHONE,89
ASUS ROG THRONE QI WIRELESS CHARGER (HEADSET STAND),219
ASUS AI NOISE-CANCELING MIC ADAPTER WITH USB-C TO 3.5MM,99
ROG STRIX SCOPE TKL EP/RD/US - X803,229
ASUS ROG STRIX IMPACT II EP - P512 MSE,79
ASUS ROG SHEATH EP - NC01 MOUSEMAT,79
ASUS ROG STRIX Go 2.4 EP HEADSET,319
ROG STRIX FLARE RGB MX RED PNK EDITON,399
ROG STRIX FUSION 300 PNK EDT 7.1 HEADSET,209
ASUS ROG GLADIUS II ORIGIN PNK EDITION MSE,89
ROG SHEATH PNK EDITION GAMING MOUSEMAT,49
ASUS ROG STRIX HELIOS GX 601 T.GLASS CASING,399
ASUS TUF GAMING CASE GT501 T.GLASS/RGB FANS,199
ASUS TUF GAMING CASE GT501VC,139
ASUS TUF GAMING CASE GT301/BLK/ARGB FAN,109
ASUS GR101 ROG Z11 CASE/BLK,399
ASUS ROG-THOR-1200W 80+PLATINUM OLED PSU,589
ASUS ROG-THOR-850W 80+PLATINUM OLED PSU,399
ASUS ROG-STRIX-1000G GOLD PSU,349
ASUS ROG-STRIX-850G-WHITE GOLD PSU,329
ASUS ROG-STRIX-850G-WHITE GOLD PSU,329
ASUS ROG-STRIX-750G Gold PSU,249
ASUS TUF-GAMING-750B 80+ BRONZE,179
ASUS TUF-GAMING-650B 80+ BRONZE,159
ASUS ROG RYUJIN 360 OLED AIO CPU COOLER,519
ASUS ROG RYUJIN 240 OLED AIO CPU COOLER,419
ASUS ROG STRIX LC 360 RGB WHITE EDITION,399
ASUS ROG STRIX LC 240 RGB WHITE EDITION,349
ASUS ROG RYUO 240 OLED AIO CPU COOLER,359
ASUS ROG RYUO 120 OLED AIO CPU COOLER,309
ASUS TUF GAMING LC 240 RGB,229
ASUS EXTERNAL 16X BLU-RAY ODD WRITER,199
ASUS EXTERNAL 6X BLU-RAY ODD WRITER,149
ASUS EXT 8X DVD WRITER W/7.1 SOUNDCARD,159
ASUS EXT 8X GOLD DVD WRITER W/TYPE-C,65
ASUS EXT 8X BLACK DVD WRITER W/TYPE-C,65
ASUS EXT 8X SILVER DVD WRITER W/TYPE-C,65
ASUS EXT 8X BLACK DVD WRITER M-DISC,59
ASUS EXT 8X SILVER DVD WRITER M-DISC,59
ASUS EXTERNAL 8X BLACK DVD WRITER,49
"EPSON WORKFORCE CARTRIDGE BLACK STANDARD CARTRIDGE WF-5621, WF-5111",90
"EPSON WORKFORCE CARTRIDGE CYAN STANDARD CARTRIDGE WF-5621, WF-5111",99
"EPSON WORKFORCE CARTRIDGE MAGENTA STANDARD CARTRIDGE WF-5621, WF-5111",99
"EPSON WORKFORCE CARTRIDGE YELLOW STANDARD CARTRIDGE WF-5621, WF-5111",99
EPSON MAINTENANCE BOX (WF-5621/WF-5111),36.5
EPSON BLACK STANDARD CARTRIDGE WF-6091,135
EPSON CYAN STANDARD CARTRIDGE WF-6091,105
EPSON MAGENTA STANDARD CARTRIDGE WF-6091,105
EPSON YELLOW STANDARD CARTRIDGE WF-6091,105
EPSON Replacement Pick Up Roller (Standard Cassette) WF-6091,55
EPSON Replacement Pick Up Roller (Optional Cassette) WF-6091,55
EPSON MAINTENANCE BOX (WF-6091),103
EPSON C12C932871 OPTIONAL CASSETTE (WF-C579R),383
EPSON C13T671600 MAINTENANCE BOX (WF-C579R),52
EPSON C12C932611 500-sheet Paper Cassette Unit (PCU),500
EPSON C12C934321 RIPS3 PRINTER STAND,253
EPSON C12C934361 WF-C879R Manual Stapler,440
EPSON C12C934471 EPSONNET 10/100/1000BASE TX INT - C879 only,455
EPSON C12C934491 SUPER G3 MULTI FAXBOARD - C879 only,1296
EPSON C12C934911 WF-C879R STAPLE CARTRIDGE - C879 only,58
EPSON C12C934921 WF-C879R Authentication Device Table - C879 only,41
EPSON C13S210048 Standard Cassette Maintenance Roller,68
EPSON C13S210049 Optional Cassette Maintenance Roller,68
EPSON C13T01D400 WF-579R Y/Large,201
EPSON C13T01D300 WF-579R M/Large,201
EPSON C13T01D200 WF-579R C/Large,201
EPSON C13T01D100 WF-579R BK/Large,591
EPSON C13T01C400 WF-579R Y/Standard,131
EPSON C13T01C300 WF-579R M/Standard,131
EPSON C13T01C200 WF-579R C/Standard,131
EPSON C13T01C100 WF-579R BK/Standard,302
"EPSON C13T05A100 Hopkins3, BK/Standard",131
"EPSON C13T05A200 Hopkins3, C/Standard",268
"EPSON C13T05A300 Hopkins3, M/Standard",268
"EPSON C13T05A400 Hopkins3, Y/Standard",268
"EPSON C13T05B100 Hopkins3, BK/Large",493
"EPSON C13T05B200 Hopkins3, C/Large",554
"EPSON C13T05B300 Hopkins3, M/Large",554
"EPSON C13T05B400 Hopkins3, Y/Large",554
EPSON C13T973100 Black Standard Ink Pack,144
EPSON C13T973200 Cyan Standard Ink Pack,268
EPSON C13T973300 Magenta Standard Ink Pack,268
EPSON C13T973400 Yellow Standard Ink Pack,268
EPSON C13T974100 Black Large Ink Pack,495
EPSON C13T974200 Cyan Large Ink Pack,918
EPSON C13T974300 Magenta Large Ink Pack,918
EPSON C13T974400 Yellow Large Ink Pack,918
EPSON C11CH605024NTB1 1+4 years Coverplus for WF-C878R (with Option),1014
EPSON C11CH605022NTB1 1+2 years Coverplus for WF-C878R (with Option),479
EPSON C11CH355024NTB1 1+4 years Coverplus for WF-C879R (with Option),1165
EPSON C11CH355022NTB1 1+2 years Coverplus for WF-C879R (with Option),556
EPSON IC579R3N101 2+3 year Coverplus for WF-C579R,398
EPSON IC579R1N101 2+1 year Coverplus for WF-C579R,131
EPSON C12C934471 EPSONNET 10/100/1000BASE TX INT.,455
EPSON C12C934491 SUPER G3 MULTI FAXBOARD,1296
EPSON C13T671400 MAINTENANCE BOX (WF-C878R/879R),121
EPSON C12C935941 MAINTENANCE ROLLER FOR PAPER CASSETTE,31
EPSON C12C935961 MAINTENANCE ROLLER FOR MAIN UNIT,27
Canon 3850C003 LV-X350 Compact Projector LCD Fixed Lens Lamp 3500 lumens XGA,999
Canon 3851C003 LV-WX370 Compact Projector LCD Fixed Lens Lamp 3700 lumens WXGA,1099
Canon 3852C003 LV-WU360 Compact Projector LCD Fixed Lens Lamp 3600 lumens WUXGA,1799
Canon 2136C003 XEED WUX500ST Compact Short-throw Full HD LCOS Projector,11000
Canon 3899C001 LV-LP43 LV-X350 / WX370 / WU360 Lamps,180
Canon 1907C001 LV-LP42 LV-X420 / HD420 Lamps,450
Canon 1035C001 LX-LP02 MW500 / MU500 Lamps,900
Canon 0953C001 LX-LP01 MU700 Lamps,2000
Canon 5322B001 LV-LP34 7490 / 8320 Lamps,280
Canon 5323B001 LV-LP35 7292 / 7290 / 7392 Lamps,180
Canon 5806B001 LV-LP36 8235UST Lamps,350
Canon 0030C001 LV-LP37 S300 / X300 Lamps,300
Canon 0031C001 LV-LP38 X300ST / X320 / X310ST Lamps,350
Canon 0119C001 LV-LP39 WX300 Lamps,300
Canon 0120C001 LV-LP40 WX300ST / WX320 / WX310ST Lamps,350
Canon 0740C001 LV-LP41 WX300UST / WX300USTi Lamps,400
Canon 2406C001 RS-LP12 WUX7500 / WUX6700 / WUX5800 Lamps,700
Canon 8377B001 RS-LP08 WX520 / WUX400ST / WUX450 / WX450ST / WUX500ST / WUX500 Lamps,550
Canon 9963B001 RS-LP09 WUX6000/WUX6010 Lamps,550
Canon 2141C001 RS-LP11 WUX6500 Lamps,900
CANON SCANNER LiDE 300 ASA 2995C012AA,149
CANON SCANNER LiDE 400 ASA 2996C012AA,189
CANON SCANNER P-215 II 9705B002,459
CANON SCANNER DR-F120 9017B003,689
CANON IMAGEFORMULA 3258C003AD DR-C225 II,1562
CANON IMAGEFORMULA 0651C003AF DR-C240,2095
CANON IMAGEFORMULA 4044C003AC DR-S150,2625
CANON IMAGEFORMULA 2405C003AE DR-M260,3474
CANON IMAGEFORMULA 1255C003AF ScanFront 400,8415
CANON IMAGEFORMULA 4624B003AJ DR-6030C,8800
CANON IMAGEFORMULA 3150C003AC DR-G2110,13788
CANON IMAGEFORMULA 3149C003AC DR-G2140,19310
CANON IMAGEFORMULA 2152C003AB !A4 size Flatbed Unit 102 (FSU 102),1080
Apple AirTag Loop - White MX4F2FE/A,45
Apple AirTag (1 Pack) MX532ZP/A,45
Apple AirTag Loop - Pink Citrus MLYY3FE/A,45
Apple AirTag FineWoven Key Ring - Black MT2H3FE/A,55
Apple AirTag FineWoven Key Ring - Mulberry MT2J3FE/A,55
Apple AirTag FineWoven Key Ring - Pacific Blue MT2K3FE/A,55
Apple AirTag FineWoven Key Ring - Taupe MT2L3FE/A,55
Apple AirTag FineWoven Key Ring - Coral MT2M3FE/A,55
Apple AirTag (4 Pack) MX542ZP/A,149
Apple iPhone 12 mini Silicone Case with MagSafe - Deep Navy Deep Navy,75
Apple iPhone 12 mini Silicone Case with MagSafe - White White,75
Apple iPhone 12 mini Silicone Case with MagSafe - (PRODUCT)RED (PRODUCT)RED,75
Apple iPhone 12 mini Silicone Case with MagSafe - Black Black,75
Apple iPhone 12 | 12 Pro Silicone Case with MagSafe - Deep Navy Deep Navy,75
Apple iPhone 12 | 12 Pro Silicone Case with MagSafe - White White,75
Apple iPhone 12 | 12 Pro Silicone Case with MagSafe - (PRODUCT)RED (PRODUCT)RED,75
Apple iPhone 12 | 12 Pro Silicone Case with MagSafe - Black Black,75
Apple iPhone 12 mini Clear Case with MagSafe,75
Apple iPhone 12 | 12 Pro Clear Case with MagSafe,75
Apple iPhone 14 Pro Max Silicone Case with MagSafe - Sky Sky,75
Apple iPhone 14 Pro Max Silicone Case with MagSafe - Mulberry Mulberry,75
Apple iPhone 14 Pro Max Silicone Case with MagSafe - Pacific Blue Pacific Blue,75
Apple iPhone 13 mini Silicone Case with MagSafe - Chalk Pink Chalk Pink,75
Apple iPhone 13 mini Silicone Case with MagSafe - Abyss Blue Abyss Blue,75
Apple iPhone 13 mini Silicone Case with MagSafe - Midnight Midnight,75
Apple iPhone 13 mini Silicone Case with MagSafe - (PRODUCT)RED (PRODUCT)RED,75
Apple iPhone 13 Silicone Case with MagSafe - Chalk Pink Chalk Pink,75
Apple iPhone 13 Silicone Case with MagSafe - Abyss Blue Abyss Blue,75
Apple iPhone 13 Silicone Case with MagSafe - Midnight Midnight,75
Apple iPhone 13 Silicone Case with MagSafe - (PRODUCT)RED (PRODUCT)RED,75
Apple iPhone 13 Pro Silicone Case with MagSafe - Chalk Pink Chalk Pink,75
Apple iPhone 13 Pro Silicone Case with MagSafe - Abyss Blue Abyss Blue,75
Apple iPhone 13 Pro Silicone Case with MagSafe - Midnight Midnight,75
Apple iPhone 13 Pro Silicone Case with MagSafe - (PRODUCT)RED (PRODUCT)RED,75
Apple iPhone 13 Pro Max Silicone Case with MagSafe - MM313FE/A,75
Apple iPhone 13 mini Silicone Case with MagSafe - Pink Pomelo Pink Pomelo,75
Apple iPhone 13 mini Silicone Case with MagSafe - Clover Clover,75
Apple iPhone 13 Silicone Case with MagSafe - Pink Pomelo Pink Pomelo,75
Apple iPhone 14 Silicone Case with MagSafe - Midnight Midnight,75
Apple iPhone 14 Plus Silicone Case with MagSafe - Midnight Midnight,75
Apple iPhone 14 Pro Silicone Case with MagSafe - Midnight Midnight,75
Apple iPhone 14 Pro Max Silicone Case with MagSafe - Midnight Midnight,75
Apple iPhone 14 Clear Case with MagSafe,75
Apple iPhone 14 Plus Clear Case with MagSafe,75
Apple iPhone 14 Pro Clear Case with MagSafe,75
Apple iPhone 14 Pro Max Clear Case with MagSafe,75
Apple iPhone 14 Silicone Case with MagSafe - Storm Blue Storm Blue,75
Apple iPhone 14 Silicone Case with MagSafe - (PRODUCT)RED (PRODUCT)RED,75
Apple iPhone 14 Silicone Case with MagSafe - Chalk Pink Chalk Pink,75
Apple iPhone 14 Plus Silicone Case with MagSafe - Storm Blue Storm Blue,75
Apple iPhone 14 Plus Silicone Case with MagSafe - (PRODUCT)RED (PRODUCT)RED,75
Apple iPhone 14 Plus Silicone Case with MagSafe - Chalk Pink Chalk Pink,75
Apple iPhone 14 Pro Silicone Case with MagSafe - Storm Blue Storm Blue,75
Apple iPhone 14 Pro Silicone Case with MagSafe - (PRODUCT)RED (PRODUCT)RED,75
Apple iPhone 14 Pro Silicone Case with MagSafe - Chalk Pink Chalk Pink,75
Apple iPhone 14 Pro Max Silicone Case with MagSafe - Storm Blue Storm Blue,75
Apple iPhone 14 Pro Max Silicone Case with MagSafe - (PRODUCT)RED (PRODUCT)RED,75
Apple iPhone 14 Pro Max Silicone Case with MagSafe - Chalk Pink Chalk Pink,75
Apple iPhone 13 mini Clear Case with MagSafe,75
Apple iPhone 13 Clear Case with MagSafe,75
Apple iPhone 13 Pro Clear Case with MagSafe,75
Apple iPhone 13 Pro Max Clear Case with MagSafe,75
Apple iPhone 15 Pro Max FineWoven Case with MagSafe - Sky Sky,75
Apple iPhone 12 | 12 Pro Clear Case with MagSafe,75
Apple iPhone 14 Pro Max Silicone Case with MagSafe - Mulberry Mulberry,75
Apple iPhone 14 Pro Max Silicone Case with MagSafe - Pacific Blue Pacific Blue,75
Apple iPhone 13 mini Silicone Case with MagSafe - Chalk Pink Chalk Pink,75
Apple iPhone 15 Silicone Case with MagSafe - Chalk Pink Chalk Pink,75
Apple iPhone 15 Silicone Case with MagSafe - Abyss Blue Abyss Blue,75
Apple iPhone 15 Silicone Case with MagSafe - Midnight Midnight,75
Apple iPhone 15 Silicone Case with MagSafe - (PRODUCT)RED (PRODUCT)RED,75
Apple iPhone 15 Silicone Case with MagSafe - Black Black,75
Apple iPhone 15 Silicone Case with MagSafe - Evergreen Evergreen,75
Apple iPhone 15 Silicone Case with MagSafe - Storm Blue Storm Blue,75
Apple iPhone 15 Silicone Case with MagSafe - Clay Clay,75
Apple iPhone 15 Silicone Case with MagSafe - Light Pink Light Pink,75
Apple iPhone 15 Silicone Case with MagSafe - Guava Guava,75
Apple iPhone 15 Silicone Case with MagSafe - Orange Sorbet Orange Sorbet,75
Apple iPhone 15 Silicone Case with MagSafe - Cypress Cypress,75
Apple iPhone 15 Silicone Case with MagSafe - Winter Blue Winter Blue,75
Apple iPhone 15 Plus Silicone Case with MagSafe - Black Black,75
Apple iPhone 15 Plus Silicone Case with MagSafe - Storm Blue Storm Blue,75
Apple iPhone 15 Plus Silicone Case with MagSafe - Clay Clay,75
Apple iPhone 15 Plus Silicone Case with MagSafe - Light Pink Light Pink,75
Apple iPhone 15 Plus Silicone Case with MagSafe - Guava Guava,75
Apple iPhone 15 Plus Silicone Case with MagSafe - Orange Sorbet Orange Sorbet,75
Apple iPhone 15 Plus Silicone Case with MagSafe - Abyss Blue Abyss Blue,75
Apple iPhone 15 Plus Silicone Case with MagSafe - Midnight Midnight,75
Apple iPhone 15 Plus Silicone Case with MagSafe - (PRODUCT)RED (PRODUCT)RED,75
Apple iPhone 15 Plus Silicone Case with MagSafe - Cypress Cypress,75
Apple iPhone 15 Plus Silicone Case with MagSafe - Winter Blue Winter Blue,75
Apple iPhone 15 Pro Silicone Case with MagSafe - Black Black,75
Apple iPhone 15 Pro Silicone Case with MagSafe - Storm Blue Storm Blue,75
Apple iPhone 15 Pro Silicone Case with MagSafe - Clay Clay,75
Apple iPhone 15 Pro Silicone Case with MagSafe - Light Pink Light Pink,75
Apple iPhone 15 Pro Silicone Case with MagSafe - Guava Guava,75
Apple iPhone 15 Pro Silicone Case with MagSafe - Orange Sorbet Orange Sorbet,75
Apple iPhone 15 Pro Silicone Case with MagSafe - Cypress Cypress,75
Apple iPhone 15 Pro Silicone Case with MagSafe - Winter Blue Winter Blue,75
Apple iPhone 15 Pro Max Silicone Case with MagSafe - Black Black,75
Apple iPhone 15 Pro Max Silicone Case with MagSafe - Storm Blue Storm Blue,75
Apple iPhone 15 Pro Max Silicone Case with MagSafe - Clay Clay,75
Apple iPhone 15 Pro Max Silicone Case with MagSafe - Light Pink Light Pink,75
Apple iPhone 15 Pro Max Silicone Case with MagSafe - Guava Guava,75
Apple iPhone 15 Pro Max Silicone Case with MagSafe - Orange Sorbet Orange Sorbet,75
Apple iPhone 15 Pro Max Silicone Case with MagSafe - Cypress Cypress,75
Apple iPhone 15 Pro Max Silicone Case with MagSafe - Winter Blue Winter Blue,75
Apple iPhone 15 Clear Case with MagSafe,75
Apple iPhone 15 Plus Clear Case with MagSafe,75
Apple iPhone 15 Pro Clear Case with MagSafe,75
Apple iPhone 15 Pro Max Clear Case with MagSafe,75
Apple iPhone FineWoven Wallet with MagSafe - Taupe Taupe,89
Apple iPhone FineWoven Wallet with MagSafe - Mulberry Mulberry,89
Apple iPhone FineWoven Wallet with MagSafe - Pacific Blue Pacific Blue,89
Apple iPhone FineWoven Wallet with MagSafe - Evergreen Evergreen,89
Apple iPhone FineWoven Wallet with MagSafe - Black Black,89
Apple iPhone 15 FineWoven Case with MagSafe - Black Black,89
Apple iPhone 15 FineWoven Case with MagSafe - Taupe Taupe,89
Apple iPhone 15 FineWoven Case with MagSafe - Mulberry Mulberry,89
Apple iPhone 15 FineWoven Case with MagSafe - Pacific Blue Pacific Blue,89
Apple iPhone 15 FineWoven Case with MagSafe - Evergreen Evergreen,89
Apple iPhone 15 Plus FineWoven Case with MagSafe - Black Black,89
Apple iPhone 15 Plus FineWoven Case with MagSafe - Taupe Taupe,89
Apple iPhone 15 Plus FineWoven Case with MagSafe - Mulberry Mulberry,89
Apple iPhone 15 Plus FineWoven Case with MagSafe - Pacific Blue Pacific Blue,89
Apple iPhone 15 Plus FineWoven Case with MagSafe - Evergreen Evergreen,89
Apple iPhone 15 Pro FineWoven Case with MagSafe - Black Black,89
Apple iPhone 15 Pro FineWoven Case with MagSafe - Taupe Taupe,89
Apple iPhone 15 Pro FineWoven Case with MagSafe - Mulberry Mulberry,89
Apple iPhone 15 Pro FineWoven Case with MagSafe - Pacific Blue Pacific Blue,89
Apple iPhone 15 Pro FineWoven Case with MagSafe - Evergreen Evergreen,89
Apple iPhone 15 Pro Max FineWoven Case with MagSafe - Black Black,89
Apple iPhone 15 Pro Max FineWoven Case with MagSafe - Taupe Taupe,89
Apple iPhone 15 Pro Max FineWoven Case with MagSafe - Mulberry Mulberry,89
Apple iPhone 15 Pro Max FineWoven Case with MagSafe - Pacific Blue Pacific Blue,89
Apple iPhone 15 Pro Max FineWoven Case with MagSafe - Evergreen Evergreen,89
Apple iPhone XR Clear Case MRW62FE/A,59.55
Apple Smart Cover for iPad (9th generation) - White White,75.7
Apple iPhone XS Max Silicone Case - Papaya Papaya,59.55
Apple iPhone 11 Pro Silicone Case - Pomegranate Pomegranate,59.55
Apple iPhone 11 Pro Silicone Case - Beryl Beryl,59.55
Apple iPhone 11 Pro Max Silicone Case - Beryl Beryl,59.55
Apple Smart Cover for iPad (9th generation) - Black Black,75.7
Apple Smart Folio for iPad Air (5th generation) - White White,120.1
Apple Smart Folio for iPad Air (5th generation) - Black Black,120.1
Apple Smart Folio for iPad Pro 11-inch (4th generation) - Black Black,120.1
Apple Smart Folio for iPad Pro 11-inch (4th generation) - White White,120.1
Apple Smart Folio for iPad Pro 12.9-inch (6th generation) - Black Black,150.35
Apple Smart Folio for iPad Pro 12.9-inch (6th generation) - White White,150.35
Apple Smart Folio for iPad mini (6th generation) - Black Black,89.8
Apple Smart Folio for iPad mini (6th generation) - White White,89.8
Apple Smart Folio for iPad mini (6th generation) - Electric Orange Electric Orange,89.8
Apple Smart Folio for iPad mini (6th generation) - Dark Cherry Dark Cherry,89.8
Apple Smart Folio for iPad mini (6th generation) - English Lavender English Lavender,89.8
Apple Smart Cover for iPad (9th generation) - English Lavender English Lavender,75.7
Apple iPhone SE Silicone Case - Midnight Midnight,49.45
Apple iPhone SE Silicone Case - Abyss Blue Abyss Blue,49.45
Apple iPhone SE Silicone Case - Chalk Pink Chalk Pink,49.45
Apple iPhone SE Silicone Case - (PRODUCT)RED (PRODUCT)RED,49.45
Apple Smart Folio for iPad Air (5th generation) - Dark Cherry Dark Cherry,120.1
Apple Smart Folio for iPad Air (5th generation) - English Lavender English Lavender,120.1
Apple Smart Folio for iPad Air (5th generation) - Marine Blue Marine Blue,120.1
Apple Smart Folio for iPad (10th generation) - White White,120.1
Apple Smart Folio for iPad (10th generation) - Lemonade Lemonade,120.1
Apple Smart Folio for iPad (10th generation) - Watermelon Watermelon,120.1
Apple Smart Folio for iPad (10th generation) - Sky Sky,120.1
Apple Smart Folio for iPad Pro 11-inch (4th generation) - Marine Blue Marine Blue,120.1
Apple Smart Folio for iPad Pro 12.9-inch (6th generation) - Marine Blue Marine Blue,150.35
Apple Apple Pencil Tips - 4 pack,29.25
Apple Apple Pencil (2nd Generation) MU8F2ZA/A,200.85
Apple Apple Pencil (1st Generation) MQLY3ZA/A,150.35
Apple USB-C to Apple Pencil Adapter MQLU3ZA/A,15.1
Apple Apple Pencil (USB-C) MUWA3ZA/A,119
Apple Radeon Pro Vega II MPX Module MW672ZA/A,3300
Apple Radeon Pro Vega II Duo MPX Module MW732ZA/A,6600
Apple VESA Mount Adapter MWUF2ZA/A,281.6
Apple Pro Stand MWUG2ZA/A,1412.05
Apple Pro Display XDR - Standard glass MWPE2ZP/A,7367.2
Apple Pro Display XDR - Nano-texture glass MWPF2ZP/A,8780.25
Apple Apple Studio Display - Standard Glass - Tilt-and Height-Adjustable Stand,2926.05
Apple Apple Studio Display - Standard Glass - Tilt-Adjustable Stand,2320.45
Apple Apple Studio Display - Standard Glass - VESA Mount Adapter,2320.45
Apple Apple Studio Display - Nano-Texture Glass - Tilt- and Height-Adjustable Stand,3329.8
Apple Apple Studio Display - Nano-Texture Glass - Tilt-Adjustable Stand,2724.2
Apple Apple Studio Display - Nano-Texture Glass - VESA Mount Adapter,2724.2
Apple EarPods with Lightning Connector MMTN2FE/A,29
Apple EarPods (USB-C) MTJY3FE/A,29
Apple AirPods Pro (2nd generation) with MagSafe Case (USB-C),362.35
Apple EarPods with 3.5mm Headphone Plug MNHF2FE/A,29.25
Apple Wireless Charging Case for AirPods,120.1
Surface Arc Mouse - Bluetooth - FHD-00066,119
Surface Pro Signature Type Cover with Surface 90MP01I2-B0UA00 192876327791,269
192876233771,69
097855168832,125
Lenovo ThinkCentre M90S G3 i7-12700/16GB/512GB SSD 11TT001XSG W11 Pro,1415
Surface Arc Mouse - Bluetooth FHD-00076,119
Slim Pen 2 - Poppy Red (Alcantara Fabric) 8X8-00035,399
Asus AS ROG STRIX SCOPE NX DELUXE RED 90MP01I6-B0UA00 195553086790,269
Asus ROG STRIX FUSION 300 PNK 90YH02CC-BXUA00 192876196489,229
Surface Mouse Bluetooth - Grey 3YR-00005,82
Lenovo ThinkCentre M70S G4 i5-13400/8GB/512GB SSD 12DN000ASG W11 Pro,1765
Surface Precision Mouse FUH-00005,148
Surface Pro Signature Type Cover with Surface 90MP01I8-B0UA00 195553087315,269
Asus AS ROG STRIX SCOPE NX DELUXE BLUE 90MP01V0-BKUA00 192876661529,229
Asus ROG STRIX SCOPE TKL EP/RD/US - X803 RGB KB GX-BLUE CLICKY (2Y),189
Srfce Mobile Mouse SC Bluetooth Comm Black KGZ-00035,54
Slim Pen 2 - Ice Blue (Alcantara Fabric) 8X8-00055,399
Asus ROG STRIX SCOPE CHERRY RGB MX RED 90MP0180-B0UA00 192876201725,209
Asus ROG STRIX IMPACT II EP - P512 BMUA00 192876618882,69
Lenovo ThinkCentre M70S G4 i7-13700/16GB/512GB SSD 12DN000BSG W11 Pro,1399
Srfce Mobile Mouse SC Bluetooth Comm Platinum KGZ-00005,54
Slim Pen 2 - Platinum (Alcantara Fabric) 8X8-00075,399
Asus ROG STRIX SCOPE CHERRY RGB MX BLUE 90MP0182-B0UA00 192876202203,209
Asus ROG SHEATH EP - NC01 90MP01Z0-BPUA00 192876713310,69
Lenovo ThinkCentre M70S G4 i7-13700/16GB/512GB SSD 12DN000BSG W11 Pro,1599
Srfce Mobile Mouse SC Bluetooth Comm Ice Blue KGZ-00045,54
Asus ROG STRIX SCOPE NX RED 90MP0186-B0UA00 195553085939,209
Asus ROG STRIX GO 2.4 EP 90YH02P1-B3UA00 192876635285,319
Lenovo ThinkCentre M70Q G4 i5-13400T/8GB/512GB SSD 12E30011SG W11 Pro,1249
Srfce Mobile Mouse SC Bluetooth Comm Poppy Red KGZ-00055,54
Surface Pro X 128GB SQ1 ARM Processor 8GB LTE - Black JQG-00010,1638
Asus ROG STRIX SCOPE NX BLUE 90MP0188-B0UA00 195553086417,209
Lenovo ThinkCentre M70Q G4 i7-13700T/16GB/512GB SSD 12E30012SG W11 Pro,1599
Surface Pen - Silver EYV-00013,148
Surface Pro X 256GB SQ1 ARM Processor 8GB LTE - Black KHL-00010,1998
Asus ROG STRIX FLARE II NX RED ANIMATE (PBT) 90MP02E6-BKUA01 195553428514,399
Surface Pen - Charcoal EYV-00005,148
Surface Pro X 256GB SQ2 ARM Processor 16GB LTE - Platinum 1WX-00009,2298
Asus ROG STRIX SCOPE TKL NX RED 90MP01N6-BKUA00 195553102803,199
Lenovo ThinkCentre neo 30a 24 23.8” i5-1240P/8GB/512GB SSD (non-touch) 12B000CDSG W11 Pro DG 64,1715
Surface Pen - Poppy Red EYV-00045,148
Surface Pro X 512GB SQ2 ARM Processor 16GB LTE - Black 1X7-00022,2598
Asus ROG STRIX SCOPE TKL NX BLUE 90MP01N8-BKUA00 195553103305,199
Asus ROG DELTA S ANIMATE 90MP02C0-BMUA00 195553135238,419
Lenovo ThinkCentre M70a G3 21.5’’ i5-12500/8GB/512GB SSD (Touch) 11VL0008SG W11 Pro DG 64,1869
Surface Pen - Ice Blue EYV-00053,148
Surface ProX 256GB SQ2 ARM Processor 16GB WIFI - Platinum E8I-00012,2098
Asus ROG STRIX SCOPE RX GAMING 90MP0240-BKUA00 192876812907,169
Lenovo ThinkCentre M90a G3 23.8’’ i7-12700/16GB/512GB SSD (Touch) 11VF009TSG W11 Pro DG 64,2220
Surface Slim Pen 2 - Black 8WX-00005,179
Surface ProX 512GB SQ2 ARM Processor 16GB WIFI - Platinum E8S-00012,2398
Asus ROG STRIX FLARE CHERRY RGB MX RED 90MP00M0-B0UA00 889349920817,249
Asus ROG STRIX SCOPE TKL NX RED MOONLIGHT 90MP02B6-BKUA00 195553142144,259
Lenovo ThinkStation P3 Ultra i7-13700/16GB/512GB SSD/NV T400 *TD Exclusive* 30HAS01H00 W11 Pro,2230
Surface Slim Pen 2 Charger 8X3-00007,39
Surface Pro X Type Cover - Black QJX-00015,219
Asus ROG STRIX FLARE CHERRY RGB MX BLUE 90MP00M2-B0UA00 889349921180,249
Asus ROG STRIX SCOPE TKL NX BLUE MOONLIGHT 90MP02B8-BKUA00 195553142663,259
Lenovo ThinkStation P3 Ultra i7-13700/16GB/512GB SSD/ NV T1000 30HA002GSG W11 Pro,2699
Surface Docking Station PF3-00011,314
Surface Slim Pen - Black LLM-00005,219
Asus AS ROG STRIX SCOPE TKL DELUXE RD (X801) 90MP00N0-BKUA00 192876461433,219
Asus ROG STRIX IMPACT II MOONLIGHT 90MP02C0-BMUA00 195553107839,79
Lenovo Thinkstation P3 TWR i7-13700/16GB/512GB SSD/NV T1000 30GS003LSG W11 Pro,2699
Surface Docking Station 2 1GK-00007,388
Surface Pro X Signature Type Cover with Slim Pen - Black (Alcantara Fabric) Refresh 26B-00015,429
Asus AS ROG STRIX SCOPE TKL DELUXE SV (X801) 90MP00N4-BKUA00 192876462188,219
Asus ROG CETRA II CORE MOONLIGHT 90YH0360-B2UA00 195553127219,99
Lenovo ThinkStation P5 TWR W3-2423/16GB/512GB/ T1000*TD Exclusive* 30GAS00Y00 W11 Pro,3400
Surface Earbuds - Glacier 3BW-00011,300
Surface Go 3 64GB Pentium Gold 6500Y 4GB - Platinum (Windows 10 Pro) 8V8-00024,678
Asus TUF GAMING K3 RD 90MP01Q0-BKUA00 192876630785,139
Asus ROG STRIX GO CORE MOONLIGHT 90YH0381-B1UA00 195553146593,159
Lenovo ThinkStation P5 TWR W3-2423/32GB/512GB SSD/ NV RTX A2000 30GA0029SG W11 Pro,4499
Surface Headphones 2+ - Black 3BS-00004,458
Surface Go 3 64GB i3 4GB - Platinum (Windows 10 Pro) 8V9-00022,758
Asus TUF GAMING K3 BL 90MP01Q2-BKUA00 192876631300,139
Asus SL300C ROG CHARIOT 90GC00E0-MSG010 192876322789,799
Lenovo ThinkPad P14s G4 i7-1360P/32GB/512GB SSD/ NV RTX A500 21HF001GSG W11 Pro,2399
Modern USB Headset - Black 8JN-00005,78
Surface Go 3 128GB i3 8GB - Platinum (Windows 10 Pro) 8VD-00038,998
Asus TUF GAMING K1 90MP01X0-BKUA00 192876625521,69
Asus SL300 ROG CHARIOT CORE 90GC00D0-MSG010 192876322772,549
Lenovo ThinkPad P16s G2 i7-1360P/32GB/512GB SSD/NV RTX A500 21HK001GSG W11 Pro,2499
Modern USB-C Headset - Black I6P-00004,79
Surface Go 3 128GB i3 8GB - Black (Windows 10 Pro) 8VD-00054,998
Asus AS ROG CHAKRAM 90MP01K0-BMUA00 192876521656,259
Lenovo ThinkPad P16 G2 i7-13700HX/32GB/512GB SSD/NV RTX 2000 21FA0016SG W11 Pro,3749
Modern Wireless Headset - Black 8JU-00010,149.99
Surface Go 3 64GB i3 4GB LTE - Platinum (Windows 10 Pro) I4G-00023,908
Asus ROG SPATHA X 90MP0220-BMUA00 192876993378,249
Lenovo ThinkPad P1 G6 i7-13700H/32GB/512GB SSD/NV RTX 2000 21FV0007SG W11 Pro,3999
Mini Display to HDMI Adapter EJU-00002,64
Surface Go 3 128GB i3 8GB LTE - Black (Windows 10 Pro) 8VI-00051,1158
Asus ROG GLADIUS III WIRELESS 90MP0200-BMUA00 192876966532,189
Thinkpad X12 Detachable G1 i5-1130G7/16GB/512GB SSD 20UW004HSG W11 Pro DG 64,2928
Mini Display to VGA Adapter EJQ-00002,64
Surface Go 3 256GB i3 8GB LTE - Black (Windows 10 Pro) 8VJ-00049,1298
Asus AS ROG PUGIO II (P705) 90MP01L0-BMUA00 192876484883,159
Thinkpad X12 Detachable G1 i7-1160G7/16GB/512GB SSD 20UW004JSG W11 Pro DG 64,3127.97
USB-C to 3.5mm Audio Adapter LKZ-00007,18
Surface Go 3 64GB Pentium Gold 6500Y 4GB - Platinum (Windows 11 Pro) 8V8-00009,678
Asus ROG KERIS WIRELES (P513) 90MP0230-B0UA00 192876812648,139
ThinkSmart Core + Controller Kit for MS Team Rooms i5-1145G7E/8GB/256GB SSD 11LR0005SG Windows 10 IoT Enterprise CLB 64,4325
USB-C to HDMI Adapter HFP-00005,64
Surface Go 3 64GB i3 4GB - Platinum (Windows 11 Pro) 8V9-00009,758
Asus ROG STRIX IMPACT II WIRELESS 90MP01P0-BMUA00 192876576267,119
ThinkSmart Core + Controller Kit for Zoom i5-1145G7E/8GB/256GB SSD 11LT0006SG Windows 10 IoT Enterprise SAC 64,4325
USB-C to VGA Adapter HFT-00005,64
Surface Go 3 128GB i3 8GB - Platinum (Windows 11 Pro) 8VD-00008,998
Asus AS ROG STRIX CARRY WIRELESS 90MP01B0-B0UA00 192876255414,109
ThinkSmart Core Full Room Kit for MS Team Rooms i5-1145G7E/8GB/256GB SSD 11S30008SG Windows 10 IoT Enterprise SAC 64,5675
USB-C to Display Port Adapter JWG-00007,64
Surface Go 3 128GB i3 8GB - Black (Windows 11 Pro) 8VD-00024,998
Asus TUF GAMING M4 WIRELESS 90MP02F0-BMUA00 195553138376,89
ThinkSmart Core Full Room Kit for Zoom i5-1145G7E/8GB/256GB SSD 11S50008SG Windows 10 IoT Enterprise CLB 64,5675
Surface USB-C Travel Hub 1E4-00005,150
Surface Go Type Cover - Black KCN-00037,138
Asus ROG CHAKRAM CORE (P511) 90MP01T0-BMUA00 192876745649,129
ThinkSmart Core for Logitec 11RXS0240R Windows 10 IoT Enterprise SAC 64,1565.5
USB 3.0 to Ethernet Adapter Commercial (Lan Port) EJS-00007,64
Surface Go Signature Type Cover - Light Charcoal (Alcantara Fabric) KCT-00115,188
Asus ROG GLADIUS III 90MP0270-BMUA00 192876966457,139
ThinkSmart View Lenovo CD-18781Y ZA690022SG AOSP 8.1,505
USB-C to Ethernet and USB 3.0 Adapter JWM-00007,69
Surface Go Signature Type Cover - Ice Blue (Alcantara Fabric) KCT-00095,188
Asus ROG KERIS (P509) 90MP01R0-B0UA00 192876870174,99
Google Meet One Room Kits Gen2 (Small Kit) *NEW* 20YW0006SB,5188
USB-C to USB 3.0 Adapter JTZ-00007,34
Surface Go Signature Type Cover - Poppy Red (Alcantara Fabric) KCT-00075,188
Asus AS ROG STRIX IMPACT II 90MP01E0-B0UA00 192876482735,69
Google Meet One Room Gen 2 (Medium Kit) *NEW* 20YW0007SB,6590
Surface Power Supply Adapter (65W) Q5N-00005,124
Surface Laptop Go 128GB i5 8GB - Platinum TNU-00018,1228
Asus TUF GAMING M4 AIR 90MP02K0-BMUA00 195553335478,79
Google Meet One Room Gen 2 (Large Kit) *NEW* 20YW0008SB,8645.6
Surface Power Supply Adapter (24W) LAC-00005,64
Surface Laptop Go 256GB i5 8GB - Platinum TNV-00018,1528
Asus AS TUF GAMING M3 90MP01J0-B0UA00 192876366370,34
LenovoThinkSmart One for Microsoft Teams Rooms Intel Core I5-1145 12BS0001SG,4279
Surface Dial 2WS-00004,159
Surface Laptop Go 256GB i5 16GB - Platinum 21O-00018,1838
Asus AS CERBERUS MOUSE 90YH00Q1-BAUA00 889349136966,29
"Garmin Index S2, Smart Scale",269
Surface Pro 7+ 128GB i5 8GB - Platinum 1N9-00011,1528
Surface Laptop 4 256GB AMD Ryzen 5 8GB - 13.5” Platinum 5Q1-00018,1638
Asus ROG BALTEUS QI 90MP0110-B0UA00 192876059883,209
Garmin 010-02064-14 Instinct Outdoor gps,329
Surface Pro 7+ 256GB i5 8GB - Platinum 1NA-00011,1938
Surface Laptop 4 256GB i5 8GB - 13.5” Platinum 5BL-00018,1788
Asus ROG SCABBARD II 90MP0210-BPUA00 192876832677,79
Garmin 010-02120-20 Forerunner 245,339
Surface Pro 7+ 256GB i5 8GB - Black 1NA-00026,1938
Surface Laptop 4 256GB i5 8GB - 13.5” Black 5BL-00043,1788
Asus ROG SCABBARD II MEDIUM 90MP02H0-BPUA00 195553249058,45
Garmin GM-010-02384-51 Lily Sport GPS,309
Surface Pro 7+ 256GB i5 16GB - Platinum 1NB-00011,2238
Surface Laptop 4 512GB i5 8GB - 13.5” Black 5BV-00018,2038
Asus AS ROG SHEATH 90MP00K1-B0UA00 889349364178,69
Garmin Enduro 2 – Watch,1799
Surface Pro 7+ 256GB i7 16GB - Black 1NC-00026,2338
Surface Laptop 4 512GB i5 8GB - 13.5” Platinum 5BV-00052,2038
Asus AS ROG STRIX SLICE 90MP01M0-BPUA00 192876433157,39
Garmin 010-02156-05 Forerunner 45,229
Surface Pro 7+ 512GB i7 16GB - Black 1ND-00026,2938
Surface Laptop 4 256GB i5 16GB - 13.5” Black 58Z-00018,2188
Asus TUF GAMING P3 GAMING MOUSEMAT 90MP01C0-B0UA00 192876225264,25
"Garmin inReach Mini 2, Lightweight",749
Surface Pro 7+ 1TB i7 32GB - Platinum 1NG-00011,4098
Surface Laptop 4 512GB i5 16GB - 13.5” Black 5B2-00018,2388
Asus TUF GAMING P1 GAMING MOUSEMAT 90MP02G0-BPPA00 195553200585,19
Garmin Forerunner 55,299
Surface Pro 7+ 128GB i5 8GB LTE - Platinum 1S2-00011,1758
Surface Laptop 4 256GB i7 16GB - 13.5” Black 5D1-00018,2388
Asus CERBERUS PAD MINI RED 90YH01C3-BDUA00 889349829738,15
Garmin Forerunner 735XT,329
Surface Pro 7+ 256GB i5 8GB LTE - Platinum 1S3-00011,2168
Surface Laptop 4 512GB AMD Ryzen 7 16GB - 13.5” Black 7IC-00018,2488
Asus AS ROG THETA 7.1 90YH01W7-B2UA00 192876233818,479
Garmin Instinct 2S Poppy,359
Surface Pro 7+ 256GB i5 16GB LTE - Platinum 1S4-00011,2468
Surface Laptop 4 512GB i7 16GB - 13.5” Black 5F1-00018,2638
Asus ROG DELTA S - Ty-C RGB 90YH02K0-B2UA00 192876659687,379
Garmin HRM-Pro Plus,209
Surface Laptop 4 256GB AMD Ryzen 7 8GB - 15” Platinum 5V8-00018,2088
Asus ROG STRIX GO BT 90YH02Y1-B5UA00 192876820643,399
Garmin vívoactive 4S,429
Surface Laptop 4 256GB i7 8GB - 15” Platinum 5JI-00018,2258
Asus AS ROG STRIX GO 2.4 Wireless 90YH01X1-B3UA00 192876414248,319
Garmin 010-02060-34 Edge 530 GPS,489
Surface Laptop 4 512GB i7 8GB - 15” Black 5L1-00018,2558
Asus ROG STRIX GO - Ty-C 90YH02Q1-B2UA00 192876635254,179
Garmin 010-12520-10 Running Dynamic Pod,89
Surface Laptop 4 256GB i7 16GB - 15” Black 5IF-00018,2558
Asus ROG STRIX GO CORE - 3.5mm 90YH02R1-B1UA00 192876635292,159
Garmin Backpack Tether Accessory,49
Surface Laptop 4 256GB i7 16GB - 15” Platinum 5IF-00041,2558
Asus AS TUF GAMING H3 WIRELESS 90YH02ZG-B3UA00 192876784686,179
"Garmin epix Gen 2, Premium active",1499
Surface Laptop 4 512GB AMD Ryzen 7 16GB - 15” Black 1MW-00041,2638
Asus AS TUF GAMING H3 (Silver) 90YH025S-B1UA00 192876358924,69
Garmin Speed Sensor 2 and Cadence Sensor 2,99
Surface Laptop 4 512GB i7 16GB - 15” Black 5IP-00018,2738
Asus AS TUF GAMING H3 (Red) 90YH02AR-B1UA00 192876391020,69
Garmin GM-010-02064-78 Instinct Esports,489
Surface Laptop 4 512GB i7 16GB - 15” Platinum 5IP-00041,2738
Asus AS TUF GAMING H3 (GUN METAL) 90YH028G-B1UA00 192876391006,69
Garmin Descent MK2s,1499
Kaloc KLC-DS100 Gas Spring Monitor,99
Asus TUF GAMING H1 WIRELESS 90YH0391-B3UA00 195553173964,139
"Garmin Venu Sq, GPS Smartwatch",299
Kaloc KLC-DS90-2 Gas Spring Monitor,169
Asus TUF GAMING H1 90YH03A1-B1UA00 195553174107,69
"Garmin 010-11617-10, 10’ Transducer",69
Kaloc KLC-DW220J Gas Spring Monitor,129
Asus ROG CETRA TRUE WIRELESS 90YH03G1-B5UA00 195553504065,199
Garmin Forerunner 945 Premium,729
Kaloc KLC-DW220T Gas Spring Monitor,135
Asus ROG CETRA RGB 90YH02U0-B2UA00 192876729700,169
Garmin fenix 7X Sapphire,1699
Surface Pro 8 128GB i5 8GB - Platinum (Windows 10 Pro) 8PP-00028,1788
Asus ROG CLAYMORE II RED 90MP01W0-BKUA00 195553047234,429
Asus ROG CETRA II 90YH02S0-B2UA00 192876784112,159
Garmin GM-010-02158-65 Fenix 6,749
Surface Pro 8 256GB i5 8GB - Platinum (Windows 10 Pro) 8PR-00044,1938
Asus ROG CLAYMORE II BLUE 90MP01W2-BKUA00 195553060240,429
Asus AS ROG CETRA 90YH01I0-B2UA00 192876352823,159
Garmin GM-010-02293-66 Instinct Solar,669
Surface Pro 8 256GB i5 8GB - Black (Windows 10 Pro) 8PR-00060,1938
Asus ROG STRIX SCOPE TKL DELUXE RX RED 90MP01Y0-BKUA00 195553322034,299
Asus ROG CETRA II CORE 90YH02V0-B2UA00 192876784129,89
"Garmin Instinct 2 Solar, Tactical",789
Surface Pro 8 256GB i5 16GB - Platinum (Windows 10 Pro) 8PU-00043,2248
Asus ROG STRIX SCOPE TKL DELUXE RX BLUE WIRELESS 90MP01Y2-BKUA00 195553567718,299
Asus ROG CLAVIS 90YH02N0-B2UA00 192876958032,189
Garmin fenix 7X Sapphire Solar,1699
Surface Pro 8 256GB i5 16GB - Black (Windows 10 Pro) 8PU-00058,2248
Asus AS ROG FALCHION RED 90MP01Y0-BKUA00 192876863985,279
Asus ASUS AI NC MIC ADAPTER/USB C 90YH02L1-B2UA00 192876774410,59
"Garmin Descent G1, Dive Computer",1029
Surface Pro 8 512GB i5 8GB - Black (Windows 10 Pro) EBQ-00056,2248
Asus AS ROG FALCHION BLUE 90MP01Y2-BKUA00 192876864494,279
Asus ASUS WEBCAM C3 90YH0340-B2UA00 192876953822,89
"Garmin Drive 52, GPS Navigator",189
Surface Pro 8 256GB i7 16GB - Platinum (Windows 10 Pro) 8PW-00042,2548
Asus AS ROG FALCHION NX RED 90MP01Y6-BKUA00 195553031417,279
Asus ROG EYE S 90YH0350-B2UA00 195553122023,179
Garmin GM-010-02293-32 Instinct Solar,689
Surface Pro 8 256GB i7 16GB - Black (Windows 10 Pro) 8PW-00057,2548
Asus AS ROG FALCHION NX BLUE 90MP01Y8-BKUA00 195553031912,279
Asus AS ROG THRONE QI (Headset Stand) 90YH01K0-B2UA00 192876315170,219
Garmin 010-12105-20 Trolling Motor,59
Surface Pro 8 512GB i7 16GB - Black (Windows 10 Pro) 8PY-00056,2998
Asus ROG STRIX SCOPE DELUXE NX RED WIRELESS 90MP01Y2-BKUA00 195553319034,269
Garmin Epix Premium Active,1629
Surface Pro 8 1TB i7 16GB - Platinum (Windows 10 Pro) EED-00026,3598
Asus ROG STRIX SCOPE DELUXE NX BLUE WIRELESS 90MP01Y2-BKUA00 195553319539,269
Asus ROG STRIX FLARE CHERRY RGB MX RED PNK 90MP00M0-B0UA04 192876298992,269
Garmin Delta XC Bundle,269
Surface Pro 8 1TB i7 32GB - Platinum (Windows 10 Pro) EFI-00026,4098
Asus AS ROG STRIX SCOPE DELUXE RD (XA04) 90MP01I0-B0UA00 192876327289,269
Asus ROG GLADIUS II ORIGIN PNK LTD 90MP00U3-B0UA01 192876298749,149
Garmin Forerunner 255 Music,669
Surface Pro 8 128GB i5 8GB LTE - Platinum (Windows 10 Pro) EHL-00028,2018
Asus AS ROG STRIX SCOPE DELUXE BL (XA04) 90MP01I2-B0UA00 195553086790,269
Asus ROG SHEATH PNK LTD 90MP00K2-B0UA00,69
Garmin 176971 Vivoactive 3 Smartwatch,289
Surface Pro 8 256GB i5 8GB LTE - Platinum (Windows 10 Pro) EIG-00028,2168
Garmin GM-010-02384-F0 Lily Classic,369
Surface Pro 8 256GB i5 16GB LTE - Platinum (Windows 10 Pro) EIN-00028,2478
Garmin Garmin HRM-Run,169
Surface Pro 8 256GB i7 16GB LTE - Platinum (Windows 10 Pro) EIV-00028,2778
"Garmin Lily Classic Editi, White w/Light Gold",329
Suunto Core Wrist-Top Computer Watch,319
Surface Pro 8 128GB i5 8GB - Platinum (Windows 11 Pro) 8PP-00012,1788
"Garmin vívoactive 4S, Smaller-Sized",429
Surface Pro 8 256GB i5 8GB - Platinum (Windows 11 Pro) 8PR-00012,1938
Garmin GM-010-02384-52 Lily Sport Edition,319
Surface Pro 8 256GB i5 8GB - Black (Windows 11 Pro) 8PR-00028,1938
Surface Keyboard Bluetooth - 3YJ-00013,164
Surface Pro 8 256GB i7 16GB - Black (Windows 11 Pro) 8PW-00027,2548
Surface Arc Mouse - Bluetooth FHD-00020,119
Surface Pro 8 1TB i7 16GB - Platinum (Windows 11 Pro) EED-00011,3598
Surface Arc Mouse - Bluetooth FHD-00005,119
Surface Pro 8 1TB i7 32GB - Platinum (Windows 11 Pro) EFI-00011,4098
Surface Pro 8 256GB i5 16GB LTE - Platinum (Windows 11 Pro) EIN-00012,2478
Surface Pro 8 256GB i7 16GB LTE - Platinum (Windows 11 Pro) EIV-00012,2778
Surface Pro Signature Type Cover - Black (Alcantara Fabric) 8XB-00015,239
Surface Pro Signature Type Cover - Poppy Red (Alcantara Fabric) 8XB-00035,239
Surface Pro Signature Type Cover - Ice Blue (Alcantara Fabric) 8XB-00055,239
Surface Pro Signature Type Cover - Platinum (Alcantara Fabric) 8XB-00075,239
Surface Pro Signature Type Cover - Black Fingerprint (Alcantara Fabric) 8XG-00015,289
Surface Pro Signature Type Cover with Surface Slim Pen 2 - Black (Alcantara Fabric) 8X8-00015,399
Razer Naga V2 Pro - Wireless MMO Gaming Mouse RZ01-04910100-R3M1,289
Razer Viper V3 HyperSpeed - Wireless Esports Gaming Mouse - FRML Packaging RZ01-03600100-R3A1,109.9
Razer Naga V2 HyperSpeed - Wireless MMO Gaming Mouse - AP Packaging RZ01-04690100-R3M1,159
Razer Goliathus Chroma Soft Gaming Mouse Mat Chroma RZ02-02500100-R3M1,59.9
Razer Goliathus Chroma Extended - Soft Gaming Mouse Mat with Chroma - FRML Packaging RZ02-02500300-R3M1,89.9
Razer Goliathus Extended Chroma - Soft Gaming Mouse Mat with Chroma - Mercury - FMRL Packaging RZ02-02500314-R3M1,89.9
Razer Goliathus Extended Chroma - Soft Gaming Mouse Mat with Chroma - Quartz - FMRL Packaging RZ02-02500316-R3M1,89.9
Razer Goliathus Chroma 3XL - Soft Gaming Mouse Mat with Chroma - FRML Packaging RZ02-02500700-R3M1,159
RAZER GOLIATHUS MOBILE - SMALL RZ02-01820200-R3M1,13.9
Razer Goliathus Mobile Stealth Edition - Small RZ02-01820500-R3M1,13.9
Razer Gigantus V2 - Soft Gaming Mouse Mat Medium - FRML Packaging RZ02-03330200-R3M1,15.9
Razer Gigantus V2 - Soft Gaming Mouse Mat Large - FRML Packaging RZ02-03330300-R3M1,24.9
Razer Gigantus V2 - Soft Gaming Mouse Mat XXL - FRML Packaging RZ02-03330400-R3M1,49.9
Razer Gigantus V2 - Soft Gaming Mouse Mat 3XL - FRML Packaging RZ02-03330500-R3M1,79.9
Razer Strider Chroma - Gaming Mouse Mat - FRML Packaging RZ02-04490100-R3M1,209
Razer Strider - Hybrid Gaming Mouse Mat - Large - FRML Packaging RZ02-03810200-R3M1,49.9
Razer Strider - Hybrid Gaming Mouse Mat - Large - Quartz Edition - FRML Packaging RZ02-03810300-R3M1,49.9
Razer Strider - Hybrid Gaming Mouse Mat - XXL - FRML Packaging RZ02-03810100-R3M1,80.9
Razer Firefly V2 RZ02-03020100-R3M1,79.9
Razer Atlas RZ02-04890100-R3M1,159.9
Razer Atlas White Edition RZ02-04890200-R3M1,159.9
Razer Sphex V3 – Ultra-Thin Gaming Mouse Mat - Small - FRML Packaging RZ02-03820100-R3M1,15.9
Razer Sphex V3 - Ultra-Thin Gaming Mouse Mat - Large - FRML Packaging RZ02-03820200-R3M1,39.9
Razer Huntsman V3 Pro - Analog Optical Esports Keyboard - US Layout - FRML RZ03-04970100-R3M1,399.9
Razer Huntsman V3 Pro Tenkeyless - Tenkeyless Analog Optical Esports Keyboard - US Layout - FRML RZ03-04980100-R3M1,349.9
Razer Huntsman V3 Pro Mini - 60% Analog Optical Esports Keyboard - US Layout - FRML RZ03-04990100-R3M1,279.9
Razer Huntsman V2 - Optical Gaming Keyboard (Clicky Purple Switch) - US Layout - FRML Packaging RZ03-03930300-R3M1,299.9
Razer Huntsman V2 - Optical Gaming Keyboard (Linear Red Switch) RZ03-03930100-R3M1,309.9
Razer Huntsman V2 Tenkeyless - Optical Gaming Keyboard (Clicky Purple Switch) - US Layout RZ03-03940300-R3M1,239.9
Razer Huntsman V2 Tenkeyless - Optical Gaming Keyboard (Linear Red Switch) RZ03-03940100-R3M1,254.9
Razer Huntsman V2 Tenkeyless - Optical Gaming Keyboard (Linear Red Switch) - Quartz Edition - US Layout - FRML RZ03-03942000-R3M1,269.9
Razer Huntsman Mini - 60% Optical Gaming Keyboard (Clicky Purple Switch) - FRML Packaging RZ03-03390100-R3M1,189.9
Razer Huntsman Mini - 60% Optical Gaming Keyboard (Linear Red Switch) - FRML Packaging RZ03-03390200-R3M1,209.9
Razer Huntsman Mini Analog - 60% Analog Optical Gaming Keyboard (Analog Switch) - US Layout - FRML Packaging RZ03-04340100-R3M1,229.9
Razer BlackWidow V4 Pro - Mechanical Gaming Keyboard (Green Switch) - US Layout - FRML RZ03-04680100-R3M1,359
Razer BlackWidow V4 Pro - Mechanical Gaming Keyboard (Yellow Switch) - US Layout - FRML RZ03-04681800-R3M1,359
Razer BlackWidow V4 - Mechanical Gaming Keyboard (Green Switch) - US Layout - FRML RZ03-04690100-R3M1,269.9
Razer BlackWidow V4 - Mechanical Gaming Keyboard (Yellow Switch) - US Layout - FRML RZ03-04691800-R3M1,269.9
Razer BlackWidow V4 X - Mechanical Gaming Keyboard (Green Switch) - US Layout - FRML RZ03-04700100-R3M1,209.9
Razer BlackWidow V4 X - Mechanical Gaming Keyboard (Yellow Switch) - US Layout - FRML RZ03-04701800-R3M1,209.9
Razer BlackWidow V4 75% - Hot-swappable Mechanical Gaming Keyboard - US Layout - FRML RZ03-05000100-R3M1,290.9
Razer BlackWidow V4 75% - Hot-swappable Mechanical Gaming Keyboard - White Edition - US Layout - World Packaging RZ03-05001700-R3M1,305.9
Razer™ BlackWidow V3 - Mechanical Gaming Keyboard (Green Switch) - US Layout – FRML Packaging RZ03-03540100-R3M1,219.9
Razer™ BlackWidow V3 - Mechanical Gaming Keyboard (Yellow Switch) - US Layout – FRML Packaging RZ03-03541900-R3M1,219.9
Razer™ BlackWidow V3 - Mechanical Gaming Keyboard (Green Switch) - Quartz Edition - US Layout FRML Packaging RZ03-03541800-R3M1,219.9
Razer™ BlackWidow V3 Tenkeyless - Mechanical Gaming Keyboard - US Layout – FRML packaging RZ03-03490100-R3M1,159.9
Razer™ BlackWidow V3 Tenkeyless - Mechanical Gaming Keyboard (Yellow Switch) - US Layout - FRML packaging RZ03-03491800-R3M1,159.9
Razer™ BlackWidow V3 Mini HyperSpeed - Phantom Pudding Edition - 65% Wireless Mechanical Gaming Keyboard (Yellow Switch) - FRML Packaging RZ03-03891900-R3M1,309.9
Razer DeathStalker V2 Pro - Wireless Low Profile Optical Gaming Keyboard (Linear Red Switch) - US Layout – FRML RZ03-04360100-R3M1,319
Razer DeathStalker V2 Pro - Wireless Low Profile Optical Gaming Keyboard (Clicky Purple Switch) - White Edition - US Layout - World Packaging RZ03-04370100-R3M1,329
Razer DeathStalker V2 Pro Tenkeyless - Wireless Low Profile Optical Gaming Keyboard (Linear Red Switch) - US Layout – FRML RZ03-04363500-R3M1,299
Razer DeathStalker V2 Pro Tenkeyless - Wireless Low Profile Optical Gaming Keyboard (Linear Red Switch) - White Edition - US Layout - World Packaging RZ03-04373500-R3M1,309
Razer DeathStalker V2 - Low Profile Optical Gaming Keyboard (Linear Red Switch) - US Layout – FRML RZ03-04500100-R3M1,249
Razer Ornata V3 - Low Profile Gaming Keyboard - US Layout – FRML RZ03-04460100-R3M1,109.9
Razer Ornata V3 X - Low Profile Gaming Keyboard - US Layout – FRML RZ03-04470100-R3M1,64.9
Razer Ornata V3 Tenkeyless - Low Profile Gaming Keyboard - US Layout – FRML RZ03-04880100-R3M1,109.9
Razer™ BlackWidow V3 Pro - Wireless Mechanical Gaming Keyboard (Green Switch) - US Layout - FRML Packaging RZ03-03530100-R3M1,359.9
Razer™ BlackWidow V3 Pro - Wireless Mechanical Gaming Keyboard (Yellow Switch) - US Layout - FRML Packaging RZ03-03531700-R3M1,359.9
Razer BlackShark V2 Pro (2023) - Wireless Gaming Headset - FRML Packaging RZ04-04530100-R3M1,324.9
Razer BlackShark V2 Pro (2023) - Wireless Gaming Headset - White Edition - FRML Packaging RZ04-04530200-R3M1,324.9
Razer BlackShark V2 Pro - Wireless Gaming Headset - White Edition - FRML Packaging RZ04-03220300-R3M1,269.9
Razer BlackShark V2 Pro - Wireless Gaming Headset - FRML Packaging RZ04-03220100-R3M1,269.9
Razer BlackShark V2 HyperSpeed - Wireless Ultra-Lightweight Esports Headset - FRML Packaging RZ04-04960100-R3M1,205.9
Razer BlackShark V2 - Wired Gaming Headset + USB Sound Card - FRML Packaging RZ04-03230100-R3M1,159.9
Razer BlackShark V2 - Wired Gaming Headset + USB Sound Card - CourageJD Edition - FRML Packaging RZ04-03230300-R3M1,169.9
Razer BlackShark V2 - Wired Gaming Headset + USB Sound Card - SE - World Packaging RZ04-03230200-R3M1,169.9
Razer BlackShark V2 X USB - Wired Gaming Headset - FRML Packaging RZ04-04570100-R3M1,105
Razer BlackShark V2 X - Wired Gaming Headset - FRML Packaging RZ04-03240100-R3M1,94.9
Razer BlackShark V2 X - Wired Gaming Headset - White - FRML Packaging RZ04-03240700-R3M1,94.9
Razer BlackShark V2 X - Wired Gaming Headset - Quartz Edition - FRML Packaging RZ04-03240800-R3M1,94.9
Razer Kraken V3 Pro - Wireless Gaming Headset with Razer HyperSense - FRML Packaging RZ04-03460100-R3M1,329.9
Razer Kraken V3 HyperSense - Wired USB Gaming Headset with Haptic Technology - FRML Packaging RZ04-03770100-R3M1,209.9
Razer Kraken V3 - Wired USB Gaming Headset - FRML Packaging RZ04-03770200-R3M1,159.9
Razer Kraken V3 X - Wired USB Gaming Headset - FRML Packaging RZ04-04510100-R3M1,109.9
Razer Kraken Kitty V2 Pro - Wired RGB Headset with Interchangeable Ears - Black - FRML Packaging RZ04-04510200-R3M1,329.99
Razer Kraken Kitty V2 Pro - Wired RGB Headset with Interchangeable Ears - Quartz Edition - FRML Packaging RZ04-04730100-R3M1,329.99
Razer Kraken Kitty V2 - USB Headset with RGB Kitty Ears - Black - FRML Packaging RZ04-04730200-R3M1,155.9
Razer Kraken Kitty V2 - USB Headset with RGB Kitty Ears - Quartz Edition - FRML Packaging RZ04-04860100-R3M1,155.9
Razer BlackWidow V4 75% - Hot-swappable Mechanical Gaming Keyboard - White Headset with Kitty Ears - FRML Packaging RZ04-03780100-R3M1,155.9
Razer Barracuda Pro - Wireless Gaming Headset with Hybrid ANC - FRML Packaging RZ04-03790100-R3M1,409.9
Razer Barracuda - Wireless Multi-platform Gaming and Mobile Headset - FRML Packaging RZ04-03790200-R3M1,264.9
Razer Barracuda - Wireless Multi-platform Gaming and Mobile Headset - Mercury White - FRML Packaging RZ04-03790300-R3M1,279.9
Razer Barracuda X (2022) - Wireless Multi-Platform Gaming and Mobile Headset - FRML Packaging RZ04-04430100-R3M1,159.9
Razer Barracuda X (2022) - Wireless Multi-Platform Gaming and Mobile Headset - Mercury White - FRML Packaging RZ04-04430200-R3M1,159.9
Razer Barracuda X (2022) - Wireless Multi-Platform Gaming and Mobile Headset - Quartz Pink - FRML Packaging RZ04-04430300-R3M1,159.9
Razer Barracuda X (2022) - Wireless Multi-Platform Gaming and Mobile Headset - Roblox Edition - FRML Packaging RZ04-04430400-R3M1,209.9
Razer Barracuda X (2022) - Wireless Multi-Platform Gaming and Mobile Headset - PUBG: Battlegrounds Edition - World Packaging RZ04-04430500-R3M1,205.9
Razer Opus X - Mercury - Active Noise Cancellation Headset - FRML Packaging RZ04-03760200-R3M1,154.9
Razer Opus X - Quartz - Active Noise Cancellation Headset - FRML Packaging RZ04-03760300-R3M1,154.9
Razer Opus X - Green - Active Noise Cancellation Headset - FRML Packaging RZ04-03760400-R3M1,154.9
Razer Hammerhead True Wireless Pro - Earbuds - AP Packaging RZ12-03440100-R3A1,299.9
Razer Hammerhead Pro HyperSpeed - Earbuds - AP Packaging RZ12-04590100-R3A1,299.9
Razer Hammerhead HyperSpeed (Xbox Licensed) - Wireless Multi-Platform Gaming Earbuds - AP Packaging RZ12-03820200-R3A1,249.9
Razer Moray - Ergonomic In-ear Monitor for All-day Streaming - FRML Packaging RZ05-04740100-R3G1,2005
Razer Nommo V2 Pro - Full-Range 2.1 PC Gaming Speakers with Wireless Subwoofer - EU/IDN + UK/MY/SG/UAE Packaging RZ05-04750100-R3G1,669.9
Razer Nommo V2 - Full-Range 2.1 PC Gaming Speakers with Wired Subwoofer - EU/IDN + UK/MY/SG/UAE Packaging RZ05-04760100-R3G1,419.9
Razer Nommo V2 X - Full-Range 2.0 PC Gaming Speakers - EU/IDN/RUS//UKR/ISR/EGY/ZAF + UK/MY/SG/UAE/SAU Packaging RZ05-02460100-R3W1,249.9
Razer Nommo Chroma 2.0 Gaming Speakers RZ05-02450100-R3W1,229.9
Razer Nommo 2.0 Gaming Speakers RZ05-03920100-R3G1,159.9
Razer Leviathan V2 - PC Gaming Sound Bar with Subwoofer RZ05-04280100-R3M1,379
Razer Leviathan V2 X - PC Gaming Soundbar - FRML Packaging RZ05-04280200-R3A1,165
Razer Wolverine V2 Pro - Wireless PlayStation 5 & PC Gaming Controller - White - AP Packaging RZ06-04710200-R3A1,399
RAZER KAIRA PRO HYPERSPEED-PS5 WLESS GMING HDSET RZ06-04030200-R3A1,329.9
RAZER KAIRA HYPERSPEED-PS5 WLESS GAMING HEADSET RZ06-04030200-R3A1,214.9
RAZER KAIRA X FOR PLAYSTATION-FOR PS5 RZ06-03970700-R3A1,89.9
RAZER HAMMERHEAD HYPERSPEED-PS5 RZ12-03820300-R3A1,249.9
Razer Kishi V2 - Gaming Controller for Android - FRML Packaging RZ06-04180100-R3M1,149.9
Razer Kishi V2 - Gaming Controller for iPhone - FRML Packaging RZ06-04190100-R3M1,149.9
Razer Seiren V2 Pro - Professional Grade USB Microphone - FRML Packaging RZ19-04040100-R3M1,239.9
Razer Seiren V2 X - USB Microphone for Streamers - FRML Packaging RZ19-04050100-R3M1,159.9
Razer Seiren Mini - Ultra-Compact Condenser Microphone - FRML Packaging RZ19-03450100-R3M1,79.9
Razer Seiren Mini - Ultra-Compact Condenser Microphone - Quartz - FRML Packaging RZ19-03450200-R3M1,79.9
Razer Seiren Mini - Ultra-Compact Condenser Microphone - Mercury - FRML Packaging RZ19-03450300-R3M1,79.9
RAZER SEIREN BT-BLUETOOTH MIC FOR MOBILE STREAMING RZ19-04150100-R3M1,159.9
Razer Kiyo Pro - USB Camera with High-Performance Adaptive Light Sensor RZ19-03640100-R3M1,299.9
Razer Kiyo RZ19-02320100-R3M1,159.9
Razer Kiyo X - USB Broadcasting Camera - FRML Packaging RZ19-04170100-R3M1,119
Razer Ripsaw X - USB Capture Card - FRML Packaging RZ20-04140100-R3M1,219
RAZER AUDIO MIXER RZ19-03860100-R3M1,386.9
Razer Key Light Chroma – All-in-one lighting kit for Streaming - FRML Packaging RZ19-04120100-R3M1,439
Razer Stream Controller – All-in-one Keypad for Streaming - FRML Packaging RZ20-04350100-R3M1,409.9
Razer Stream Controller X - All-in-one Keypad for Streaming - FRML Packaging RZ20-04790100-R3M1,239.9
Razer Viper V2 Pro - Wireless Gaming Mouse - PUBG: Battlegrounds Edition - World Packaging RZ01-04390600-R3M1,265.9
Razer Huntsman V2 - Optical Gaming Keyboard (Linear Optical Switch) - World Packaging RZ03-03932300-R3M1,399.9
Razer Orochi V2 - Wireless Gaming Mouse - Roblox Edition - FRML Packaging RZ01-03730600-R3M1,139.9
Razer™ BlackWidow V3 - Mechanical Gaming Keyboard - Roblox Edition - US Layout FRML Packaging RZ03-03542800-R3M1,279.9
Razer BlackWidow V3 Tenkeyless (Green Switch) - Pokemon Edition RZ12-03440100-R3A1,299.9
Razer Gigantus V2 – Soft Gaming Mouse Mat – Medium – Pokemon Edition - AP Packaging RZ02-03333100-R3A1,43.9
Razer Gigantus V2 – Soft Gaming Mouse Mat – XXL – Pokemon Edition - AP Packaging RZ02-03333200-R3A1,65.9
Razer Kraken V3 X - Wired USB Gaming Headset - Pokemon Edition - AP Packaging RZ04-03750400-R3A1,139.9
Razer Leviathan V2 X - PC Gaming Sound Bar - Pokemon Edition - AP Packaging RZ05-04280200-R3A1,235.9
Razer Base Station V2 Chroma - Chroma Enabled Headset Stand with USB 3.1 Hub and 7.1 Surround Sound RC21-01510100-R3M1,109.9
Razer Base Station V2 Chroma - Chroma Enabled Headset Stand with USB 3.1 Hub and 7.1 Surround Sound - Quartz - FRML Packaging RC21-01510200-R3M1,129.9
Razer Base Station V2 Chroma - Chroma Enabled Headset Stand with USB 3.1 Hub and 7.1 Surround Sound - Mercury - FRML Packaging RC21-01510300-R3M1,129.9
Razer Ergonomic Wrist Rest Pro For Full-sized Keyboards - FRML Packaging RC21-01470100-R3M1,56.9
Razer Ergonomic Wrist Rest For Full-sized Keyboards - FRML Packaging RC21-01470200-R3M1,32.9
Razer Phantom Keycap Upgrade Set - Black - FRML Packaging RC21-01740100-R3M1,59.9
Razer Phantom Keycap Upgrade Set - White - FRML Packaging RC21-01740200-R3M1,59.9
Razer PBT Keycap + Coiled Cable Upgrade Set - Classic Black - FRML Packaging RC21-01490800-R3M1,74.9
Razer PBT Keycap + Coiled Cable Upgrade Set - Mercury White - FRML Packaging RC21-01490900-R3M1,74.9
Razer PBT Keycap + Coiled Cable Upgrade Set - Quartz Pink - FRML Packaging RC21-01491000-R3M1,74.9
Razer PBT Keycap + Coiled Cable Upgrade Set - Razer Green - FRML Packaging RC21-01490700-R3M1,74.9
Razer PBT Keycap Upgrade Set - Classic Black - FRML Packaging RC21-01490100-R3M1,48.9
Razer PBT Keycap Upgrade Set - Mercury White - FRML Packaging RC21-01490200-R3M1,48.9
Razer PBT Keycap Upgrade Set - Quartz Pink - FRML Packaging RC21-01490300-R3M1,48.9
Razer PBT Keycap Upgrade Set - Razer Green - FRML Packaging RC21-01490400-R3M1,48.9
Razer Gaming Finger Sleeve RC81-03970100-R3M1,14.9
Razer Ergonomic Wrist Rest for Tenkeyless Keyboards - FRML Packaging RC21-01710100-R3M1,29.9
Razer Ergonomic Wrist Rest for Mini Keyboards - FRML Packaging RC21-01720100-R3M1,29.9
Razer Mouse Dock Pro - FRML Packaging RZ81-01990100-B3M1,119.9
Razer Mouse Dock Chroma – FRML Packaging RC21-01520100-R3M1,79.9
Razer Mouse Bungee V3 Chroma - FRML Packaging RC21-01520100-R3M1,59.9
Razer Fujin Headrest - FRML Packaging RZ38-04940100-R3U1,199.9
Razer Fujin Pro - Fully Adjustable Mesh Gaming Chair - NASA+AP Packaging RZ38-04950100-R3U1,1499
Razer Fujin – Mesh Gaming Chair - NASA+AP Packaging RZ38-02770100-R3U1,939
Razer Iskur - Gaming chair with built-in lumbar support RZ38-02770200-R3U1,749.9
Razer Iskur Gaming chair with built-in lumbar support - Black Colour RZ38-02770300-R3U1,749.9
Razer Iskur - Dark Gray Fabric - Gaming Chair With Built In Lumbar Support - NASA + AP Packaging RZ38-02840100-R3U1,749.9
Razer Iskur X - Ergonomic Gaming Chair RZ38-02840100-R3U1,599.9
"Belkin CABLE,CAT6,UTP,RJ45M/M,10M,BLU,PATCH,SNAGLESS A3L980bt10MBLUS",22
"Belkin CABLE,HDMI 2.1, M/M, 2M,BLACK AV10175bt2MBKV2",59
"Belkin CABLE,HDMI 2.1, M/M, 1M,BLACK AV10176bt1M-BLK",69
"Belkin CABLE,HDMI 2.1, M/M, 2M,BLACK AV10176bt2M-BLK",85
"Belkin ADAPTER, USB-C TO VGA, 60W PD, BLK AVC001btBK",19
"Belkin ADAPTER, USB-C TO HDMI, 60W PD, BLK AVC002btBK",69
Belkin USB-C Video Adapter AVC003btBK,109
Belkin USB-C 5-IN-1 MULTIPORT ADAPTER AVC007BTSGY,79
Belkin USB-C 7-IN-1 MULTIPORT ADAPTER AVC009btSGY,99
"Belkin SURGE,4OT,525J,2M, 2 USB-2.4A SHARED BSV401sa2M",55
"Belkin SURGE,6OT,650J,2M, 2 USB-2.4A SHARED BSV604sa2M",63
"Belkin SURGE,80T,900J,2M, 2 USB-2.4A SHARED BSV804sa2M",79
"Belkin USB-A TO LTG, SILICONE, 1M, BLK CAA008bt1MBK",27
"Belkin USB-A TO LTG, SILICONE, 1M, BLUE CAA008bt1MBL",27
"Belkin USB-A TO LTG, SILICONE, 1M, PINK PURPLE CAA008BT1MPK",27
"Belkin USB-A TO LTG, SILICONE, 1M, WHT CAA008bt1MWH",27
"Belkin CABLE,THUNDERBOLT 3,C-C,40Gbps,.5M,BLACK,5A F2CD084bt0.5MBK",59
"Belkin ADAPTER,USB-C,HDMI,4K,60HZ,BLACK F2CU038btBLK",79
"Belkin USB-C 4-PORT MINI HUB,3.0,BLK F4U090btBLK",90
"Belkin USB-C MULTIMEDIA HUB+ POWER,SPACE GRAY F4U092btSGY",136
"Belkin KEYCHAIN , PC, PINK F8W973btPNK",11
"Belkin STRAP , PC, PINK F8W974btPNK",11
"Belkin ADAPTER, USB-C TO GIGABIT ETHERNET, 60W PD, BLK INC001btBK",55
Belkin USB-C DUAL DISPLAY DOCK INC002qcBK,299
Belkin USB-C 11-IN-1 MULTIPORT DOCK INC004btSGY,145
Belkin THUNDERBOLT 4 CABLE 2M ACTIVE INZ002BT2MBK,115
"Belkin GLASS,EZ TRAY,APPLE,13 MINI,TEMPERED GLASS AM OVA068zz",24
"Belkin GLASS,EZ TRAY,APPLE,13/13 PRO,TEMPERED GLASS AM OVA069zz",24
"Belkin GLASS,EZ TRAY,APPLE,13 PRO MAX,TEMPERED GLASS AM OVA070zz",24
"Belkin GLASS, EZ TRAY, 2022 C, TEMPERED GLASS AM OVA101zz",24
"Belkin GLASS, EZ TRAY, 2022 D, TEMPERED GLASS AM OVA102zz",24
"Belkin GLASS, EZ TRAY, 2022 C, LAS GLASS AM OVA103zz",26
"Belkin GLASS, EZ TRAY, 2022 D, LAS GLASS AM OVA104zz",26
"Belkin 20W AC CHARGER, STANDALONE, WHT WCA003myWH",25
Belkin PD 25W PPS USB-C WALL CHARGER WCA004myWH,29
"Belkin 63W USB-C CHARGER,GAN,50C/18C,WHT WCH003myWH",69
"Belkin 108W USB-C CHARGER,GAN,4-PORT,WHT,2M WCH010MYWH",119
Belkin 65W DUAL USB-C GAN WALL CHARGER WITH WCH013MYWH,75
"Belkin MAGSAFE PAD WITH STAND, NO PSU, BK WIA004btBK",99
"Belkin MAGSAFE PAD WITH STAND, NO PSU, BL WIA004btBL",99
"Belkin MAGSAFE PAD WITH STAND, NO PSU, WH WIA004btWH",99
"Belkin MAGNET PAD 7.5W, PSU, BK WIA005myBK",59
"Belkin MAGNET PAD 7.5W, PSU, WH WIA005myWH",59
"Belkin STAND,15W,PSU,BLACK WIB002myBK",59
"Belkin STAND,15W,PSU,WHITE WIB002myWH",59
"Belkin MAGNET STAND 7.5W, PSU, BK WIB003myBK",69
"Belkin MAGNET STAND 7.5W, PSU, WH WIB003myWH",69
"Belkin STAND/PAD/PUCK,PSU,BLACK WIZ001myBK",159
"Belkin STAND/PAD/PUCK,PSU,WHITE WIZ001myWH",159
"Belkin DUAL PAD,15W,PSU,BLACK WIZ008myBK",99
"Belkin DUAL PAD,15W,PSU,WHITE WIZ008myWH",99
"Belkin MAGSAFE 2/1 STAND, BK WIZ010myBK",132
"Belkin MAGSAFE 2/1 STAND, WH WIZ010myWH",132
Belkin 3-IN-1 WIRELESS CHARGING PAD WITH MAGSAFE WIZ016myBK,209
Belkin 3-IN-1 WIRELESS CHARGING PAD WITH MAGSAFE WIZ016myWH,209
Belkin 3-IN-1 WIRELESS CHARGING STAND WITH WIZ017MYBK,209
Belkin 3-IN-1 WIRELESS CHARGING STAND WITH WIZ017MYWH,209
CM MASTERFRAME 700 OPEN-AIR FRAME MCF-MF700-KGNN-S00,272.94
CM MASTERCASE EG200 eGPU WITH SFX550 GOLD PSU MCM-EG200-KNNA55-S00,471.28
CM MASTERCASE H500M ARGB CASE WITH 4 T.G MCM-H500M-IHNN-S00,282.39
CM MASTERCASE H500 ARGB CASE WITH T.G MCM-H500-IGNN-S01,159.61
CM MASTERBOX CM694 ATX CASE WITH T.G MCB-CM694-KG5N-S00,178.5
CM MASTERBOX TD500 MESH ARGB ATX CASE - WHITE MCB-D500D-WGNN-S01,141.33
CM MASTERBOX TD500 MESH ARGB ATX CASE MCB-D500D-KGNN-S01,132.44
CM MASTERBOX TD300 MESH ARGB m-ATX CASE - WHITE TD300-WGNN-S00,105.78
CM MASTERBOX TD300 MESH ARGB m-ATX CASE TD300-KGNN-S00,105.78
CM MASTERBOX NR600P ATX CASE WITH HOTSWAP BAYS MCB-NR600P-KNNN-S00,187.94
CM MASTERBOX NR600 ATX CASE WITH T.G / ODD MCB-NR600-KG5N-S00,105.78
CM MASTERBOX NR400 m-ATX CASE WITH T.G MCB-NR400-KGNN-S00,88
CM MASTERBOX NR200P MAX WITH 850W PSU & 280MM AIO NR200P-MCNN85-SL0,471.28
CM MASTERBOX NR200P SFF m-ITX CASE WITH T.G PURPLE MCB-NR200P-PCNN-S00,150.22
CM MASTERBOX NR200P SFF m-ITX CASE WITH T.G ORANGE MCB-NR200P-OCNN-S00,150.22
CM MASTERBOX NR200P SFF m-ITX CASE WITH T.G MCB-NR200P-KGNN-S00,132.44
CM MASTERBOX NR200P SFF m-ITX CASE WITH T.G -WHITE MCB-NR200P-WGNN-S00,132.44
CM MASTERBOX NR200 SFF m-ITX CASE MCB-NR200-KNNN-S00,105.78
CM MASTERBOX NR200 SFF m-ITX CASE - WHITE MCB-NR200-WNNN-S00,105.78
CM MASTERBOX MB600L V2 ATX CASE WITH ODD MB600L2-KN5N-S00,70.22
CM MASTERBOX MB540 ARGB ATX CASE WITH T.G MB540-KGNN-S00,141.33
CM MASTERBOX MB530 ARGB ATX CASE WITH 3 T.G MCB-B530P-KHNN-S01,150.22
CM MASTERBOX MB520 ARGB ATX CASE WITH T.G MCB-B520-KGNN-RGA,114.67
CM MASTERBOX MB511D ARGB ATX CASE WITH T.G MCB-B511D-KGNN-RGA,114.67
CM MASTERBOX MB320L ARGB m-ATX CASE WITH T.G MCB-B320L-KGNN-S02,88
CM MASTERBOX MB311L ARGB m-ATX CASE WITH T.G MCB-B311L-KGNN-S02,88
CM MASTERBOX 500 ARGB ATX CASE MB500-KGNN-S00,114.67
CM ELITE 500 ATX CASE WITH ODD E500-KN5N-S00,70.22
CM XG PLUS PLATINUM 850 FULL MODULAR ARGB PSU MPG-8501-AFBAP-XUK,360.8
CM XG PLUS PLATINUM 750 FULL MODULAR ARGB PSU MPG-7501-AFBAP-XUK,321.69
CM XG PLATINUM 850 FULL MODULAR PSU MPG-8501-AFBAP-UK,263.02
CM XG PLATINUM 750 FULL MODULAR PSU MPG-7501-AFBAP-UK,223.91
CM V SFX GOLD 850 FULL MODULAR WHITE PSU MPY-8501-SFHAGV-WK,233.69
CM V SFX GOLD 750 FULL MODULAR WHITE PSU MPY-7501-SFHAGV-WK,214.13
CM V SFX GOLD 850 FULL MODULAR PSU MPY-8501-SFHAGV-UK,223.91
CM V SFX GOLD 750 FULL MODULAR PSU MPY-7501-SFHAGV-UK,204.36
CM V SFX GOLD 650 FULL MODULAR PSU MPY-6501-SFHAGV-UK,184.8
CM V PLATINUM 1300 FULL MODULAR PSU MPZ-D001-AFBAPV-UK,419.47
CM V PLATINUM 1000 FULL MODULAR PSU MPZ-A001-AFBAPV-UK,360.8
CM V PLATINUM 850 FULL MODULAR PSU MPZ-8501-AFBAPV-UK,311.91
CM V GOLD V2 850 FULL MODULAR PSU MPY-850V-AFBAG-UK,223.91
CM V GOLD V2 750 FULL MODULAR PSU MPY-750V-AFBAG-UK,204.36
CM V GOLD V2 650 FULL MODULAR PSU MPY-650V-AFBAG-UK,184.8
CM V GOLD V2 750 FULL MODULAR WHITE PSU MPY-750V-AGBAG-UK,214.13
CM V GOLD V2 650 FULL MODULAR WHITE PSU MPY-650V-AGBAG-UK,194.58
CM MWE GOLD V2 1250W FULL MODULAR ATX3 PSU MPE-C501-AFCAG-3UK,341.24
CM MWE GOLD V2 1050W FULL MODULAR ATX3 PSU MPE-A501-AFCAG-3UK,311.92
CM MWE GOLD V2 850W FULL MODULAR PSU MPE-8501-AFAAG-UK,184.8
CM MWE GOLD V2 750W FULL MODULAR PSU MPE-7501-AFAAG-UK,165.24
CM MWE GOLD V2 650W FULL MODULAR PSU MPE-6501-AFAAG-UK,145.69
CM G800 GOLD NON MODULAR PSU MPW-8001-ACAAG-UK,131.28
CM MWE WHITE 500W 80+ 230v EU PSU V2 MPE-5001-ACABW-UK,79.11
CM MWE WHITE 450W 80+ 230v EU PSU V2 MPE-4501-ACABW-UK,70.22
CM COSMOS C700M ARGB TOWER W/T.GLASS MCC-C700M-MG5N-S00,565.72
CM HAF700 EVO ARGB TOWER WITH T.G H700E-IGNN-S00,660.17
CM SILENCIO S600 ATX CASE WITH TG / SD CARD READER MCS-S600-KG5N-S00,132.44
CM SILENCIO S400 m-ATX CASE WITH TG /SDCARD READER MCS-S400-KG5N-S00,114.67
