item,price_sgd
Intel 15th Gen Processor + U5 245K,471
Intel 15th Gen Processor + U5 245KF,447
Intel 15th Gen Processor + U7 265K,606
Intel 15th Gen Processor + U7 265KF,591
Intel 15th Gen Processor + U9 285K,894
Intel 15th Gen Processor + U5 225,375
Intel 15th Gen Processor + U5 225F,351
Intel 15th Gen Processor + U5 235,389
Intel 15th Gen Processor + U7 265,595
Intel 15th Gen Processor + U7 265F,575
Intel 15th Gen Processor + U9 285,862
Gigabyte Z890 AORUS MASTER,962
Gigabyte Z890 AORUS MASTER + U5 245K,1372
Gigabyte Z890 AORUS MASTER + U5 245KF,1349
Gigabyte Z890 AORUS MASTER + U7 265K,1499
Gigabyte Z890 AORUS MASTER + U7 265KF,1484
Gigabyte Z890 AORUS MASTER + U9 285K,1768
Gigabyte Z890 AORUS MASTER + U5 225,1282
Gigabyte Z890 AORUS MASTER + U5 225F,1260
Gigabyte Z890 AORUS MASTER + U5 235,1296
Gigabyte Z890 AORUS MASTER + U7 265,1488
Gigabyte Z890 AORUS MASTER + U7 265F,1469
Gigabyte Z890 AORUS MASTER + U9 285,1738
Gigabyte Z890 AORUS ELITE WIFI 7 ICE,480
Gigabyte Z890 AORUS ELITE WIFI 7 ICE + U5 245K,903
Gigabyte Z890 AORUS ELITE WIFI 7 ICE + U5 245KF,881
Gigabyte Z890 AORUS ELITE WIFI 7 ICE + U7 265K,1030
Gigabyte Z890 AORUS ELITE WIFI 7 ICE + U7 265KF,1015
Gigabyte Z890 AORUS ELITE WIFI 7 ICE + U9 285K,1299
Gigabyte Z890 AORUS ELITE WIFI 7 ICE + U5 225,814
Gigabyte Z890 AORUS ELITE WIFI 7 ICE + U5 225F,791
Gigabyte Z890 AORUS ELITE WIFI 7 ICE + U5 235,827
Gigabyte Z890 AORUS ELITE WIFI 7 ICE + U7 265,1020
Gigabyte Z890 AORUS ELITE WIFI 7 ICE + U7 265F,1000
Gigabyte Z890 AORUS ELITE WIFI 7 ICE + U9 285,1269
Gigabyte Z890 AORUS ELITE WIFI 7,464
Gigabyte Z890 AORUS ELITE WIFI 7 + U5 245K,888
Gigabyte Z890 AORUS ELITE WIFI 7 + U5 245KF,865
Gigabyte Z890 AORUS ELITE WIFI 7 + U7 265K,1015
Gigabyte Z890 AORUS ELITE WIFI 7 + U7 265KF,1000
Gigabyte Z890 AORUS ELITE WIFI 7 + U9 285K,1284
Gigabyte Z890 AORUS ELITE WIFI 7 + U5 225,798
Gigabyte Z890 AORUS ELITE WIFI 7 + U5 225F,776
Gigabyte Z890 AORUS ELITE WIFI 7 + U5 235,812
Gigabyte Z890 AORUS ELITE WIFI 7 + U7 265,1004
Gigabyte Z890 AORUS ELITE WIFI 7 + U7 265F,985
Gigabyte Z890 AORUS ELITE WIFI 7 + U9 285,1254
Gigabyte Z890 EAGLE WIFI 7,390
Gigabyte Z890 EAGLE WIFI 7 + U5 245K,816
Gigabyte Z890 EAGLE WIFI 7 + U5 245KF,794
Gigabyte Z890 EAGLE WIFI 7 + U7 265K,943
Gigabyte Z890 EAGLE WIFI 7 + U7 265KF,928
Gigabyte Z890 EAGLE WIFI 7 + U9 285K,1212
Gigabyte Z890 EAGLE WIFI 7 + U5 225,726
Gigabyte Z890 EAGLE WIFI 7 + U5 225F,704
Gigabyte Z890 EAGLE WIFI 7 + U5 235,740
Gigabyte Z890 EAGLE WIFI 7 + U7 265,932
Gigabyte Z890 EAGLE WIFI 7 + U7 265F,913
Gigabyte Z890 EAGLE WIFI 7 + U9 285,1182
Gigabyte Z890 UD WIFI 6E,368
Gigabyte Z890 UD WIFI 6E + U5 245K,794
Gigabyte Z890 UD WIFI 6E + U5 245KF,772
Gigabyte Z890 UD WIFI 6E + U7 265K,921
Gigabyte Z890 UD WIFI 6E + U7 265KF,906
Gigabyte Z890 UD WIFI 6E + U9 285K,1190
Gigabyte Z890 UD WIFI 6E + U5 225,705
Gigabyte Z890 UD WIFI 6E + U5 225F,682
Gigabyte Z890 UD WIFI 6E + U5 235,718
Gigabyte Z890 UD WIFI 6E + U7 265,911
Gigabyte Z890 UD WIFI 6E + U7 265F,891
Gigabyte Z890 UD WIFI 6E + U9 285,1160
Gigabyte Z890M AORUS ELITE WIFI 7,386
Gigabyte Z890M AORUS ELITE WIFI 7 + U5 245K,812
Gigabyte Z890M AORUS ELITE WIFI 7 + U5 245KF,789
Gigabyte Z890M AORUS ELITE WIFI 7 + U7 265K,939
Gigabyte Z890M AORUS ELITE WIFI 7 + U7 265KF,924
Gigabyte Z890M AORUS ELITE WIFI 7 + U9 285K,1207
Gigabyte Z890M AORUS ELITE WIFI 7 + U5 225,722
Gigabyte Z890M AORUS ELITE WIFI 7 + U5 225F,700
Gigabyte Z890M AORUS ELITE WIFI 7 + U5 235,735
Gigabyte Z890M AORUS ELITE WIFI 7 + U7 265,928
Gigabyte Z890M AORUS ELITE WIFI 7 + U7 265F,909
Gigabyte Z890M AORUS ELITE WIFI 7 + U9 285,1177
Gigabyte B860 GAMING X WIFI6E,341
Gigabyte B860 GAMING X WIFI6E + U5 245K,768
Gigabyte B860 GAMING X WIFI6E + U5 245KF,746
Gigabyte B860 GAMING X WIFI6E + U7 265K,895
Gigabyte B860 GAMING X WIFI6E + U7 265KF,880
Gigabyte B860 GAMING X WIFI6E + U9 285K,1164
Gigabyte B860 GAMING X WIFI6E + U5 225,678
Gigabyte B860 GAMING X WIFI6E + U5 225F,656
Gigabyte B860 GAMING X WIFI6E + U5 235,692
Gigabyte B860 GAMING X WIFI6E + U7 265,884
Gigabyte B860 GAMING X WIFI6E + U7 265F,865
Gigabyte B860 GAMING X WIFI6E + U9 285,1134
Gigabyte B860 DS3H WIFI6E,274
Gigabyte B860 DS3H WIFI6E + U5 245K,703
Gigabyte B860 DS3H WIFI6E + U5 245KF,680
Gigabyte B860 DS3H WIFI6E + U7 265K,830
Gigabyte B860 DS3H WIFI6E + U7 265KF,815
Gigabyte B860 DS3H WIFI6E + U9 285K,1098
Gigabyte B860 DS3H WIFI6E + U5 225,613
Gigabyte B860 DS3H WIFI6E + U5 225F,591
Gigabyte B860 DS3H WIFI6E + U5 235,626
Gigabyte B860 DS3H WIFI6E + U7 265,819
Gigabyte B860 DS3H WIFI6E + U7 265F,800
Gigabyte B860 DS3H WIFI6E + U9 285,1068
Gigabyte B860M DS3H WIFI6E,256
Gigabyte B860M DS3H WIFI6E + U5 245K,685
Gigabyte B860M DS3H WIFI6E + U5 245KF,663
Gigabyte B860M DS3H WIFI6E + U7 265K,812
Gigabyte B860M DS3H WIFI6E + U7 265KF,797
Gigabyte B860M DS3H WIFI6E + U9 285K,1081
Gigabyte B860M DS3H WIFI6E + U5 225,596
Gigabyte B860M DS3H WIFI6E + U5 225F,573
Gigabyte B860M DS3H WIFI6E + U5 235,609
Gigabyte B860M DS3H WIFI6E + U7 265,802
Gigabyte B860M DS3H WIFI6E + U7 265F,782
Gigabyte B860M DS3H WIFI6E + U9 285,1051
Gigabyte B860M EAGLE WIFI6,222
Gigabyte B860M EAGLE WIFI6 + U5 245K,652
Gigabyte B860M EAGLE WIFI6 + U5 245KF,630
Gigabyte B860M EAGLE WIFI6 + U7 265K,779
Gigabyte B860M EAGLE WIFI6 + U7 265KF,764
Gigabyte B860M EAGLE WIFI6 + U9 285K,1048
Gigabyte B860M EAGLE WIFI6 + U5 225,563
Gigabyte B860M EAGLE WIFI6 + U5 225F,540
Gigabyte B860M EAGLE WIFI6 + U5 235,576
Gigabyte B860M EAGLE WIFI6 + U7 265,769
Gigabyte B860M EAGLE WIFI6 + U7 265F,749
Gigabyte B860M EAGLE WIFI6 + U9 285,1018
Gigabyte B860I AORUS PRO ICE,386
Gigabyte B860I AORUS PRO ICE + U5 245K,812
Gigabyte B860I AORUS PRO ICE + U5 245KF,789
Gigabyte B860I AORUS PRO ICE + U7 265K,939
Gigabyte B860I AORUS PRO ICE + U7 265KF,924
Gigabyte B860I AORUS PRO ICE + U9 285K,1207
Gigabyte B860I AORUS PRO ICE + U5 225,722
Gigabyte B860I AORUS PRO ICE + U5 225F,700
Gigabyte B860I AORUS PRO ICE + U5 235,735
Gigabyte B860I AORUS PRO ICE + U7 265,928
Gigabyte B860I AORUS PRO ICE + U7 265F,909
Gigabyte B860I AORUS PRO ICE + U9 285,1177
MSI MAG Z890 TOMAHAWK WIFI,554
MSI MAG Z890 TOMAHAWK WIFI + U5 245K,975
MSI MAG Z890 TOMAHAWK WIFI + U5 245KF,953
MSI MAG Z890 TOMAHAWK WIFI + U7 265K,1102
MSI MAG Z890 TOMAHAWK WIFI + U7 265KF,1087
MSI MAG Z890 TOMAHAWK WIFI + U9 285K,1371
MSI MAG Z890 TOMAHAWK WIFI + U5 225,885
MSI MAG Z890 TOMAHAWK WIFI + U5 225F,863
MSI MAG Z890 TOMAHAWK WIFI + U5 235,899
MSI MAG Z890 TOMAHAWK WIFI + U7 265,1092
MSI MAG Z890 TOMAHAWK WIFI + U7 265F,1072
MSI MAG Z890 TOMAHAWK WIFI + U9 285,1341
MSI MPG Z890 CARBON WIFI,913
MSI MPG Z890 CARBON WIFI + U5 245K,1325
MSI MPG Z890 CARBON WIFI + U5 245KF,1303
MSI MPG Z890 CARBON WIFI + U7 265K,1452
MSI MPG Z890 CARBON WIFI + U7 265KF,1437
MSI MPG Z890 CARBON WIFI + U9 285K,1721
MSI MPG Z890 CARBON WIFI + U5 225,1235
MSI MPG Z890 CARBON WIFI + U5 225F,1213
MSI MPG Z890 CARBON WIFI + U5 235,1249
MSI MPG Z890 CARBON WIFI + U7 265,1441
MSI MPG Z890 CARBON WIFI + U7 265F,1422
MSI MPG Z890 CARBON WIFI + U9 285,1691
MSI Z890 GAMING PLUS WIFI,439
MSI Z890 GAMING PLUS WIFI + U5 245K,863
MSI Z890 GAMING PLUS WIFI + U5 245KF,840
MSI Z890 GAMING PLUS WIFI + U7 265K,990
MSI Z890 GAMING PLUS WIFI + U7 265KF,975
MSI Z890 GAMING PLUS WIFI + U9 285K,1259
MSI Z890 GAMING PLUS WIFI + U5 225,773
MSI Z890 GAMING PLUS WIFI + U5 225F,751
MSI Z890 GAMING PLUS WIFI + U5 235,787
MSI Z890 GAMING PLUS WIFI + U7 265,979
MSI Z890 GAMING PLUS WIFI + U7 265F,960
MSI Z890 GAMING PLUS WIFI + U9 285,1229
MSI PRO Z890-P WIFI,387
MSI PRO Z890-P WIFI + U5 245K,813
MSI PRO Z890-P WIFI + U5 245KF,790
MSI PRO Z890-P WIFI + U7 265K,940
MSI PRO Z890-P WIFI + U7 265KF,925
MSI PRO Z890-P WIFI + U9 285K,1208
MSI PRO Z890-P WIFI + U5 225,723
MSI PRO Z890-P WIFI + U5 225F,701
MSI PRO Z890-P WIFI + U5 235,737
MSI PRO Z890-P WIFI + U7 265,929
MSI PRO Z890-P WIFI + U7 265F,910
MSI PRO Z890-P WIFI + U9 285,1179
ASROCK Z890 PRO RS WIFI WHITE,368
ASROCK Z890 PRO RS WIFI WHITE + U5 245K,794
ASROCK Z890 PRO RS WIFI WHITE + U5 245KF,772
ASROCK Z890 PRO RS WIFI WHITE + U7 265K,921
ASROCK Z890 PRO RS WIFI WHITE + U7 265KF,906
ASROCK Z890 PRO RS WIFI WHITE + U9 285K,1190
ASROCK Z890 PRO RS WIFI WHITE + U5 225,705
ASROCK Z890 PRO RS WIFI WHITE + U5 225F,682
ASROCK Z890 PRO RS WIFI WHITE + U5 235,718
ASROCK Z890 PRO RS WIFI WHITE + U7 265,911
ASROCK Z890 PRO RS WIFI WHITE + U7 265F,891
ASROCK Z890 PRO RS WIFI WHITE + U9 285,1160
ASROCK Z890 PRO-A WIFI,316
ASROCK Z890 PRO-A WIFI + U5 245K,744
ASROCK Z890 PRO-A WIFI + U5 245KF,722
ASROCK Z890 PRO-A WIFI + U7 265K,871
ASROCK Z890 PRO-A WIFI + U7 265KF,856
ASROCK Z890 PRO-A WIFI + U9 285K,1140
ASROCK Z890 PRO-A WIFI + U5 225,654
ASROCK Z890 PRO-A WIFI + U5 225F,632
ASROCK Z890 PRO-A WIFI + U5 235,668
ASROCK Z890 PRO-A WIFI + U7 265,860
ASROCK Z890 PRO-A WIFI + U7 265F,841
ASROCK Z890 PRO-A WIFI + U9 285,1110
ASUS ROG STRIX Z890-F GAMING WIFI,736
ASUS ROG STRIX Z890-F GAMING WIFI + U5 245K,1153
ASUS ROG STRIX Z890-F GAMING WIFI + U5 245KF,1130
ASUS ROG STRIX Z890-F GAMING WIFI + U7 265K,1280
ASUS ROG STRIX Z890-F GAMING WIFI + U7 265KF,1265
ASUS ROG STRIX Z890-F GAMING WIFI + U9 285K,1548
ASUS ROG STRIX Z890-F GAMING WIFI + U5 225,1063
ASUS ROG STRIX Z890-F GAMING WIFI + U5 225F,1041
ASUS ROG STRIX Z890-F GAMING WIFI + U5 235,1077
ASUS ROG STRIX Z890-F GAMING WIFI + U7 265,1269
ASUS ROG STRIX Z890-F GAMING WIFI + U7 265F,1250
ASUS ROG STRIX Z890-F GAMING WIFI + U9 285,1519
ASUS PRIME Z890-P WIFI-CSM,424
ASUS PRIME Z890-P WIFI-CSM + U5 245K,849
ASUS PRIME Z890-P WIFI-CSM + U5 245KF,826
ASUS PRIME Z890-P WIFI-CSM + U7 265K,976
ASUS PRIME Z890-P WIFI-CSM + U7 265KF,961
ASUS PRIME Z890-P WIFI-CSM + U9 285K,1244
ASUS PRIME Z890-P WIFI-CSM + U5 225,759
ASUS PRIME Z890-P WIFI-CSM + U5 225F,737
ASUS PRIME Z890-P WIFI-CSM + U5 235,772
ASUS PRIME Z890-P WIFI-CSM + U7 265,965
ASUS PRIME Z890-P WIFI-CSM + U7 265F,946
ASUS PRIME Z890-P WIFI-CSM + U9 285,1214
ASUS ROG STRIX Z890-A GAMING WIFI,689
ASUS ROG STRIX Z890-A GAMING WIFI + U5 245K,1107
ASUS ROG STRIX Z890-A GAMING WIFI + U5 245KF,1085
ASUS ROG STRIX Z890-A GAMING WIFI + U7 265K,1234
ASUS ROG STRIX Z890-A GAMING WIFI + U7 265KF,1219
ASUS ROG STRIX Z890-A GAMING WIFI + U9 285K,1503
ASUS ROG STRIX Z890-A GAMING WIFI + U5 225,1017
ASUS ROG STRIX Z890-A GAMING WIFI + U5 225F,995
ASUS ROG STRIX Z890-A GAMING WIFI + U5 235,1031
ASUS ROG STRIX Z890-A GAMING WIFI + U7 265,1223
ASUS ROG STRIX Z890-A GAMING WIFI + U7 265F,1204
ASUS ROG STRIX Z890-A GAMING WIFI + U9 285,1473
ASUS ROG MAXIMUS Z890 EXTREME E-,1607
ASUS ROG MAXIMUS Z890 EXTREME E- + U5 245K,2000
ASUS ROG MAXIMUS Z890 EXTREME E- + U5 245KF,1977
ASUS ROG MAXIMUS Z890 EXTREME E- + U7 265K,2127
ASUS ROG MAXIMUS Z890 EXTREME E- + U7 265KF,2112
ASUS ROG MAXIMUS Z890 EXTREME E- + U9 285K,2395
ASUS ROG MAXIMUS Z890 EXTREME E- + U5 225,1910
ASUS ROG MAXIMUS Z890 EXTREME E- + U5 225F,1888
ASUS ROG MAXIMUS Z890 EXTREME E- + U5 235,1924
ASUS ROG MAXIMUS Z890 EXTREME E- + U7 265,2116
ASUS ROG MAXIMUS Z890 EXTREME E- + U7 265F,2097
ASUS ROG MAXIMUS Z890 EXTREME E- + U9 285,2366
ASUS ROG STRIX Z890-I GAMING WIFI,812
ASUS ROG STRIX Z890-I GAMING WIFI + U5 245K,1226
ASUS ROG STRIX Z890-I GAMING WIFI + U5 245KF,1203
ASUS ROG STRIX Z890-I GAMING WIFI + U7 265K,1353
ASUS ROG STRIX Z890-I GAMING WIFI + U7 265KF,1338
ASUS ROG STRIX Z890-I GAMING WIFI + U9 285K,1621
ASUS ROG STRIX Z890-I GAMING WIFI + U5 225,1136
ASUS ROG STRIX Z890-I GAMING WIFI + U5 225F,1114
ASUS ROG STRIX Z890-I GAMING WIFI + U5 235,1150
ASUS ROG STRIX Z890-I GAMING WIFI + U7 265,1342
ASUS ROG STRIX Z890-I GAMING WIFI + U7 265F,1323
ASUS ROG STRIX Z890-I GAMING WIFI + U9 285,1592
ASUS ROG MAXIMUS Z890 hero,1133
ASUS ROG MAXIMUS Z890 hero + U5 245K,1539
ASUS ROG MAXIMUS Z890 hero + U5 245KF,1516
ASUS ROG MAXIMUS Z890 hero + U7 265K,1666
ASUS ROG MAXIMUS Z890 hero + U7 265KF,1651
ASUS ROG MAXIMUS Z890 hero + U9 285K,1934
ASUS ROG MAXIMUS Z890 hero + U5 225,1449
ASUS ROG MAXIMUS Z890 hero + U5 225F,1427
ASUS ROG MAXIMUS Z890 hero + U5 235,1462
ASUS ROG MAXIMUS Z890 hero + U7 265,1655
ASUS ROG MAXIMUS Z890 hero + U7 265F,1636
ASUS ROG MAXIMUS Z890 hero + U9 285,1904
Asus ROG STRIX Z890-E GAMING WIFI,850
Asus ROG STRIX Z890-E GAMING WIFI + U5 245K,1263
Asus ROG STRIX Z890-E GAMING WIFI + U5 245KF,1240
Asus ROG STRIX Z890-E GAMING WIFI + U7 265K,1390
Asus ROG STRIX Z890-E GAMING WIFI + U7 265KF,1375
Asus ROG STRIX Z890-E GAMING WIFI + U9 285K,1659
Asus ROG STRIX Z890-E GAMING WIFI + U5 225,1173
Asus ROG STRIX Z890-E GAMING WIFI + U5 225F,1151
Asus ROG STRIX Z890-E GAMING WIFI + U5 235,1187
Asus ROG STRIX Z890-E GAMING WIFI + U7 265,1379
Asus ROG STRIX Z890-E GAMING WIFI + U7 265F,1360
Asus ROG STRIX Z890-E GAMING WIFI + U9 285,1629
ASUS ROG MAXIMUS Z890 APEX,1115
ASUS ROG MAXIMUS Z890 APEX + U5 245K,1521
ASUS ROG MAXIMUS Z890 APEX + U5 245KF,1499
ASUS ROG MAXIMUS Z890 APEX + U7 265K,1648
ASUS ROG MAXIMUS Z890 APEX + U7 265KF,1633
ASUS ROG MAXIMUS Z890 APEX + U9 285K,1917
ASUS ROG MAXIMUS Z890 APEX + U5 225,1432
ASUS ROG MAXIMUS Z890 APEX + U5 225F,1409
ASUS ROG MAXIMUS Z890 APEX + U5 235,1445
ASUS ROG MAXIMUS Z890 APEX + U7 265,1638
ASUS ROG MAXIMUS Z890 APEX + U7 265F,1618
ASUS ROG MAXIMUS Z890 APEX + U9 285,1887
ASUS TUF Gaming Z890-Plus WIFI,528
ASUS TUF Gaming Z890-Plus WIFI + U5 245K,950
ASUS TUF Gaming Z890-Plus WIFI + U5 245KF,928
ASUS TUF Gaming Z890-Plus WIFI + U7 265K,1077
ASUS TUF Gaming Z890-Plus WIFI + U7 265KF,1062
ASUS TUF Gaming Z890-Plus WIFI + U9 285K,1346
ASUS TUF Gaming Z890-Plus WIFI + U5 225,860
ASUS TUF Gaming Z890-Plus WIFI + U5 225F,838
ASUS TUF Gaming Z890-Plus WIFI + U5 235,874
ASUS TUF Gaming Z890-Plus WIFI + U7 265,1066
ASUS TUF Gaming Z890-Plus WIFI + U7 265F,1047
ASUS TUF Gaming Z890-Plus WIFI + U9 285,1316
ASUS TUF Gaming Z890-PRO WIFI,547
ASUS TUF Gaming Z890-PRO WIFI + U5 245K,969
ASUS TUF Gaming Z890-PRO WIFI + U5 245KF,946
ASUS TUF Gaming Z890-PRO WIFI + U7 265K,1095
ASUS TUF Gaming Z890-PRO WIFI + U7 265KF,1081
ASUS TUF Gaming Z890-PRO WIFI + U9 285K,1364
ASUS TUF Gaming Z890-PRO WIFI + U5 225,879
ASUS TUF Gaming Z890-PRO WIFI + U5 225F,857
ASUS TUF Gaming Z890-PRO WIFI + U5 235,892
ASUS TUF Gaming Z890-PRO WIFI + U7 265,1085
ASUS TUF Gaming Z890-PRO WIFI + U7 265F,1066
ASUS TUF Gaming Z890-PRO WIFI + U9 285,1334
ASUS PRIME Z890M-PLUS WIFI-CSM,396
ASUS PRIME Z890M-PLUS WIFI-CSM + U5 245K,821
ASUS PRIME Z890M-PLUS WIFI-CSM + U5 245KF,799
ASUS PRIME Z890M-PLUS WIFI-CSM + U7 265K,948
ASUS PRIME Z890M-PLUS WIFI-CSM + U7 265KF,933
ASUS PRIME Z890M-PLUS WIFI-CSM + U9 285K,1217
ASUS PRIME Z890M-PLUS WIFI-CSM + U5 225,732
ASUS PRIME Z890M-PLUS WIFI-CSM + U5 225F,709
ASUS PRIME Z890M-PLUS WIFI-CSM + U5 235,745
ASUS PRIME Z890M-PLUS WIFI-CSM + U7 265,938
ASUS PRIME Z890M-PLUS WIFI-CSM + U7 265F,918
ASUS PRIME Z890M-PLUS WIFI-CSM + U9 285,1187
ASUS ProArt Z890-CREATOR WIFI,850
ASUS ProArt Z890-CREATOR WIFI + U5 245K,1263
ASUS ProArt Z890-CREATOR WIFI + U5 245KF,1240
ASUS ProArt Z890-CREATOR WIFI + U7 265K,1390
ASUS ProArt Z890-CREATOR WIFI + U7 265KF,1375
ASUS ProArt Z890-CREATOR WIFI + U9 285K,1659
ASUS ProArt Z890-CREATOR WIFI + U5 225,1173
ASUS ProArt Z890-CREATOR WIFI + U5 225F,1151
ASUS ProArt Z890-CREATOR WIFI + U5 235,1187
ASUS ProArt Z890-CREATOR WIFI + U7 265,1379
ASUS ProArt Z890-CREATOR WIFI + U7 265F,1360
ASUS ProArt Z890-CREATOR WIFI + U9 285,1629
Asus ROG STRIX B860-F GAMING WIFI,472
Asus ROG STRIX B860-F GAMING WIFI + U5 245K,896
Asus ROG STRIX B860-F GAMING WIFI + U5 245KF,873
Asus ROG STRIX B860-F GAMING WIFI + U7 265K,1022
Asus ROG STRIX B860-F GAMING WIFI + U7 265KF,1008
Asus ROG STRIX B860-F GAMING WIFI + U9 285K,1291
Asus ROG STRIX B860-F GAMING WIFI + U5 225,806
Asus ROG STRIX B860-F GAMING WIFI + U5 225F,784
Asus ROG STRIX B860-F GAMING WIFI + U5 235,819
Asus ROG STRIX B860-F GAMING WIFI + U7 265,1012
Asus ROG STRIX B860-F GAMING WIFI + U7 265F,993
Asus ROG STRIX B860-F GAMING WIFI + U9 285,1261
Asus ROG STRIX B860-A GAMING WIFI,443
Asus ROG STRIX B860-A GAMING WIFI + U5 245K,867
Asus ROG STRIX B860-A GAMING WIFI + U5 245KF,845
Asus ROG STRIX B860-A GAMING WIFI + U7 265K,994
Asus ROG STRIX B860-A GAMING WIFI + U7 265KF,979
Asus ROG STRIX B860-A GAMING WIFI + U9 285K,1263
Asus ROG STRIX B860-A GAMING WIFI + U5 225,778
Asus ROG STRIX B860-A GAMING WIFI + U5 225F,755
Asus ROG STRIX B860-A GAMING WIFI + U5 235,791
Asus ROG STRIX B860-A GAMING WIFI + U7 265,984
Asus ROG STRIX B860-A GAMING WIFI + U7 265F,964
Asus ROG STRIX B860-A GAMING WIFI + U9 285,1233
Asus ROG STRIX B860-G GAMING WIFI,424
Asus ROG STRIX B860-G GAMING WIFI + U5 245K,849
Asus ROG STRIX B860-G GAMING WIFI + U5 245KF,826
Asus ROG STRIX B860-G GAMING WIFI + U7 265K,976
Asus ROG STRIX B860-G GAMING WIFI + U7 265KF,961
Asus ROG STRIX B860-G GAMING WIFI + U9 285K,1244
Asus ROG STRIX B860-G GAMING WIFI + U5 225,759
Asus ROG STRIX B860-G GAMING WIFI + U5 225F,737
Asus ROG STRIX B860-G GAMING WIFI + U5 235,772
Asus ROG STRIX B860-G GAMING WIFI + U7 265,965
Asus ROG STRIX B860-G GAMING WIFI + U7 265F,946
Asus ROG STRIX B860-G GAMING WIFI + U9 285,1214
Asus ROG STRIX B860-I GAMING WIFI,396
Asus ROG STRIX B860-I GAMING WIFI + U5 245K,821
Asus ROG STRIX B860-I GAMING WIFI + U5 245KF,799
Asus ROG STRIX B860-I GAMING WIFI + U7 265K,948
Asus ROG STRIX B860-I GAMING WIFI + U7 265KF,933
Asus ROG STRIX B860-I GAMING WIFI + U9 285K,1217
Asus ROG STRIX B860-I GAMING WIFI + U5 225,732
Asus ROG STRIX B860-I GAMING WIFI + U5 225F,709
Asus ROG STRIX B860-I GAMING WIFI + U5 235,745
Asus ROG STRIX B860-I GAMING WIFI + U7 265,938
Asus ROG STRIX B860-I GAMING WIFI + U7 265F,918
Asus ROG STRIX B860-I GAMING WIFI + U9 285,1187
Asus TUF GAMING B860-PLUS WIFI,377
Asus TUF GAMING B860-PLUS WIFI + U5 245K,803
Asus TUF GAMING B860-PLUS WIFI + U5 245KF,780
Asus TUF GAMING B860-PLUS WIFI + U7 265K,930
Asus TUF GAMING B860-PLUS WIFI + U7 265KF,915
Asus TUF GAMING B860-PLUS WIFI + U9 285K,1199
Asus TUF GAMING B860-PLUS WIFI + U5 225,713
Asus TUF GAMING B860-PLUS WIFI + U5 225F,691
Asus TUF GAMING B860-PLUS WIFI + U5 235,727
Asus TUF GAMING B860-PLUS WIFI + U7 265,919
Asus TUF GAMING B860-PLUS WIFI + U7 265F,900
Asus TUF GAMING B860-PLUS WIFI + U9 285,1169
Asus TUF GAMING B860M-PLUS WIFI,372
Asus TUF GAMING B860M-PLUS WIFI + U5 245K,798
Asus TUF GAMING B860M-PLUS WIFI + U5 245KF,776
Asus TUF GAMING B860M-PLUS WIFI + U7 265K,925
Asus TUF GAMING B860M-PLUS WIFI + U7 265KF,910
Asus TUF GAMING B860M-PLUS WIFI + U9 285K,1194
Asus TUF GAMING B860M-PLUS WIFI + U5 225,709
Asus TUF GAMING B860M-PLUS WIFI + U5 225F,686
Asus TUF GAMING B860M-PLUS WIFI + U5 235,722
Asus TUF GAMING B860M-PLUS WIFI + U7 265,915
Asus TUF GAMING B860M-PLUS WIFI + U7 265F,896
Asus TUF GAMING B860M-PLUS WIFI + U9 285,1164
Asus TUF GAMING B860M-PLUS,344
Asus TUF GAMING B860M-PLUS + U5 245K,771
Asus TUF GAMING B860M-PLUS + U5 245KF,749
Asus TUF GAMING B860M-PLUS + U7 265K,898
Asus TUF GAMING B860M-PLUS + U7 265KF,883
Asus TUF GAMING B860M-PLUS + U9 285K,1167
Asus TUF GAMING B860M-PLUS + U5 225,682
Asus TUF GAMING B860M-PLUS + U5 225F,659
Asus TUF GAMING B860M-PLUS + U5 235,695
Asus TUF GAMING B860M-PLUS + U7 265,888
Asus TUF GAMING B860M-PLUS + U7 265F,868
Asus TUF GAMING B860M-PLUS + U9 285,1137
Asus PRIME B860-PLUS WIFI-CSM,311
Asus PRIME B860-PLUS WIFI-CSM + U5 245K,739
Asus PRIME B860-PLUS WIFI-CSM + U5 245KF,716
Asus PRIME B860-PLUS WIFI-CSM + U7 265K,865
Asus PRIME B860-PLUS WIFI-CSM + U7 265KF,851
Asus PRIME B860-PLUS WIFI-CSM + U9 285K,1134
Asus PRIME B860-PLUS WIFI-CSM + U5 225,649
Asus PRIME B860-PLUS WIFI-CSM + U5 225F,627
Asus PRIME B860-PLUS WIFI-CSM + U5 235,662
Asus PRIME B860-PLUS WIFI-CSM + U7 265,855
Asus PRIME B860-PLUS WIFI-CSM + U7 265F,836
Asus PRIME B860-PLUS WIFI-CSM + U9 285,1104
Asus PRIME B860-PLUS-CSM,283
Asus PRIME B860-PLUS-CSM + U5 245K,711
Asus PRIME B860-PLUS-CSM + U5 245KF,689
Asus PRIME B860-PLUS-CSM + U7 265K,838
Asus PRIME B860-PLUS-CSM + U7 265KF,823
Asus PRIME B860-PLUS-CSM + U9 285K,1107
Asus PRIME B860-PLUS-CSM + U5 225,622
Asus PRIME B860-PLUS-CSM + U5 225F,599
Asus PRIME B860-PLUS-CSM + U5 235,635
Asus PRIME B860-PLUS-CSM + U7 265,828
Asus PRIME B860-PLUS-CSM + U7 265F,808
Asus PRIME B860-PLUS-CSM + U9 285,1077
Asus PRIME B860M-A WIFI-CSM,302
Asus PRIME B860M-A WIFI-CSM + U5 245K,730
Asus PRIME B860M-A WIFI-CSM + U5 245KF,707
Asus PRIME B860M-A WIFI-CSM + U7 265K,857
Asus PRIME B860M-A WIFI-CSM + U7 265KF,842
Asus PRIME B860M-A WIFI-CSM + U9 285K,1126
Asus PRIME B860M-A WIFI-CSM + U5 225,640
Asus PRIME B860M-A WIFI-CSM + U5 225F,618
Asus PRIME B860M-A WIFI-CSM + U5 235,654
Asus PRIME B860M-A WIFI-CSM + U7 265,846
Asus PRIME B860M-A WIFI-CSM + U7 265F,827
Asus PRIME B860M-A WIFI-CSM + U9 285,1096
Asus PRIME B860M-A-CSM,278
Asus PRIME B860M-A-CSM + U5 245K,707
Asus PRIME B860M-A-CSM + U5 245KF,685
Asus PRIME B860M-A-CSM + U7 265K,834
Asus PRIME B860M-A-CSM + U7 265KF,819
Asus PRIME B860M-A-CSM + U9 285K,1103
Asus PRIME B860M-A-CSM + U5 225,617
Asus PRIME B860M-A-CSM + U5 225F,595
Asus PRIME B860M-A-CSM + U5 235,631
Asus PRIME B860M-A-CSM + U7 265,823
Asus PRIME B860M-A-CSM + U7 265F,804
Asus PRIME B860M-A-CSM + U9 285,1073
Asus PRIME B860M-K-CSM,236
Asus PRIME B860M-K-CSM + U5 245K,666
Asus PRIME B860M-K-CSM + U5 245KF,643
Asus PRIME B860M-K-CSM + U7 265K,792
Asus PRIME B860M-K-CSM + U7 265KF,778
Asus PRIME B860M-K-CSM + U9 285K,1061
Asus PRIME B860M-K-CSM + U5 225,576
Asus PRIME B860M-K-CSM + U5 225F,554
Asus PRIME B860M-K-CSM + U5 235,589
Asus PRIME B860M-K-CSM + U7 265,782
Asus PRIME B860M-K-CSM + U7 265F,763
Asus PRIME B860M-K-CSM + U9 285,1031
ASROCK Z890 PRO RS WIFI WHITE,368
ASROCK Z890 PRO RS WIFI WHITE + U5 245K,794
ASROCK Z890 PRO RS WIFI WHITE + U5 245KF,772
ASROCK Z890 PRO RS WIFI WHITE + U7 265K,921
ASROCK Z890 PRO RS WIFI WHITE + U7 265KF,906
ASROCK Z890 PRO RS WIFI WHITE + U9 285K,1190
ASROCK Z890 PRO RS WIFI WHITE + U5 225,705
ASROCK Z890 PRO RS WIFI WHITE + U5 225F,682
ASROCK Z890 PRO RS WIFI WHITE + U5 235,718
ASROCK Z890 PRO RS WIFI WHITE + U7 265,911
ASROCK Z890 PRO RS WIFI WHITE + U7 265F,891
ASROCK Z890 PRO RS WIFI WHITE + U9 285,1160
ASROCK Z890 PRO-A WIFI,316
ASROCK Z890 PRO-A WIFI + U5 245K,744
ASROCK Z890 PRO-A WIFI + U5 245KF,722
ASROCK Z890 PRO-A WIFI + U7 265K,871
ASROCK Z890 PRO-A WIFI + U7 265KF,856
ASROCK Z890 PRO-A WIFI + U9 285K,1140
ASROCK Z890 PRO-A WIFI + U5 225,654
ASROCK Z890 PRO-A WIFI + U5 225F,632
ASROCK Z890 PRO-A WIFI + U5 235,668
ASROCK Z890 PRO-A WIFI + U7 265,860
ASROCK Z890 PRO-A WIFI + U7 265F,841
ASROCK Z890 PRO-A WIFI + U9 285,1110
ASROCK Z890 NOVA WIFI,565
ASROCK Z890 NOVA WIFI + U5 245K,986
ASROCK Z890 NOVA WIFI + U5 245KF,964
ASROCK Z890 NOVA WIFI + U7 265K,1113
ASROCK Z890 NOVA WIFI + U7 265KF,1098
ASROCK Z890 NOVA WIFI + U9 285K,1382
ASROCK Z890 NOVA WIFI + U5 225,896
ASROCK Z890 NOVA WIFI + U5 225F,874
ASROCK Z890 NOVA WIFI + U5 235,910
ASROCK Z890 NOVA WIFI + U7 265,1102
ASROCK Z890 NOVA WIFI + U7 265F,1083
ASROCK Z890 NOVA WIFI + U9 285,1352
ASRock Z890I NOVA WIFI (ITX),480
ASRock Z890I NOVA WIFI (ITX) + U5 245K,903
ASRock Z890I NOVA WIFI (ITX) + U5 245KF,881
ASRock Z890I NOVA WIFI (ITX) + U7 265K,1030
ASRock Z890I NOVA WIFI (ITX) + U7 265KF,1015
ASRock Z890I NOVA WIFI (ITX) + U9 285K,1299
ASRock Z890I NOVA WIFI (ITX) + U5 225,814
ASRock Z890I NOVA WIFI (ITX) + U5 225F,791
ASRock Z890I NOVA WIFI (ITX) + U5 235,827
ASRock Z890I NOVA WIFI (ITX) + U7 265,1020
ASRock Z890I NOVA WIFI (ITX) + U7 265F,1000
ASRock Z890I NOVA WIFI (ITX) + U9 285,1269
Toshiba X300 14TB,495
Toshiba X300 10T,385
Toshiba X300 12T,410
Toshiba X300 16T,545
Toshiba N300 NAS 7200r,440
Toshiba N300 NAS 7200r 10T,330
Toshiba N300 NAS 7200r 12T,398
Toshiba N300 NAS 7200r 16T,505
Toshiba N300 NAS 7200r 18TB,590
Toshiba N300 NAS 7200r 20TB,710
Toshiba N300 NAS 7200r 22TB,845
TOSHIBA Enterprise Nearline 14TB,450
TOSHIBA Enterprise Nearline 10T,360
TOSHIBA Enterprise Nearline 12T,399
TOSHIBA Enterprise Nearline 16T,545
TOSHIBA Enterprise Nearline 18TB,605
TOSHIBA Enterprise Nearline 20TB,645
Seagate Ironwolf Red NAS 10T,437
Seagate Ironwolf Red NAS 12T,488
Seagate Ironwolf Red NAS 16T,668
Seagate Ironwolf Red NAS 18TB,739
Seagate Ironwolf Pro 7200rpm 10T,476
Seagate Ironwolf Pro 7200rpm 12T,580
Seagate Ironwolf Pro 7200rpm 16T,695
Seagate Ironwolf Pro 7200rpm 18TB,848
Seagate Ironwolf Pro 7200rpm 20TB,955
Seagate Skyhawk CCTV DVR NVR SV35 10T,399
Seagate Skyhawk CCTV DVR NVR SV35 12T,505
Seagate Skyhawk CCTV DVR NVR SV35 18TB,709
Seagate EXOS Sata Enterprise 10T,415
Seagate EXOS Sata Enterprise 12T,558
Seagate EXOS Sata Enterprise 16T,569
Seagate EXOS Sata Enterprise 18TB,699
Seagate EXOS Sata Enterprise 20TB,729
Seagate EXOS Sata Enterprise 22TB,1209
HGST Ultrastar,1080
HGST Ultrastar 10T,369
HGST Ultrastar 12T,439
HGST Ultrastar 16T,585
HGST Ultrastar 18TB,620
HGST Ultrastar 20TB,715
HGST Ultrastar 22TB,920
Western Digital WD Red Plus NAS 10T,385
Western Digital WD Red Plus NAS 12T,489
Western Digital WD Red Pro,599
Western Digital WD Red Pro 10T,465
Western Digital WD Red Pro 12T,529
Western Digital WD Red Pro 16T,778
Western Digital WD Red Pro 18TB,805
Western Digital WD Red Pro 20TB,967
Western Digital WD Red Pro 22TB,1179
Western Digital WD Purple Pro*,375
Western Digital WD Purple Pro* 10T,385
Western Digital WD Purple Pro* 12T,499
Western Digital WD Purple Pro* 16T,720
Western Digital WD Purple Pro* 18TB,785
KLEVV CRAS V RGB DDR5 6000 CL30 32GB,166
KLEVV CRAS V RGB DDR5 6000 CL30 64GB,300
KLEVV CRAS V RGB DDR5 6400 CL32 32GB,177
KLEVV CRAS V RGB DDR5 6400 CL32 64GB,297
KLEVV FIT V DDR5 6000 CL32 32GB,125
Klevv Cras V RGB DDR5 7200 ROG CL34 32GB,163
Klevv Cras V RGB DDR5 7200 ROG CL34 48GB,208
Crucial Pro Black 5600 DDR5 Kit 32GB,150
ADATA XPG LANCER/ Blade 6000 cl30 32GB,165
ADATA XPG LANCER/ Blade 6000 cl30 64GB,325
ADATA XPG LANCER/ Blade 6000 cl30 16GB kit,85
Corsair Vengenance DDR5-5200 16G$95 32GB,144
Corsair Vengenance DDR5-5200 16G$95 64GB,265
Corsair Vengenance DDR5-5600 32GB,156
Corsair Vengenance DDR5-5600 64GB,286
Corsair Vengenance DDR5-6000 32GB,167
Corsair Vengenance DDR5-6000 64GB,300
Corsair Vengenance DDR5-6000 96GB,518
Corsair Vengenance RGB DDR5-5200 32GB,162
Corsair Vengenance RGB DDR5-5200 64GB,279
Corsair Vengenance RGB DDR5-5600 32GB,185
Corsair Vengenance RGB DDR5-5600 64GB,330
Corsair Vengenance RGB DDR5-6000 32GB,179
Corsair Vengenance RGB DDR5-6000 64GB,324
Corsair Vengenance RGB DDR5-6000 48GB,235
Corsair Vengenance RGB DDR5-6000 96GB,526
Corsair Vengenance RGB DDR5-6200 32GB,245
Corsair Vengenance RGB DDR5-6200 64GB,375
Corsair Vengenance RGB DDR5-6400 c38 32GB,213
Corsair Vengenance RGB DDR5-6400 c38 64GB,364
Corsair Vengenance RGB DDR5-6400 c38 48GB,286
Corsair Vengenance RGB DDR5-6400 c38 96GB,548
Corsair Dominator Platinum 6000 32GB,245
Corsair Dominator Platinum 6000 64GB,399
Corsair Dominator Platinum 6400 32GB,256
Corsair Dominator Platinum 6400 64GB,489
Kingston Fury Beast RGB 5200 AMD expo 32GB,149
G.Skill Flare X5 AMD Expo 5600mhz 32GB,179
G.Skill Flare X5 AMD Expo 6000mhz Cl32 32GB,185
G-Skill Ripjaws S5 5600mhz 32GB,165
G-Skill Ripjaws S5 5600mhz 64GB,300
G-Skill Ripjaws S5 6000mhz cl32 32GB,180
G-Skill Ripjaws S5 6000mhz cl32 64GB,338
G-Skill Ripjaws S5 6000mhz cl30/ 6400 32GB,185
G-Skill Ripjaws S5 6000mhz cl30/ 6400 64GB,427
G.SKILL Flare X5 AMD Expo 5600/6000 32GB,189
G.SKILL Flare X5 AMD Expo 5600/6000 64GB,359
G.Skill Trident Z5 RGB 5600mhz CL36 32GB,195
G.Skill Trident Z5 RGB 5600mhz CL36 64GB,357
G.Skill Trident Z5 RGB 6000mhz CL36 32GB,210
G.Skill Trident Z5 RGB 6000mhz CL36 64GB,368
G.Skill Trident Z5 RGB 6400mhz CL32 32GB,235
G.Skill Trident Z5 RGB 6400mhz CL32 64GB,385
G.Skill Trident Z5 RGB 6600mhz CL34 32GB,252
G.Skill Trident Z5 RGB 7200mhz C34 32GB,306
G.Skill Trident Z5 RGB 7200mhz C34 z 7800 32G,312
G.Skill Trident Z5 RGB DDR5 7600 24GB 48GB,365
G.Skill Trident Z Neo RGB AMD-6000 32GB,207
G.Skill Trident Z Neo RGB AMD-6000 64GB,390
G.Skill Trident Z Neo RGB AMD-6000 64400,228
G.Skill M5 Neo DDR5-6000 32GB,150
G.Skill M5 Neo RGB DDR5-6000 6000 32GB,170
G.Skill M5 Neo RGB DDR5-6000 6400 32GB,240
G.Skill M5 Neo RGB DDR5-6000 6400 7200mhz,255
Toshiba X300/P300 (X300 + $30) 2yr 1TB,110
Toshiba X300/P300 (X300 + $30) 2yr 2TB,87
Toshiba X300/P300 (X300 + $30) 2yr 3TB,115
Toshiba X300/P300 (X300 + $30) 2yr 4TB,176
Toshiba X300/P300 (X300 + $30) 2yr 6TB,240
Toshiba X300/P300 (X300 + $30) 2yr 8TB,258
Synology NAS Enterprise HAT3300 3yrs 4TB,205
Synology NAS Enterprise HAT3300 3yrs 6TB,290
Synology NAS Enterprise HAT3300 3yrs 8TB,360
Western Digital Blue 500G,98
Western Digital Blue 1TB,95
Western Digital Blue 2TB,155
Western Digital Blue 3TB,159
Western Digital Blue 4TB,272
Western Digital Blue 6TB,310
Western Digital Red Plus 3 Years 1TB,118
Western Digital Red Plus 3 Years 2TB,115
Western Digital Red Plus 3 Years 3TB,169
Western Digital Red Plus 3 Years 4TB,188
Western Digital Red Plus 3 Years 6TB,289
Western Digital Red Plus 3 Years 8TB,310
Western Digital Red Pro 7200rpm 5 Years 1TB,190
Western Digital Red Pro 7200rpm 5 Years 3TB,315
Western Digital Red Pro 7200rpm 5 Years 4TB,360
Western Digital Red Pro 7200rpm 5 Years 6TB,398
Western Digital Purple CCTV 3 Years 1TB,89
Western Digital Purple CCTV 3 Years 2TB,98
Western Digital Purple CCTV 3 Years 3TB,118
Western Digital Purple CCTV 3 Years 4TB,128
Western Digital Purple CCTV 3 Years 6TB,229
Western Digital Purple CCTV 3 Years 8TB,288
Western Digital Black 7200rpm 5Year 1TB,128
Western Digital Black 7200rpm 5Year 2TB,188
Western Digital Black 7200rpm 5Year 4TB,285
Western Digital Black 7200rpm 5Year 6TB,335
Western Digital Black 7200rpm 5Year 8TB,399
Seagate Barracuda 3.5 500G,88
Seagate Barracuda 3.5 1TB,100
Seagate Barracuda 3.5 2TB,153
Seagate Barracuda 3.5 3TB,159
Seagate Barracuda 3.5 4TB,235
Seagate Barracuda 3.5 6TB,315
Seagate Skyhawk CCTV/DVR/NVR 3Yea 1TB,85
Seagate Skyhawk CCTV/DVR/NVR 3Yea 2TB,99
Seagate Skyhawk CCTV/DVR/NVR 3Yea 3TB,161
Seagate Skyhawk CCTV/DVR/NVR 3Yea 4TB,135
Seagate Skyhawk CCTV/DVR/NVR 3Yea 6TB,215
Seagate Skyhawk CCTV/DVR/NVR 3Yea 8TB,278
Seagate IronWolf NAS Drive 3 Years 1TB,98
Seagate IronWolf NAS Drive 3 Years 2TB,135
Seagate IronWolf NAS Drive 3 Years 3TB,160
Seagate IronWolf NAS Drive 3 Years 4TB,182
Seagate IronWolf NAS Drive 3 Years 6TB,299
Seagate IronWolf NAS Drive 3 Years 8TB,358
Seagate IronWolf Pro 7200rpm 5 years 4TB,278
Seagate IronWolf Pro 7200rpm 5 years 6TB,359
Seagate IronWolf Pro 7200rpm 5 years 8TB,395
Seagate Firecuda SSHD / SSd with HDD 1TB,118
Seagate Firecuda SSHD / SSd with HDD 4TB,285
Seagate Firecuda SSHD / SSd with HDD 8TB,449
Seagate EXOS Enterprise 5 Years 1TB,217
Seagate EXOS Enterprise 5 Years 2TB,189
Seagate EXOS Enterprise 5 Years 4TB,269
Seagate EXOS Enterprise 5 Years 6TB,335
Seagate EXOS Enterprise 5 Years 8TB,352
WD Ultrastar Enterprise HGST 5 Years 1TB,159
WD Ultrastar Enterprise HGST 5 Years 2TB,199
WD Ultrastar Enterprise HGST 5 Years 4TB,259
WD Ultrastar Enterprise HGST 5 Years 6TB,289
WD Ultrastar Enterprise HGST 5 Years 8TB,329
Toshiba N300 NAS 7200Rpm 3 Years 4TB,169
Toshiba N300 NAS 7200Rpm 3 Years 6TB,250
Toshiba N300 NAS 7200Rpm 3 Years 8TB,285
Toshiba SATA Enterprise Tomcat Nearline 1TB,170
Toshiba SATA Enterprise Tomcat Nearline 2TB,195
Toshiba SATA Enterprise Tomcat Nearline 4TB,229
Toshiba SATA Enterprise Tomcat Nearline 6TB,300
Toshiba SATA Enterprise Tomcat Nearline 8TB,318
Hikvision E2000 Heatsink PS5 512G,100
Hikvision E2000 Heatsink PS5 1T,170
Gigabyte AG473 (128G $35) / AG450* 512G,99
Gigabyte AG473 (128G $35) / AG450* 1T,188
Gigabyte AG473 (128G $35) / AG450* 2TB,245
Samsung 990 PRO 1T,155
Samsung 990 PRO 2TB,275
Samsung 990 PRO 4TB,479
Samsung 990 Pro Heatsink 1T,170
Samsung 990 Pro Heatsink 2TB,286
Samsung 990 Pro Heatsink 4TB,490
Samsung 980 PRO 1T,169
Samsung 980 PRO 2TB,269
Samsung 980/ WD Blue SN580 NVME 256,80
Samsung 980/ WD Blue SN580 NVME 512,81
Samsung 980/ WD Blue SN580 NVME 1T,138
Samsung 970 Evo Plus 256,72
Samsung 970 Evo Plus 512,88
Samsung 970 Evo Plus 1T,139
Samsung 970 Evo Plus 2TB,249
Samsung 990 EVO 256,87
Samsung 990 EVO 512,116
Samsung 990 EVO 1T,148
Samsung 990 EVO 2TB,237
Samsung 990 EVO PLUS 1T,159
Samsung 990 EVO PLUS 2TB,263
Samsung 990 EVO PLUS 4TB,477
Transcend SSD PCIE MTE110S 256,79
Transcend SSD PCIE MTE110S 512,99
Transcend SSD PCIE MTE110S 1T,149
Transcend SSD PCIE MTE110S 2TB,269
Transcend SSD PCIE MTE110S 4TB,589
Adata XPG Gammix S70 Blade Gen4 1T,108
Adata XPG Gammix S70 Blade Gen4 2TB,186
Adata XPG Gammix S70 Blade Gen4 4TB,399
Adata Legend 960 1T,115
Adata Legend 960 2TB,195
Adata Legend 960 4TB,409
Adata Gammix S55 1T,129
Adata Gammix S55 2TB,278
Crucial DDR5-4800 /SK HYNIX/ Kingmax 8G,48
Crucial DDR5-4800 /SK HYNIX/ Kingmax 16G,65
Crucial DDR5-4800 /SK HYNIX/ Kingmax 32G,169
Crucial DDR5-4800 /SK HYNIX/ Kingmax 64Gkit,310
Kingston/Crucial/ Transcend 5200/5600 8G,39
Kingston/Crucial/ Transcend 5200/5600 16G,60
Kingston/Crucial/ Transcend 5200/5600 32G,189
Kingston/Crucial/ Transcend 5200/5600 64Gkit,250
SEC/ TR RDIMM DDR5 ECC Registered 16G,294
SEC/ TR RDIMM DDR5 ECC Registered 32G,385
SEC/ TR RDIMM DDR5 ECC Registered 64Gkit,650
Crucial /Klevv / Gskill DDR4-3200/2933 8G,26
Crucial /Klevv / Gskill DDR4-3200/2933 16G,65
Crucial /Klevv / Gskill DDR4-3200/2933 32G,135
Kingston / Crucial/ 2400 / 2666 / 3200 8G,30
Kingston / Crucial/ 2400 / 2666 / 3200 16G,68
Kingston / Crucial/ 2400 / 2666 / 3200 32G,99
Kingston / Crucial/ 2400 / 2666 / 3200 64Gkit,189
Kingston / Crucial / ECC / Rdimm (64G $1050) 8G,139
Kingston / Crucial / ECC / Rdimm (64G $1050) 16G,265
Kingston / Crucial / ECC / Rdimm (64G $1050) 32G,395
Corsair Vengeance LPX 2666 16G Kit,92
Corsair Vengeance LPX 2666 32G Kit,168
Corsair Vengeance LPX 2666 64G Kit,269
Corsair Vengeance LPX 3200 /Ripjaws V 16G Kit,75
Corsair Vengeance LPX 3200 /Ripjaws V 32G Kit,130
Corsair Vengeance LPX 3200 /Ripjaws V 64G Kit,229
Corsair Vengeance LPX 3600 / Ripjaws V 16G Kit,79
Corsair Vengeance LPX 3600 / Ripjaws V 32G Kit,130
Corsair Vengeance LPX 3600 / Ripjaws V 64G Kit,239
Corsair Vengeance RGB PRO 3200/3600 16G Kit,82
Corsair Vengeance RGB PRO 3200/3600 32G Kit,138
Corsair Vengeance RGB PRO 3200/3600 64G Kit,249
Lexar SODIMM - 8GB DDR4 3200 CL22 ..........18,18
Corsair Dominator DDR4 3200/3600 16G Kit,145
Corsair Dominator DDR4 3200/3600 32G Kit,208
Corsair Dominator DDR4 3200/3600 64G Kit,337
G-Skill Trident Z Neo 3600 RGB / 3200 16G Kit,128
G-Skill Trident Z Neo 3600 RGB / 3200 32G Kit,169
G-Skill Trident Z Neo 3600 RGB / 3200 64G Kit,297
Kingston 1.5v 1333 PC3 10600/10667 2G,30
Kingston 1.5v 1333 PC3 10600/10667 4G,40
Kingston 1.5v 1333 PC3 10600/10667 8G,99
Kingston 1.5v 1333 PC3 10600/10667 16G*,99
Crucial 1.35v 1600 PC3L 12800/10600 2G,37
Crucial 1.35v 1600 PC3L 12800/10600 4G,58
Crucial 1.35v 1600 PC3L 12800/10600 8G,108
Crucial 1.35v 1600 PC3L 12800/10600 16G*,108
DDR3ECC Reg / DDR3 ECC / (32g $385) 2G,65
DDR3ECC Reg / DDR3 ECC / (32g $385) 4G,95
DDR3ECC Reg / DDR3 ECC / (32g $385) 8G,175
DDR3ECC Reg / DDR3 ECC / (32g $385) 16G*,256
Crucial DDR4 3200 /Team / Transcend 8G,30
Crucial DDR4 3200 /Team / Transcend 16G,48
Crucial DDR4 3200 /Team / Transcend 32G,99
Kingston/CRU DDR4 2400/2666 / 3200 4G,40
Kingston/CRU DDR4 2400/2666 / 3200 8G,75
Kingston/CRU DDR4 2400/2666 / 3200 16G,119
Kingston/CRU DDR4 2400/2666 / 3200 32G,169
Kingston Synology RAM ECC DS16/DS18 4G,130
Kingston Synology RAM ECC DS16/DS18 8G,202
Kingston Synology RAM ECC DS16/DS18 16G,304
Kingston Synology RAM ECC DS16/DS18 32G,508
Crucial DDR5-4800 / Kingston (8G $39) 16G,89
Crucial DDR5-4800 / Kingston (8G $39) 32G,159
Crucial DDR5-4800 / Kingston (8G $39) 64GK,359
Crucial DDR5-5200 / Kingston/ SK HYNIX 16G,79
Crucial DDR5-5200 / Kingston/ SK HYNIX 32G,169
Crucial DDR5-5200 / Kingston/ SK HYNIX 64GK,379
Crucial DDR5-5600 / Kingston /SK HYNIX 16G,115
Crucial DDR5-5600 / Kingston /SK HYNIX 32G,169
Crucial DDR5-5600 / Kingston /SK HYNIX 48G,199
Crucial DDR5-5600 / Kingston /SK HYNIX 128*24g,128
SEC / TR RDIMM DDR5 ECC Registered 16G,294
SEC / TR RDIMM DDR5 ECC Registered 32G,395
SEC / TR RDIMM DDR5 ECC Registered 64GK,690
Kingston / Crucial 1600/1.35v DDR3L 2G,30
Kingston / Crucial 1600/1.35v DDR3L 4G,48
Kingston / Crucial 1600/1.35v DDR3L 8G,98
Kingston / Crucial 1600/1.35v DDR3L 16G,294
Ram /Mac/1066/ 1333/1600 1.5v 16ic 2G,16
Ram /Mac/1066/ 1333/1600 1.5v 16ic 4G,68
Ram /Mac/1066/ 1333/1600 1.5v 16ic 8G,112
Ram /Mac/1066/ 1333/1600 1.5v 16ic 16G,16
Crucial DDR3 1866mhz / 2133mhz 8G,80
Crucial DDR3 1866mhz / 2133mhz 16G,128
DDR2 PC2 533/667/800 /5300/4200 512m,40
DDR2 PC2 533/667/800 /5300/4200 1G,55
DDR2 PC2 533/667/800 /5300/4200 2G,80
DDR2 PC2 533/667/800 /5300/4200 4g,285
DDR1 PC 400/333/266/ 3200 512m,45
DDR1 PC 400/333/266/ 3200 1G,85
DDR1 PC 400/333/266/ 3200 2G,229
Seagate SSD / Lacie / Kingmax Taiwan U500,99
Seagate SSD / Lacie / Kingmax Taiwan U1TB,139
Seagate SSD / Lacie / Kingmax Taiwan 2TB,249
Seagate SSD / Lacie / Kingmax Taiwan 4TB,359
Seagate Firecuda SSD / WD SSD U500,129
Seagate Firecuda SSD / WD SSD U1TB,179
Seagate Firecuda SSD / WD SSD 2TB,309
Seagate Firecuda SSD / WD SSD 4TB,589
Sandisk Extreme e61 1050MBPS U500,139
Sandisk Extreme e61 1050MBPS U1TB,149
Sandisk Extreme e61 1050MBPS 2TB,249
Sandisk Extreme e61 1050MBPS 4TB,449
Sandisk Extreme e30 / STOR* U500,128
Sandisk Extreme e30 / STOR* U1TB,139
Sandisk Extreme e30 / STOR* 2TB,229
Sandisk Extreme e30 / STOR* 4TB,425
Sandisk Extreme Pro E81 Gen2 2000MBPS U500,269
Sandisk Extreme Pro E81 Gen2 2000MBPS U1TB,389
Sandisk Extreme Pro E81 Gen2 2000MBPS 2TB,599
Transcend SSD ESD310 Dual C / USB U500,89
Transcend SSD ESD310 Dual C / USB U1TB,169
Transcend SSD ESD310 Dual C / USB 2TB,279
Samsung T7 U500,110
Samsung T7 U1TB,158
Samsung T7 2TB,267
Samsung T7 4TB,487
Samsung T7 Shield / (Touch +S$20) U500,128
Samsung T7 Shield / (Touch +S$20) U1TB,159
Samsung T7 Shield / (Touch +S$20) 2TB,268
Samsung T7 Shield / (Touch +S$20) 4TB,489
Samsung T9 U1TB,175
Samsung T9 2TB,298
Samsung T9 4TB,582
Samsung T5 Evo (8TB $898) 2TB,255
Samsung T5 Evo (8TB $898) 4TB,395
Crucial X10 Pro Portable SSD U1TB,175
Crucial X10 Pro Portable SSD 2TB,259
Crucial X10 Pro Portable SSD 4TB,499
Crucial X9 Portable SSD Normal U1TB,145
Crucial X9 Portable SSD Normal 2TB,245
Crucial X9 Portable SSD Normal 4TB,455
Crucial X9 Pro Portable SSD U1TB,169
Crucial X9 Pro Portable SSD 2TB,260
Crucial X9 Pro Portable SSD 4TB,479
Crucial X8 Portable SSD U1TB,155
Crucial X8 Portable SSD 2TB,235
Crucial X6 Portable / HIKVISION T100 U500,90
Crucial X6 Portable / HIKVISION T100 U1TB,109
Crucial X6 Portable / HIKVISION T100 2TB,159
Crucial X6 Portable / HIKVISION T100 4TB,455
Transcend Portable SSD U500,99
Transcend Portable SSD U1TB,149
Transcend Portable SSD 2TB,259
Transcend Portable SSD 4TB,509
Adata Portable SSD Elite SE880 USB3.2 U500,86
Adata Portable SSD Elite SE880 USB3.2 U1TB,138
Adata Portable SSD Elite SE880 USB3.2 2TB,228
Adata Portable SSD Elite SE880 USB3.2 4TB,456
Adata Portable SSD Elite SE920 USB3.2 U500,259
Adata Portable SSD Elite SE920 USB3.2 U1TB,379
Seagate Expansion 1TB,89
Seagate Expansion 2TB,125
Seagate Expansion 4TB,175
Seagate Expansion 5TB,229
Seagate One Touch 1TB,95
Seagate One Touch 2TB,129
Seagate One Touch 4TB,178
Seagate One Touch 5TB,208
Seagate Ultra Touch / Lacie Mobile Drive 1TB,123
Seagate Ultra Touch / Lacie Mobile Drive 2TB,145
Seagate Ultra Touch / Lacie Mobile Drive 4TB,198
Seagate Ultra Touch / Lacie Mobile Drive 5TB,258
WD My Passport (6TB $239) 1TB,79
WD My Passport (6TB $239) 2TB,99
WD My Passport (6TB $239) 4TB,159
WD My Passport (6TB $239) 5TB,189
WD Black Portable P10 Gaming 1TB,129
WD Black Portable P10 Gaming 2TB,189
WD Black Portable P10 Gaming 4TB,229
WD Black Portable P10 Gaming 5TB,209
WD My Passport ULTRA (6TB $369)/MAC 1TB,139
WD My Passport ULTRA (6TB $369)/MAC 2TB,189
WD My Passport ULTRA (6TB $369)/MAC 4TB,269
WD My Passport MAC - Type C (6TB $369) 2TB,159
WD My Passport MAC - Type C (6TB $369) 4TB,189
WD My Passport MAC - Type C (6TB $369) 5TB,219
Toshiba Portable USB-A - Basic 1TB,79
Toshiba Portable USB-A - Basic 2TB,99
Toshiba Portable USB-A - Basic 4TB,158
Toshiba Portable USB-A - Basic 5TB,199
Toshiba Flex / USB-C / Advance / Partner 1TB,90
Toshiba Flex / USB-C / Advance / Partner 2TB,120
Toshiba Flex / USB-C / Advance / Partner 4TB,179
Transcend Shock Proof (USB-C Add $15) 1TB,91
Transcend Shock Proof (USB-C Add $15) 2TB,121
Transcend Shock Proof (USB-C Add $15) 4TB,192
Seagate Barracuda (4Tb 15mm $280) 500G,105
Seagate Barracuda (4Tb 15mm $280) 1TB,100
Seagate Barracuda (4Tb 15mm $280) 2TB,149
Seagate Barracuda (4Tb 15mm $280) 250G,120
WD Blue 2.5 SATA (5TB Seagate $320) 500G,90
WD Blue 2.5 SATA (5TB Seagate $320) 1TB,98
WD Blue 2.5 SATA (5TB Seagate $320) 2TB,149
WD Blue 2.5 SATA (5TB Seagate $320) 250G,120
Toshiba 5400rpm (320GB $118) 500G,95
Toshiba 5400rpm (320GB $118) 1TB,98
Toshiba 5400rpm (320GB $118) 2TB,139
WD Black 7200rpm 500G,105
WD Black 7200rpm 1TB,129
Hp/Dell / Seagate / WD SAS 2.5 10K 146G,138
Hp/Dell / Seagate / WD SAS 2.5 10K 300G,291
Hp/Dell / Seagate / WD SAS 2.5 10K 600G,396
Hp/Dell / Seagate / WD SAS 2.5 10K 1.2T,490
Hp/Dell / Seagate / WD SAS 2.5 15K 146G,204
Hp/Dell / Seagate / WD SAS 2.5 15K 300G,347
Hp/Dell / Seagate / WD SAS 2.5 15K 600G,495
Hp/Dell / Seagate / WD SAS 2.5 15K 1.2T,602
M.2 2280 NGFF M.2 SATA 120GB $48 250G,79
M.2 2280 NGFF M.2 SATA 120GB $48 500g,128
M.2 2280 NGFF M.2 SATA 120GB $48 1TB,179
M.2 2280 NGFF M.2 SATA 120GB $48 2TB,289
M.2 2230 SSD (Corsair 2230 1TB $209) 250G,99
M.2 2230 SSD (Corsair 2230 1TB $209) 500g,129
M.2 2230 SSD (Corsair 2230 1TB $209) 1TB,189
M.2 2230 SSD (Corsair 2230 1TB $209) 2TB,399
M.2 2242 SSD m.2 SATA / NVME PCIE 250G,89
M.2 2242 SSD m.2 SATA / NVME PCIE 500g,120
M.2 2242 SSD m.2 SATA / NVME PCIE 1TB,189
M.2 2242 SSD m.2 SATA / NVME PCIE 2TB,359
M-SATA Micro SATA (128G $59) 250G,79
M-SATA Micro SATA (128G $59) 500g,119
M-SATA Micro SATA (128G $59) 1TB,179
M-SATA Micro SATA (128G $59) 2TB,498
3.5” IDE Harddisk (500GB $320) 80G,80
3.5” IDE Harddisk (500GB $320) 160G,160
3.5” IDE Harddisk (500GB $320) 250G,250
3.5” IDE Harddisk (500GB $320) 320G,320
2.5” IDE Laptop (40G$95) (60G$105) 80G,108
2.5” IDE Laptop (40G$95) (60G$105) 160G,128
2.5” IDE Laptop (40G$95) (60G$105) 250G,148
2.5” IDE Laptop (40G$95) (60G$105) 320G,185
2.5” IDE Laptop (40G$95) (60G$105) 500G,110
2.5” IDE Laptop (40G$95) (60G$105) 1TB,130
2.5” IDE Laptop (40G$95) (60G$105) 2TB,149
2.5” IDE Laptop (40G$95) (60G$105) 250G,188
Kioxia TransMemory U301 USB3.2 Gen 1 64G,8
Kioxia TransMemory U301 USB3.2 Gen 1 128G,14
Kioxia TransMemory U301 USB3.2 Gen 1 256G,28
Kioxia TransMemory U365/U366 USB3.2 32G,9
Kioxia TransMemory U365/U366 USB3.2 64G,11
Kioxia TransMemory U365/U366 USB3.2 128G,16
Kioxia TransMemory U365/U366 USB3.2 256G,35
Sandisk Ultra/ Blade (8G $8) (16G $9) 32G,8
Sandisk Ultra/ Blade (8G $8) (16G $9) 64G,13
Sandisk Ultra/ Blade (8G $8) (16G $9) 128G,17
Sandisk Ultra/ Blade (8G $8) (16G $9) 256G,29
Sandisk Ultra/ Blade (8G $8) (16G $9) 512G,58
Sandisk Ultra Slider USB Type-C 3.2 G1 64G,13
Sandisk Ultra Slider USB Type-C 3.2 G1 128G,20
Sandisk Ultra Slider USB Type-C 3.2 G1 256G,33
SanDisk Ultra Luxe /FIT/Flair (16G $10) 32G,10
SanDisk Ultra Luxe /FIT/Flair (16G $10) 64G,15
SanDisk Ultra Luxe /FIT/Flair (16G $10) 128G,21
SanDisk Ultra Luxe /FIT/Flair (16G $10) 256G,33
SanDisk Ultra Luxe /FIT/Flair (16G $10) 512G,59
SanDisk Ultra Luxe /FIT/Flair (16G $10) 1TB,109
Sandisk Dual Drive /Luxe Go USB-C/Eco 32G,12
Sandisk Dual Drive /Luxe Go USB-C/Eco 64G,17
Sandisk Dual Drive /Luxe Go USB-C/Eco 128G,24
Sandisk Dual Drive /Luxe Go USB-C/Eco 256G,38
Sandisk Dual Drive /Luxe Go USB-C/Eco 512G,69
Sandisk Dual Drive /Luxe Go USB-C/Eco 1TB,129
Sandisk Dual Drive Micro M3.0 (16G $10) 32G,12
Sandisk Dual Drive Micro M3.0 (16G $10) 64G,15
Sandisk Dual Drive Micro M3.0 (16G $10) 128G,22
Sandisk Dual Drive Micro M3.0 (16G $10) 256G,49
Sandisk iXpand IX40 / IX30 / IX60 (16G $26) 32G,32
Sandisk iXpand IX40 / IX30 / IX60 (16G $26) 64G,47
Sandisk iXpand IX40 / IX30 / IX60 (16G $26) 128G,63
Sandisk iXpand IX40 / IX30 / IX60 (16G $26) 256G,94
Sandisk iXpand SDIX70N Type C + Lightning/Luxe 32G,52
Sandisk iXpand SDIX70N Type C + Lightning/Luxe 64G,69
Sandisk iXpand SDIX70N Type C + Lightning/Luxe 128G,95
SanDisk Ixpand Flip IX90N (16G $30) 32G,29
SanDisk Ixpand Flip IX90N (16G $30) 64G,36
SanDisk Ixpand Flip IX90N (16G $30) 128G,50
SanDisk Ixpand Flip IX90N (16G $30) 256G,79
Sandisk Extreme Pro USB3.2 128G,34
Sandisk Extreme Pro USB3.2 256G,50
Sandisk Extreme Pro USB3.2 512G,96
Sandisk Extreme Pro USB3.2 1T,176
Sandisk Extreme Pro USB3.2 1TB,332
Sandisk Extreme GO 3.2 CZ810 64G,25
Sandisk Extreme GO 3.2 CZ810 128G,41
Sandisk Extreme GO 3.2 CZ810 256G,70
Samsung Dual Type-C Plus/ Samsung Fit Plus 64G,32
Samsung Dual Type-C Plus/ Samsung Fit Plus 128G,48
Transsend SSD 32G,18
Transsend SSD 64G,30
Photofast Iphone/Ipad Lightning USB 16G,10
Photofast Iphone/Ipad Lightning USB 32G,20
Photofast Iphone/Ipad Lightning USB 64G,30
Photofast Iphone/Ipad Lightning USB 128G,40
Photofast Iphone/Ipad Lightning USB 256G,50
Lexar JumpDrive S80 USb3.1 64G,10
Lexar JumpDrive S80 USb3.1 128G,15
Lexar JumpDrive S80 USb3.1 256G,30
Lexar Jumpdrive V400 USB3.0 64G,10
Lexar Jumpdrive V400 USB3.0 128G,15
Kioxia EXCERIA CL10 UHS-I U3 V30 4K 32G,11
Crucial CT16G4SFD824A 2400 LAPTOP 16GB,209
Crucial CT16G4SFD8266 2666 LAPTOP 16GB,189
Crucial CT16G4SFD832A 3200 LAPTOP 16GB,189
Crucial CT16G4SFS8266 2666 LAPTOP 16GB,139
Crucial CT32G4DFD8266 2666 DESKTOP 32GB,139
Crucial CT32G4SFD8266 2666 LAPTOP 32GB,139
Crucial CT51264BD160B 1600 DESKTOP 4GB,119
Crucial CT51264BF160B 1600 LAPTOP 4GB,119
Crucial CT8G4DFRA266 2666 DESKTOP 8GB,115
Crucial CT8G4DFS824A 2400 DESKTOP 8GB,115
Crucial CT8G4DFS8266 2666 DESKTOP 8GB,105
Crucial CT8G4SFS6266 2666 LAPTOP 8GB,105
Crucial CT8G4SFS824A 2400 LAPTOP 8GB,115
Crucial CT8G4SFS8266 2666 LAPTOP 8GB,99
Crucial CT8G4SFS832A 3200 LAPTOP 8GB,82
Crucial CT8G4DFS832A 3200 DESKTOP 8GB,99
Crucial CT32G4DFD832A 3200 DESKTOP 32GB,165
Crucial CT32G4SFD832A 3200 LAPTOP 32GB,165
Crucial Ballistix BL8G32C16U4B 3200Mhz 8GB 8GB,219
Crucial Ballistix BL8G32C16U4R 3200Mhz 8GB 8GB,219
Crucial Ballistix BL8G32C16U4W 3200Mhz 8GB 8GB,249
Transcend SSD220Q 50 TS500GSSD220Q 89,89
Transcend SSD220Q 1T TS1TSSD220Q 1T,155
Transcend SSD220Q 2T TS2TSSD220Q 2T,299
Transcend SSD230S 12 TS128GSSD230S 128GB,42
Transcend SSD230S 25 TS256GSSD230S 256GB,65
Transcend SSD230S 51 TS512GSSD230S 512GB,109
Transcend SSD230S 1T TS1TSSD230S 1T,199
Transcend SSD230S 2T TS2TSSD230S 2T,399
Transcend SSD220 120 TS120GSSD220S 120GB,34
Transcend SSD220 240 TS240GSSD220S 240GB,55
Transcend SSD220 480 TS480GSSD220S 480GB,95
Transcend MTS820S 12 TS120GMTS820S 120GB,34
Transcend MTS820S 24 TS240GMTS820S 240GB,55
Transcend MTS820S 48 TS480GMTS820S 480GB,95
Transcend MTS430S 25 TS256GMTS430S 256GB,69
Transcend MTS430S 51 TS512GMTS430S 512GB,109
Transcend MTS830S 25 TS256GMTS830S 256GB,65
Transcend MTS830S 51 TS512GMTS830S 512GB,105
Transcend MTS830S 1T TS1TMTS830S 1T,199
Transcend MTS830S 2T TS2TMTS830S 2T,399
Transcend MTE220S 25 TS256GMTE220S 256GB,85
Transcend MTE220S 51 TS512GMTE220S 512GB,125
Transcend MTE220S 1T TS1TMTE220S 1T,219
Transcend MTE220S 2T TS2TMTE220S 2T,409
Transcend MTE240S 50 TS500GMTE240S 500GB,145
Transcend MTE240S 1T TS1TMTE240S 1T,239
Transcend MTE112S 1T TS1TMTE112S 1T,179
Transcend MTE112S 51 TS512GMTE112S 512GB,99
Transcend MTE110S 12 TS128GMTE110S 128GB,39
Transcend MTE110S 25 TS256GMTE110S 256GB,60
Transcend MTE110S 51 TS512GMTE110S 512GB,99
Transcend MTE110S 1T TS1TMTE110S 1T,189
Transcend SSD370 128 TS128GSSD370S 128GB,80.4
Transcend SSD370 256 TS256GSSD370S 256GB,142.8
Transcend SSD370 512 TS512GSSD370S 512GB,270
Transcend SSD370 1TB TS1TSSD370S 1TB,522
Transcend ESD240C Po TS240GESD240C 240GB,79
Transcend ESD240C Po TS480GESD240C 480GB,129
Transcend ESD250C Po TS960GESD250C 960GB,209
Transcend ESD350C Po TS480GESD350C 480GB,149
Transcend ESD350C Po TS960GESD350C 960GB,239
Transcend 350V High TS64GUSD350V 64GB,16.8
Transcend 350V High TS128GUSD350V 128GB,27.6
Transcend 64GB Micro TS64GUSD330S 64GB,18.6
Transcend 128GB Micr TS128GUSD330S 128GB,31.2
Transcend 16GB UHS-I TS16GUSD300S-A 16GB,5.76
Transcend 32GB UHS-I TS32GUSD300S-A 32GB,7.8
Transcend 64GB UHS-I TS64GUSD300S-A 64GB,12
Transcend 128GB UHS- TS128GUSD300S-A 128GB,22.8
Transcend 256GB UHS- TS256GUSD300S-A4 256GB,5.6
Transcend 512GB UHS- TS512GUSD300S-A 512GB,96
Transcend USB 3.1 U TS-RDF9K2,39.9
Transcend USB 3.1 M TS-RDC8K2,43.9
Transcend USB 3.1 Mu TS-RDF8K2,29.9
Transcend USB 3.1 Mu TS-RDF8W2,29.9
Transcend USB 3.1 SD TS-RDF5K,18.9
Transcend USB 3.1 SD TS-RDF5W,18.9
Transcend USB 3.1 SD TS-RDF5R,18.9
Transcend USB 3.0 CF TS-RDF2,75
Transcend PCMCIA ATA TS0MCF2PC,24.9
Transcend 4-Port HUB TS-HUB2C,29.9
Transcend USB 3.1 Hu TS-HUB2K,29.9
Transcend USB 3.1 Hu TS-HUB3K,39.9
Transcend HUB5C 6-in TS-HUB5C,69
Transcend Smart Read TS-RDP9K,16.9
Transcend RDC3 USB 3 TS-RDC3,29.9
Transcend Smart Read TS-RDA2W,49
Transcend 8X Externa TS8XDVDS-W,58
Transcend 8X Externa TS8XDVDS-K,58
Transcend USB 3.1 St TS0GSJ25S3,29.9
Transcend USB 3.1 St TS0GSJ25CK3,36.9
Transcend USB 3.1 - TS-CM80S,55.9
Transcend USB 3.1 - TS-CM42S,51.9
AMD Ryzen 9 5950X,1059
AMD Ryzen 9 5900X,759
AMD Ryzen 7 5800X,589
AMD Ryzen 5 5700X,499
AMD Ryzen 5 5600X,345
AMD Ryzen 7 5700G,502
AMD Ryzen 5 5600G,359
AMD Ryzen 5 5600,299
AMD Ryzen 5 5500,249
AMD Ryzen 3 3200G,149
AMD Ryzen 5 4600G,249
AMD Ryzen 5 4650G,289
Intel 11th Gen i3 10105 CPU,194
Intel 11th Gen i3 10105F CPU,135
Intel 11th Gen i5 11400F CPU,288
Intel 11th Gen i5 11400 CPU,316
Intel 11th Gen i5 11500 CPU,349
Intel 11th Gen i5 11600KF CPU,412
Intel 11th Gen i5 11600K CPU,429
Intel 11th Gen i7 11700F CPU,527
Intel 11th Gen i7 11700 CPU,569
Intel 11th Gen i7 11700K CPU,589
Intel 11th Gen i9 11900F CPU,639
Intel 11th Gen i9 11900KF CPU,647
Intel 11th Gen i9 11900K CPU,649
"Corsair 7000D Airflow , Black",329
"Corsair 7000D Airflow , White",329
"Corsair iCUE 7000X RGB , Black",419
"Corsair iCUE 7000X RGB , White",419
"Corsair iCUE 5000X RGB TG , Black",269
"Corsair iCUE 5000X RGB TG , White",269
"Corsair 5000D Airflow TG , Black",209
"Corsair 5000D Airflow TG , White",209
Synology DX1215ll,1787
Synology RX418 4-bay SATA expansion,853
Synology RX1217 12-bay SATA expansio,2128
Synology RX1217RP 12-bay SATA expans,3179
Synology RX1216sas 12-bay SAS/SATA e,4068
Synology RX2417sas 24-bay 2.5’’ SAS/,4888
Synology RXD1215sas 12-bay SAS expan,4888
Synology SAT5200-3840G 3.84TB 2.5” E,1834
Synology SNV3400-400G 400GB M.2 2280,258
Synology SNV3400-800G 800GB M.2 2280,495
Synology SNV3500-400G 400GB M.2 2211,298
Synology SNV3500-800G 800GB M.2 2211,552
Synology HAT5300-8T Synology 3.5” In,551
Synology HAT5300-12T Synology 3.5” I,828
Synology HAT5300-16T Synology 3.5” I,1104
Garmin Forerunner 55 Monterra Grey GM-010-02562-53 upc 753759283353,309
Garmin Forerunner 255 Slate Grey GM-010-02641-43 upc 753759307264,549
Garmin Forerunner 255 Tidal Blue GM-010-02641-53 upc 753759307363,549
Garmin Forerunner 255s Powder Grey GM-010-02641-63 upc 753759307462,549
Garmin Forerunner 255s Light Pink GM-010-02641-73 upc 753759307561,549
Garmin Forerunner 255 Music Black GM-010-02641-48 upc 753759307318,629
Garmin Forerunner 255 Music Whitestone GM-010-02641-58 upc 753759307417,629
Forerunner 255s Music Black GM-010-02641-68 upc 753759307516,629
Garmin Forerunner 255s Music Whitestone GM-010-02641-78 upc 753759307615,629
"Garmin Forerunner 265 Black, 46mm GM-010-02810-50 upc 753759318635",689
"Garmin Forerunner 265 Whitestone, 46mm GM-010-02810-51 upc 753759318642",689
"Garmin Forerunner 265 Aqua, 46mm GM-010-02810-52 upc 753759318659",689
"Garmin Forerunner 265s Black, 42mm GM-010-02810-53 upc 753759318666",689
"Garmin Forerunner 265s Whitestone, 42mm GM-010-02810-54 upc 753759318673",689
"Garmin Forerunner 265s Pink, 42mm GM-010-02810-55 upc 753759318680",689
Garmin Forerunner 955 Black GM-010-02638-J0 upc 753759306144,789
Garmin Forerunner 955 White GM-010-02638-J1 upc 753759306151,789
Garmin Forerunner 955 Solar Black GM-010-02638-H0 upc 753759308162,919
Garmin Forerunner 955 Solar White GM-010-02638-H1 upc 753759306137,919
"Garmin Forerunner 965 Black, 47mm GM-010-02809-80 upc 753759318420",919
"Garmin Forerunner 965 Whitestone, 47mm GM-010-02809-81 upc 753759318437",919
"Garmin Forerunner 965 Yellow, 47mm GM-010-02809-82 upc 753759318444",919
Garmin Running Dynamic Pod Yellow GM-010-12520-10 upc 753759175535,108
Garmin HRM Pro Plus Black GM-010-13118-10 upc 753759312657,199
"Garmin Approach S70 White, 42mm GM-010-02746-50 upc 753759325923",999
"Garmin Approach S70 Powder Gray, 42mm GM-010-02746-51 upc 753759325930",999
"Garmin Approach S70 Black, 47mm GM-010-02746-52 upc 753759325947",1099
Seagate ST1000NM000A 1TB Exos 7E8 H,164
Seagate ST2000NM000A 2TB Exos 7E8 H,215
Seagate ST4000NM000A 4TB Exos 7E8 H,297
Seagate ST6000NM021A 6TB Exos 7E8 H,408
Seagate ST8000NM000A 8TB Exos 7E8 H,525
Seagate ST10000NM001G 10TB Exos X16,655
Seagate ST12000NM001G 12TB Exos X16,788
Seagate ST14000NM001G 14TB Exos X16,918
Seagate ST16000NM001G 16TB Exos X16,1048
Seagate ST18000NM000J 18TB Exos X18,1208
Seagate ST1000NM001A 1TB Exos 7E8 H,197
Seagate ST2000NM004A 2TB Exos 7E8 H,255
Seagate ST4000NM003A 4TB Exos 7E8 H,324
Seagate ST6000NM029A 6TB Exos 7E8 H,439
Seagate ST8000NM001A 8TB Exos 7E8 H,546
Seagate ST10000NM0096 10TB Exos X10,653
Seagate ST12000NM002G 12TB Exos X16,808
Seagate ST14000NM002G 14TB Exos X16,938
Seagate ST16000NM002G 16TB Exos X16,1071
Seagate ST18000NM004J 18TB Exos X18,1229
Seagate ST1000NX0313 1TB Exos 7E200,307
Seagate ST2000NX0253 2TB Exos 7E200,534
Seagate ST1000NX0333 1TB Exos 7E200,328
Seagate ST2000NX0343 2TB Exos 7E200,551
"Corsair iCUE 4000X RGB TG , Black",189
"Corsair iCUE 4000X RGB TG , White",189
"Corsair 4000D TG , Black",139
"Corsair 4000D TG , White",139
"Corsair 4000D Airflow TG , White",139
"Corsair Carbide 275R Airflow , Black",119
"Corsair Carbide 275R Airflow , Whit",119
Corsair Carbide 275R — Black ( TG,115
Corsair Carbide 275R — White ( TG,115
Corsair Carbide 275R — Black (Windo,105
Corsair Carbide 275R — White (Windo,105
Corsair Carbide 275Q Quiet Gaming,115
Corsair Carbide 100R Silent Edition,99
Corsair Carbide 100R Mid Tower,82
CORSAIR Carbide 175R RGB TG Gaming,99
Corsair iCUE 220T RGB Airflow TG Sma,165
Corsair iCUE 220T RGB Airflow TG,165
CORSAIR iCUE 465X RGB TG - Black,219
CORSAIR iCUE 465X RGB TG - White,219
Crystal 280X RGB TG — Black,249
Crystal 280X RGB TG — White,249
CORSAIR Crystal 680X RGB -Black,369
CORSAIR Crystal 680X RGB -White,369
CORSAIR Carbide 678C - Black,199
CORSAIR Carbide 678C - White,199
Corsair Obsidian 500D RGB SE Premium,389
Crystal 570X RGB TG Black,299
Crystal 570X RGB TG White,299
Crystal 570X RGB TG Black Mirror,299
Obsidian 1000D Super-Tower,729
QNAP TS-233 2-Bay 2GB RAM Desktop,336
"QNAP 2-Bay Desktop NAS, Intel Cele",682
QNAP 4-Bay Desktop ARM A-55 2GHz C,627
QNAP 4-bay Intel Celeron N5105/N50,869
QNAP 4-Bay NAS AMD Ryzen quad-cor,1166
"QNAP 4-Bay NAS, Intel Core i3-8100",2233
QNAP 4-Bay quad-core 1.7GHz 1U sho,979
QNAP Short depth 1U rackmount 4-ba,1056
QNAP 6-bay Intel Celeron N5105/N50,1100
"QNAP 6-bay NAS, AMD Ryzen V1000 se",1320
"QNAP 6-Bay NAS, Intel Core i3 NAS",2640
"QNAP 8-bay NAS, AMD Ryzen V1000 s",1595
"QNAP 8-Bay NAS, Intel core i5-8400",3080
QNAP TS-873AeU-RP-4G 8-Bay Rackmou,2772
"QNAP 9-bay NAS, AMD Ryzen V1500B 4",1452
QNAP 2-bay 3.5” SATA HDD USB 3.1 G,264
QNAP 4-bay 3.5” SATA HDD USB 3.0 t,341
QNAP M.2 2280 PCIe NVMe to U.2 PCI,88
QNAP QM2-2P-384 Dual M.2 PCIe SSD,242
QNAP QM2-4P-384 Quad M.2 PCIe SSD,264
QNAP 2 x PCIe Gen3 NVMe SSD & 1 x,341
QNAP QXG-10G1TB Single-port (10Gba,193
QNAP 2 x RJ-45 10gBe Ports PCIe 3.,337
QNAP CAB-DAC30M-SFPP SFP+ 10GbE tw,113
QNAP CAB-SAS05M-8644 Mini SAS cabl,113
QNAP PWR-ADAPTER-65W-A01 65W exter,116
QNAP PWR-ADAPTER-90W-A01 90W exter,116
QNAP SP-2BAY-ADAPTOR-90W 90W exter,127
QNAP PWR-ADAPTER-120W-A01 120W 4pi,143
QNAP PWR-PSU-100W-DT01 100W open f,132
QNAP PWR-PSU-250W-DT02 250W Delta,171
QNAP PWR-PSU-300W-DT01 300W power,319
QNAP PWR-PSU-300W-DT02 300W power,319
QNAP SP-469U-S-PSU 250W single pow,424
QNAP RAIL-B02 Rack Slide Rail Kit,131
QNAP RAIL-A02-90 A02 (Chass,264
Fractal Design Define 7 XL Black - Solid Panel FD-C-DEF7X-01,330
Fractal Design Define 7 XL Black - Light Tint Tempered Glass FD-C-DEF7X-02,355
Fractal Design Define 7 XL Black - Dark Tint Tempered Glass FD-C-DEF7X-03,355
Fractal Design Define 7 Black Solid FD-C-DEF7A-01,268
Fractal Design Define 7 Black TG Light Tint FD-C-DEF7A-02,282
Fractal Design Define 7 Black TG Dark Tint FD-C-DEF7A-03,282
Fractal Design Define 7 White TG Clear Tint FD-C-DEF7A-06,282
Fractal Design Define 7 Grey TG Light Tint FD-C-DEF7A-08,282
Fractal Design Define 7 Compact Black Solid FD-C-DEF7C-01,179
Fractal Design Define 7 Compact White Solid FD-C-DEF7C-05,179
Fractal Design Define 7 Compact Black TG Dark Tint FD-C-DEF7C-02,199
Fractal Design Define 7 Compact Black TG Light Tint FD-C-DEF7C-03,199
Fractal Design Define 7 Compact White TG Clear Tint FD-C-DEF7C-04,199
Fractal Design Define 7 Mini Black Solid FD-C-DEF7M-01,188
Fractal Design Define 7 Mini Black TG Light Tint FD-C-DEF7M-02,188
Fractal Design Define 7 Nano Black Solid FD-C-DEF7N-01,168
Fractal Design Define 7 Nano Black TG Light Tint FD-C-DEF7N-02,168
Fractal Design North Charcoal Black FD-C-NOR1C-01,225
Fractal Design North Charcoal Black TG Dark Tint FD-C-NOR1C-02,225
Fractal Design North Chalk White FD-C-NOR1C-03,225
Fractal Design North Chalk White TG Clear Tint FD-C-NOR1C-04,225
Fractal Design Torrent Black TG Light Tint FD-C-TOR1A-01,305
Fractal Design Torrent Gray TG Light Tint FD-C-TOR1A-02,305
Fractal Design Torrent White TG Clear Tint FD-C-TOR1A-03,305
Fractal Design Torrent Black RGB TG Light Tint FD-C-TOR1A-04,375
Fractal Design Torrent Black Solid FD-C-TOR1A-05,290
Fractal Design Torrent Black TG Dark Tint FD-C-TOR1A-06,305
Fractal Design Torrent RGB White TG clear tint FD-C-TOR1A-07,375
Fractal Design Torrent Compact Black TG Dark Tint FD-C-TOR1C-01,230
Fractal Design Torrent Compact RGB Black TG Light Tint FD-C-TOR1C-02,260
Fractal Design Torrent Compact White TG Clear Tint FD-C-TOR1C-03,230
Fractal Design Torrent Compact Black Solid FD-C-TOR1C-04,215
Fractal Design Torrent Nano Black TG Dark Tint FD-C-TOR1N-01,200
Fractal Design Torrent Nano RGB Black TG Light Tint FD-C-TOR1N-02,215
Fractal Design Torrent Nano White TG Clear Tint FD-C-TOR1N-03,200
Fractal Design Torrent Nano Black Solid FD-C-TOR1N-04,185
Fractal Design Meshify 2 XL Black TG Dark Tint FD-C-MES2X-01,320
Fractal Design Meshify 2 XL Black TG Light Tint FD-C-MES2X-02,320
Fractal Design Meshify 2 RGB Black TG Light tint FD-C-MES2A-06,279
Fractal Design Meshify 2 RGB White TG Clear tint FD-C-MES2A-08,279
Fractal Design Meshify 2 Black Solid FD-C-MES2A-01,230
Fractal Design Meshify 2 Black TG Dark Tint FD-C-MES2A-02,250
Fractal Design Meshify 2 Black TG Light Tint FD-C-MES2A-03,250
Fractal Design Meshify 2 Gray TG Light Tint FD-C-MES2A-04,250
Fractal Design Meshify 2 White TG Clear Tint FD-C-MES2A-05,250
Fractal Design Meshify 2 Lite Black TG Light tint FD-C-MEL2A-03,190
Fractal Design Meshify 2 Lite White TG Clear FD-C-MEL2A-04,190
Fractal Design Meshify 2 Lite RGB Black TG Light tint FD-C-MEL2A-05,225
Fractal Design Meshify 2 Compact Black Solid FD-C-MES2C-01,185
Fractal Design Meshify 2 Compact Black TG Dark Tint FD-C-MES2C-02,199
Fractal Design Meshify 2 Compact Black TG Light Tint FD-C-MES2C-03,199
Fractal Design Meshify 2 Compact Gray TG Light Tint FD-C-MES2C-04,199
Fractal Design Meshify 2 Compact White TG Clear Tint FD-C-MES2C-05,199
Fractal Design Meshify 2 Compact RGB Black TG Light Tint FD-C-MES2C-06,225
Fractal Design Meshify 2 Compact RGB White TG Clear Tint FD-C-MES2C-08,225
Fractal Design Meshify 2 Compact Lite Black TG Light tint FD-C-MEL2C-03,165
Fractal Design Meshify 2 Compact Lite White TG Clear FD-C-MEL2C-04,165
Fractal Design Meshify 2 Compact Lite RGB Black TG Light tint FD-C-MEL2C-05,199
Fractal Design Meshify 2 Mini Black TG Dark Tint FD-C-MES2M-01,185
Fractal Design Meshify 2 Mini White TG Clear Tint FD-C-MES2M-02,185
Fractal Design Meshify 2 Nano Black TG Dark Tint FD-C-MES2N-01,170
Fractal Design Meshify 2 Nano White TG Clear Tint FD-C-MES2N-02,170
Fractal Design Pop Air Black Solid FD-C-POA1A-01,128
Fractal Design Pop Air Black TG Clear Tint FD-C-POA1A-02,128
Fractal Design Pop Air White TG Clear Tint FD-C-POA1A-03,128
Fractal Design Pop Air RGB White TG Clear Tint FD-C-POR1A-01,145
Fractal Design Pop Air RGB Cyan Core TG Clear Tint FD-C-POR1A-02,145
Fractal Design Pop Air RGB Magenta Core Clear Tint FD-C-POR1A-03,145
Fractal Design Pop Air RGB Green Core TG Clear Tint FD-C-POR1A-04,145
Fractal Design Pop Air RGB Orange Core TG Clear Tint FD-C-POR1A-05,145
Fractal Design Pop Air RGB Black TG Clear Tint FD-C-POR1A-06,145
Fractal Design Pop Silent Black Solid FD-C-POS1A-01,128
Fractal Design Pop Silent Black TG Clear Tint FD-C-POS1A-02,128
Fractal Design Pop Silent White TG Clear Tint FD-C-POS1A-04,128
Fractal Design Pop Mini Air RGB White TG Clear Tint FD-C-POR1M-01,145
Fractal Design Pop Mini Air RGB Black TG Clear Tint FD-C-POR1M-06,145
Fractal Design Pop Mini Silent Black Solid FD-C-POS1M-01,130
Fractal Design Pop Mini Silent Black TG Clear Tint FD-C-POS1M-02,130
Fractal Design Pop XL Air RGB White TG Clear Tint FD-C-POR1X-01,170
Fractal Design Pop XL Air RGB Black TG Clear Tint FD-C-POR1X-06,170
Fractal Design Pop XL Silent Black Solid FD-C-POS1X-01,155
Fractal Design Pop XL Silent Black TG Clear Tint FD-C-POS1X-02,155
Fractal Design Ridge Black Mitx FD-C-RID1N-01,220
Fractal Design Ridge White mITX FD-C-RID1N-02,220
Fractal Design Focus 2 Black TG Clear Tint FD-C-FOC2A-01,111
Fractal Design Focus 2 White TG Clear Tint FD-C-FOC2A-02,111
Fractal Design Focus 2 RGB Black TG Clear Tint FD-C-FOC2A-03,126
Fractal Design Focus 2 RGB White TG Clear Tint FD-C-FOC2A-04,126
Fractal Design Focus 2 Black Solid FD-C-FOC2A-07,111
Fractal Design Focus G Black (Window Edition) FD-CA-FOCUS-BK-W,90
Fractal Design Focus G Blue (Window Edition) FD-CA-FOCUS-BU-W,90
Fractal Design Focus G Red (Window Edition) FD-CA-FOCUS-RD-W,90
Fractal Design Focus G White (Window Edition) FD-CA-FOCUS-WT-W,90
Fractal Design Focus Mini G Black (Window Edition) FD-CA-FOCUS-MINI-BKW,90
Fractal Design Node 804 FD-CA-NODE-804-BL-W,170
Fractal Design Node 304 FD-CA-NODE-304-BL,140
Fractal Design Node 202 FD-CA-NODE-202-BK,140
Fractal Design Core 500 FD-CA-CORE-500-BK,105
"Fractal Design ION SFX Gold 500W, Black, UK Cord FD-PSU-ION-SFX-500G-BK-UK",175
"Fractal Design ION SFX Gold 650W, Black, UK Cord FD-PSU-ION-SFX-650G-BK-UK",210
"Fractal Design ION+ 660P, 660W Fully Modular Power Supply FD-PSU-IONP-660P-BK-UK",205
Fractal Design ION Gold 750W Fully Modular Power Supply FD-P-IA2G-750-UK,180
Fractal Design ION Gold 850W Fully Modular Power Supply FD-P-IA2G-850-UK,200
Fractal Design Prisma AL-12 ARGB PWM Fan - Single Pack FD-FAN-PRI-AL12-PWM,35
Fractal Design Prisma AL-12 ARGB PWM Fan - Triple Pack FD-FAN-PRI-AL12-PWM-3P,90
Fractal Design Prisma AL-14 ARGB PWM Fan - Single Pack FD-FAN-PRI-AL14-PWM,40
Fractal Design Prisma AL-14 ARGB PWM Fan - Triple Pack FD-FAN-PRI-AL14-PWM-3P,99
Fractal Design Prisma AL-18 ARGB PWM Fan - Single Pack FD-FAN-PRI-AL18-PWM,70
Fractal Design Prisma AL-18 ARGB PWM Fan - Dual Pack FD-FAN-PRI-AL18-PWM-2P,115
Fractal Design Venturi HP-12 PWM Fan FD-FAN-VENT-HP12-PWM,33
Fractal Design Venturi HP-14 PWM Fan FD-FAN-VENT-HP14-PWM,39
Fractal Design Dynamic X2 GP-12 Fan (Black) FD-FAN-DYN-X2-GP12BK,22
Fractal Design Dynamic X2 GP-12 Fan (White) FD-FAN-DYN-X2-GP12WT,22
Fractal Design Dynamic X2 GP-14 Fan (Black) FD-FAN-DYN-X2-GP14BK,25
Fractal Design Dynamic X2 GP-14 Fan (White) FD-FAN-DYN-X2-GP14WT,25
"Fractal Design HDD Cage kit - Type B, Black FD-A-CAGE-001",22
Fractal Design USB-C 10Gbps Cable- Model D FD-A-USBC-001,18
"Fractal Design HDD Drive Tray Kit - Type B, Black, Dual pack FD-A-TRAY-001",22
SUUNTO VERTICAL TITANIUM,1229
SUUNTO VERTICAL,899
SUUNTO 9 PEAK PRO TITANIUM,849
SUUNTO 9 PEAK PRO,679
SUUNTO 9 PEAK TITANIUM,589
SUUNTO 9 PEAK,459
SUUNTO 5 PEAK,329
"Huawei AP362 Settled AP, Wi-Fi 6, indoor, Dual Radio(2.4G/5GHz), 2*2/2*2 MU-MIMO, 1*GE Base-T, internal smart antennas",359
"Huawei AP263 Wall-plate AP, Wi-Fi 6, indoor, Dual Radio(2.4G/5GHz), 2*2/2*2 MU-MIMO, 1*GE Base-T, 1*GE Base-T, BLE, USB, internal smart antennas",339
"Huawei AC650-128AP 10*GE ports, 2*10GE SFP+ ports, built-in 128 license",1849
"Huawei AC650-256AP 10*GE ports, 2*10GE SFP+ ports, built-in 256 license",2499
"Huawei S310-24P4S L2+ (static router), 24*10/100/1000BASE-T ports, 4*GE SFP ports, POE+(370W)",1339
"Huawei S310-24T4S L2+ (static route), 24*10/100/1000BASE-T ports, 4*GE SFP ports",739
"Huawei S310-48T4S L2+ (static route), 48*10/100/1000BASE-T ports, 4*GE SFP ports",1079
"Huawei S380-L4T1T 1*GE WAN, 4*GE LAN, up to 150 users, forwarding performance 2Gbps",559
"Huawei S380-L4P1T 1*GE WAN, 4*GE LAN(PoE+, 50W), up to 150 users, forwarding performance 2Gbps",909
"Huawei S380-S8T2T 2*GE WAN, 8*GE LAN, up to 250 users, forwarding performance 2Gbps",1039
"Huawei S380-S8P2T 2*GE WAN, 8*GE LAN(PoE+, 124W), up to 350 users, forwarding performance 2Gbps",1329
"Huawei S380-H8T3ST 2*GE WAN, 1*GE(SFP) WAN, 8*GE LAN, up to 500 users, forwarding performance 2Gbps",1299
"Huawei AR730 2*GE combo WAN, 1*10GE(SFP+) WAN, 8*GE LAN, 1*GE combo LAN, 2*USB, 2*SIC, up to 700 users, forwarding performance 4Gbps",3019
"Huawei AR720 2*GE combo WAN, 8*GE LAN, 2*USB, 2*SIC, up to 1200 users, forwarding performance 6Gbps",1429
"Huawei S110-8P2ST S110-8P2ST (8*10/100/1000BASE-T ports, PoE+, 1*GE SFP port, 1*10/100/1000BASE-T port, AC power, power adapter)",239
"Huawei S110-16LP2SR S110-16LP2SR (16*10/100/1000BASE-T ports, 2*GE SFP ports, PoE+, AC power)",369
"Huawei S110-24LP2SR S110-24LP2SR (24*10/100/1000BASE-T ports, 2*GE SFP ports, PoE+, AC power)",779
"Huawei S110-24T2SR S110-24T2SR (24*10/100/1000BASE-T ports, 2*GE SFP ports, AC power)",519
ARCTIC BioniX P120 A-RGB,38
Seagate FireCuda 530 SSD (NEW) 500GB,199
Seagate FireCuda 530 SSD (NEW) 1TB,349
Seagate FireCuda 530 SSD (NEW) 2TB,729
Seagate FireCuda 530 SSD (NEW) 4TB,1399
Seagate FireCuda 530 w/ Heat Sink 500GB,229
Seagate FireCuda 530 w/ Heat Sink 1TB,389
Seagate FireCuda 530 w/ Heat Sink 2TB,819
Seagate FireCuda 530 w/ Heat Sink 4TB,1499
Synology DS2419+ 12-bay DiskStation,2531
Synology DS2419+ll,2531
Synology DS3617xs 12-bay DiskStation,4015
Synology DS3617xsll,4015
Synology FS1018 12-bay FlashStation,2531
Synology RS217 2-bay RackStation,733
Synology RS819 4-bay RackStation,1070
Synology RS820+ 4-bay RackStation,1691
Synology RS820RP+ 4-bay RackStation,2159
Synology RS1619xs+ 4-bay RackStation,3244
Synology RS1219+ 8-bay RackStation,1707
Synology RS1221+ 8-bay RackStation,2066
Synology RS1221RP+ 8-bay RackStation,2817
Synology RS2418+ 12-bay RackStation,2732
Synology RS2418RP+ 12-bay RackStation,3587
Synology RS2421+ 12-bay RackStation,3193
Synology RS2421RP+ 12-bay RackStation,3946
Synology RS3618xs 12-bay RackStation,4186
Synology RS3617RPxs 12-bay RackStation,5211
Synology RS3617xs+ 12-bay RackStation,6662
Synology RS4021xs+ 16-bay RackStation,9399
Synology RS3621xs+ 12-bay RackStation,7518
Synology RS3621RPxs 12-bay RackStation,6013
Synology SA3400 12-bay RackStation,9961
Synology SA3600 12-bay RackStation,13156
Synology SA3200D 12-bay Dual Control,12216
Synology RS2818RP+ 16-bay RackStation,4271
Synology RS2821RP+,5637
Synology RS4017xs+ 16-bay RackStation,8372
Synology FS3600 24-bay 2.5’’ SAS/SATA,15036
Synology FS3400 24-bay 2.5’’ SAS/SATA,11276
Synology UC3200 12-bay Dual Controller,10337
Synology DX517 5-bay SATA expansion,767
Synology DX1215 12-bay SATA expansion,1787
"Pure Base 500 (BG034), ATX, Solid Si",94
"Pure Base 500 Window (BGW34), ATX, T",117
"Pure Base 500 Window (BGW35), ATX,",117
"Pure Base 500 Window (BGW36), ATX, T",117
"Pure Base 500 DX (BGW37), ATX, ARGB",150
"Pure Base 500 DX (BGW38), ATX, ARGB",150
"Pure Base 600 (BG021), ATX, Solid Si",117
"Pure Base 600 (BGW21), ATX, TG Panel",136
"Dark Base 700 WIndow (BGW23), ATX, T",260
"Silent Base 601 (BG026), ATX, Steel",153
"Silent Base 601 Window (BGW26), ATX,",171
"Silent Base 802 Window (BGW39), Mesh",267
"Silent Base 802 Window (BGW40), Mesh",267
"Dark Base 900 (BG0116), Full ATX, 8P",303
"Dark Base Pro 900 rev.2 TG (BGW15),",366
"Silent Loop 2 240 (BW010), ARGB Pump",192
"Silent Loop 2 280 (BW011), ARGB Pump",207
"Silent Loop 2 360 (BW012), ARGB Pump",235
"Pure Rock 2 (BK006), 4x6mm heatpipes",58
"Pure Rock 2 Black (BK007), 4x6mm hea",64
"Shadow Rock 3 (BK004), 190W TDP, 5x6",80
"Dark Rock 4 (BK021), 200W TDP, 6x6mm",109
"Dark Rock 4 Slim (BK024), 180W TDP,",96
"Dark Rock 4 PRO (BK022), 250W TDP, 7",158
"Dark Rock 4 PRO TR4 (BK023), 250W TD",139
"Dark Rock TF (BK020), 220W TDP, 6x6m",130
"Silent Wings 3 120mm PWM HS (BL070),",33
"Silent Wings 3 140mm PWM HS (BL071),",34
"Pure Wings 2 120mm PWM HS (BL081), 2",15
"Pure Wings 2 140mm PWM HS (BL083), 1",16
Jabra Pro 9400 Large Ear Cushions 5 pairs,16799
D-Link DGS-1210-10 8-Port Gigabit,159
D-Link DGS-1210-20 16-port UTP 10/,235
D-Link DGS-1210-26 24-port UTP 10/,265
D-Link DGS-1100-26MPPV2 MPPV2: 26-,862
D-Link DGS-1210-28 24-port UTP 10/,312
D-Link DES-F1006P-E 250M 4-Port 10,58
D-Link DGS-1210-52 48-port UTP 10/,626
D-Link DGS-1210-10P 8-port UTP 802,235
D-Link DES-F1010P-E 250M 8-Port 10,121
D-Link DES-F1018P-E 250M 1,308
D-Link DGS-1250-28X 24 Ports 10/10,452
D-Link DES-F1026P-E 250M 24-Port 1,379
D-Link DGS-F1005P-E 250M 4-Port Gi,65
D-Link DGS-1210-10MP 8-P,361
D-Link DES-F1018P-E 250M 16-Port G,330
D-Link DGS-1210-28U 80...,626
D-Link DGS-F1026P-E 250M 24-Port G,431
D-Link DGS-1210-10MP 8-P,361
D-Link DGS-1210-28P 24-port UTP 80,626
D-Link DGS-1210-28MP 24-port UTP 8,822
D-Link DGS-1210-52MP 48-port UTP 8,1175
D-Link DGS-1210-52MPP 48-port UTP,1488
D-Link DGS-1510-20 16-port UTP 10/,411
D-Link DGS-1510-28X 24-port UTP 10,579
D-Link DGS-1510-52X 48-port UTP 10,1195
D-Link DGS-1520-28 28-port Gigabit,942
D-Link DPS-520 Redundant Power Sup,589
D-Link DPS-800 Chassis of Redundan,112
D-Link DMS-1100-10TS • 8 x,707
D-Link DMS-1100-10TP • 8 x 100/1,942
D-Link DXS-1210-10TS 8-port UTP 10,1568
D-Link DXS-1210-12TC 8-port UTP 10,2053
D-Link DXS-1210-12SC 10-port 10G S,1792
D-Link DXS-1210-16TC 12-port UTP 1,2732
D-Link DXS-1210-28T 24 x 10G Base-,3847
D-Link DAP-X1810F WiFi 6 AX1800 In,133
D-Link DNH-100 Nuclias Connect Hub,202
D-Link DAP-X2810 Wireless AX1800 W,242
D-Link DAP-X2850 Wireless AX3600 W,410
D-Link DAP-2610 Wireless AC1300 Wa,101
D-Link DAP-2662 Wireless AC1200 Wa,124
D-Link DAP-2682 Wireless AC2300 Wa,156
D-Link DAP-2620 Wirless AC1200 Wav,134
D-Link DAP-3666 Wireless AC1200 Wa,446
D-Link DAP-1682F 3KM Outdoor Bridg,153
D-Link DAP-1683F 8KM Outdoor Bridg,199
MOUNTAIN Cable Organizer - MOOY Clingman,13
MOUNTAIN Everest Max / US / MX Brown / Black,399
MOUNTAIN Everest Max / US / MX Brown / Gray,399
MOUNTAIN Everest Max / US / MX Red / Black,399
MOUNTAIN Everest Max / US / MX Red / Gray,399
MOUNTAIN Makalu 67 Black Mouse,99
MOUNTAIN Makalu 67 White Mouse,99
MOUNTAIN Nunatak M Mousepad,24.9
MOUNTAIN Nunatak XL Mousepad,49.9
Nitro Concepts E250 Gaming Chair - Black,239
Nitro Concepts E250 Gaming Chair - Black / Blue,239
Nitro Concepts E250 Gaming Chair - Black / Red,239
Nitro Concepts E250 Gaming Chair - Black / White,239
Nitro Concepts S300 EX Gaming Chair - Carbon Black,339
Nitro Concepts S300 EX Gaming Chair - Inferno Red,339
Nitro Concepts S300 EX Gaming Chair - Radiant White,339
Nitro Concepts S300 EX Gaming Chair - Stealth Black,339
Nitro Concepts S300 Gaming Chair - black,309
Nitro Concepts S300 Gaming Chair - black/red,309
Nitro Concepts S300 Gaming Chair - black/white,309
"Noblechairs EPIC GAMING CHAIR, short gas lift - Mercedes-AMG Petronas Formula One Team - 2021Edition",559
Noblechairs EPIC Gaming Chair - black / black,369
Noblechairs EPIC Gaming Chair - black / blue,369
Noblechairs EPIC Gaming Chair - black / gold,369
Noblechairs EPIC Gaming Chair - black / red,369
Noblechairs EPIC Gaming Chair - white,369
"Noblechairs EPIC TX GAMING CHAIR, short gas lift - anthracite",389
Noblechairs HERO Gaming Chair - black,439
Noblechairs HERO Gaming Chair - black/blue,439
Noblechairs HERO Gaming Chair - black/gold,439
Noblechairs HERO Gaming Chair - black/platinum white,439
Noblechairs HERO Gaming Chair - black/red,439
Noblechairs HERO Gaming Chair -Black Edition,499
"Noblechairs HERO TX GAMING CHAIR, short gas lift - anthracite",459
Noblechairs ICON Gaming Chair - WHITE/BLACK,359
Noblechairs ICON Gaming Chair - black/blue,359
Noblechairs ICON Gaming Chair - black/platinum white,359
Noblechairs ICON Gaming Chair BLACK,359
Noblechairs ICON Gaming Chair BLACK/GOLD,359
Noblechairs ICON Gaming Chair BLACK/RED,359
DS-2CE16D0T-EXIF 2.8mm,43
DS-2CE76D0T-EXIMF 2.8mm,43
DS-2CE76D0T-ITPFS 2.8mm,58
DS-2CE16D0T-ITFS 2.8mm,70
DS-2CE16D0T-VFIR3F 2.8-12mm,120
DS-2CE56D0T-VFIR3F 2.8-12mm,120
DS-2CE5AD0T-VPIT3F 2.8-12mm,113
DS-2CE76H0T-ITPF 2.8mm,63
DS-2CE16H0T-ITF© 3.6mm,78
DS-2CE10DF0T-F 3.6mm,78
DS-2CE70DF0T-MF 3.6mm,78
DS-2CD1123G0E-I(L) 2.8mm,100
DS-2CD1023G0E-I(L) 2.8mm,100
DS-2CD1023G0-IUF © 2.8mm,135
DS-2CD1323G0-IUF © 2.8mm,135
DS-2CD1027G0-L 2.8mm,170
DS-2CD1327G0-L 2.8mm,170
DS-2CD1143G0-I 2.8mm,183
DS-2CD1043G0-I 2.8mm,188
DS-2CD2121G0-I 2.8mm,150
DS-2CD2021G1-I 2.8mm,150
DS-2CD2121G1-IDW1 2.8mm,150
DS-2CD2021G1-IDW1 2.8mm,150
DS-2CD2421G0-IW 2.8mm,168
DS-2CV2Q21FD-IW(B) 2.8mm,120
DS-2DE2A204IW-DE3© 2.8-12mm(S6),288
DS-2DE4215IW-DE(S5),688
iDS-7204HQHI-M1/S,170
iDS-7208HQHI-M1/S,255
iDS-7216HQHI-M1/S,475
iDS-7216HQHI-M2/S,500
iDS-7204HUHI-M1/S,263
iDS-7208HUHI-M1/S,445
DS-7604NI-Q1/4P,275
DS-7608NI-Q1/8P,370
DS-7616NI-Q2/16P,565
DS-K1T804BMF/BEF,188
DS-KIS603-P(B),500
DS-KH6320-WTE1,288
DS-KIS703-P,545
CS-C1C-F0-1E2WF C1C-B,78
CS-CV246-A0-1C2WFR (C6CN),75
CS-C6N-B0-1G2WF,80
CS-TY2-B0-1G2WF,75
CS-CV346-A0-7A3WFR,185
CS-C6W-A0-3H4WF,195
CS-C8C-A0-1F2WF,175
CS-C3W-A0-1F4WFL,195
CS-C3TN-A0-1H2WF,98
CS-BC1C-B0-2C2WPBDL,285
CS-CMT-Solar Panel-C,65
CS-DB2C-A0-1E3WPBR (DB2C Kit(With Chime),185
CS-DP2C-A0-6E2WPFBSDP2C,230
CS-CMT-Bracket-WallMount,10
G-DRIVE ARMORATD SPACE GREY 1TB USB-C SDPH81G-001T-GBAND 1TB,135
G-DRIVE ARMORATD SPACE GREY 2TB USB-C SDPH81G-002T-GBAND 2TB,165
G-DRIVE ARMORATD SPACE GREY 4TB USB-C SDPH81G-004T-GBAND 4TB,229
G-DRIVE ARMORATD SPACE GREY 5TB USB-C SDPH81G-005T-GBAND 5TB,279
G-DRIVE ARMORLOCK SSD 1TB USB-C (1000MB/s) SDPS41A-001T-SBANB 1TB,339
G-DRIVE ARMORLOCK SSD 2TB USB-C (1000MB/s) SDPS41A-002T-SBANB 2TB,599
G-DRIVE ARMORLOCK SSD 4TB USB-C (1000MB/s) SDPS41A-004T-SBANB 4TB,1199
G-DRIVE SSD 500GB USB-C (1000MB/s) SDPS11A-500G-GBANB 500GB,209
G-DRIVE SSD 1TB USB-C (1000MB/s) SDPS11A-001T-GBANB 1TB,329
G-DRIVE SSD 2TB USB-C (1000MB/s) SDPS11A-002T-GBANB 2TB,579
G-DRIVE SSD 4TB USB-C (1000MB/s) SDPS11A-004T-GBANB 4TB,1169
G-DRIVE PRO SSD 500GB THUNDERBOLT 3 (2800MB/s) SDPS51F-500G-GBANB 500GB,349
G-DRIVE PRO SSD 1TB THUNDERBOLT 3 (2800MB/s) SDPS51F-001T-GBANB 1TB,599
G-DRIVE PRO SSD 2TB THUNDERBOLT 3 (2800MB/s) SDPS51F-002T-GBANB 2TB,1169
G-DRIVE SPACE GREY 4TB USB-C SDPH91G-004T-SBAAD 4TB,289
G-DRIVE SPACE GREY 6TB USB-C SDPH91G-006T-SBAAD 6TB,339
G-DRIVE SPACE GREY 12TB USB-C SDPH91G-012T-SBAAD 12TB,649
G-DRIVE SPACE GREY 18TB USB-C SDPH91G-018T-SBAAD 18TB,868
G-DRIVE SPACE GREY 20TB USB-C SDPH91G-020T-SBAAD 20TB,1009
G-DRIVE PRO SPACE GREY 4TB THUNDERBOLT 3 + USB-C SDPH51J-004T-SBAAD 4TB,519
G-DRIVE PRO SPACE GREY 6TB THUNDERBOLT 3 + USB-C SDPH51J-006T-SBAAD 6TB,569
G-DRIVE PRO SPACE GREY 12TB THUNDERBOLT 3 + USB-C SDPH51J-012T-SBAAD 12TB,1019
G-DRIVE PRO SPACE GREY 18TB THUNDERBOLT 3 + USB-C SDPH51J-018T-SBAAD 18TB,1339
G-DRIVE PRO SPACE GREY 20TB THUNDERBOLT 3 + USB-C SDPH51J-020T-SBAAD 20TB,1499
G-RAID 2 SPACE GREY 8TB THUNDERBOLT 3 + USB-C SDPH62H-008T-SBAAD 8TB,989
G-RAID 2 SPACE GREY 12TB THUNDERBOLT 3 + USB-C SDPH62H-012T-SBAAD 12TB,1239
G-RAID 2 SPACE GREY 24TB THUNDERBOLT 3 + USB-C SDPH62H-024T-SBAAD 24TB,1899
G-RAID 2 SPACE GREY 36TB THUNDERBOLT 3 + USB-C SDPH62H-036T-SBAAD 36TB,2639
G-RAID 2 SPACE GREY 40TB THUNDERBOLT 3 + USB-C SDPH62H-040T-SBAAD 40TB,2799
G-RAID SHUTTLE 4 24TB THUNDERBOLT 3 + USB-C SDPH34H-024T-SBAAB 24TB,3399
G-RAID SHUTTLE 4 48TB THUNDERBOLT 3 + USB-C SDPH34H-048T-SBAAB 48TB,5679
G-RAID SHUTTLE 4 72TB THUNDERBOLT 3 + USB-C SDPH34H-072T-SBAAB 72TB,8099
G-RAID SHUTTLE 4 80TB THUNDERBOLT 3 + USB-C SDPH34H-080T-SBAAB 80TB,8459
G-RAID SHUTTLE SSD 8TB THUNDERBOLT 3 + USB-C SDPS24H-008T-SBAAB 8TB,7799
G-RAID SHUTTLE SSD 16TB THUNDERBOLT 3 + USB-C SDPS24H-016T-SBAAB 16TB,10999
G-RAID SHUTTLE SSD 32TB THUNDERBOLT 3 + USB-C SDPS24H-032T-SBAAB 32TB,16599
G-RAID SHUTTLE 8 48TB THUNDERBOLT 3 + USB-C SDPH48H-048T-SBAAB 48TB,6979
G-RAID SHUTTLE 8 96TB THUNDERBOLT 3 + USB-C SDPH48H-096T-SBAAB 96TB,11799
G-RAID SHUTTLE 8 144TB THUNDERBOLT 3 + USB-C SDPH48H-144T-SBAAB 144TB,16799
G-RAID SHUTTLE 8 160TB THUNDERBOLT 3 + USB-C SDPH48H-160T-SBAAB 160TB,17599
D-Link DXS-3610-54S-SE-LIC DXS-361,1962
D-Link DMC-1910T/E 1000Base-TX to,662
DIS-F2010PS-E 10-port Gigab,446
D-Link DPE-301GI 1-port Gigabit 802.3af PoE & 802.3at PoE+ Injector,36
D-Link DPS-500A Redundant Power Su,280
D-Link DGS-3630-52PC-EM-LIC DGS-36,893
D-Link DXS-3610-54T-SE-LIC DXS-361,1962
D-Link DGS-3630-52PC-SM-LIC DGS-36,1340
DPS-700 Redundant Power Sup,821
D-Link DMC-F02SC/E 100Base-TX to 1,69
D-Link DEM-CB100Q28 100G QSFP28 to,241
DPS-800 Chassis of Redundan,112
D-Link DMC-F15SC/E 100Base-TX to 1,78
DEM-CB100Q28 100G QSFP,284
D-Link DPS-CB150-2PS 150CM RPS cab,37
D-Link DMC-F20SC-BXD/E 100Base-TX,87
DGS-3130-30PS,2083
D-Link DMC-F20SC-BXU/E 100Base-TX,87
D-Link DXS-3400-24TC/EEI 20-port U,9060
DXS-5K-54S-DC-LIC Licens,2747
D-Link DMC-F30SC/E 100Base-TX to 1,87
DGS-3130-30S,1552
D-Link DQS-5000-32Q28 100G D,18841
D-Link DIS-F2020PS-E 20-port Gigab,776
D-Link DQS-5000-32S 40G Da,11776
D-Link DMC-F60SC/E 100Base-TX to 1,104
DGS-3130-30TS,1155
D-Link DQS-5000-54SQ28 25G Da,16486
NDR-240-48 DIN Rail Power S,157
D-Link DXS-3400-24TC/ESI 20-port U,8733
D-Link DMC-G01LC/E 10/100/1000Mbps,62
D-Link DXS-3400-24TC-SE-LIC DXS-34,328
D-Link DSR-250V2 Nuclias Connect D,314
DWM-312 4G LTE Industrial V,416
D-Link DSR-250V2-WCF-12-LIC Licens,114
D-Link DIS-200G-12PS 8-port UTP 80,1177
"D-Link DSR-500 4-port Gigabit LAN,",398
DWM-312W 4G LTE Industrial,469
D-Link DSR-500-WCF-12-LIC License,141
DWM-315 4G LTE Cat 6 Indust,469
D-Link DSR-500AC 4-port Gigabit LA,485
D-Link DIS-200G-12SW 10 x 10/100/1,1060
D-Link DSR-500AC-WCF-12-LIC Licens,141
D-Link DSR-1000 4-port Gigabit LAN,524
DIS-PWR40AC/M 40W power ada,69
D-Link DSR-1000-WCF-12-LIC License,141
DIS-PWR180AC/M,240
D-Link DSR-1000AC 4-port Gigabit L,542
DIS-200G-RPK180 Rack-mount,235
DGS-3630-28TC 20-port UTP 1,2184
D-Link DSR-1000AC-WCF-12-LIC Licen,141
DIS-RK200G Standard 19” rac,24
DGS-3630-28TC-SE-LIC DGS-36,146
DGS-3630-28TC-EM-LIC DGS-36,582
DIS-300G-8PSW 4 x 10/100/10,2418
DGS-3630-28TC-SM-LIC DGS-36,728
D-Link DMC-1000/E 19” Rackmount Me,575
DWM-550-G 5G NR Multi-Conne,1079
DMC-1001 Redundant Power Su,288
DECS-1Y D-Link Edge Cloud S,37
DGS-3630-28PC 20 PoE,2826
DECS-2Y D-Link Edge Cloud S,60
DGS-3630-28PC-SE-LIC DGS-36,248
DMC-300SC/E 10/100Base-TX (,106
DECS-3Y D-Link Edge Cloud S,88
DGS-3630-28PC-EM-LIC DGS-36,841
DEM-312GT2 1-port 1000Base-,277
DGS-3630-28PC-SM-LIC DGS-36,1091
DEM-314GT 1-port 1000Base-L,333
DIS-100G-5PSW (No Po,542
DEM-315GT 1-port 1000Base-T,370
DIS-100G-5SW 4-port,384
DGS-3630-28SC 20-ports Giga,2456
DEM-330R 1000Base-BX-U (Sim,80
"DIS-S301SX 1000BASE-SX, Mul",132
DGS-3630-28SC-SE-LIC DGS-36,165
DEM-330T 1000Base-BX-D (Sim,94
DIS-100G-5W 5-port,353
DGS-3630-28SC-EM-LIC DGS-36,692
DEM-331R 1000Base-BX-U (Sim,333
DIS-100G-8SW 6-port,542
DGS-3630-28SC-SM-LIC DGS-36,856
DEM-331T 1000Base-BX-D (Sim,370
"DIS-S310LX 1000BASE-LX, Sin",161
DGS-712 10/100/1000Base-T (,110
DIS-100G-8W 8-port,511
DGS-3630-52TC 44-port UTP 1,3459
DGS-3630-52TC-SE-LIC DGS-36,255
DGS-3630-52TC-EM-LIC DGS-36,1001
DEM-210 100BASE-FX (Duplex,92
DGS-3630-52TC-SM-LIC DGS-36,1256
DEM-211 100BASE-FX (Duplex,84
D-Link DFL-870M UTM Firewall,2041
DEM-220R 100BASE-BX-U (Simp,99
DGS-3630-52PC 44-port UTP 1,6032
DEM-220T 100Base-BX-D (Simp,106
DGS-3630-52PC-SE-LIC DGS-36,447
D-Link DPS-200A Redundant Power Su,224
ASUS IMPACT II AURA RGB GAMING MOUSE,69
ASUS TUF GAMING M3 RGB GAMING MOUSE,39
ASUS CERBERUS 2500DPI GAMING MOUSE,29
ASUS ROG BALTEUS QI WIRELESS CHARGING MOUSEMAT,209
ASUS ROG SCABBARD GAMING MOUSEMAT,79
ASUS ROG SHEATH GAMING MOUSEMAT,69
ASUS ROG STRIX SLICE MOUSEMAT,39
ASUS CERBERUS PAD XXL MOUSEMAT,49
ASUS CERBERUS PAD PLUS MOUSEMAT,29
ASUS CERBERUS PAD MINI RED MOUSEMAT,19
ASUS TUF GAMING P3 GAMING MOUSEMAT,29
ASUS ROG GAMING KEYCAP SET,59
ASUS ROG THETA 7.1 GAMING HEADSET,479
ROG STRIX GO 2.4GHZ GAMING HEADSET,319
ASUS ROG STRIX GO CORE - 3.5mm,159
ASUS ROG DELTA DAC TYPE-C RGB GAMING HEADSET,399
ASUS ROG DELTA S TYPE-C RGB GAMING HEADSET,399
ASUS ROG STRIX FUSION 500 7.1 GAMING HEADSET,359
ASUS ROG STRIX FUSION 300 7.1 GAMING HEADSET,209
ASUS ROG STRIX FUSION WIRELESS GAMING HEADSET,259
ASUS TUF GAMING H7 7.1 WIRELESS HEADSET,199
ASUS TUF GAMING H7 7.1 WIRELESS HEADSET,149
ASUS TUF GAMING H7 CORE (RED) HEADSET,129
ASUS TUF GAMING H3 7.1 GAMING HEADSET,69
ASUS TUF GAMING H3 7.1 GAMING HEADSET,69
ASUS ROG CETRA RGB GAMING EARPHONE,169
ASUS ROG CETRA GAMING EARPHONE,159
ASUS ROG CETRA CORE GAMING EARPHONE,89
ASUS ROG THRONE QI WIRELESS CHARGER (HEADSET STAND),219
ASUS AI NOISE-CANCELING MIC ADAPTER WITH USB-C TO 3.5MM,99
ROG STRIX SCOPE TKL EP/RD/US - X803,229
ASUS ROG STRIX IMPACT II EP - P512 MSE,79
ASUS ROG SHEATH EP - NC01 MOUSEMAT,79
ASUS ROG STRIX Go 2.4 EP HEADSET,319
ASUS ROG STRIX HELIOS GX 601 T.GLASS CASING,399
ASUS TUF GAMING CASE GT501 T.GLASS/RGB FANS,199
ASUS TUF GAMING CASE GT501VC,139
ASUS TUF GAMING CASE GT301/BLK/ARGB FAN,109
ASUS GR101 ROG Z11 CASE/BLK,399
ASUS ROG-THOR-1200W 80+PLATINUM OLED PSU,589
ASUS ROG-THOR-850W 80+PLATINUM OLED PSU,399
ASUS ROG-STRIX-1000G GOLD PSU,349
ASUS ROG-STRIX-850G-WHITE GOLD PSU,329
ASUS ROG-STRIX-850G-WHITE GOLD PSU,329
ASUS ROG-STRIX-750G Gold PSU,249
ASUS TUF-GAMING-750B 80+ BRONZE,179
ASUS TUF-GAMING-650B 80+ BRONZE,159
ASUS ROG RYUJIN 360 OLED AIO CPU COOLER,519
ASUS ROG RYUJIN 240 OLED AIO CPU COOLER,268
ASUS ROG STRIX LC 360 OLED AIO CPU COOLER,419
ASUS ROG STRIX LC 360 RGB WHITE EDITION,399
ASUS ROG STRIX LC 240 RGB WHITE EDITION,349
ASUS ROG RYUO 240 OLED AIO CPU COOLER,359
ASUS ROG RYUO 120 OLED AIO CPU COOLER,309
ASUS TUF GAMING LC 240 RGB,229
ASUS EXTERNAL 16X BLU-RAY ODD WRITER,199
ASUS EXTERNAL 6X BLU-RAY ODD WRITER,149
ASUS EXT 8X DVD WRITER W/7.1 SOUNDCARD,159
ASUS EXT 8X GOLD DVD WRITER W/TYPE-C,65
ASUS EXT 8X BLACK DVD WRITER W/TYPE-C,65
ASUS EXT 8X SILVER DVD WRITER W/TYPE-C,65
ASUS EXT 8X BLACK DVD WRITER M-DISC,59
ASUS EXT 8X SILVER DVD WRITER M-DISC,59
ASUS EXTERNAL 8X BLACK DVD WRITER,49
EPSON C13T974100 Black Large Ink Pack,495
EPSON C13T974200 Cyan Large Ink Pack,918
EPSON C13T974300 Magenta Large Ink Pack,918
EPSON C13T974400 Yellow Large Ink Pack,918
EPSON C11CH605024NTB1 1+4 years Coverplus for WF-C878R (with Option),1014
EPSON C11CH605022NTB1 1+2 years Coverplus for WF-C878R (with Option),479
EPSON C11CH355024NTB1 1+4 years Coverplus for WF-C879R (with Option),1165
EPSON C11CH355022NTB1 1+2 years Coverplus for WF-C879R (with Option),556
EPSON IC579R3N101 2+3 year Coverplus for WF-C579R,398
EPSON IC579R1N101 2+1 year Coverplus for WF-C579R,131
"EPSON WORKFORCE CARTRIDGE BLACK STANDARD CARTRIDGE WF-5621, WF-5111",90
"EPSON WORKFORCE CARTRIDGE CYAN STANDARD CARTRIDGE WF-5621, WF-5111",99
"EPSON WORKFORCE CARTRIDGE MAGENTA STANDARD CARTRIDGE WF-5621, WF-5111",99
"EPSON WORKFORCE CARTRIDGE YELLOW STANDARD CARTRIDGE WF-5621, WF-5111",99
EPSON MAINTENANCE BOX (WF-5621/WF-5111),36.5
EPSON BLACK STANDARD CARTRIDGE WF-6091,135
EPSON CYAN STANDARD CARTRIDGE WF-6091,105
EPSON MAGENTA STANDARD CARTRIDGE WF-6091,105
EPSON YELLOW STANDARD CARTRIDGE WF-6091,105
EPSON Replacement Pick Up Roller (Standard Cassette) WF-6091,55
EPSON Replacement Pick Up Roller (Optional Cassette) WF-6091,55
EPSON MAINTENANCE BOX (WF-6091),103
EPSON C12C932871 OPTIONAL CASSETTE (WF-C579R),383
EPSON C13T671600 MAINTENANCE BOX (WF-C579R),52
EPSON C12C932611 500-sheet Paper Cassette Unit (PCU),500
EPSON C12C934321 RIPS3 PRINTER STAND,253
EPSON C12C934361 WF-C879R Manual Stapler,440
EPSON C12C934471 EPSONNET 10/100/1000BASE TX INT - C879 only,455
EPSON C12C934491 SUPER G3 MULTI FAXBOARD - C879 only,1296
EPSON C12C934911 WF-C879R STAPLE CARTRIDGE - C879 only,58
EPSON C12C934921 WF-C879R Authentication Device Table - C879 only,41
EPSON C13S210048 Standard Cassette Maintenance Roller,68
EPSON C13S210049 Optional Cassette Maintenance Roller,68
EPSON C12C935941 MAINTENANCE ROLLER FOR PAPER CASSETTE,31
EPSON C12C935961 MAINTENANCE ROLLER FOR MAIN UNIT,27
EPSON C12C934471 EPSONNET 10/100/1000BASE TX INT.,455
EPSON C12C934491 SUPER G3 MULTI FAXBOARD,1296
EPSON C13T671400 MAINTENANCE BOX (WF-C878R/879R),121
EPSON C13S210048 Standard Cassette Maintenance Roller,68
EPSON C13S210049 Optional Cassette Maintenance Roller,68
EPSON C13T01D400 WF-579R Y/Large,201
EPSON C13T01D300 WF-579R M/Large,201
EPSON C13T01D200 WF-579R C/Large,201
EPSON C13T01D100 WF-579R BK/Large,591
EPSON C13T01C400 WF-579R Y/Standard,131
EPSON C13T01C300 WF-579R M/Standard,131
EPSON C13T01C200 WF-579R C/Standard,131
EPSON C13T01C100 WF-579R BK/Standard,302
"EPSON C13T05A100 Hopkins3, BK/Standard",131
"EPSON C13T05A200 Hopkins3, C/Standard",268
"EPSON C13T05A300 Hopkins3, M/Standard",268
"EPSON C13T05A400 Hopkins3, Y/Standard",268
"EPSON C13T05B100 Hopkins3, BK/Large",493
"EPSON C13T05B200 Hopkins3, C/Large",554
"EPSON C13T05B300 Hopkins3, M/Large",554
"EPSON C13T05B400 Hopkins3, Y/Large",554
EPSON C13T973100 Black Standard Ink Pack,144
EPSON C13T973200 Cyan Standard Ink Pack,268
EPSON C13T973300 Magenta Standard Ink Pack,268
EPSON C13T973400 Yellow Standard Ink Pack,268
Canon 3850C003 LV-X350 Compact Projector LCD Fixed Lens Lamp 3500 lumens XGA,999
Canon 3851C003 LV-WX370 Compact Projector LCD Fixed Lens Lamp 3700 lumens WXGA,1099
Canon 3852C003 LV-WU360 Compact Projector LCD Fixed Lens Lamp 3600 lumens WUXGA,1799
Canon 2136C003 XEED WUX500ST Compact Short-throw Full HD LCOS Projector,11000
Canon 3899C001 LV-LP43 LV-X350 / WX370 / WU360 Lamps,180
Canon 1907C001 LV-LP42 LV-X420 / HD420 Lamps,450
Canon 1035C001 LX-LP02 MW500 / MU500 Lamps,900
Canon 0953C001 LX-LP01 MU700 Lamps,2000
Canon 5322B001 LV-LP34 7490 / 8320 Lamps,280
Canon 5323B001 LV-LP35 7292 / 7290 / 7392 Lamps,180
Canon 5806B001 LV-LP36 8235UST Lamps,350
Canon 0030C001 LV-LP37 S300 / X300 Lamps,300
Canon 0031C001 LV-LP38 X300ST / X320 / X310ST Lamps,350
Canon 0119C001 LV-LP39 WX300 Lamps,300
Canon 0120C001 LV-LP40 WX300ST / WX320 / WX310ST Lamps,350
Canon 0740C001 LV-LP41 WX300UST / WX300USTi Lamps,400
Canon 2406C001 RS-LP12 WUX7500 / WUX6700 / WUX5800 Lamps,700
Canon 8377B001 RS-LP08 WX520 / WUX400ST / WUX450 / WX450ST / WUX500ST / WUX500 Lamps,550
Canon 9963B001 RS-LP09 WUX6000/WUX6010 Lamps,550
Canon 2141C001 RS-LP11 WUX6500 Lamps,900
CANON SCANNER LiDE 300 ASA 2995C012AA,149
CANON SCANNER LiDE 400 ASA 2996C012AA,189
CANON SCANNER P-215 II 9705B002,459
CANON SCANNER DR-F120 9017B003,689
CANON IMAGEFORMULA 3258C003AD DR-C225 II,1562
CANON IMAGEFORMULA 0651C003AF DR-C240,2095
CANON IMAGEFORMULA 4044C003AC DR-S150,2625
CANON IMAGEFORMULA 2405C003AE DR-M260,3474
CANON IMAGEFORMULA 1255C003AF ScanFront 400,8415
CANON IMAGEFORMULA 4624B003AJ DR-6030C,8800
CANON IMAGEFORMULA 3150C003AC DR-G2110,13788
CANON IMAGEFORMULA 3149C003AC DR-G2140,19310
CANON IMAGEFORMULA 2152C003AB !A4 size Flatbed Unit 102 (FSU 102),1080
Apple AirTag Loop - White MX4F2FE/A,45
Apple AirTag (1 Pack) MX532ZP/A,45
Apple AirTag Loop - Pink Citrus MLYY3FE/A,45
Apple AirTag FineWoven Key Ring - Black Black,55
Apple AirTag FineWoven Key Ring - Mulberry Mulberry,55
Apple AirTag FineWoven Key Ring - Pacific Blue Pacific Blue,55
Apple AirTag FineWoven Key Ring - Taupe Taupe,55
Apple AirTag FineWoven Key Ring - Coral Coral,55
Apple AirTag (4 Pack) MX542ZP/A,149
Apple iPhone 12 mini Silicone Case with MagSafe - Deep Navy Deep Navy,75
Apple iPhone 12 mini Silicone Case with MagSafe - White White,75
Apple iPhone 12 mini Silicone Case with MagSafe - (PRODUCT)RED (PRODUCT)RED,75
Apple iPhone 12 mini Silicone Case with MagSafe - Black Black,75
Apple iPhone 12 | 12 Pro Silicone Case with MagSafe - Deep Navy Deep Navy,75
Apple iPhone 12 | 12 Pro Silicone Case with MagSafe - White White,75
Apple iPhone 12 | 12 Pro Silicone Case with MagSafe - (PRODUCT)RED (PRODUCT)RED,75
Apple iPhone 12 | 12 Pro Silicone Case with MagSafe - Black Black,75
Apple iPhone 12 | 12 Pro Silicone Case with MagSafe - Silky Case Silky Case,75
Apple iPhone 14 Pro Max Silicone Case with MagSafe - Black Black,75
Apple iPhone 14 Pro Max Silicone Case with MagSafe - Olive Olive,75
Apple iPhone 15 Pro Max FineWoven Case with MagSafe - Taupe Taupe,89
Apple iPhone 12 mini Clear Case with MagSafe Clear,75
Apple iPhone 14 Pro Max Silicone Case with MagSafe - Taupe Taupe,75
Apple iPhone 15 Pro Max FineWoven Case with MagSafe - Mulberry Mulberry,89
Apple iPhone 12 | 12 Pro Clear Case with MagSafe Clear,75
Apple iPhone 14 Pro Max Silicone Case with MagSafe - Sky Sky,75
Apple iPhone 15 Pro Max FineWoven Case with MagSafe - Taupe Taupe,89
Apple iPhone 12 | 12 Pro Clear Case with MagSafe Clear,75
Apple iPhone 14 Pro Max Silicone Case with MagSafe - Mulberry Mulberry,75
Apple iPhone 15 Pro Max FineWoven Case with MagSafe - Mulberry Mulberry,89
Apple iPhone 13 mini Silicone Case with MagSafe - Chalk Pink Chalk Pink,75
Apple iPhone 15 Pro Max FineWoven Case with MagSafe - Iris Iris,89
Apple iPhone 13 mini Silicone Case with MagSafe - Abyss Blue Abyss Blue,75
Apple iPhone 15 Silicone Case with MagSafe - Black Black,75
Apple iPhone 13 mini Silicone Case with MagSafe - Midnight Midnight,75
Apple iPhone 15 Silicone Case with MagSafe - Storm Blue Storm Blue,75
Apple iPhone 13 mini Silicone Case with MagSafe - (PRODUCT)RED (PRODUCT)RED,75
Apple iPhone 15 Silicone Case with MagSafe - Clay Clay,75
Apple iPhone 13 Silicone Case with MagSafe - Chalk Pink Chalk Pink,75
Apple iPhone 15 Silicone Case with MagSafe - Light Pink Light Pink,75
Apple iPhone 13 Silicone Case with MagSafe - Guava Guava,75
Apple iPhone 15 Silicone Case with MagSafe - Orange Sorbet Orange Sorbet,75
Apple iPhone 13 Silicone Case with MagSafe - Abyss Blue Abyss Blue,75
Apple iPhone 11 Pro Silicone Case - Pomegranate Pomegranate,59.55
Apple iPhone 13 Silicone Case with MagSafe - Midnight Midnight,75
Apple iPhone 11 Pro Silicone Case - Beryl Beryl,59.55
Apple iPhone 13 Silicone Case with MagSafe - (PRODUCT)RED (PRODUCT)RED,75
Apple iPhone 11 Pro Max Silicone Case - Beryl Beryl,59.55
Apple iPhone 13 Pro Silicone Case with MagSafe - Chalk Pink Chalk Pink,75
Apple Smart Cover for iPad (9th generation) - Black Black,75.7
Apple iPhone 13 Pro Silicone Case with MagSafe - Abyss Blue Abyss Blue,75
Apple Smart Folio for iPad Air (5th generation) - White White,120.1
Apple iPhone 13 Pro Silicone Case with MagSafe - Midnight Midnight,75
Apple Smart Folio for iPad Air (5th generation) - Black Black,120.1
Apple iPhone 13 Pro Silicone Case with MagSafe - (PRODUCT)RED (PRODUCT)RED,75
Apple Smart Folio for iPad Pro 11-inch (4th generation) - Black Black,120.1
Apple iPhone 13 Pro Max Silicone Case with MagSafe - Chalk Pink Chalk Pink,75
Apple Smart Folio for iPad Pro 11-inch (4th generation) - White White,120.1
Apple iPhone 13 Pro Max Silicone Case with MagSafe - Abyss Blue Abyss Blue,75
Apple Smart Folio for iPad Pro 12.9-inch (6th generation) - Black Black,150.35
Apple iPhone 13 Pro Max Silicone Case with MagSafe - Midnight Midnight,75
Apple Smart Folio for iPad Pro 12.9-inch (6th generation) - White White,150.35
Apple iPhone 13 Pro Max Silicone Case with MagSafe - (PRODUCT)RED (PRODUCT)RED,75
Apple Smart Folio for iPad mini (6th generation) - Black Black,89.8
Apple iPhone 13 mini Clear Case with MagSafe Clear,75
Apple Smart Folio for iPad mini (6th generation) - White White,89.8
Apple iPhone 13 Clear Case with MagSafe Clear,75
Apple Smart Folio for iPad mini (6th generation) - Electric Orange Electric Orange,89.8
Apple iPhone 13 Pro Clear Case with MagSafe Clear,75
Apple Smart Folio for iPad mini (6th generation) - Dark Cherry Dark Cherry,89.8
Apple iPhone 13 Pro Max Clear Case with MagSafe Clear,75
Apple Smart Folio for iPad mini (6th generation) - English Lavender English Lavender,89.8
Apple iPhone 13 mini Silicone Case with MagSafe - Pink Pomelo Pink Pomelo,75
Apple Smart Cover for iPad (9th generation) - English Lavender English Lavender,75.7
Apple iPhone 13 mini Silicone Case with MagSafe - Clover Clover,75
Apple iPhone SE Silicone Case - Midnight Midnight,49.45
Apple iPhone 13 Silicone Case with MagSafe - Pink Pomelo Pink Pomelo,75
Apple iPhone SE Silicone Case - Abyss Blue Abyss Blue,49.45
Apple iPhone 14 Silicone Case with MagSafe - Midnight Midnight,75
Apple iPhone SE Silicone Case - Chalk Pink Chalk Pink,49.45
Apple iPhone 14 Plus Silicone Case with MagSafe - Midnight Midnight,75
Apple iPhone SE Silicone Case - (PRODUCT)RED (PRODUCT)RED,49.45
Apple iPhone 14 Pro Silicone Case with MagSafe - Midnight Midnight,75
Apple Smart Folio for iPad Air (5th generation) - Dark Cherry Dark Cherry,120.1
Apple iPhone 14 Pro Max Silicone Case with MagSafe - Midnight Midnight,75
Apple Smart Folio for iPad Air (5th generation) - English Lavender English Lavender,120.1
Apple iPhone 14 Clear Case with MagSafe Clear,75
Apple Smart Folio for iPad Air (5th generation) - Marine Blue Marine Blue,120.1
Apple iPhone 14 Plus Clear Case with MagSafe Clear,75
Apple Smart Folio for iPad (10th generation) - White White,120.1
Apple iPhone 14 Pro Clear Case with MagSafe Clear,75
Apple Smart Folio for iPad (10th generation) - Lemonade Lemonade,120.1
Apple iPhone 14 Pro Max Clear Case with MagSafe Clear,75
Apple Smart Folio for iPad (10th generation) - Watermelon Watermelon,120.1
Apple iPhone 14 Silicone Case with MagSafe - Storm Blue Storm Blue,75
Apple Smart Folio for iPad (10th generation) - Sky Sky,120.1
Apple iPhone 14 Silicone Case with MagSafe - (PRODUCT)RED (PRODUCT)RED,75
Apple Smart Folio for iPad Pro 11-inch (4th generation) - Marine Blue Marine Blue,120.1
Apple iPhone 14 Silicone Case with MagSafe - Chalk Pink Chalk Pink,75
Apple Smart Folio for iPad Pro 12.9-inch (6th generation) - Marine Blue Marine Blue,150.35
Apple iPhone 14 Plus Silicone Case with MagSafe - Storm Blue Storm Blue,75
Apple Apple Pencil Tips - 4 pack MLUN2FE/A,29.25
Apple iPhone 14 Plus Silicone Case with MagSafe - (PRODUCT)RED (PRODUCT)RED,75
Apple Apple Pencil (2nd Generation) MU8F2ZA/A,200.85
Apple iPhone 14 Plus Silicone Case with MagSafe - Chalk Pink Chalk Pink,75
Apple Apple Pencil (1st Generation) MQLY3ZA/A,150.35
Apple iPhone 14 Pro Silicone Case with MagSafe - Storm Blue Storm Blue,75
Apple USB-C to Apple Pencil Adapter MQLU3ZA/A,15.1
Apple iPhone 14 Pro Silicone Case with MagSafe - (PRODUCT)RED (PRODUCT)RED,75
Apple Apple Pencil (USB-C) MUWA3ZA/A,119
Apple iPhone 14 Pro Silicone Case with MagSafe - Chalk Pink Chalk Pink,75
Apple Radeon Pro Vega II MPX Module MW672ZA/A,3300
Apple iPhone 14 Pro Max Silicone Case with MagSafe - Storm Blue Storm Blue,75
Apple Radeon Pro Vega II Duo MPX Module MW732ZA/A,6600
Apple iPhone 14 Pro Max Silicone Case with MagSafe - (PRODUCT)RED (PRODUCT)RED,75
Apple VESA Mount Adapter MWUF2ZA/A,281.6
Apple iPhone 14 Pro Max Silicone Case with MagSafe - Chalk Pink Chalk Pink,75
Apple Pro Stand MWUG2ZA/A,1412.05
Apple iPhone 14 Silicone Case with MagSafe - Canary Yellow Canary Yellow,75
Apple Pro Display XDR - Standard glass MWPE2ZP/A,7367.2
Apple iPhone 14 Silicone Case with MagSafe - Olive Olive,75
Apple Pro Display XDR - Nano-texture glass MWPF2ZP/A,8780.25
Apple iPhone 14 Silicone Case with MagSafe - Sky Sky,75
Apple Apple Studio Display - Standard Glass - Tilt- and Height-Adjustable Stand MK0Q3ZP/A,2926.05
Apple iPhone 14 Silicone Case with MagSafe - Iris Iris,75
Apple Apple Studio Display - Standard Glass - Tilt-Adjustable Stand MK0U3ZP/A,2320.45
Apple iPhone 14 Plus Silicone Case with MagSafe - Canary Yellow Canary Yellow,75
Apple Apple Studio Display - Standard Glass - VESA Mount Adapter VESA Mount Adapter,2320.45
Apple iPhone 14 Plus Silicone Case with MagSafe - Olive Olive,75
Apple Apple Studio Display - Nano-Texture Glass - Tilt- and Height-Adjustable Stand MMYV3ZP/A,3329.8
Apple iPhone 14 Plus Silicone Case with MagSafe - Sky Sky,75
Apple Apple Studio Display - Nano-Texture Glass - Tilt-Adjustable Stand MMYW3ZP/A,2724.2
Apple iPhone 14 Plus Silicone Case with MagSafe - Iris Iris,75
Apple Apple Studio Display - Nano-Texture Glass - VESA Mount Adapter VESA Mount Adapter,2724.2
Apple iPhone 14 Pro Silicone Case with MagSafe - Canary Yellow Canary Yellow,75
Apple EarPods with Lightning Connector MMTN2FE/A,29
Apple iPhone 14 Pro Silicone Case with MagSafe - Olive Olive,75
Apple EarPods (USB-C) MTJY3FE/A,29
Apple iPhone 14 Pro Silicone Case with MagSafe - Sky Sky,75
Apple iPhone 14 Pro Silicone Case with MagSafe - Iris Iris,75
Apple iPhone 14 Pro Max Silicone Case with MagSafe - Canary Yellow Canary Yellow,75
Apple iPhone 14 Pro Max Silicone Case with MagSafe - Olive Olive,75
Apple iPhone 14 Pro Max Silicone Case with MagSafe - Sky Sky,75
Apple iPhone 14 Pro Max Silicone Case with MagSafe - Iris Iris,75
Apple iPhone 14 Pro Max Silicone Case with MagSafe - Evergreen Evergreen,75
Apple iPhone 15 Pro Silicone Case with MagSafe - Black Black,75
Apple iPhone 15 Pro Silicone Case with MagSafe - Storm Blue Storm Blue,75
Apple iPhone 15 Pro Silicone Case with MagSafe - Clay Clay,75
Apple iPhone 15 Pro Silicone Case with MagSafe - Light Pink Light Pink,75
Apple iPhone 15 Pro Silicone Case with MagSafe - Guava Guava,75
Apple iPhone 15 Pro Silicone Case with MagSafe - Orange Sorbet Orange Sorbet,75
Apple iPhone 15 Pro Silicone Case with MagSafe - Cypress Cypress,75
Apple iPhone 15 Pro Silicone Case with MagSafe - Winter Blue Winter Blue,75
Apple iPhone 15 Pro Max Silicone Case with MagSafe - Black Black,75
Apple iPhone 15 Pro Max Silicone Case with MagSafe - Storm Blue Storm Blue,75
Apple iPhone 15 Pro Max Silicone Case with MagSafe - Clay Clay,75
Apple iPhone 15 Pro Max Silicone Case with MagSafe - Light Pink Light Pink,75
Apple iPhone 15 Pro Max Silicone Case with MagSafe - Guava Guava,75
Apple iPhone 15 Pro Max Silicone Case with MagSafe - Orange Sorbet Orange Sorbet,75
Apple iPhone 15 Pro Max Silicone Case with MagSafe - Cypress Cypress,75
Apple iPhone 15 Pro Max Silicone Case with MagSafe - Winter Blue Winter Blue,75
Apple iPhone 15 Clear Case with MagSafe Clear,75
Apple iPhone 15 Plus Clear Case with MagSafe Clear,75
Apple iPhone 15 Pro Clear Case with MagSafe Clear,75
Apple iPhone 15 Pro Max Clear Case with MagSafe Clear,75
Apple iPhone FineWoven Wallet with MagSafe - Taupe Taupe,89
Apple iPhone FineWoven Wallet with MagSafe - Mulberry Mulberry,89
Apple iPhone FineWoven Wallet with MagSafe - Pacific Blue Pacific Blue,89
Apple iPhone FineWoven Wallet with MagSafe - Evergreen Evergreen,89
Apple iPhone FineWoven Wallet with MagSafe - Black Black,89
Apple iPhone 15 FineWoven Case with MagSafe - Black Black,89
Apple iPhone 15 FineWoven Case with MagSafe - Taupe Taupe,89
Apple iPhone 15 FineWoven Case with MagSafe - Mulberry Mulberry,89
Apple iPhone 15 FineWoven Case with MagSafe - Pacific Blue Pacific Blue,89
Apple iPhone 15 FineWoven Case with MagSafe - Evergreen Evergreen,89
Apple iPhone 15 Plus FineWoven Case with MagSafe - Black Black,89
Apple iPhone 15 Plus FineWoven Case with MagSafe - Taupe Taupe,89
Apple iPhone 15 Plus FineWoven Case with MagSafe - Mulberry Mulberry,89
Apple iPhone 15 Plus FineWoven Case with MagSafe - Pacific Blue Pacific Blue,89
Apple iPhone 15 Plus FineWoven Case with MagSafe - Evergreen Evergreen,89
Apple iPhone 15 Pro FineWoven Case with MagSafe - Black Black,89
Apple iPhone 15 Pro FineWoven Case with MagSafe - Taupe Taupe,89
Apple iPhone 15 Pro FineWoven Case with MagSafe - Mulberry Mulberry,89
Apple iPhone 15 Pro FineWoven Case with MagSafe - Pacific Blue Pacific Blue,89
Apple iPhone 15 Pro FineWoven Case with MagSafe - Evergreen Evergreen,89
Apple USB-C to Lightning Adapter MUQX3ZA/A,362.35
Apple USB-C to Lightning Adapter MUQX3ZA/A,453.15
Apple EarPods with 3.5mm Headphone Plug MNHF2FE/A UPC 190198107046,29.25
Apple Magic Keyboard for iPad Pro 11-inch (4th generation) and iPad Air (5th generation) UPC 195949122866,45
Apple Wireless Charging Case for AirPods - Chinese (Pinyin) - White MJQJ3CV/A UPC MR8U2ZA/A UPC 190198659514,120.1
Apple AirPods (2nd generation) MV7N2ZA/A UPC 190199098558,200.85
Apple Lightning to 3.5mm Audio Cable (1.2m) - Black MR2C2FE/A UPC 190198616432,49
Apple AirPods Max - Space Gray MGYH3ZA/A UPC 194252085165,806.45
Apple AirPods Max - Silver MGYJ3ZA/A UPC 194252085295,806.45
Apple AirPods Max - Sky Blue MGYL3ZA/A UPC 194252085554,806.45
Apple AirPods Max - Pink MGYM3ZA/A UPC 194252085684,806.45
Apple AirPods Max - Green MGYN3ZA/A UPC 194252085813,806.45
Apple AirPods (3rd generation) with MagSafe Charging Case MME73ZA/A UPC 194252818503,271.5
Apple AirPods (3rd generation) with Lightning Charging Case MPNY3ZA/A UPC 194253324157,261.4
Apple Radeon Pro Vega II MPX Module MW672ZA/A UPC 190199184169,3300
Apple Apple Afterburner Card MW682ZA/A UPC 190199184213,3028
Apple Radeon Pro Vega II Duo MPX Module MW732ZA/A UPC 190199184060,6600
Apple 16GB (2x8GB) DDR4 ECC Memory Kit MX1G2G/A UPC 190199288935,605.6
Apple 32GB (2x16GB) DDR4 ECC Memory Kit MX1H2G/A UPC 190199288942,1200
Apple 64GB (2x32GB) DDR4 ECC Memory Kit MX1J2G/A UPC 190199288959,1800
Apple 128GB (2x64GB) DDR4 ECC Memory Kit MX1K2G/A UPC 190199288966,4200
Apple 256GB (2x128GB) DDR4 ECC Memory Kit MX8G2G/A UPC 194252067048,9000
Apple Apple Mac Pro Wheels Kit MX572FE/A UPC 190199319455,1008.3
Apple Apple Mac Pro Feet Kit MXNM2FE/A UPC 190199565357,402.7
Apple Radeon Pro W5700X MPX Module MW662ZA/A UPC 190199184114,1500
Apple 1TB SSD Kit for Mac Pro MXNN2FE/A UPC 190199565401,900
Apple 2TB SSD Kit for Mac Pro MXNP2FE/A UPC 190199565470,1500
Apple 4TB SSD Kit for Mac Pro MXNQ2FE/A UPC 190199565548,2400
Apple 8TB SSD Kit for Mac Pro MXNR2FE/A UPC 190199565616,4200
Apple Radeon Pro W5500X MPX Module MXM52ZA/A UPC 190199535558,900
Apple Radeon Pro W6800X MPX Module MJ073ZA/A UPC 194252243824,4200
Apple Polishing Cloth MM6F3ZA/A UPC 194252788905,29.25
Apple Radeon Pro W6600X MPX Module MKGY3ZA/A UPC 194252554012,1050
Apple Apple 2TB SSD Upgrade Kit for Mac Pro MR393FE/A UPC 195949013515,1500
Apple Apple 4TB SSD Upgrade Kit for Mac Pro MR3A3FE/A UPC 195949013577,2400
Apple Apple 8TB SSD Upgrade Kit for Mac Pro MR3C3FE/A UPC 195949013638,4200
Apple Magic Keyboard with Numeric Keypad - US English - Silver MQ052ZA/A UPC 190198383587,170.55
Apple Smart Keyboard for iPad (9th generation) - US English MX3L2ZA/A UPC 190199307223,251.3
Apple Smart Keyboard Folio for iPad Pro 11-inch (4th generation) and iPad Air (5th generation)– US English MXNK2ZA/A UPC 190199568662,281.6
Apple Smart Keyboard Folio for 12.9-inch iPad Pro (6th generation) - US English MXNL2ZA/A UPC 190199569249,301.75
Apple Magic Keyboard for iPad Pro 11-inch (4th generation) and iPad Air (5th generation) - US English - Black MXQT2ZA/A UPC 190199600171,453.15
Apple Smart Keyboard for iPad (9th generation) - British English MX3L2BX/A UPC 190199306714,251.3
Apple Smart Keyboard for iPad (9th generation) - Chinese (Pinyin) MX3L2CV/A UPC 190199306813,251.3
Apple Smart Keyboard for iPad (9th generation) - Japanese MX3L2JX/A UPC 190199306936,251.3
Apple Smart Keyboard for iPad (9th generation) - Chinese (Zhuyin) MX3L2MO/A UPC 190199307025,251.3
Apple Smart Keyboard Folio for iPad Pro 11-inch (4th generation) and iPad Air (5th generation) — British English MXNK2BX/A UPC 190199568150,281.6
Apple Smart Keyboard Folio for iPad Pro 11-inch (4th generation) and iPad Air (5th generation) — Chinese (Pinyin) MXNK2CV/A UPC 190199568259,281.6
Apple Smart Keyboard Folio for iPad Pro 11-inch (4th generation) and iPad Air (5th generation) — Japanese MXNK2JX/A UPC 190199568372,281.6
Apple Smart Keyboard Folio for iPad Pro 11-inch (4th generation) and iPad Air (5th generation) - Chinese (Zhuyin) MXNK2MO/A UPC 190199568464,281.6
Apple Magic Keyboard for iPad Pro 11-inch (4th generation) and iPad Air (5th generation) - British English - Black MXQT2BX/A UPC 190199599666,453.15
Apple Magic Keyboard for iPad Pro 11-inch (4th generation) and iPad Air (5th generation) - Chinese (Pinyin) - Black MXQT2CV/A UPC 190199599765,453.15
Apple Magic Keyboard for iPad Pro 11-inch (4th generation) and iPad Air (5th generation) - Japanese - Black MXQT2JX/A UPC 190199599888,453.15
Apple Magic Keyboard for iPad Pro 11-inch (4th generation) and iPad Air (5th generation) - Chinese (Zhuyin) - Black MXQT2MO/A UPC 190199599970,453.15
Apple Magic Keyboard for iPad Pro 11-inch (4th generation) and iPad Air (5th generation) - US English - White MJQJ3ZA/A UPC 194252439289,453.15
Apple Magic Keyboard for iPad Pro 12.9-inch (6th Generation) - US English - White MJQL3ZA/A UPC 194252433751,533.9
Apple Magic Keyboard for iPad Pro 11-inch (4th generation) and iPad Air (5th generation) - British English - White MJQJ3BX/A UPC 194252438756,453.15
Apple Magic Keyboard for iPad Pro 11-inch (4th generation) and iPad Air (5th generation) - Japanese - White MJQJ3JX/A UPC 194252438992,453.15
Apple Magic Keyboard for iPad Pro 11-inch (4th generation) and iPad Air (5th generation) - Chinese (Zhuyin) - White MJQJ3MO/A UPC 194252439081,453.15
Apple Magic Keyboard for iPad Pro 12.9-inch (6th Generation) - British English - Black MJQK3BX/A UPC 194252432624,533.9
Apple Magic Keyboard for iPad Pro 12.9-inch (6th Generation) - Chinese (Pinyin) - Black MJQK3CV/A UPC 194252432730,533.9
Apple Magic Keyboard for iPad Pro 12.9-inch (6th Generation) - US English - Black MJQK3ZA/A UPC 194252433157,533.9
Apple Magic Keyboard for iPad Pro 12.9-inch (6th Generation) - Japanese - Black MJQK3JX/A UPC 194252432860,533.9
Apple Magic Keyboard for iPad Pro 12.9-inch (6th Generation) - Chinese (Zhuyin) - Black MJQK3MO/A UPC 194252432952,533.9
Apple Magic Keyboard for iPad Pro 12.9-inch (6th Generation) - British English - White MJQL3BX/A UPC 194252433225,533.9
Apple Magic Keyboard for iPad Pro 12.9-inch (6th Generation) - Chinese (Pinyin) - White MJQL3CV/A UPC 194252433331,533.9
Apple Magic Keyboard for iPad Pro 12.9-inch (6th Generation) - Japanese - White MJQL3JX/A UPC 194252433461,533.9
Apple Magic Keyboard for iPad Pro 12.9-inch (6th Generation) - Chinese (Zhuyin) - White MJQL3MO/A UPC 194252433553,533.9
Apple Magic Keyboard - US English MK2A3ZA/A UPC 194252543672,130.2
Apple Magic Keyboard with Touch ID and Numeric Keypad for Mac computers with Apple silicon - US English MK2C3ZA/A UPC 194252544341,241.2
Apple Magic Trackpad MK2D3ZA/A UPC 194252542484,170.55
Apple Magic Mouse MK2E3ZA/A UPC 194252542361,99.9
Apple Magic Keyboard with Touch ID for Mac computers with Apple silicon - US English MK293ZA/A UPC 194252543016,200.85
Apple Magic Keyboard with Touch ID for Mac computers with Apple silicon - British English MK293BX/A UPC 194252543023,200.85
Apple Magic Keyboard with Touch ID for Mac computers with Apple silicon - Chinese (Pinyin) MK293CV/A UPC 194252543030,200.85
Apple Magic Keyboard with Touch ID for Mac computers with Apple silicon - Japanese MK293JX/A UPC 194252542972,200.85
Apple Magic Keyboard with Touch ID for Mac computers with Apple silicon - Chinese (Zhuyin) MK293MO/A UPC 194252543122,200.85
Apple Magic Keyboard - British English MK2A3BX/A UPC 194252543689,130.2
Apple Magic Keyboard - Chinese (Pinyin) MK2A3CV/A UPC 194252543696,130.2
Apple Magic Keyboard - Japanese MK2A3JX/A UPC 194252543634,130.2
Apple Magic Keyboard - Chinese (Zhuyin) MK2A3MO/A UPC 194252543788,130.2
Apple Magic Keyboard with Touch ID and Numeric Keypad for Mac computers with Apple silicon - British English MK2C3BX/A UPC 194252544358,241.2
Apple Magic Keyboard with Touch ID and Numeric Keypad for Mac computers with Apple silicon - Chinese (PinYin) MK2C3CV/A UPC 194252544365,241.2
Apple Magic Keyboard with Touch ID and Numeric Keypad for Mac computers with Apple silicon - Japanese MK2C3JX/A UPC 194252544303,241.2
Apple Magic Keyboard with Touch ID and Numeric Keypad for Mac computers with Apple silicon - Chinese (Zhuyin) MK2C3MO/A UPC 194252544457,241.2
Apple Magic Trackpad - Black Multi-Touch Surface MMMP3ZA/A UPC 194252840368,200.85
Apple Magic Mouse - Black Multi-Touch Surface MMMQ3ZA/A UPC 194252917916,130.2
Apple Magic Keyboard with Touch ID and Numeric Keypad for Mac models with Apple silicon - US English - Black Keys MMMR3ZA/A UPC 194252987476,271.5
Apple Magic Keyboard with Touch ID and Numeric Keypad for Mac models with Apple silicon - British English - Black Keys MMMR3BX/A UPC 194252986882,271.5
Apple Magic Keyboard with Touch ID and Numeric Keypad for Mac models with Apple silicon - Chinese (PinYin) - Black Keys MMMR3CV/A UPC 194252987001,271.5
Apple Magic Keyboard with Touch ID and Numeric Keypad for Mac models with Apple silicon - Japanese - Black Keys MMMR3JX/A UPC 194252987148,271.5
Apple Magic Keyboard with Touch ID and Numeric Keypad for Mac models with Apple silicon - Chinese (Zhuyin) - Black Keys MMMR3MO/A UPC 194252987261,271.5
Apple Magic Keyboard Folio for iPad (10th generation) - International English MQDP3ZA/A UPC 194253417637,382.5
Apple Magic Keyboard Folio for iPad (10th generation) - British English MQDP3BX/A UPC 194253417507,382.5
Apple Magic Keyboard Folio for iPad (10th generation) - Chinese (PinYin) MQDP3CV/A UPC 194253417071,382.5
Apple Magic Keyboard Folio for iPad (10th generation) - Japanese MQDP3JX/A UPC 194253417194,382.5
Apple Magic Keyboard Folio for iPad (10th generation) - Chinese (Zhuyin) MQDP3MO/A UPC 194253417293,382.5
Apple Apple Watch Magnetic Charging Cable (1 m) MX2E2AM/A UPC 190199291027,39
Apple Apple World Travel Adapter Kit MD837AM/A UPC 888462169363,45
Apple Lightning to USB Cable (2 m) MD819AM/A UPC 888462322997,45
Apple Lightning to USB Camera Adapter MD821AM/A UPC 888462323017,45
Apple USB-C to Lightning Cable (2 m) MQGH2ZA/A UPC 190198496195,45
Apple 240W USB-C Charge Cable (2 m) MU2G3ZA/A UPC 195949093449,45
Apple Thunderbolt 4 (USB-C) Pro Cable (1 m) 194252438862,453.15
Apple Apple MagSafe to MagSafe 2 Converter MD504ZM/A UPC 885909604203,15.1
Apple Apple 45W MagSafe 2 Power Adapter (for MacBook Air) MD592B/B UPC 885909934157,99.9
Apple Apple Thunderbolt cable (2.0 m) MD861ZM/A UPC 885909630141,59.55
Apple Apple 85W MagSafe 2 Power Adapter (for MacBook Pro with Retina display) MD506B/B UPC 885909934188,99.9
Apple Apple 60W MagSafe 2 Power Adapter (MacBook Pro with 13-inch Retina display) MD565B/B UPC 885909934171,99.9
Apple Lightning to VGA Adapter MD825AM/A UPC 888462323055,75.7
Apple Lightning to Digital AV Adapter MD826AM/A UPC 888462323062,75.7
Apple Lightning to USB Cable (0.5 m) ME291AM/A UPC 888462322898,29.25
Apple USB-C VGA Multiport Adapter MJ1L2AM/A UPC 888462074995,95.85
Apple USB-C to USB Adapter MJ1M2AM/A UPC 888462108416,29.25
Apple Lightning to SD Card Camera Reader MJYT2AM/A UPC 888462314473,45.4
Apple Lightning to USB3 Camera Adapter MK0W2AM/A UPC 888462314527,59.55
Apple Lightning to 3.5 mm Headphone Jack Adapter MMX62FE/A UPC 190198001771,15.1
Apple Thunderbolt 3 (USB-C) to Thunderbolt 2 Adapter MMEL2ZA/A UPC 888462859172,65.6
Apple Apple 30-pin to USB Cable MA591G/C UPC 885909686896,29.25
Apple USB-C to 3.5 mm Headphone Jack Adapter MU7E2FE/A UPC 190198886828,15.1
Apple USB-C to SD Card Reader MUFG2ZA/A UPC 190198905024,59.55
Apple Lightning to 3.5mm Audio Cable (1.2m) - Black MR2C2FE/A UPC 190198616432,49
Apple Lightning to USB Cable (1 m) MXLY2ZA/A UPC 190199534841,29.25
Apple Power Adapter Extension Cable MK122B/A UPC 888462315883,29.25
Apple 96W USB-C Power Adapter MX0J2ZP/A UPC 190199351417,99.9
Apple Apple 85W MagSafe Power Adapter (for 15- and 17-inch MacBook Pro) MC556B/C UPC 885909934218,99.9
Apple 30W USB-C Power Adapter MY1W2ZP/A UPC 190199796966,55.5
Apple Apple 12W USB Power Adapter MGN03ZP/A UPC 194252025116,29.25
Apple MagSafe Charger MHXH3AM/A UPC 194252192375,59.55
Apple 20W USB-C Power Adapter MHJF3ZP/A UPC 194252157060,29.25
Apple Lightning to 3.5 mm Audio Cable (1.2m) - White MXK22FE/A UPC 190199552609,49.45
Apple 67W USB-C Power Adapter MKU63ZP/A UPC 194252646342,85.75
Apple 140W USB-C Power Adapter MLYU3ZP/A UPC 194252750773,120.1
Apple USB-C to MagSafe 3 Cable (2m) - Silver MLYV3ZA/A UPC 194252750803,65.6
Apple USB-C to Lightning Cable (1 m) MM0A3FE/A UPC 194252750858,29.25
Apple Thunderbolt 4 Pro Cable (1.8 m) MN713ZA/A UPC 194253080121,180.65
Apple Thunderbolt 4 Pro Cable (3 m) MWP02ZA/A UPC 190199228122,221
Apple 35W Dual USB-C Port Power Adapter MNWP3ZP/A UPC 194253337348,85.75
Apple 60W USB-C Charge Cable (1m) MQKJ3ZA/A UPC 194253494836,29.25
Apple 70W USB-C Power Adapter MQLN3ZP/A UPC 194253789703,85.75
Apple Apple USB SuperDrive MD564ZM/A UPC 885909575794,99.9
Apple Wireless Charging Case for AirPods MR8U2ZA/A UPC 190198659514,119
Apple AirPods (2nd generation) MV7N2ZA/A UPC 190199098558,200.85
Apple AirPods (3rd generation) with MagSafe Charging Case MME73ZA/A UPC 194252818503,271.5
Apple AirPods (3rd generation) with Lightning Charging Case MPNY3ZA/A UPC 194253324157,261.4
Apple AirPods Max - Space Gray MGYH3ZA/A UPC 194252085165,806.45
Apple AirPods Max - Silver MGYJ3ZA/A UPC 194252085295,806.45
Apple AirPods Max - Sky Blue MGYL3ZA/A UPC 194252085554,806.45
Apple AirPods Max - Pink MGYM3ZA/A UPC 194252085684,806.45
Apple AirPods Max - Green MGYN3ZA/A UPC 194252085813,806.45
Apple AirPods Pro (2nd generation) with MagSafe Case (USB-C) MTJV3ZA/A UPC 195949052613,362.35
Benq Projector TK700 3200lm 4k UHD 8A6M9PA Win11,1668
Benq Projector TK700STi 3000lm 4k UHD 8A6M8PA Win11,1759
Benq Projector TK850i 3000lm 4k UHD 8A6U6PA Win11,1570
Benq Projector X3000i 3000lm 4k UHD 8A6V1PA Win11,1668
Benq Projector W5700 1800lm 4k UHD 8A6V5PA Win11,1759
BENQ InstasShow WDC10,1488
BENQ GW2480 IPS 23.8” 1920x1080 20Mil:1 5ms (GtG) 1x 2x 1W 100x100mm,179
BENQ GW2480L IPS 23.8” 1920x1080 20Mil:1 5ms (GtG) 1x 2x 1W 100x100mm,179
BENQ GW2480T IPS 23.8” 1920x1080 20Mil:1 5ms (GtG) 1x 2x 1W 100x100mm,229
BENQ GW2485TC IPS 23.8” 1920x1080 20Mil:1 5ms (GtG) NA 2x2W 100x100mm,319
BENQ GW2780 IPS 27”W 1920x1080 20Mil:1 5ms (GtG) 1x 2x2W 100x100mm,239
BENQ GW2780T IPS 27”W 1920x1080 20Mil:1 5ms (GtG) 1x 2x2W 100x100mm,289
BENQ GW2785TC IPS 27”W 1920x1080 20Mil:1 5ms (GtG) NA 2x2W 100x100mm,359
BENQ EX240 IPS 23.8”” 1920x1080 20Mil:1 2ms (GtG) 1ms(MPRT) NA 2x2.5W 100x100mm,329
BENQ EX240N VA 23.8”” 1920x1080 20Mil:1 4ms (GtG) 1ms(MPRT) NA 2x2.5W 100x100mm,279
BENQ EX2510S IPS 24.5”” 1920x1080 20Mil:1 2ms (GtG) 1ms(MPRT) NA 2x2.5W 100x100mm,339
BENQ EX2710S IPS 27”” 1920x1080 20Mil:1 2ms (GtG) 1ms(MPRT) NA 2x2.5W 100x100mm,359
BENQ EX2710Q IPS 27 2560x1440 20Mil:1 2ms (GtG) 1ms(MPRT) NA 2.1 Channel Speaker Audio DSP 2Wx2 + 5W (Woofer) 100x100mm,579
BENQ EX270M IPS 27 1920x1080 20Mil:1 1ms (GtG) 1ms(MPRT) NA 2.1 Channel Speaker Audio DSP 2Wx2 + 5W (Woofer) 100x100mm,579
BENQ EX270QM IPS 27 2560x1440 20Mil:1 1ms (GtG) 1ms(MPRT) NA 2.1 Channel Speaker Audio DSP 2Wx2 + 5W (Woofer) 100x100mm,1139
BENQ EX2710U IPS 27 3840x2160 20Mil:1 2ms (GtG) 1ms(MPRT) NA 2.1 Channel Speaker Audio DSP 2Wx2 + 5W (Woofer) 100x100mm,1129
BENQ EX3210U IPS 32 3840x2160 20Mil:1 2ms (GtG) 1ms(MPRT) NA 2.1 Channel Speaker Audio DSP 2Wx2 + 5W (Woofer) 100x100mm,1449
BENQ EX3410R VA 34”” 3440x1440 20Mil:1 2ms (GtG) 1ms(MPRT) NA 2.1 Channel Speaker Audio DSP 2Wx2 + 5W (Woofer) 100x100mm,799
BENQ EX3415R IPS 34”” 3440x1440 20Mil:1 2ms (GtG) 1ms(MPRT) NA 2.1 Speaker | Audio DSP: 2Wx2 + 5W (Woofer) 100x100mm,1099
BENQ EX480UZ OLED 48”” 3840x1260 20Mil:1 0.1ms (GtG) NA 2.1 Channel Speaker Audio DSP 5Wx2 + 10W (Woofer) 200x200mm,2599
BENQ EW2480 IPS 24” 1920x1080 20Mil:1 5ms (GtG) NA 2x2W 100x100mm,249
BENQ EW2780 IPS 27” 1920x1080 20Mil:1 5ms (GtG) NA 2x 2.5W 100x100mm,270
BENQ EW2880U IPS 28” 3840x2160 12Mil:1 5ms (GTG) NA Audio DSP;2x3W 100x100mm,549
BENQ EW3270U VA 31.5” 3840x2160 20Mil:1 4ms (GtG) NA 2x 2W 100x100mm,499
BENQ EW3280U IPS 32”” 3840x2160 20Mil:1 5ms (GtG) NA 2.1 Speaker | Audio DSP: 2Wx2 + 5W (Woofer) 100x100mm,899
BENQ SW240 IPS 24.1” 1920x1200 20Mil:1 5ms (GtG) NA NA 100c100mm,529
BENQ SH240 Shading Hood for SW240,109
BENQ SW270C IPS 27”W 2560x1440 20Mil:1 5ms (GtG) NA NA 100x100mm,1199
BENQ SW271C IPS 27”W 3840x2160 20Mil:1 5ms (GtG) NA NA 100x100mm,2349
BENQ SW321C IPS 32”W 3840x2160 20Mil:1 5ms (GtG) NA NA 100x100mm,2649
BENQ PD2705U IPS 27” 3840x2160 20Mil:1 5ms (GtG) NA 2x 2.5W 100x100mm,779
BENQ PD2705UA IPS 27” 3840x2160 20Mil:1 5ms (GtG) NA 2x 2.5W 100x100mm,899
"BENQ PD2725U IPS 27” 3840x2160 20Mil:1 5ms (GtG) NA; USB Hub; 2x ThunderBolt3 (1- Power Delivery 65W, DP altmode, Data; 1- Power Delivery 15W) 2x 2.5W 100x100mm",1219
BENQ PD3205U IPS 32” 3840x2160 20Mil:1 5ms (GtG) NA 2x 2.5W 100x100mm,999
BENQ PD3205UA IPS 32” 3840x2160 20Mil:1 5ms (GtG) NA 2x 2.5W 100x100mm,1129
"BENQ PD3220U IPS 32” 3840x2161 20Mil:1 5ms (GtG) NA; USB Hub; 2x ThunderBolt3 (1- Power Delivery 85W, DP altmode, Data; 1- Power Delivery 15W, DP alt mode, Data) 2x 2W 100x100mm",1599
"Benq Projector MS560 4000lm SVGA (800x600) 20,000:1",579
"Benq Projector MX560 4000lm XGA (1024x768) 20,000:1",649
"Benq Projector MW560 4000lm WXGA (1280x800) 20,000:1",749
"Benq Projector MH560 3800lm FHD (1920x1080) 20,000:1",1199
"Benq Projector EX600 3600lm XGA (1024x768) 20,000:1",1049
"Benq Projector EW600 3600lm WXGA (1280x800) 20,000:1",1149
"Benq Projector EH600 3500lm FHD (1920x1080) 10,000:1",1449
"Benq Projector LU930 5000lm WUXGA (1920x1200) 3,000,000:1",4488
"Benq Projector LU935 6000lm WUXGA (1920x1200) 3,000,000:1",5888
"Benq Projector LU935ST 5500lm WUXGA (1920x1200) 3,000,000:1",6488
"Benq Projector LK936ST 5100lm 4k UHD (3840x2160) 3,000,000:1",8488
"Benq Projector MW855UST+ 3500lm WXGA (1280x800) 10,000:1",1888
"Benq Projector LH890UST 4000lm FULL HD (1920x1080) 100,000:1",4448
"Benq Projector TH575 3800lm FULL HD (1920x1080) 15,000:1",1099
"Benq Projector TH685i 3500lm FULL HD (1920x1080) 10,000:1",1549
Dell AO7410AIOI716G512GB-T Opti 7410AIO|I7-13700|16GB|512GB SSD|W11|TOUCH Win 11 Pro,2075
HP Elite SFF 800 G9 i7-13700 16GB/1TB SSD|W11|TOUCH Win 11 Pro,2206
Dell AO7410AIOI716G1TG-T Opti 7410AIO|I7-13700|16GB|1TB SSD|W11|TOUCH Win 11 Pro,2269
HP Elite Tower 800 G9 i7-13700 8GB/512GB,2499
HP Elite Tower 800 G9 i7-13700 16GB/512GB Pro,2699
HP Elite Tower 800 G9 i7-13700 16GB/1TB Dell,3499
HP EliteOne 840 G9 23.8 AiO Touchscreen i7-13700 16GB/1TB SSD 8T700PA Win 11,2111
Dell S014L344014SG_VP42 Lati 3440|i5-1335U|8GB|512GB SSD|W11 Win 11 Pro,1653
Dell Lati3440i516G512 Lati 3440|i5-1335U|16GB|512GB SSD|W11 Win 11 Pro,1838
HP EliteOne 870 G9 27 AiO Non-Touch QHD i7-13700 32GB/1TB SSD 8T701PA Win 11,2559
Dell Lati3440i78G512 Lati 3440|i7-1355U|8GB|512GB SSD|W11 Win 11 Pro,1949
Dell Lati3440i716G512_V1 Lati 3440|i7-1355U|16GB|512GB SSD|W11 Win 11 Pro,2070
HP Z2 SFF G9 i7-12700 8GB/512GB SSD 6V1Z6PA Win 11,2275
Dell Lati5340i58G512 Lati 5340|i5-1335U|8GB|512GB SSD|W11 Win 11 Pro,1921
HP Z2 SFF G9 i7-13700 16GB/512GB SSD 8D0J9PA Win 11,2864
Dell S002L534013SG_VP Lati 5340|i5-1345U|16GB|512GB SSD|W11 Win 11 Pro,1949
HP Z2 SFF G9 i7-13700 16GB/256GB SSD/1TB SATA 8D0H3PA Win 11,2957
Dell Lati5340i716G512 Lati 5340|i7-1365U|16GB|512GB SSD|W11 Win 11 Pro,2289
HP Z2 Mini G9 i7-13700 32GB/512GB SSD 8D0H4PA Win 11,3858
Dell Lati5440i58G512 Lati 5440|i5-1335U|8GB|512GB SSD|W11 Win 11 Pro,1973
HP Z2 G9 TWR i7-13700K 32GB/256GB SSD/2TB SATA 8D0H6PA Win 11,3418
Dell Lati5440i516g512 Lati 5440|i5-1335U|16GB|512GB SSD|W11 Win 11 Pro,2112
HP Z2 G9 TWR i7-13700 16GB/256GB SSD/2TB SATA 8D0H8PA Win 11,3010
HP Z2 G9 TWR i7-13700 16GB/1TB SSD 8D0H9PA Win 11,2942
Dell S021L544014SG_VP Lati 5440|i7-1365U|16GB|512GB SSD|W11 Win 11 Pro,2314
Dell S011L554015SG_VP Lati 5540|i5-1345U|8GB|512GB SSD|W11 Win 11 Pro,1889
HP EliteBook 1030 G8 i5-1135 13.3 16GB/512GB SSD (Touch) 72194607 Win 10,2992.09
HP EliteBook 830G9 i5-1235U 16GB/512GB SSD 6C1V1PA Win 11,2449
Dell AL5540i755U16G512ssd Lati 5540|i7-1355U|16GB|512GB SSD|W11 Win 11 Pro,2329
HP EliteBook X360 1040 G9 i7-1255U 16GB/1TB SSD (Touch +Intel Evo+ Sure View) 6C1Z9PA Win 11,3789
Dell AL7340i58G512ssd Lati 7340|i5-1335U|8GB|512GB SSD|W11 Win 11 Pro,2256
HP Elite Dragonfly G3 i5-1235U 16GB/512GB SSD (Intel Evo + Sure View) 6C224PA Win 11,3069
Dell AL7340i516G512ssd Lati 7340|i5-1335U|16GB|512GB SSD|W11 Win 11 Pro,2352
HP Elite Dragonfly G3 i7-1255U 16GB/1TB SSD (Intel Evo + Sure View) 6C225PA Win 11,3779
Dell AL7340i716G512ssd Lati 7340|i7-1355U|16GB|512GB SSD|W11 Win 11 Pro,2580
Dell AL7340i716G1TBssd Lati 7340|i7-1355U|16GB|1TB SSD|W11 Win 11 Pro,2705
HP ProBook 440 G10 i5-1335U 8GB/512GB SSD 8B210PA Win 11,1609
HP ProBook 440 G10 i7-1355U 16GB/512GB SSD 8B209PA Win 11,1879
Dell AL7440I58G512 Lati 7440|i5-1335U|8GB|512GB SSD|W11 Win 11 Pro,2367
HP ProBook 450 G10 i5-1335U 16GB/512GBSSD 8H2G4PA Win 11,1649
Dell s002l744014sg_vp Lati 7440|i5-1345U|16GB|512GB SSD|W11 Win 11 Pro,2395
HP EliteBook 630 G10 i5-1335U 8GB/512GB SSD 8B217PA Win 11,1609
Dell AL7440I716G512 Lati 7440|i7-1355U|16GB|512GB SSD|W11 Win 11 Pro,2693
HP EliteBook 630 G10 i7-1355U 16GB/512GB SSD 8B221PA Win 11,1879
HP EliteBook 640 G10 i5-1335U 8GB/512GBSSD 8B224PA Win 11,1729
Dell AL7440I716G1TBSSD Lati 7440|i7-1365U|16GB|1TB SSD|W11 Win 11 Pro,2874
HP EliteBook 640 G10 i7-1355U 16GB/512GBSSD 8B225PA Win 11,2009
Dell AWM3480i516GB512GBSSDA500 Preci 3480|I5-1350P|16GB|512GB SSD|W11|Nvidia A500 Win 11 Pro,2385
HP EliteBook 830 G10 i5-1335U 16GB/512GB SSD 8B229PA Win 11,2129
Dell AWM3480i716GB512GBSSDA500 Preci 3480|I7-1370P|16GB|512GB SSD|W11|Nvidia A500 Win 11 Pro,2622
HP EliteBook 830 G10 i7-1355U 16GB/512GB SSD 8B230PA Win 11,2369
Dell AWM3580i516GB512GBSSDA500 Preci 3580|I7-1360P|16GB|512GBSSD|W11|Nvidia A500 Win 11 Pro,2851
HP EliteBook 840 G10 i5-1335U 16GB/512GBSSD 8B232PA Win 11,2179
HP EliteBook 840 G10 i7-1355U 16GB/512GBSSD 8B234PA Win 11,2429
Dell AWM3580i532GB1TBSSDA500 Preci 3580|I7-1370P|32GB|1TBSSD|W11|Nvidia A500 Win 11 Pro,3333
HP EliteBook 1040 G10 i7-1355U 32GB/1TB SSD (Intel EVO + HP Sure View) 8B2P3PA Win 11,3089
HP EliteBook X360 1040 G10 i7-1355U 16GB/1TB SSD (Intel EVO + HP Sure View + Touch) 8H2G5PA Win 11,3619
Dell AWT3660MTI716G512GB-T400 Preci3660 MT|i7-12700|16GB|512GB SSD |W10|T400 Win 10 Pro,2150
HP Elite Dragonfly G4 i5-1335U 16GB/1TB SSD (Intel Evo + Sure View) 8B258PA Win 11,3149
Dell AWT3660MTI713165122TBT400 Preci3660 MT|i7-13700|16GB|512GB SSD|2TB SATA|W11|T400 Win 11 Pro,2318
HP Elite Dragonfly G4 i7-1355U 32GB/1TB SSD (Intel Evo + Sure View) 8B260PA Win 11,3549
Dell AWT5820MTXeon32G2TBT1000 Preci5820 MT|W-2223|32GB|512GB SSD| 2TB|W11|T1000 Win 11 Pro,3114
HP Zbook FireFly14 G10 A500 i7-1355U 14 32GB/512GB 8C5R5PA Win 11,3042
HP Zbook FireFly 14 G10 A500 i7-1355U 14 32GB/1TB 8C5T4PA Win 11,3143
Lenovo ThinkBook 14 G4 i5-1235U/8GB/512GB SSD 21DH00CUSB W11 Pro DG 64,1515
Lenovo ThinkBook 14 G4 i5-1340P/8GB/512GB SSD 21JC007FSB W11 Pro,1515
HP Zbook Power G10 i7-13700H 15.6 32GB/512GB 8C5R2PA Win 11,3875.01
Lenovo ThinkBook 14 G5 i7-1360P/8GB/512GB SSD 21JC007GSB W11 Pro,1718
HP Zbook Studio G10 16 RTX3000 8GB i7-13700H 16 32GB/512GB 8F166PA Win 11,6162
Lenovo ThinkPad E14 G5 i5-1335U/8GB/512GB SSD 21JK0066SG W11 Pro,1549
HP Zbook Studio G10 i7-13700H 16 32GB/1TB 8C5R3PA Win 11,7086.73
Lenovo ThinkPad E14 G5 i5-1340P/16GB/512GB SSD 21JKS00C00 W11 Pro,1634
Lenovo ThinkPad E14 G5 i7-1355U/8GB/512GGB SSD 21JK0067SG W11 Pro,1749
Dell 210-BFXE Opti 7010PLUSSFF|I5-13500|16GB|512GB SSD|RW|BRZ|W10 Win 10 Pro,1561
Lenovo ThinkPad E14 G5 i7-1360P/16GB/512GGB SSD 21JKS00B00 W11 Pro,1836
Lenovo ThinkPad E16 G1 i7-1355U/8GB/512GGB SSD 21JN005HSG W11 Pro,1698
Lenovo ThinkPad L14 G4 i5-1335U/8GB/512GB SSD 21H1005QSG W11 Pro,1749
Dell AO7010BMFFI5600T8512 Opti 7010BASICMFF|I5-13600T|8GB|512GB SSD|WLAN|W11 Win 11 Pro,1191
Lenovo ThinkPad L14 G4 i7-1355U/8GB/512GB SSD 21H1005RSG W11 Pro,1949
Dell AO7010BSFFI55008512 Opti 7010BASICSFF|I5-13500|8GB|512GB SSD|RW|BRZ|W11 Win 11 Pro,1192
Lenovo ThinkPad T14 G3 i7-1260P/16GB/512GB SSD 21AH00M3SG W11 Pro DG 64,1949
Dell AO7010BMTI56008512 Opti 7010BASICMT|I5-13600|8GB|512GB SSD|RW|BRZ|W11 Win 11 Pro,1300
Lenovo ThinkPad T14 G4 i5-1335U/16GB/512GB SSD 21HD005TSG W11 Pro,1999
HP ProDesk 400 G9 SFF i5-12500 8GB/512GB SSD 8T832AA Win11,1207
Lenovo ThinkPad T14 G4 i7-1355U/16GB/512GB SSD 21HD005USG W11 Pro,2199
Dell AO7010PMFFI78512 Opti 7010PLUSMFF|I7-13700T|8GB|512GBSSD|WLAN|W11 Win 11 Pro,1587
Lenovo ThinkPad T14s G4 i5-1340P/16GB/512GB SSD 21F6006USG W11 Pro,2149
HP Pro SFF 400 G9 i5-13500 8GB/512GB 8Q318PA Win11,1023
Dell AO7010PSFFI78512 Opti 7010PLUSSFF|I7-13700|8GB|512GB SSD|RW|BRZ|W11 Win 11 Pro,1619
Lenovo ThinkPad T14s G4 i7-1360P/16GB/512GB SSD 21F6006SSG W11 Pro,2339
HP Pro SFF 400 G9 i7-13700 8GB/1TB 8R031PA Win11,1279
Dell AO7010PSFFI7161TB Opti 7010PLUSSFF|I7-13700|16GB|1TB SSD|RW|BRZ|W11 Win 11 Pro,1857
Lenovo ThinkPad T16 G2 i7-1355U/16GB/512GB SSD 21HH003KSG W11 Pro,2299
HP Pro Mini 400 G9 i5-13500T 8GB/512GB 8Q322PA Win11,1049
Dell AO7010PSFFI716512 Opti 7010PLUSSFF|I7-13700|16GB|512GB SSD|RW|BRZ|W11 Win 11 Pro,1734
Lenovo ThinkPad X13 G4 I7-1355U/32GB/1TB SSD 21EXS00T00 W11 Pro,2789
HP Pro Tower 400 G9 i5-13500 8GB/512GB 8Q324PA Win11,1023
Dell AO7010PMTI78512 Opti 7010PLUSMT|I7-13700|8GB|512GB SSD|RW|BRZ|W11 Win 11 Pro,1619
Lenovo ThinkPad X1 Carbon G11 i7-1365U/32GB/1TB SSD 21HM008HSG W11 Pro,3699
HP Pro Tower 400 G9 i7-13700 8GB/1TP 8R030PA Win11,1279
Dell AO7010PMTI7161TB Opti 7010PLUSMT|I7-13700|16GB|1TB SSD|RW|BRZ|W11 Win 11 Pro,1857
Lenovo ThinkPad X1 Carbon G11 i7-1360P/16GB/512GB SSD 21HM001USG W11 Pro DG 64,3499
HP ProOne 440 G9 AiO i5-13500 8GB/512GB 8Q328PA Win11,1254
Dell AO7010PMTI716512 Opti 7010PLUSMT|I7-13700|16GB|512GB SSD|RW|BRZ|W11 Win 11 Pro,1734
Lenovo ThinkPad X1 Carbon G11 i7-1360P/16GB/512GB SSD 21HM008FSG W11 Pro,3419
HP Elite SFF 600 G9 i7-13700 16GB/512GB 915N6PA Win11,1369
Lenovo ThinkPad X1 Carbon G11 i7-1360P/16GB/1TB SSD 21HM008GSG W11 Pro,3549
HP Elite Tower 600 G9 i7-13700 16GB/512GB/ RX 6300 2GB GDDR6 8Q327PA Win11,1637
Dell AO7410AIOI516G512GB-T Opti 7410AIO|I5-13500|16GB|512GB SSD|W11|TOUCH Win 11 Pro,1854
Lenovo ThinkPad X1 Yoga G8 i7-1355U/32B/1TB SSD (Touch) 21HQ004YSG W11 Pro,3899
HP Elite Mini 800 G9 i5-13500T 8GB/256GB 8B5W9PA Win11,1153
Dell AO7410AIOI516G1TG-T Opti 7410AIO|I5-13600|16GB|1TB SSD|W11|TOUCH Win 11 Pro,2019
HP Elite Mini 800 G9 i7-13700T 8GB/512GB 8B5Z4PA Win11,1395
HP Elite SFF 800 G9 i5-13500 8GB/512GB 8A6M6PA Win11,1450
HP Elite SFF 800 G9 i7-13700 8GB/512GB 8A6M7PA Win11,1570
Garmin GM-010-02384-52 Lily Sport Edition Alcantara Fabric,319
Surface Pro Signature Type Cover Black,239
Asus ROG STRIX FLARE CHERRY RGB MX RED PNK,2650
Lenovo ThinkCentre M75s G2 R5 Pro 2650G/8GB/512GB SSD,11
Surface Pro Signature Type Cover - Black Fingerprint Alcantara Fabric,289
Asus KEYBOARD - Wired,269
Lenovo ThinkCentre M70S G3 i5-12500/8GB/512GB SSD,1060
Surface Keyboard Bluetooth,164
Asus AS ROG STRIX SCOPE DELUXE RD (XA04),269
Asus ROG GLADIUS II ORIGIN PNK LTD,149
LOGITECH G413 TKL SE MECH KEYBOARD (TACTILE),105
Lenovo ThinkCentre M90S G3 i7-12700/16GB/512GB SSD,1415
Surface Arc Mouse - Bluetooth,119
Surface Pro Signature Type Cover with Surface Slim Pen 2 - Black Alcantara Fabric,399
Asus AS ROG STRIX SCOPE DELUXE BL (XA04),269
Asus ROG SHEATH PNK LTD,69
Lenovo ThinkCentre M70S G4 i5-13400/8GB/512GB SSD,1399
Surface Mouse Bluetooth - Grey,82
Surface Pro Signature Type Cover with Surface Slim Pen 2 - Poppy Red Alcantara Fabric,399
Asus AS ROG STRIX SCOPE NX DELUXE RED,269
Asus ROG STRIX FUSION 300 PNK,229
LOGITECH G413 SE MECH KEYBOARD (TACTILE),125
Lenovo ThinkCentre M70S G4 i7-13700/16GB/512GB SSD,1599
Surface Precision Mouse,148
Surface Pro Signature Type Cover with Surface Slim Pen 2 - Ice Blue Alcantara Fabric,399
Asus AS ROG STRIX SCOPE NX DELUXE BLUE,269
Asus ROG STRIX SCOPE TKL EP/RD/US - X803 RGB KB GX-BLUE CLICKY,189
Lenovo ThinkCentre M70Q G4 i5-13400T/8GB/512GB SSD,1249
Surface Mobile Mouse SC Bluetooth Comm Black,54
Surface Pro Signature Type Cover with Surface Slim Pen 2 - Platinum Alcantara Fabric,399
Asus ROG STRIX SCOPE CHERRY RGB MX RED,209
Asus ROG STRIX IMPACT II EP - P512,69
LOGITECH G512 CARBON RGB KB GX-BROWN TACTILE,189
Lenovo ThinkCentre M70Q G4 i7-13700T/16GB/512GB SSD,1599
Surface Mobile Mouse SC Bluetooth Comm Platinum,54
Surface Pro X 128GB SQ1 ARM Processor 8GB LTE - Black,1638
Asus ROG STRIX SCOPE CHERRY RGB MX BLUE,209
Asus ROG SHEATH EP - NC01,69
LOGITECH G512 CARBON RGB KB GX-RED LINEAR,189
Lenovo ThinkCentre neo 30a 24 23.8” i5-1240P/8GB/512GB SSD (non-touch),1715
Surface Mobile Mouse SC Bluetooth Comm Ice Blue,54
Surface Pro X 256GB SQ1 ARM Processor 8GB LTE - Black,1998
Asus ROG STRIX SCOPE NX RED,209
Asus ROG STRIX GO 2.4 EP ANIMATE EDITION,319
LOGITECH G513 CARBON RGB KB GX-BROWN TACTILE,199
Lenovo ThinkCentre M70a G3 21.5’’ i5-12500/8GB/512GB SSD (Touch),1869
Surface Mobile Mouse SC Bluetooth Comm Poppy Red,54
Surface Pro X 256GB SQ2 ARM Processor 16GB LTE - Platinum,2298
Asus ROG STRIX SCOPE NX BLUE,209
Asus ROG STRIX FLARE II NX RED ANIMATE (PBT),399
LOGITECH G713 MECH RGB KB (GX-BROWN TACTILE),269
Lenovo ThinkCentre M90a G3 23.8’’ i7-12700/16GB/512GB SSD (Touch),2220
Surface Pen - Silver,148
Surface Pro X 512GB SQ2 ARM Processor 16GB LTE - Black,2598
Asus AS ROG STRIX SCOPE TKL NX RED,199
Asus ROG STRIX FLARE II NX BLUE ANIMATE (PBT),399
Asus ROG DELTA S ANIMATE,419
LOGITECH G713 MECH RGB KB (GX-RED LINEAR),269
Surface Pen - Charcoal,148
Surface ProX 256GB SQ2 ARM Processor 16GB WIFI - Platinum,2098
Asus ROG STRIX SCOPE TKL NX BLUE,199
Asus ROG STRIX SCOPE RX GAMING,169
LOGITECH G815 MECH RGB KEYBOARD (GL-TACTILE),299
Surface Pen - Poppy Red,148
Surface ProX 512GB SQ2 ARM Processor 16GB WIFI - Platinum,2398
Asus ROG STRIX FLARE CHERRY RGB MX RED,249
Asus ROG STRIX SCOPE TKL NX RED MOONLIGHT,259
LOGITECH G815 MECH RGB KEYBOARD (GL-LINEAR),299
Lenovo ThinkStation P3 Ultra i7-13700/16GB/512GB SSD/NV T400 *TD Exclusive*,2230
Surface Pen - Ice Blue,148
Asus ROG STRIX FLARE CHERRY RGB MX BLUE,249
Asus ROG STRIX SCOPE TKL NX BLUE MOONLIGHT,259
LOGITECH G815 MECH RGB KEYBOARD (GL-CLICKY),299
Lenovo ThinkStation P3 Ultra i7-13700/16GB/512GB SSD/NV T1000,2699
Surface Slim Pen 2 - Black,179
Asus AS ROG STRIX SCOPE TKL DELUXE RD (X801),219
Asus ROG STRIX IMPACT II MOONLIGHT,79
Lenovo Thinkstation P3 TWR i7-13700/16GB/512GB SSD/NV T1000,2699
Surface Slim Pen 2 Charger,39
Asus AS ROG STRIX SCOPE TKL DELUXE SV (X801),219
Asus ROG CETRA II CORE MOONLIGHT,99
Lenovo ThinkStation P5 TWR W3-2423/16GB/512GB/ T1000*TD Exclusive*,3400
Surface Docking Station,314
Asus TUF GAMING K3 RD,139
Asus ROG STRIX GO CORE MOONLIGHT,159
Lenovo ThinkStation P5 TWR W3-2423/32GB/512GB SSD/NV RTX A2000,4499
Surface Docking Station 2,388
Asus TUF GAMING K3 BL,139
Asus SL300C ROG CHARIOT,799
Lenovo ThinkPad P14s G4 i7-1360P/32GB/512GB SSD/NV RTX A500,2399
Surface Earbuds - Glacier,300
Asus TUF GAMING K1,69
Asus SL300 ROG CHARIOT CORE,549
Lenovo ThinkPad P16s G2 i7-1360P/32GB/512GB SSD/NV RTX A500,2499
Surface Headphones 2+ - Black,458
Asus AS ROG CHAKRAM,259
Razer Deathhadder V2 Wired Mouse,79
Lenovo ThinkPad P16 G2 i7-13700HX/32GB/512GB SSD/NV RTX 2000,3749
Modern USB Headset - Black,78
Asus ROG SPATHA X,249
Razer Cynosa V2 Chroma RGB keyboard,79
Lenovo ThinkPad P1 G6 i7-13700H/32GB/512GB SSD/NV RTX 2000,3999
Modern USB-C Headset - Black,79
Asus ROG GLADIUS III WIRELESS,189
Coolermaster MM731 Wireless RGB Mouse,95
Lenovo Thinkpad X12 Detachable G1 i5-1130G7/16GB/512GB SSD,2928
Modern Wireless Headset - Black,149.99
Asus AS ROG PUGIO II (P705),159
EVGA Z15 keyboard,30
Lenovo Thinkpad X12 Detachable G1 i7-1160G7/16GB/512GB SSD,3127.97
Mini Display to HDMI Adapter,64
Asus ROG KERIS WIRELES (P513),139
EVGA Z12 keyboard,17
Lenovo ThinkSmart Core + Controller Kit for MS Team Rooms i5-1145G7E/8GB/256GB SSD,4325
Mini Display to VGA Adapter,64
Asus ROG STRIX IMPACT II WIRELESS,119
EVGA X17 Mouse Grey,20
Lenovo ThinkSmart Core + Controller Kit for Zoom i5-1145G7E/8GB/256GB SSD,4325
USB-C to 3.5mm Audio Adapter,18
Asus AS ROG STRIX CARRY WIRELESS,109
EVGA X12 Mouse White,20
Lenovo ThinkSmart Core Full Room Kit for MS Team Rooms i5-1145G7E/8GB/256GB SSD,5675
USB-C to HDMI Adapter,64
Asus TUF GAMING M4 WIRELESS,89
Coolermaster Devastator 3 Plus Set,78
Lenovo ThinkSmart Core Full Room Kit for Zoom i5-1145G7E/8GB/256GB SSD,5675
USB-C to VGA Adapter,64
Asus ROG CHAKRAM CORE (P511),129
Coolermaster CK530 RGB Mechanical Red,69
Lenovo ThinkSmart Core for Logitec,1565.5
USB-C to Display Port Adapter,64
Asus ROG GLADIUS III,139
Coolermaster CK550 RGB Mechanical Red,79
Lenovo ThinkSmart View Lenovo,505
Surface USB-C Travel Hub,150
Asus ROG KERIS (P509),99
Coolermaster SK622 RGB Mechanical Red,128
Google Meet One Room Kits Gen2 (Small Kit),5188
USB 3.0 to Ethernet Adapter Commercial,64
Asus AS ROG STRIX IMPACT II,69
Coolermaster MK730 RGB Mechanical Red,139
Google Meet One Room Kits Gen 2 (Medium Kit),6590
USB-C to Ethernet and USB 3.0 Adapter,69
Asus TUF GAMING M4 AIR,79
Cooler Master Masterkeys Mk750 Rgb,139
Google Meet One Room Kits Gen 2 (Large Kit),8645.6
USB-C to USB 3.0 Adapter,34
Asus AS TUF GAMING M3,34
LOGITECH G613 WIRELESS BLUETOOTH MECH KEYBOARD,159
LenovoThinkSmart One for Microsoft Teams Rooms Intel Core I5-1145,4279
Surface Power Supply Adapter (65W),124
Asus AS CERBERUS MOUSE,29
LOGITECH G715 WIRELESS RGB KB GX-BROWN TACTILE,299
"Garmin Index S2, Smart Scale",269
Surface Power Supply Adapter (24W),64
Asus ROG BALTEUS QI,209
LOGITECH G715 WIRELESS RGB KB GX-RED LINEAR,299
Garmin 010-02064-14 Instinct Outdoor gps,329
Surface Dial,159
Asus ROG SCABBARD II,79
LOGITECH G915 TKL W.LESS MECH RGB KB (GL-TACTILE),349
Garmin 010-02120-20 Forerunner 245,339
Surface Pro 7+ 128GB i5 8GB - Platinum,1528
Asus ROG SCABBARD II MEDIUM,45
LOGITECH G915 TKL W.LESS MECH RGB KB (GL-LINEAR),349
Garmin GM-010-02384-51 Lily Sport GPS,309
Surface Pro 7+ 256GB i5 8GB - Platinum,1938
Asus AS ROG SHEATH,69
LOGITECH G915 TKL W.LESS MECH RGB KB (GL-CLICKY),349
Garmin Enduro 2 – Watch,1799
Surface Pro 7+ 256GB i5 8GB - Black,1938
Asus AS ROG STRIX SLICE,39
LOGITECH G915 TKL WHITE W.LESS MECH (GL-TACTILE),349
Garmin 010-02156-05 Forerunner 45,229
Surface Pro 7+ 256GB i5 16GB - Platinum,2238
Asus TUF GAMING P3 GAMING MOUSEMAT,25
LOGITECH G402 HYPERION FURY FPS GAMING MOUSE,79
"Garmin inReach Mini 2, Lightweight",749
Surface Pro 7+ 256GB i7 16GB - Black,2338
Asus TUF GAMING P1 GAMING MOUSEMAT,19
LOGITECH G403 HERO WIRED RGB MOUSE,109
Garmin Forerunner 55,299
Surface Pro 7+ 512GB i7 16GB - Black,2938
Asus CERBERUS PAD MINI RED,15
LOGITECH G PRO HERO WIRED RGB GAMING MOUSE,109
Garmin Forerunner 735XT,329
Surface Pro 7+ 1TB i7 32GB - Platinum,4098
Asus AS ROG THETA 7.1,479
LOGITECH G502 HERO PERFORMANCE RGB MOUSE,129
Garmin Instinct 2S Poppy,359
Surface Pro 7+ 128GB i5 8GB LTE - Platinum,1758
Asus ROG DELTA S - Ty-C RGB,379
LOGITECH G502 X WIRED GAMING MOUSE BLACK,121
Garmin HRM-Pro Plus,209
Surface Pro 7+ 256GB i5 8GB LTE - Platinum,2168
Asus ROG STRIX GO BT,399
LOGITECH G PRO MECH RGB KB (GX-BLUE CLICKY),195
Garmin vívoactive 4S,429
Surface Pro 7+ 256GB i5 16GB LTE - Platinum,2468
Asus AS ROG STRIX GO 2.4 Wireless,319
LOGITECH G PRO X MECH RGB KB (GX-BLUE CLICKY),234
Garmin 010-02060-34 Edge 530 GPS,489
Surface Go Type Cover - Black,138
Asus ROG STRIX GO - Ty-C,179
LOGI PRO X TKL LIGHTSPEED KB BLACK (GX-BROWN),319
Garmin 010-12520-10 Running Dynamic Pod,89
Surface Go Signature Type Cover - Light Charcoal Alcantara Fabric,188
Asus ROG STRIX GO CORE - 3.5mm,159
LOGI PRO X TKL LIGHTSPEED KB WHITE (GX-BROWN),319
Garmin Backpack Tether Accessory,49
Surface Go Signature Type Cover - Ice Blue Alcantara Fabric,188
Asus AS TUF GAMING H3 WIRELESS,179
LOGI PRO X TKL LIGHTSPEED KB MAGENTA (GX-BROWN),319
"Garmin epix Gen 2, Premium active",1499
Surface Go Signature Type Cover - Poppy Red Alcantara Fabric,188
Asus AS TUF GAMING H3 (Silver),69
LOGITECH G705 LIGHTSPEED W/L MOUSE OFF-WHITE,162
Garmin Speed Sensor 2 and Cadence Sensor 2,99
Surface Laptop Go 128GB i5 8GB - Platinum,1228
Asus AS TUF GAMING H3 (Red),69
LOGITECH G303 SHROUD EDITION LIGHTSPEED MSE,219
Garmin GM-010-02064-78 Instinct Esports,489
Surface Laptop Go 256GB i5 8GB - Platinum,1528
Asus AS TUF GAMING H3 (GUN METAL),69
LOGITECH G502 HERO LIGHTSPEED W/L RGB MOUSE,249
Garmin Descent MK2s,1499
Surface Laptop Go 256GB i5 16GB - Platinum,1838
Asus TUF GAMING H1 WIRELESS,139
LOGITECH G502 X PLUS LIGHTSPEED RGB MSE BLACK,255
"Garmin Venu Sq, GPS Smartwatch",299
Surface Pro Type Cover - Black,199
Asus TUF GAMING H1,69
LOGITECH G502 X PLUS LIGHTSPEED RGB MSE WHITE,255
"Garmin 010-11617-10, 10’ Transducer",69
Surface Pro Signature Type Cover - Poppy Red Alcantara Fabric,249
Kaloc KLC-DS100 Gas Spring Monitor,99
LOGITECH G903 HERO LIGHTSPEED W/L RGB MOUSE,249
Garmin Forerunner 945 Premium,729
Surface Pro Signature Type Cover - Ice Blue Alcantara Fabric,249
Kaloc KLC-DS90-2 Gas Spring Monitor,169
LOGITECH G240 CLOTH GAMING MOUSEPAD,21
Garmin fenix 7X Sapphire,1699
Surface Pro Signature Type Cover - Light Charcoal Alcantara Fabric,249
Kaloc KLC-DW220J Gas Spring Monitor,129
LOGITECH G440 HARD GAMING MOUSEPAD,35
Garmin GM-010-02158-65 Fenix 6,749
Surface Pro Fingerprint Type Cover - Black,249
Kaloc KLC-DW220T Gas Spring Monitor,135
LOGITECH G PRO HERO LIGHTSPEED W/L RGB MOUSE,199
Garmin GM-010-02293-66 Instinct Solar,669
Surface Pro 8 128GB i5 8GB - Platinum,1788
Asus ROG CLAYMORE II RED,429
LOGITECH G640 LARGE CLOTH GAMING MOUSEPAD,49
"Garmin Instinct 2 Solar, Tactical",789
Surface Pro 8 256GB i5 8GB - Platinum,1938
Asus ROG CLAYMORE II BLUE,429
LOGITECH G740 LARGE THICK CLOTH GAMING MOUSEPAD,59
Garmin fenix 7X Sapphire Solar,1699
Surface Pro 8 256GB i5 8GB - Black,1938
Asus ROG STRIX SCOPE TKL DELUXE RX RED,299
LOGITECH G840 XL BLACK CLOTH GAMING MOUSEPAD,69
"Garmin Descent G1, Dive Computer",1029
Surface Pro 8 256GB i5 16GB - Platinum,2248
Asus ROG STRIX SCOPE TKL DELUXE RX BLUE WIRELESS,299
LOGITECH G840 XL MAGENTA GAMING MOUSE PAD,74.9
"Garmin Drive 52, GPS Navigator",189
Surface Pro 8 256GB i5 16GB - Black,2248
Asus AS ROG FALCHION RED,279
LOGITECH POWERPLAY WIRELESS CHARGING SYSTEM,199
Garmin GM-010-02293-32 Instinct Solar,689
Surface Pro 8 512GB i5 8GB - Black,2248
Asus AS ROG FALCHION BLUE,279
Garmin 010-12105-20 Trolling Motor,59
Surface Pro 8 256GB i7 16GB - Platinum,2548
Asus AS ROG FALCHION NX RED,279
Garmin Epix Premium Active,1629
Surface Pro 8 256GB i7 16GB - Black,2548
Asus AS ROG FALCHION NX BLUE,279
Garmin Delta XC Bundle,269
Surface Pro 8 512GB i7 16GB - Black,2998
Asus ROG STRIX SCOPE DELUXE NX RED WIRELESS,269
Garmin Forerunner 255 Music,669
Surface Pro 8 1TB i7 16GB - Platinum,3598
Garmin 176971 Vivoactive 3 Smartwatch,289
Surface Pro 8 1TB i7 32GB - Platinum,4098
Garmin GM-010-02384-F0 Lily Classic,369
Surface Pro 8 128GB i5 8GB LTE - Platinum,2018
Garmin Garmin HRM-Run,169
Surface Pro 8 256GB i5 8GB LTE - Platinum,2168
"Garmin Lily Classic Editi, White w/Light Gold",329
Surface Pro 8 256GB i5 16GB LTE - Platinum,2478
Suunto Core Wrist-Top Computer Watch,319
Surface Pro 8 256GB i7 16GB LTE - Platinum,2778
"Garmin vívoactive 4S, Smaller-Sized",429
Surface Pro 8 128GB i5 8GB - Platinum,1788
Surface Pro 8 256GB i5 8GB - Platinum,1938
Surface Pro 8 256GB i5 8GB - Black,1938
Surface Pro 8 256GB i7 16GB - Black,2548
Surface Pro 8 1TB i7 16GB - Platinum,3598
Surface Pro 8 1TB i7 32GB - Platinum,4098
Surface Pro 8 256GB i5 16GB LTE - Platinum,2478
Surface Pro 8 256GB i7 16GB LTE - Platinum,2778
Surface Pro Signature Type Cover - Black Alcantara Fabric,239
Surface Pro Signature Type Cover - Poppy Red Alcantara Fabric,239
Surface Pro Signature Type Cover - Ice Blue Alcantara Fabric,239
Surface Laptop 4 256GB AMD Ryzen 5 8GB - 13.5” Platinum,1638
Surface Laptop 4 256GB i5 8GB - 13.5” Platinum,1788
Surface Laptop 4 256GB i5 8GB - 13.5” Black,1788
Surface Laptop 4 512GB i5 8GB - 13.5” Black,2038
Surface Laptop 4 512GB i5 8GB - 13.5” Platinum,2038
Surface Laptop 4 256GB i5 16GB - 13.5” Black,2188
Surface Laptop 4 512GB i5 16GB - 13.5” Black,2388
Surface Laptop 4 256GB i7 16GB - 13.5” Black,2388
Surface Laptop 4 512GB AMD Ryzen 7 16GB - 13.5” Black,2488
Surface Laptop 4 512GB i7 16GB - 13.5” Black,2638
Surface Laptop 4 256GB AMD Ryzen 7 8GB - 15” Platinum,2088
Surface Laptop 4 256GB i7 8GB - 15” Platinum,2258
Surface Laptop 4 512GB i7 8GB - 15” Black,2558
Surface Laptop 4 256GB i7 16GB - 15” Black,2558
Surface Laptop 4 256GB i7 16GB - 15” Platinum,2558
Surface Laptop 4 512GB AMD Ryzen 7 16GB - 15” Black,2638
Surface Laptop 4 512GB i7 16GB - 15” Black,2738
Surface Laptop 4 512GB i7 16GB - 15” Platinum,2738
Asus ROG CETRA TRUE WIRELESS,199
Asus ROG CETRA RGB,169
Asus ROG CETRA II,159
Asus AS ROG CETRA,159
Asus ROG CETRA II CORE,89
Asus ROG CLAVIS,189
Asus ASUS AI NC MIC ADAPTER/USB C,59
Asus ASUS WEBCAM C3,89
Asus ROG EYE S,179
Asus AS ROG THRONE QI (Headset Stand),219
LOGITECH G560 LIGHTSYNC RGB PC GAMING SPEAKERS,329
Razer Kraken Kitty V2 - USB Headset with RGB Kitty Ears Streaming - FRML Packaging,439
Razer Viper V2 Pro - Wireless BlackWidow V4 75% - Hot-swappable Mechanical - Quartz Edition - FRML Packaging,155.9
Razer Iskur X - Ergonomic Gaming Chair,599.9
CM SILENCIO S400 m-ATX CASE WITH TG /SDCARD READER,114.67
Gaming Mouse - White - AP Packaging,229.9
Gaming Keyboard - US Layout - FRML,290.9
Razer Kraken Kitty for Streaming - FRML Packaging,409.9
Razer Naga V2 Pro - Wireless MMO Gaming Mouse,289
Razer BlackWidow V4 75% - Hot-swappable Mechanical Gaming Keyboard - White Edition - US Layout - World Packaging,305.9
Razer V2 BT - Quartz Edition - Wireless Bluetooth RGB Headset with Kitty Ears - FRML Packaging,155.9
Razer Stream Controller X - All-in-one Keypad for Streaming - FRML Packaging,239.9
CM MASTERFRAME 700 OPEN-AIR FRAME,272.94
Razer Viper V3 HyperSpeed - Wireless Esports Gaming Mouse - FRML Packaging,109.9
Razer™ BlackWidow V3 - Mechanical Gaming Keyboard (Green Switch) - US Layout – FRML Packaging,219.9
6 Razer Barracuda Pro - Wireless Gaming Headset with Hybrid ANC - FRML Packaging,409.9
"CABLE,CAT6,UTP,RJ45M/M,10M,BLU,PATCH,SNAGLESS A3L980bt10MBLUS",22
Razer Naga V2 HyperSpeed - Wireless MMO Gaming Mouse - AP Packaging,159
Razer™ BlackWidow V3 - Mechanical Gaming Keyboard (Yellow Switch) - US Layout – FRML Packaging,219.9
Razer Barracuda - Wireless Multi-platform Gaming and Mobile Headset - FRML Packaging,264.9
CM MASTERCASE EG200 eGPU WITH SFX550 GOLD PSU,471.28
Razer Goliathus Chroma Soft Gaming Mouse Mat Chroma,59.9
Razer™ BlackWidow V3 - Mechanical Gaming Keyboard (Green Switch) - Quartz Edition - US Layout FRML Packaging,219.9
Razer Barracuda - Wireless Multi-platform Gaming and Mobile Headset - Mercury White - FRML Packaging,279.9
"CABLE,HDMI 2.1, M/M, 2M,BLACK AV10175bt2MBKV2",59
CM MASTERCASE H500M ARGB CASE WITH 4 T.G,282.39
Razer Goliathus Chroma Extended - Soft Gaming Mouse Mat with Chroma - FRML Packaging,89.9
Razer™ BlackWidow V3 Tenkeyless - Mechanical Gaming Keyboard - US Layout – FRML packaging,159.9
Razer Barracuda X (2022) - Wireless Multi-Platform Gaming and Mobile Headset - FRML Packaging,159.9
"CABLE,HDMI 2.1, M/M, 1M,BLACK AV10176bt1M-BLK",69
CM MASTERCASE H500 ARGB CASE WITH T.G,159.61
Razer Goliathus Extended Chroma - Soft Gaming Mouse Mat with Chroma - Mercury - FMRL Packaging,89.9
Razer™ BlackWidow V3 Tenkeyless - Mechanical Gaming Keyboard (Yellow Switch) - US Layout - FRML packaging,159.9
Razer Barracuda X (2022) - Wireless Multi-Platform Gaming and Mobile Headset - Mercury White - FRML Packaging,159.9
"CABLE,HDMI 2.1, M/M, 2M,BLACK AV10176bt2M-BLK",85
Razer Goliathus Extended Chroma - Soft Gaming Mouse Mat with Chroma - Quartz - FMRL Packaging,89.9
Razer™ BlackWidow V3 Mini HyperSpeed - Phantom Pudding Edition - 65% Wireless Mechanical Gaming Keyboard (Yellow Switch) - FRML Packaging,309.9
Razer Barracuda X (2022) - Wireless Multi-Platform Gaming and Mobile Headset - Quartz Pink - FRML Packaging,159.9
"ADAPTER, USB-C TO VGA, 60W PD, BLK AVC001btBK",19
Razer Goliathus Chroma 3XL - Soft Gaming Mouse Mat with Chroma - FRML Packaging,159
Razer DeathStalker V2 Pro - Wireless Low Profile Optical Gaming Keyboard (Linear Red Switch) - US Layout – FRML,319
Razer Opus X - Mercury - Active Noise Cancellation Headset - FRML Packaging,154.9
"ADAPTER, USB-C TO HDMI, 60W PD, BLK AVC002btBK",69
RAZER GOLIATHUS MOBILE - SMALL,13.9
Razer DeathStalker V2 Pro - Wireless Low Profile Optical Gaming Keyboard (Clicky Purple Switch) - White Edition - US Layout - World Packaging,329
Razer Opus X - Quartz - Active Noise Cancellation Headset - FRML Packaging,154.9
USB-C Video Adapter AVC003btBK,109
Razer Goliathus Mobile Stealth Edition - Small,13.9
Razer DeathStalker V2 Pro Tenkeyless - Wireless Low Profile Optical Gaming Keyboard (Linear Red Switch) - US Layout – FRML,299
Razer Opus X - Green - Active Noise Cancellation Headset - FRML Packaging,154.9
USB-C 5-IN-1 MULTIPORT ADAPTER AVC007BTSGY,79
Razer Gigantus V2 - Soft Gaming Mouse Mat Medium - FRML Packaging,15.9
Razer DeathStalker V2 Pro Tenkeyless - Wireless Low Profile Optical Gaming Keyboard (Linear Red Switch) - White Edition - US Layout - World Packaging,309
Razer Hammerhead True Wireless Pro - Earbuds - AP Packaging,299.9
USB-C 7-IN-1 MULTIPORT ADAPTER AVC009btSGY,99
Razer Gigantus V2 - Soft Gaming Mouse Mat Large - FRML Packaging,24.9
Razer DeathStalker V2 - Low Profile Optical Gaming Keyboard (Linear Red Switch) - US Layout – FRML,249
Razer Hammerhead Pro HyperSpeed - Earbuds - AP Packaging,299.9
"SURGE,4OT,525J,2M, 2 USB-2.4A SHARED BSV401sa2M",55
Razer Gigantus V2 - Soft Gaming Mouse Mat XXL - FRML Packaging,49.9
Razer Ornata V3 - Low Profile Gaming Keyboard - US Layout – FRML,109.9
Razer Hammerhead HyperSpeed (Xbox Licensed) - Wireless Multi-Platform Gaming and Mobile Earbuds - AP Packaging,249.9
"SURGE,6OT,650J,2M, 2 USB-2.4A SHARED BSV604sa2M",63
Razer Gigantus V2 - Soft Gaming Mouse Mat 3XL - FRML Packaging,79.9
Razer Ornata V3 X - Low Profile Gaming Keyboard - US Layout – FRML,64.9
Razer Moray - Ergonomic In-ear Monitor for All-day Streaming - FRML Packaging,2005
"SURGE,80T,900J,2M, 2 USB-2.4A SHARED BSV804sa2M",79
Razer Strider Chroma - Gaming Mouse Mat - FRML Packaging,209
Razer Ornata V3 Tenkeyless - Low Profile Gaming Keyboard - US Layout – FRML,109.9
Razer Nommo V2 Pro - Full-Range 2.1 PC Gaming Speakers with Wireless Subwoofer - EU/IDN + UK/MY/SG/UAE Packaging,669.9
"USB-A TO LTG, SILICONE, 1M, BLK CAA008bt1MBK",27
Razer Strider - Hybrid Gaming Mouse Mat - Large - FRML Packaging,49.9
Razer™ BlackWidow V3 Pro - Wireless Mechanical Gaming Keyboard (Green Switch) - US Layout - FRML Packaging,359.9
Razer Nommo V2 - Full-Range 2.1 PC Gaming Speakers with Wired Subwoofer - EU/IDN + UK/MY/SG/UAE Packaging,419.9
"USB-A TO LTG, SILICONE, 1M, BLUE CAA008bt1MBL",27
Razer Strider - Hybrid Gaming Mouse Mat - Large - Quartz Edition - FRML Packaging,49.9
Razer™ BlackWidow V3 Pro - Wireless Mechanical Gaming Keyboard (Yellow Switch) - US Layout - FRML Packaging,359.9
Razer Nommo V2 X - Full-Range 2.0 PC Gaming Speakers - EU/IDN/RUS//UKR/ISR/EGY/ZAF + UK/MY/SG/UAE/SAU Packaging,249.9
"USB-A TO LTG, SILICONE, 1M, PINK CAA008BT1MPK",27
Razer Strider - Hybrid Gaming Mouse Mat - XXL - FRML Packaging,80.9
Razer Nommo Chroma 2.0 Gaming Speakers,229.9
"USB-A TO LTG, SILICONE, 1M, WHT CAA008bt1MWH",27
Razer Firefly V2,79.9
Razer BlackShark V2 Pro (2023) - Wireless Gaming Headset - FRML Packaging,324.9
Razer Nommo 2.0 Gaming Speakers,159.9
"CABLE,THUNDERBOLT 3,C-C,40Gbps,.5M,BLACK,5A F2CD084bt0.5MBK",59
Razer Atlas,159.9
Razer BlackShark V2 Pro (2023) - Wireless Gaming Headset - White Edition - FRML Packaging,324.9
Razer Leviathan V2 - PC Gaming Sound Bar with Subwoofer,379
"ADAPTER,USB-C,HDMI,4K,60HZ,BLACK F2CU038btBLK",79
Razer Atlas White Edition,159.9
Razer BlackShark V2 Pro - Wireless Gaming Headset - White Edition - FRML Packaging,269.9
Razer Leviathan V2 X - PC Gaming Soundbar - FRML Packaging,165
"USB-C 4-PORT MINI HUB,3.0,BLK F4U090btBLK",90
Razer Sphex V3 – Ultra-Thin Gaming Mouse Mat - Small - FRML Packaging,15.9
Razer BlackShark V2 Pro - Wireless Gaming Headset - FRML Packaging,269.9
"USB-C MULTIMEDIA HUB+ POWER,SPACE GRAY F4U092btSGY",136
Razer Sphex V3 - Ultra-Thin Gaming Mouse Mat - Large - FRML Packaging,39.9
Razer Wolverine V2 Pro - Wireless PlayStation 5 & PC Gaming Controller - White - AP Packaging,399
"KEYCHAIN , PC, PINK F8W973btPNK",11
Razer Huntsman V3 Pro - Analog Optical Esports Keyboard - US Layout - FRML,399.9
Razer BlackShark HyperSpeed-PS5 WLESS GMING HDSET,329.9
"STRAP , PC, PINK F8W974btPNK",11
Razer Huntsman V3 Pro Tenkeyless - Tenkeyless Analog Optical Esports Keyboard - US Layout - FRML,349.9
RAZER KAIRA HYPERSPEED-PS5 WLESS GAMING HEADSET,214.9
"ADAPTER, USB-C TO GIGABIT ETHERNET, 60W PD, BLK INC001btBK",55
Razer Huntsman V3 Pro Mini - 60% Analog Optical Esports Keyboard - US Layout - FRML,279.9
RAZER KAIRA X FOR PLAYSTATION-FOR PS5,99.9
USB-C DUAL DISPLAY DOCK INC002qcBK,299
Razer Huntsman V2 - Optical Gaming Keyboard (Clicky Purple Switch) - US Layout - FRML Packaging,299.9
RAZER HAMMERHEAD HYPERSPEED-PS5,249.9
USB-C 11-IN-1 MULTIPORT DOCK INC004btSGY,145
Razer Huntsman V2 - Optical Gaming Keyboard (Linear Red Switch),309.9
Razer Kishi V2 - Gaming Controller for Android - FRML Packaging,149.9
THUNDERBOLT 4 CABLE 2M ACTIVE INZ002BT2MBK,115
Razer Huntsman V2 Tenkeyless - Optical Gaming Keyboard (Clicky Purple Switch) - US Layout,239.9
Razer Kishi V2 - Gaming Controller for iPhone - FRML Packaging,149.9
"GLASS,EZ TRAY,APPLE,13 MINI,TEMPERED GLASS AM OVA068zz",24
Razer Huntsman V2 Tenkeyless - Optical Gaming Keyboard (Linear Red Switch),254.9
Razer BlackShark V2 X USB - Wired Gaming Headset - FRML Packaging,105
"GLASS,EZ TRAY,APPLE,13/13 PRO,TEMPERED GLASS AM OVA069zz",24
Razer Huntsman V2 Tenkeyless - Optical Gaming Keyboard (Linear Red Switch) - Quartz Edition - US Layout - FRML,269.9
Razer BlackShark V2 X - Wired Gaming Headset - FRML Packaging,94.9
"GLASS,EZ TRAY,APPLE,13 PRO MAX,TEMPERED GLASS AM OVA070zz",24
Razer Huntsman Mini - 60% Optical Gaming Keyboard (Clicky Purple Switch) - FRML Packaging,189.9
Razer BlackShark V2 X - Wired Gaming Headset - White - FRML Packaging,94.9
"GLASS, EZ TRAY, 2022 C, TEMPERED GLASS AM OVA101zz",24
Razer Huntsman Mini - 60% Optical Gaming Keyboard (Linear Red Switch) - FRML Packaging,209.9
Razer BlackShark V2 X - Wired Gaming Headset - Quartz Edition - FRML Packaging,94.9
"GLASS, EZ TRAY, 2022 D, TEMPERED GLASS AM OVA102zz",24
Razer Huntsman Mini Analog - 60% Analog Optical Gaming Keyboard (Analog Switch) - US Layout - FRML Packaging,229.9
Razer Kraken V3 Pro - Wireless Gaming Headset with Razer HyperSense - FRML Packaging,329.9
"GLASS, EZ TRAY, 2022 C, LAS GLASS AM OVA103zz",26
Razer BlackWidow V4 Pro - Mechanical Gaming Keyboard (Green Switch) - US Layout - FRML,359
Razer Kraken V3 HyperSense - Wired USB Gaming Headset with Haptic Technology - FRML Packaging,209.9
"GLASS, EZ TRAY, 2022 D, LAS GLASS AM OVA104zz",26
Razer BlackWidow V4 Pro - Mechanical Gaming Keyboard (Yellow Switch) - US Layout - FRML,359
Razer Kraken V3 - Wired USB Gaming Headset - FRML Packaging,159.9
"20W AC CHARGER, STANDALONE, WHT WCA003myWH",25
Razer BlackWidow V4 - Mechanical Gaming Keyboard (Green Switch) - US Layout - FRML,269.9
Razer Kraken V3 X - Wired USB Gaming Headset - FRML Packaging,109.9
PD 25W PPS USB-C WALL CHARGER WCA004myWH,29
Razer BlackWidow V4 - Mechanical Gaming Keyboard (Yellow Switch) - US Layout - FRML,269.9
Razer Kraken Kitty V2 Pro - Wired RGB Headset with Interchangeable Ears - Black - FRML Packaging,329.99
"63W USB-C CHARGER,GAN,50C/18C,WHT WCH003myWH",69
Razer BlackWidow V4 X - Mechanical Gaming Keyboard (Green Switch) - US Layout - FRML,209.9
Razer Kraken Kitty V2 Pro - Wired RGB Headset with Interchangeable Ears - Quartz Edition - FRML Packaging,329.99
"108W USB-C CHARGER,GAN,4-PORT,WHT,2M WCH010MYWH",119
Razer BlackWidow V4 X - Mechanical Gaming Keyboard (Yellow Switch) - US Layout - FRML,209.9
Razer Kraken Kitty V2 - USB Headset with RGB Kitty Ears - Black - FRML Packaging,155.9
65W DUAL USB-C GAN WALL CHARGER WITH WCH013MYWH,75
CM MASTERBOX CM694 ATX CASE WITH T.G,178.5
CM MASTERBOX TD500 MESH ARGB ATX CASE - WHITE,141.33
CM MASTERBOX TD500 MESH ARGB ATX CASE,132.44
CM MASTERBOX TD300 MESH ARGB m-ATX CASE - WHITE,105.78
CM MASTERBOX TD300 MESH ARGB m-ATX CASE,105.78
CM MASTERBOX NR600P ATX CASE WITH HOTSWAP BAYS,187.94
CM MASTERBOX NR600 ATX CASE WITH T.G / ODD,105.78
CM MASTERBOX NR400 m-ATX CASE WITH T.G,88
CM MASTERBOX NR200P MAX WITH 850W PSU & 280MM AIO,471.28
CM MASTERBOX NR200P SFF m-ITX CASE WITH T.G PURPLE,150.22
CM MASTERBOX NR200P SFF m-ITX CASE WITH T.G ORANGE,150.22
CM MASTERBOX NR200P SFF m-ITX CASE WITH T.G,132.44
CM MASTERBOX NR200P SFF m-ITX CASE WITH T.G -WHITE,132.44
CM MASTERBOX NR200 SFF m-ITX CASE,105.78
CM MASTERBOX NR200 SFF m-ITX CASE - WHITE,105.78
CM MASTERBOX MB600L V2 ATX CASE WITH ODD,70.22
CM MASTERBOX MB540 ARGB ATX CASE WITH T.G,141.33
CM MASTERBOX MB530 ARGB ATX CASE WITH 3 T.G,150.22
CM MASTERBOX MB520 ARGB ATX CASE WITH T.G,114.67
CM MASTERBOX MB511 ARGB ATX CASE WITH T.G,114.67
CM MASTERBOX MB320L ARGB m-ATX CASE WITH T.G,88
CM MASTERBOX MB311L ARGB m-ATX CASE WITH T.G,88
CM MASTERBOX 500 ARGB ATX CASE,114.67
CM ELITE 500 ATX CASE WITH ODD,70.22
CM XG PLUS PLATINUM 850 FULL MODULAR ARGB PSU,360.8
CM XG PLUS PLATINUM 750 FULL MODULAR ARGB PSU,321.69
CM XG PLATINUM 850 FULL MODULAR PSU,263.02
CM XG PLATINUM 750 FULL MODULAR PSU,223.91
CM V SFX GOLD 850 FULL MODULAR WHITE PSU,233.69
CM V SFX GOLD 750 FULL MODULAR WHITE PSU,214.13
CM V SFX GOLD 850 FULL MODULAR PSU,223.91
CM V SFX GOLD 750 FULL MODULAR PSU,204.36
CM V SFX GOLD 650 FULL MODULAR PSU,184.8
CM V PLATINUM 1300 FULL MODULAR PSU,419.47
CM V PLATINUM 1000 FULL MODULAR PSU,360.8
CM V PLATINUM 850 FULL MODULAR PSU,311.91
CM V GOLD V2 850 FULL MODULAR PSU,223.91
CM V GOLD V2 750 FULL MODULAR PSU,204.36
CM V GOLD V2 650 FULL MODULAR PSU,184.8
CM V GOLD V2 750 FULL MODULAR WHITE PSU,214.13
CM V GOLD V2 650 FULL MODULAR WHITE PSU,194.58
CM MWE GOLD V2 1250W FULL MODULAR ATX3 PSU,341.24
CM MWE GOLD V2 1050W FULL MODULAR ATX3 PSU,311.92
CM MWE GOLD V2 850W FULL MODULAR PSU,184.8
CM MWE GOLD V2 750W FULL MODULAR PSU,165.24
CM MWE GOLD V2 650W FULL MODULAR PSU,145.69
CM G800 GOLD NON MODULAR PSU,131.28
CM COSMOS C700M ARGB TOWER W/T.GLASS,565.72
CM HAF700 EVO ARGB TOWER WITH T.G,660.17
CM SILENCIO S600 ATX CASE WITH TG / SD CARD READER,132.44
