item,price_sgd
Intel 15th Gen Processor U5 245K,471
Intel 15th Gen Processor U5 245KF,447
Intel 15th Gen Processor U7 265K,606
Intel 15th Gen Processor U7 265KF,591
Intel 15th Gen Processor U9 285K,894
Intel 15th Gen Processor U5 225,375
Intel 15th Gen Processor U5 225F,351
Intel 15th Gen Processor U5 235,389
Intel 15th Gen Processor U7 265,595
Intel 15th Gen Processor U7 265F,575
Intel 15th Gen Processor U9 285,862
Gigabyte Z890 AORUS MASTER,962
Gigabyte Z890 AORUS MASTER + U5 245K,1372
Gigabyte Z890 AORUS MASTER + U5 245KF,1349
Gigabyte Z890 AORUS MASTER + U7 265K,1499
Gigabyte Z890 AORUS MASTER + U7 265KF,1484
Gigabyte Z890 AORUS MASTER + U9 285K,1768
Gigabyte Z890 AORUS MASTER + U5 225,1282
Gigabyte Z890 AORUS MASTER + U5 225F,1260
Gigabyte Z890 AORUS MASTER + U5 235,1296
Gigabyte Z890 AORUS MASTER + U7 265,1488
Gigabyte Z890 AORUS MASTER + U7 265F,1469
Gigabyte Z890 AORUS MASTER + U9 285,1738
Gigabyte Z890 AORUS ELITE WIFI 7 ICE,480
Gigabyte Z890 AORUS ELITE WIFI 7 ICE + U5 245K,903
Gigabyte Z890 AORUS ELITE WIFI 7 ICE + U5 245KF,881
Gigabyte Z890 AORUS ELITE WIFI 7 ICE + U7 265K,1030
Gigabyte Z890 AORUS ELITE WIFI 7 ICE + U7 265KF,1015
Gigabyte Z890 AORUS ELITE WIFI 7 ICE + U9 285K,1299
Gigabyte Z890 AORUS ELITE WIFI 7 ICE + U5 225,814
Gigabyte Z890 AORUS ELITE WIFI 7 ICE + U5 225F,791
Gigabyte Z890 AORUS ELITE WIFI 7 ICE + U5 235,827
Gigabyte Z890 AORUS ELITE WIFI 7 ICE + U7 265,1020
Gigabyte Z890 AORUS ELITE WIFI 7 ICE + U7 265F,1000
Gigabyte Z890 AORUS ELITE WIFI 7 ICE + U9 285,1269
Gigabyte Z890 AORUS ELITE WIFI 7,464
Gigabyte Z890 AORUS ELITE WIFI 7 + U5 245K,888
Gigabyte Z890 AORUS ELITE WIFI 7 + U5 245KF,865
Gigabyte Z890 AORUS ELITE WIFI 7 + U7 265K,1015
Gigabyte Z890 AORUS ELITE WIFI 7 + U7 265KF,1000
Gigabyte Z890 AORUS ELITE WIFI 7 + U9 285K,1284
Gigabyte Z890 AORUS ELITE WIFI 7 + U5 225,798
Gigabyte Z890 AORUS ELITE WIFI 7 + U5 225F,776
Gigabyte Z890 AORUS ELITE WIFI 7 + U5 235,812
Gigabyte Z890 AORUS ELITE WIFI 7 + U7 265,1004
Gigabyte Z890 AORUS ELITE WIFI 7 + U7 265F,985
Gigabyte Z890 AORUS ELITE WIFI 7 + U9 285,1254
Gigabyte Z890 EAGLE WIFI 7,390
Gigabyte Z890 EAGLE WIFI 7 + U5 245K,816
Gigabyte Z890 EAGLE WIFI 7 + U5 245KF,794
Gigabyte Z890 EAGLE WIFI 7 + U7 265K,943
Gigabyte Z890 EAGLE WIFI 7 + U7 265KF,928
Gigabyte Z890 EAGLE WIFI 7 + U9 285K,1212
Gigabyte Z890 EAGLE WIFI 7 + U5 225,726
Gigabyte Z890 EAGLE WIFI 7 + U5 225F,704
Gigabyte Z890 EAGLE WIFI 7 + U5 235,740
Gigabyte Z890 EAGLE WIFI 7 + U7 265,932
Gigabyte Z890 EAGLE WIFI 7 + U7 265F,913
Gigabyte Z890 EAGLE WIFI 7 + U9 285,1182
Gigabyte Z890 UD WIFI 6E,368
Gigabyte Z890 UD WIFI 6E + U5 245K,794
Gigabyte Z890 UD WIFI 6E + U5 245KF,772
Gigabyte Z890 UD WIFI 6E + U7 265K,921
Gigabyte Z890 UD WIFI 6E + U7 265KF,906
Gigabyte Z890 UD WIFI 6E + U9 285K,1190
Gigabyte Z890 UD WIFI 6E + U5 225,705
Gigabyte Z890 UD WIFI 6E + U5 225F,682
Gigabyte Z890 UD WIFI 6E + U5 235,718
Gigabyte Z890 UD WIFI 6E + U7 265,911
Gigabyte Z890 UD WIFI 6E + U7 265F,891
Gigabyte Z890 UD WIFI 6E + U9 285,1160
Gigabyte Z890M AORUS ELITE WIFI 7,386
Gigabyte Z890M AORUS ELITE WIFI 7 + U5 245K,812
Gigabyte Z890M AORUS ELITE WIFI 7 + U5 245KF,789
Gigabyte Z890M AORUS ELITE WIFI 7 + U7 265K,939
Gigabyte Z890M AORUS ELITE WIFI 7 + U7 265KF,924
Gigabyte Z890M AORUS ELITE WIFI 7 + U9 285K,1207
Gigabyte Z890M AORUS ELITE WIFI 7 + U5 225,722
Gigabyte Z890M AORUS ELITE WIFI 7 + U5 225F,700
Gigabyte Z890M AORUS ELITE WIFI 7 + U5 235,735
Gigabyte Z890M AORUS ELITE WIFI 7 + U7 265,928
Gigabyte Z890M AORUS ELITE WIFI 7 + U7 265F,909
Gigabyte Z890M AORUS ELITE WIFI 7 + U9 285,1177
Gigabyte B860 GAMING X WIFI6E,341
Gigabyte B860 GAMING X WIFI6E + U5 245K,768
Gigabyte B860 GAMING X WIFI6E + U5 245KF,746
Gigabyte B860 GAMING X WIFI6E + U7 265K,895
Gigabyte B860 GAMING X WIFI6E + U7 265KF,880
Gigabyte B860 GAMING X WIFI6E + U9 285K,1164
Gigabyte B860 GAMING X WIFI6E + U5 225,678
Gigabyte B860 GAMING X WIFI6E + U5 225F,656
Gigabyte B860 GAMING X WIFI6E + U5 235,692
Gigabyte B860 GAMING X WIFI6E + U7 265,884
Gigabyte B860 GAMING X WIFI6E + U7 265F,865
Gigabyte B860 GAMING X WIFI6E + U9 285,1134
Gigabyte B860 DS3H WIFI6E,274
Gigabyte B860 DS3H WIFI6E + U5 245K,703
Gigabyte B860 DS3H WIFI6E + U5 245KF,680
Gigabyte B860 DS3H WIFI6E + U7 265K,830
Gigabyte B860 DS3H WIFI6E + U7 265KF,815
Gigabyte B860 DS3H WIFI6E + U9 285K,1098
Gigabyte B860 DS3H WIFI6E + U5 225,613
Gigabyte B860 DS3H WIFI6E + U5 225F,591
Gigabyte B860 DS3H WIFI6E + U5 235,626
Gigabyte B860 DS3H WIFI6E + U7 265,819
Gigabyte B860 DS3H WIFI6E + U7 265F,800
Gigabyte B860 DS3H WIFI6E + U9 285,1068
Gigabyte B860M DS3H WIFI6E,256
Gigabyte B860M DS3H WIFI6E + U5 245K,685
Gigabyte B860M DS3H WIFI6E + U5 245KF,663
Gigabyte B860M DS3H WIFI6E + U7 265K,812
Gigabyte B860M DS3H WIFI6E + U7 265KF,797
Gigabyte B860M DS3H WIFI6E + U9 285K,1081
Gigabyte B860M DS3H WIFI6E + U5 225,596
Gigabyte B860M DS3H WIFI6E + U5 225F,573
Gigabyte B860M DS3H WIFI6E + U5 235,609
Gigabyte B860M DS3H WIFI6E + U7 265,802
Gigabyte B860M DS3H WIFI6E + U7 265F,782
Gigabyte B860M DS3H WIFI6E + U9 285,1051
Gigabyte B860M EAGLE WIFI6,222
Gigabyte B860M EAGLE WIFI6 + U5 245K,652
Gigabyte B860M EAGLE WIFI6 + U5 245KF,630
Gigabyte B860M EAGLE WIFI6 + U7 265K,779
Gigabyte B860M EAGLE WIFI6 + U7 265KF,764
Gigabyte B860M EAGLE WIFI6 + U9 285K,1048
Gigabyte B860M EAGLE WIFI6 + U5 225,563
Gigabyte B860M EAGLE WIFI6 + U5 225F,540
Gigabyte B860M EAGLE WIFI6 + U5 235,576
Gigabyte B860M EAGLE WIFI6 + U7 265,769
Gigabyte B860M EAGLE WIFI6 + U7 265F,749
Gigabyte B860M EAGLE WIFI6 + U9 285,1018
Gigabyte B860I AORUS PRO ICE,386
Gigabyte B860I AORUS PRO ICE + U5 245K,812
Gigabyte B860I AORUS PRO ICE + U5 245KF,789
Gigabyte B860I AORUS PRO ICE + U7 265K,939
Gigabyte B860I AORUS PRO ICE + U7 265KF,924
Gigabyte B860I AORUS PRO ICE + U9 285K,1207
Gigabyte B860I AORUS PRO ICE + U5 225,722
Gigabyte B860I AORUS PRO ICE + U5 225F,700
Gigabyte B860I AORUS PRO ICE + U5 235,735
Gigabyte B860I AORUS PRO ICE + U7 265,928
Gigabyte B860I AORUS PRO ICE + U7 265F,909
Gigabyte B860I AORUS PRO ICE + U9 285,1177
MSI MAG Z890 TOMAHAWK WIFI,554
MSI MAG Z890 TOMAHAWK WIFI + U5 245K,975
MSI MAG Z890 TOMAHAWK WIFI + U5 245KF,953
MSI MAG Z890 TOMAHAWK WIFI + U7 265K,1102
MSI MAG Z890 TOMAHAWK WIFI + U7 265KF,1087
MSI MAG Z890 TOMAHAWK WIFI + U9 285K,1371
MSI MAG Z890 TOMAHAWK WIFI + U5 225,885
MSI MAG Z890 TOMAHAWK WIFI + U5 225F,863
MSI MAG Z890 TOMAHAWK WIFI + U5 235,899
MSI MAG Z890 TOMAHAWK WIFI + U7 265,1092
MSI MAG Z890 TOMAHAWK WIFI + U7 265F,1072
MSI MAG Z890 TOMAHAWK WIFI + U9 285,1341
MSI MPG Z890 CARBON WIFI,913
MSI MPG Z890 CARBON WIFI + U5 245K,1325
MSI MPG Z890 CARBON WIFI + U5 245KF,1303
MSI MPG Z890 CARBON WIFI + U7 265K,1452
MSI MPG Z890 CARBON WIFI + U7 265KF,1437
MSI MPG Z890 CARBON WIFI + U9 285K,1721
MSI MPG Z890 CARBON WIFI + U5 225,1235
MSI MPG Z890 CARBON WIFI + U5 225F,1213
MSI MPG Z890 CARBON WIFI + U5 235,1249
MSI MPG Z890 CARBON WIFI + U7 265,1441
MSI MPG Z890 CARBON WIFI + U7 265F,1422
MSI MPG Z890 CARBON WIFI + U9 285,1691
MSI Z890 GAMING PLUS WIFI,439
MSI Z890 GAMING PLUS WIFI + U5 245K,863
MSI Z890 GAMING PLUS WIFI + U5 245KF,840
MSI Z890 GAMING PLUS WIFI + U7 265K,990
MSI Z890 GAMING PLUS WIFI + U7 265KF,975
MSI Z890 GAMING PLUS WIFI + U9 285K,1259
MSI Z890 GAMING PLUS WIFI + U5 225,773
MSI Z890 GAMING PLUS WIFI + U5 225F,751
MSI Z890 GAMING PLUS WIFI + U5 235,787
MSI Z890 GAMING PLUS WIFI + U7 265,979
MSI Z890 GAMING PLUS WIFI + U7 265F,960
MSI Z890 GAMING PLUS WIFI + U9 285,1229
MSI PRO Z890-P WIFI,387
MSI PRO Z890-P WIFI + U5 245K,813
MSI PRO Z890-P WIFI + U5 245KF,790
MSI PRO Z890-P WIFI + U7 265K,940
MSI PRO Z890-P WIFI + U7 265KF,925
MSI PRO Z890-P WIFI + U9 285K,1208
MSI PRO Z890-P WIFI + U5 225,723
MSI PRO Z890-P WIFI + U5 225F,701
MSI PRO Z890-P WIFI + U5 235,737
MSI PRO Z890-P WIFI + U7 265,929
MSI PRO Z890-P WIFI + U7 265F,910
MSI PRO Z890-P WIFI + U9 285,1179
ASROCK Z890 PRO RS WIFI WHITE,368
ASROCK Z890 PRO RS WIFI WHITE + U5 245K,794
ASROCK Z890 PRO RS WIFI WHITE + U5 245KF,772
ASROCK Z890 PRO RS WIFI WHITE + U7 265K,921
ASROCK Z890 PRO RS WIFI WHITE + U7 265KF,906
ASROCK Z890 PRO RS WIFI WHITE + U9 285K,1190
ASROCK Z890 PRO RS WIFI WHITE + U5 225,705
ASROCK Z890 PRO RS WIFI WHITE + U5 225F,682
ASROCK Z890 PRO RS WIFI WHITE + U5 235,718
ASROCK Z890 PRO RS WIFI WHITE + U7 265,911
ASROCK Z890 PRO RS WIFI WHITE + U7 265F,891
ASROCK Z890 PRO RS WIFI WHITE + U9 285,1160
ASROCK Z890 PRO-A WIFI,316
ASROCK Z890 PRO-A WIFI + U5 245K,744
ASROCK Z890 PRO-A WIFI + U5 245KF,722
ASROCK Z890 PRO-A WIFI + U7 265K,871
ASROCK Z890 PRO-A WIFI + U7 265KF,856
ASROCK Z890 PRO-A WIFI + U9 285K,1140
ASROCK Z890 PRO-A WIFI + U5 225,654
ASROCK Z890 PRO-A WIFI + U5 225F,632
ASROCK Z890 PRO-A WIFI + U5 235,668
ASROCK Z890 PRO-A WIFI + U7 265,860
ASROCK Z890 PRO-A WIFI + U7 265F,841
ASROCK Z890 PRO-A WIFI + U9 285,1110
ASUS ROG STRIX Z890-F GAMING WIFI,736
ASUS ROG STRIX Z890-F GAMING WIFI + U5 245K,1153
ASUS ROG STRIX Z890-F GAMING WIFI + U5 245KF,1130
ASUS ROG STRIX Z890-F GAMING WIFI + U7 265K,1280
ASUS ROG STRIX Z890-F GAMING WIFI + U7 265KF,1265
ASUS ROG STRIX Z890-F GAMING WIFI + U9 285K,1548
ASUS ROG STRIX Z890-F GAMING WIFI + U5 225,1063
ASUS ROG STRIX Z890-F GAMING WIFI + U5 225F,1041
ASUS ROG STRIX Z890-F GAMING WIFI + U5 235,1077
ASUS ROG STRIX Z890-F GAMING WIFI + U7 265,1269
ASUS ROG STRIX Z890-F GAMING WIFI + U7 265F,1250
ASUS ROG STRIX Z890-F GAMING WIFI + U9 285,1519
ASUS PRIME Z890-P WIFI-CSM,424
ASUS PRIME Z890-P WIFI-CSM + U5 245K,849
ASUS PRIME Z890-P WIFI-CSM + U5 245KF,826
ASUS PRIME Z890-P WIFI-CSM + U7 265K,976
ASUS PRIME Z890-P WIFI-CSM + U7 265KF,961
ASUS PRIME Z890-P WIFI-CSM + U9 285K,1244
ASUS PRIME Z890-P WIFI-CSM + U5 225,759
ASUS PRIME Z890-P WIFI-CSM + U5 225F,737
ASUS PRIME Z890-P WIFI-CSM + U5 235,772
ASUS PRIME Z890-P WIFI-CSM + U7 265,965
ASUS PRIME Z890-P WIFI-CSM + U7 265F,946
ASUS PRIME Z890-P WIFI-CSM + U9 285,1214
ASUS ROG STRIX Z890-A GAMING WIFI,689
ASUS ROG STRIX Z890-A GAMING WIFI + U5 245K,1107
ASUS ROG STRIX Z890-A GAMING WIFI + U5 245KF,1085
ASUS ROG STRIX Z890-A GAMING WIFI + U7 265K,1234
ASUS ROG STRIX Z890-A GAMING WIFI + U7 265KF,1219
ASUS ROG STRIX Z890-A GAMING WIFI + U9 285K,1503
ASUS ROG STRIX Z890-A GAMING WIFI + U5 225,1017
ASUS ROG STRIX Z890-A GAMING WIFI + U5 225F,995
ASUS ROG STRIX Z890-A GAMING WIFI + U5 235,1031
ASUS ROG STRIX Z890-A GAMING WIFI + U7 265,1223
ASUS ROG STRIX Z890-A GAMING WIFI + U7 265F,1204
ASUS ROG STRIX Z890-A GAMING WIFI + U9 285,1473
ASUS ROG MAXIMUS Z890 EXTREME E-,1607
ASUS ROG MAXIMUS Z890 EXTREME E- + U5 245K,2000
ASUS ROG MAXIMUS Z890 EXTREME E- + U5 245KF,1977
ASUS ROG MAXIMUS Z890 EXTREME E- + U7 265K,2127
ASUS ROG MAXIMUS Z890 EXTREME E- + U7 265KF,2112
ASUS ROG MAXIMUS Z890 EXTREME E- + U9 285K,2395
ASUS ROG MAXIMUS Z890 EXTREME E- + U5 225,1910
ASUS ROG MAXIMUS Z890 EXTREME E- + U5 225F,1888
ASUS ROG MAXIMUS Z890 EXTREME E- + U5 235,1924
ASUS ROG MAXIMUS Z890 EXTREME E- + U7 265,2116
ASUS ROG MAXIMUS Z890 EXTREME E- + U7 265F,2097
ASUS ROG MAXIMUS Z890 EXTREME E- + U9 285,2366
ASUS ROG STRIX Z890-I GAMING WIFI,812
ASUS ROG STRIX Z890-I GAMING WIFI + U5 245K,1226
ASUS ROG STRIX Z890-I GAMING WIFI + U5 245KF,1203
ASUS ROG STRIX Z890-I GAMING WIFI + U7 265K,1353
ASUS ROG STRIX Z890-I GAMING WIFI + U7 265KF,1338
ASUS ROG STRIX Z890-I GAMING WIFI + U9 285K,1621
ASUS ROG STRIX Z890-I GAMING WIFI + U5 225,1136
ASUS ROG STRIX Z890-I GAMING WIFI + U5 225F,1114
ASUS ROG STRIX Z890-I GAMING WIFI + U5 235,1150
ASUS ROG STRIX Z890-I GAMING WIFI + U7 265,1342
ASUS ROG STRIX Z890-I GAMING WIFI + U7 265F,1323
ASUS ROG STRIX Z890-I GAMING WIFI + U9 285,1592
ASUS ROG MAXIMUS Z890 hero,1133
ASUS ROG MAXIMUS Z890 hero + U5 245K,1539
ASUS ROG MAXIMUS Z890 hero + U5 245KF,1516
ASUS ROG MAXIMUS Z890 hero + U7 265K,1666
ASUS ROG MAXIMUS Z890 hero + U7 265KF,1651
ASUS ROG MAXIMUS Z890 hero + U9 285K,1934
ASUS ROG MAXIMUS Z890 hero + U5 225,1449
ASUS ROG MAXIMUS Z890 hero + U5 225F,1427
ASUS ROG MAXIMUS Z890 hero + U5 235,1462
ASUS ROG MAXIMUS Z890 hero + U7 265,1655
ASUS ROG MAXIMUS Z890 hero + U7 265F,1636
ASUS ROG MAXIMUS Z890 hero + U9 285,1904
Asus ROG STRIX Z890-E GAMING WIFI,850
Asus ROG STRIX Z890-E GAMING WIFI + U5 245K,1263
Asus ROG STRIX Z890-E GAMING WIFI + U5 245KF,1240
Asus ROG STRIX Z890-E GAMING WIFI + U7 265K,1390
Asus ROG STRIX Z890-E GAMING WIFI + U7 265KF,1375
Asus ROG STRIX Z890-E GAMING WIFI + U9 285K,1659
Asus ROG STRIX Z890-E GAMING WIFI + U5 225,1173
Asus ROG STRIX Z890-E GAMING WIFI + U5 225F,1151
Asus ROG STRIX Z890-E GAMING WIFI + U5 235,1187
Asus ROG STRIX Z890-E GAMING WIFI + U7 265,1379
Asus ROG STRIX Z890-E GAMING WIFI + U7 265F,1360
Asus ROG STRIX Z890-E GAMING WIFI + U9 285,1629
ASUS ROG MAXIMUS Z890 APEX,1115
ASUS ROG MAXIMUS Z890 APEX + U5 245K,1521
ASUS ROG MAXIMUS Z890 APEX + U5 245KF,1499
ASUS ROG MAXIMUS Z890 APEX + U7 265K,1648
ASUS ROG MAXIMUS Z890 APEX + U7 265KF,1633
ASUS ROG MAXIMUS Z890 APEX + U9 285K,1917
ASUS ROG MAXIMUS Z890 APEX + U5 225,1432
ASUS ROG MAXIMUS Z890 APEX + U5 225F,1409
ASUS ROG MAXIMUS Z890 APEX + U5 235,1445
ASUS ROG MAXIMUS Z890 APEX + U7 265,1638
ASUS ROG MAXIMUS Z890 APEX + U7 265F,1618
ASUS ROG MAXIMUS Z890 APEX + U9 285,1887
ASUS TUF Gaming Z890-Plus WIFI,528
ASUS TUF Gaming Z890-Plus WIFI + U5 245K,950
ASUS TUF Gaming Z890-Plus WIFI + U5 245KF,928
ASUS TUF Gaming Z890-Plus WIFI + U7 265K,1077
ASUS TUF Gaming Z890-Plus WIFI + U7 265KF,1062
ASUS TUF Gaming Z890-Plus WIFI + U9 285K,1346
ASUS TUF Gaming Z890-Plus WIFI + U5 225,860
ASUS TUF Gaming Z890-Plus WIFI + U5 225F,838
ASUS TUF Gaming Z890-Plus WIFI + U5 235,874
ASUS TUF Gaming Z890-Plus WIFI + U7 265,1066
ASUS TUF Gaming Z890-Plus WIFI + U7 265F,1047
ASUS TUF Gaming Z890-Plus WIFI + U9 285,1316
ASUS TUF Gaming Z890-PRO WIFI,547
ASUS TUF Gaming Z890-PRO WIFI + U5 245K,969
ASUS TUF Gaming Z890-PRO WIFI + U5 245KF,946
ASUS TUF Gaming Z890-PRO WIFI + U7 265K,1095
ASUS TUF Gaming Z890-PRO WIFI + U7 265KF,1081
ASUS TUF Gaming Z890-PRO WIFI + U9 285K,1364
ASUS TUF Gaming Z890-PRO WIFI + U5 225,879
ASUS TUF Gaming Z890-PRO WIFI + U5 225F,857
ASUS TUF Gaming Z890-PRO WIFI + U5 235,892
ASUS TUF Gaming Z890-PRO WIFI + U7 265,1085
ASUS TUF Gaming Z890-PRO WIFI + U7 265F,1066
ASUS TUF Gaming Z890-PRO WIFI + U9 285,1334
ASUS PRIME Z890M-PLUS WIFI-CSM,396
ASUS PRIME Z890M-PLUS WIFI-CSM + U5 245K,821
ASUS PRIME Z890M-PLUS WIFI-CSM + U5 245KF,799
ASUS PRIME Z890M-PLUS WIFI-CSM + U7 265K,948
ASUS PRIME Z890M-PLUS WIFI-CSM + U7 265KF,933
ASUS PRIME Z890M-PLUS WIFI-CSM + U9 285K,1217
ASUS PRIME Z890M-PLUS WIFI-CSM + U5 225,732
ASUS PRIME Z890M-PLUS WIFI-CSM + U5 225F,709
ASUS PRIME Z890M-PLUS WIFI-CSM + U5 235,745
ASUS PRIME Z890M-PLUS WIFI-CSM + U7 265,938
ASUS PRIME Z890M-PLUS WIFI-CSM + U7 265F,918
ASUS PRIME Z890M-PLUS WIFI-CSM + U9 285,1187
ASUS ProArt Z890-CREATOR WIFI,850
ASUS ProArt Z890-CREATOR WIFI + U5 245K,1263
ASUS ProArt Z890-CREATOR WIFI + U5 245KF,1240
ASUS ProArt Z890-CREATOR WIFI + U7 265K,1390
ASUS ProArt Z890-CREATOR WIFI + U7 265KF,1375
ASUS ProArt Z890-CREATOR WIFI + U9 285K,1659
ASUS ProArt Z890-CREATOR WIFI + U5 225,1173
ASUS ProArt Z890-CREATOR WIFI + U5 225F,1151
ASUS ProArt Z890-CREATOR WIFI + U5 235,1187
ASUS ProArt Z890-CREATOR WIFI + U7 265,1379
ASUS ProArt Z890-CREATOR WIFI + U7 265F,1360
ASUS ProArt Z890-CREATOR WIFI + U9 285,1629
Asus ROG STRIX B860-F GAMING WIFI,472
Asus ROG STRIX B860-F GAMING WIFI + U5 245K,896
Asus ROG STRIX B860-F GAMING WIFI + U5 245KF,873
Asus ROG STRIX B860-F GAMING WIFI + U7 265K,1022
Asus ROG STRIX B860-F GAMING WIFI + U7 265KF,1008
Asus ROG STRIX B860-F GAMING WIFI + U9 285K,1291
Asus ROG STRIX B860-F GAMING WIFI + U5 225,806
Asus ROG STRIX B860-F GAMING WIFI + U5 225F,784
Asus ROG STRIX B860-F GAMING WIFI + U5 235,819
Asus ROG STRIX B860-F GAMING WIFI + U7 265,1012
Asus ROG STRIX B860-F GAMING WIFI + U7 265F,993
Asus ROG STRIX B860-F GAMING WIFI + U9 285,1261
Asus ROG STRIX B860-A GAMING WIFI,443
Asus ROG STRIX B860-A GAMING WIFI + U5 245K,867
Asus ROG STRIX B860-A GAMING WIFI + U5 245KF,845
Asus ROG STRIX B860-A GAMING WIFI + U7 265K,994
Asus ROG STRIX B860-A GAMING WIFI + U7 265KF,979
Asus ROG STRIX B860-A GAMING WIFI + U9 285K,1263
Asus ROG STRIX B860-A GAMING WIFI + U5 225,778
Asus ROG STRIX B860-A GAMING WIFI + U5 225F,755
Asus ROG STRIX B860-A GAMING WIFI + U5 235,791
Asus ROG STRIX B860-A GAMING WIFI + U7 265,984
Asus ROG STRIX B860-A GAMING WIFI + U7 265F,964
Asus ROG STRIX B860-A GAMING WIFI + U9 285,1233
Asus ROG STRIX B860-G GAMING WIFI,424
Asus ROG STRIX B860-G GAMING WIFI + U5 245K,849
Asus ROG STRIX B860-G GAMING WIFI + U5 245KF,826
Asus ROG STRIX B860-G GAMING WIFI + U7 265K,976
Asus ROG STRIX B860-G GAMING WIFI + U7 265KF,961
Asus ROG STRIX B860-G GAMING WIFI + U9 285K,1244
Asus ROG STRIX B860-G GAMING WIFI + U5 225,759
Asus ROG STRIX B860-G GAMING WIFI + U5 225F,737
Asus ROG STRIX B860-G GAMING WIFI + U5 235,772
Asus ROG STRIX B860-G GAMING WIFI + U7 265,965
Asus ROG STRIX B860-G GAMING WIFI + U7 265F,946
Asus ROG STRIX B860-G GAMING WIFI + U9 285,1214
Asus ROG STRIX B860-I GAMING WIFI,396
Asus ROG STRIX B860-I GAMING WIFI + U5 245K,821
Asus ROG STRIX B860-I GAMING WIFI + U5 245KF,799
Asus ROG STRIX B860-I GAMING WIFI + U7 265K,948
Asus ROG STRIX B860-I GAMING WIFI + U7 265KF,933
Asus ROG STRIX B860-I GAMING WIFI + U9 285K,1217
Asus ROG STRIX B860-I GAMING WIFI + U5 225,732
Asus ROG STRIX B860-I GAMING WIFI + U5 225F,709
Asus ROG STRIX B860-I GAMING WIFI + U5 235,745
Asus ROG STRIX B860-I GAMING WIFI + U7 265,938
Asus ROG STRIX B860-I GAMING WIFI + U7 265F,918
Asus ROG STRIX B860-I GAMING WIFI + U9 285,1187
Asus TUF GAMING B860-PLUS WIFI,377
Asus TUF GAMING B860-PLUS WIFI + U5 245K,803
Asus TUF GAMING B860-PLUS WIFI + U5 245KF,780
Asus TUF GAMING B860-PLUS WIFI + U7 265K,930
Asus TUF GAMING B860-PLUS WIFI + U7 265KF,915
Asus TUF GAMING B860-PLUS WIFI + U9 285K,1199
Asus TUF GAMING B860-PLUS WIFI + U5 225,713
Asus TUF GAMING B860-PLUS WIFI + U5 225F,691
Asus TUF GAMING B860-PLUS WIFI + U5 235,727
Asus TUF GAMING B860-PLUS WIFI + U7 265,919
Asus TUF GAMING B860-PLUS WIFI + U7 265F,900
Asus TUF GAMING B860-PLUS WIFI + U9 285,1169
Asus TUF GAMING B860M-PLUS WIFI,372
Asus TUF GAMING B860M-PLUS WIFI + U5 245K,798
Asus TUF GAMING B860M-PLUS WIFI + U5 245KF,776
Asus TUF GAMING B860M-PLUS WIFI + U7 265K,925
Asus TUF GAMING B860M-PLUS WIFI + U7 265KF,910
Asus TUF GAMING B860M-PLUS WIFI + U9 285K,1194
Asus TUF GAMING B860M-PLUS WIFI + U5 225,709
Asus TUF GAMING B860M-PLUS WIFI + U5 225F,686
Asus TUF GAMING B860M-PLUS WIFI + U5 235,722
Asus TUF GAMING B860M-PLUS WIFI + U7 265,915
Asus TUF GAMING B860M-PLUS WIFI + U7 265F,896
Asus TUF GAMING B860M-PLUS WIFI + U9 285,1164
Asus TUF GAMING B860M-PLUS,344
Asus TUF GAMING B860M-PLUS + U5 245K,771
Asus TUF GAMING B860M-PLUS + U5 245KF,749
Asus TUF GAMING B860M-PLUS + U7 265K,898
Asus TUF GAMING B860M-PLUS + U7 265KF,883
Asus TUF GAMING B860M-PLUS + U9 285K,1167
Asus TUF GAMING B860M-PLUS + U5 225,682
Asus TUF GAMING B860M-PLUS + U5 225F,659
Asus TUF GAMING B860M-PLUS + U5 235,695
Asus TUF GAMING B860M-PLUS + U7 265,888
Asus TUF GAMING B860M-PLUS + U7 265F,868
Asus TUF GAMING B860M-PLUS + U9 285,1137
Asus PRIME B860-PLUS WIFI-CSM,311
Asus PRIME B860-PLUS WIFI-CSM + U5 245K,739
Asus PRIME B860-PLUS WIFI-CSM + U5 245KF,716
Asus PRIME B860-PLUS WIFI-CSM + U7 265K,865
Asus PRIME B860-PLUS WIFI-CSM + U7 265KF,851
Asus PRIME B860-PLUS WIFI-CSM + U9 285K,1134
Asus PRIME B860-PLUS WIFI-CSM + U5 225,649
Asus PRIME B860-PLUS WIFI-CSM + U5 225F,627
Asus PRIME B860-PLUS WIFI-CSM + U5 235,662
Asus PRIME B860-PLUS WIFI-CSM + U7 265,855
Asus PRIME B860-PLUS WIFI-CSM + U7 265F,836
Asus PRIME B860-PLUS WIFI-CSM + U9 285,1104
Asus PRIME B860-PLUS-CSM,283
Asus PRIME B860-PLUS-CSM + U5 245K,711
Asus PRIME B860-PLUS-CSM + U5 245KF,689
Asus PRIME B860-PLUS-CSM + U7 265K,838
Asus PRIME B860-PLUS-CSM + U7 265KF,823
Asus PRIME B860-PLUS-CSM + U9 285K,1107
Asus PRIME B860-PLUS-CSM + U5 225,622
Asus PRIME B860-PLUS-CSM + U5 225F,599
Asus PRIME B860-PLUS-CSM + U5 235,635
Asus PRIME B860-PLUS-CSM + U7 265,828
Asus PRIME B860-PLUS-CSM + U7 265F,808
Asus PRIME B860-PLUS-CSM + U9 285,1077
Asus PRIME B860M-A WIFI-CSM,302
Asus PRIME B860M-A WIFI-CSM + U5 245K,730
Asus PRIME B860M-A WIFI-CSM + U5 245KF,707
Asus PRIME B860M-A WIFI-CSM + U7 265K,857
Asus PRIME B860M-A WIFI-CSM + U7 265KF,842
Asus PRIME B860M-A WIFI-CSM + U9 285K,1126
Asus PRIME B860M-A WIFI-CSM + U5 225,640
Asus PRIME B860M-A WIFI-CSM + U5 225F,618
Asus PRIME B860M-A WIFI-CSM + U5 235,654
Asus PRIME B860M-A WIFI-CSM + U7 265,846
Asus PRIME B860M-A WIFI-CSM + U7 265F,827
Asus PRIME B860M-A WIFI-CSM + U9 285,1096
Asus PRIME B860M-A-CSM,278
Asus PRIME B860M-A-CSM + U5 245K,707
Asus PRIME B860M-A-CSM + U5 245KF,685
Asus PRIME B860M-A-CSM + U7 265K,834
Asus PRIME B860M-A-CSM + U7 265KF,819
Asus PRIME B860M-A-CSM + U9 285K,1103
Asus PRIME B860M-A-CSM + U5 225,617
Asus PRIME B860M-A-CSM + U5 225F,595
Asus PRIME B860M-A-CSM + U5 235,631
Asus PRIME B860M-A-CSM + U7 265,823
Asus PRIME B860M-A-CSM + U7 265F,804
Asus PRIME B860M-A-CSM + U9 285,1073
Asus PRIME B860M-K-CSM,236
Asus PRIME B860M-K-CSM + U5 245K,666
Asus PRIME B860M-K-CSM + U5 245KF,643
Asus PRIME B860M-K-CSM + U7 265K,792
Asus PRIME B860M-K-CSM + U7 265KF,778
Asus PRIME B860M-K-CSM + U9 285K,1061
Asus PRIME B860M-K-CSM + U5 225,576
Asus PRIME B860M-K-CSM + U5 225F,554
Asus PRIME B860M-K-CSM + U5 235,589
Asus PRIME B860M-K-CSM + U7 265,782
Asus PRIME B860M-K-CSM + U7 265F,763
Asus PRIME B860M-K-CSM + U9 285,1031
ASROCK Z890 PRO RS WIFI WHITE,368
ASROCK Z890 PRO RS WIFI WHITE + U5 245K,794
ASROCK Z890 PRO RS WIFI WHITE + U5 245KF,772
ASROCK Z890 PRO RS WIFI WHITE + U7 265K,921
ASROCK Z890 PRO RS WIFI WHITE + U7 265KF,906
ASROCK Z890 PRO RS WIFI WHITE + U9 285K,1190
ASROCK Z890 PRO RS WIFI WHITE + U5 225,705
ASROCK Z890 PRO RS WIFI WHITE + U5 225F,682
ASROCK Z890 PRO RS WIFI WHITE + U5 235,718
ASROCK Z890 PRO RS WIFI WHITE + U7 265,911
ASROCK Z890 PRO RS WIFI WHITE + U7 265F,891
ASROCK Z890 PRO RS WIFI WHITE + U9 285,1160
ASROCK Z890 PRO-A WIFI,316
ASROCK Z890 PRO-A WIFI + U5 245K,744
ASROCK Z890 PRO-A WIFI + U5 245KF,722
ASROCK Z890 PRO-A WIFI + U7 265K,871
ASROCK Z890 PRO-A WIFI + U7 265KF,856
ASROCK Z890 PRO-A WIFI + U9 285K,1140
ASROCK Z890 PRO-A WIFI + U5 225,654
ASROCK Z890 PRO-A WIFI + U5 225F,632
ASROCK Z890 PRO-A WIFI + U5 235,668
ASROCK Z890 PRO-A WIFI + U7 265,860
ASROCK Z890 PRO-A WIFI + U7 265F,841
ASROCK Z890 PRO-A WIFI + U9 285,1110
ASROCK Z890 NOVA WIFI,565
ASROCK Z890 NOVA WIFI + U5 245K,986
ASROCK Z890 NOVA WIFI + U5 245KF,964
ASROCK Z890 NOVA WIFI + U7 265K,1113
ASROCK Z890 NOVA WIFI + U7 265KF,1098
ASROCK Z890 NOVA WIFI + U9 285K,1382
ASROCK Z890 NOVA WIFI + U5 225,896
ASROCK Z890 NOVA WIFI + U5 225F,874
ASROCK Z890 NOVA WIFI + U5 235,910
ASROCK Z890 NOVA WIFI + U7 265,1102
ASROCK Z890 NOVA WIFI + U7 265F,1083
ASROCK Z890 NOVA WIFI + U9 285,1352
ASRock Z890I NOVA WIFI (ITX),480
ASRock Z890I NOVA WIFI (ITX) + U5 245K,903
ASRock Z890I NOVA WIFI (ITX) + U5 245KF,881
ASRock Z890I NOVA WIFI (ITX) + U7 265K,1030
ASRock Z890I NOVA WIFI (ITX) + U7 265KF,1015
ASRock Z890I NOVA WIFI (ITX) + U9 285K,1299
ASRock Z890I NOVA WIFI (ITX) + U5 225,814
ASRock Z890I NOVA WIFI (ITX) + U5 225F,791
ASRock Z890I NOVA WIFI (ITX) + U5 235,827
ASRock Z890I NOVA WIFI (ITX) + U7 265,1020
ASRock Z890I NOVA WIFI (ITX) + U7 265F,1000
ASRock Z890I NOVA WIFI (ITX) + U9 285,1269
Toshiba X300 14TB,495
Toshiba X300 10T,385
Toshiba X300 12T,410
Toshiba X300 16T,545
Toshiba N300 NAS 7200r 14TB,440
Toshiba N300 NAS 7200r 10T,330
Toshiba N300 NAS 7200r 12T,398
Toshiba N300 NAS 7200r 16T,505
Toshiba N300 NAS 7200r 18TB,590
Toshiba N300 NAS 7200r 20TB,710
Toshiba N300 NAS 7200r 22TB,845
TOSHIBA Enterprise Nearline 14TB,450
TOSHIBA Enterprise Nearline 10T,360
TOSHIBA Enterprise Nearline 12T,399
TOSHIBA Enterprise Nearline 16T,545
TOSHIBA Enterprise Nearline 18TB,605
TOSHIBA Enterprise Nearline 20TB,645
Seagate Ironwolf Red NAS 10T,437
Seagate Ironwolf Red NAS 12T,488
Seagate Ironwolf Red NAS 16T,668
Seagate Ironwolf Red NAS 18TB,739
Seagate Ironwolf Pro 7200rpm 10T,476
Seagate Ironwolf Pro 7200rpm 12T,580
Seagate Ironwolf Pro 7200rpm 16T,695
Seagate Ironwolf Pro 7200rpm 18TB,848
Seagate Ironwolf Pro 7200rpm 20TB,955
Seagate Skyhawk CCTV DVR NVR SV35 10T,399
Seagate Skyhawk CCTV DVR NVR SV35 12T,505
Seagate Skyhawk CCTV DVR NVR SV35 18TB,709
Seagate EXOS Sata Enterprise 10T,415
Seagate EXOS Sata Enterprise 12T,558
Seagate EXOS Sata Enterprise 16T,569
Seagate EXOS Sata Enterprise 18TB,699
Seagate EXOS Sata Enterprise 20TB,729
Seagate EXOS Sata Enterprise 22TB,1209
HGST Ultrastar 24TB,1080
HGST Ultrastar 10T,369
HGST Ultrastar 12T,439
HGST Ultrastar 16T,585
HGST Ultrastar 18TB,620
HGST Ultrastar 20TB,715
HGST Ultrastar 22TB,920
Western Digital WD Red Plus NAS 10T,385
Western Digital WD Red Plus NAS 12T,489
Western Digital WD Red Pro 14T,599
Western Digital WD Red Pro 10T,465
Western Digital WD Red Pro 12T,529
Western Digital WD Red Pro 16T,778
Western Digital WD Red Pro 18TB,805
Western Digital WD Red Pro 20TB,967
Western Digital WD Red Pro 22TB,1179
Western Digital WD Purple Pro* 8T,375
Western Digital WD Purple Pro* 10T,385
Western Digital WD Purple Pro* 12T,499
Western Digital WD Purple Pro* 16T,720
Western Digital WD Purple Pro* 18TB,785
KLEVV CRAS V RGB DDR5 6000 CL30 32GB,166
KLEVV CRAS V RGB DDR5 6000 CL30 64GB,300
KLEVV CRAS V RGB DDR5 6400 CL32 32GB,177
KLEVV CRAS V RGB DDR5 6400 CL32 64GB,297
KLEVV FIT V DDR5 6000 CL32 32GB,125
Klevv Cras V RGB DDR5 7200 ROG CL34 32GB,163
Klevv Cras V RGB DDR5 7200 ROG CL34 48GB,208
Crucial Pro Black 5600 DDR5 Kit 32GB,150
ADATA XPG LANCER/ Blade 6000 cl30 32GB,165
ADATA XPG LANCER/ Blade 6000 cl30 64GB,325
ADATA XPG LANCER/ Blade 6000 cl30 16GB kit,85
Corsair Vengenance DDR5-5200 16G,95
Corsair Vengenance DDR5-5200 32GB,144
Corsair Vengenance DDR5-5200 64GB,265
Corsair Vengenance DDR5-5600 32GB,156
Corsair Vengenance DDR5-5600 64GB,286
Corsair Vengenance DDR5-6000 32GB,167
Corsair Vengenance DDR5-6000 64GB,300
Corsair Vengenance DDR5-6000 96GB,518
Corsair Vengenance RGB DDR5-5200 32GB,162
Corsair Vengenance RGB DDR5-5200 64GB,279
Corsair Vengenance RGB DDR5-5600 32GB,185
Corsair Vengenance RGB DDR5-5600 64GB,330
Corsair Vengenance RGB DDR5-6000 32GB,179
Corsair Vengenance RGB DDR5-6000 64GB,324
Corsair Vengenance RGB DDR5-6000 48GB,235
Corsair Vengenance RGB DDR5-6000 96GB,526
Corsair Vengenance RGB DDR5-6200 32GB,245
Corsair Vengenance RGB DDR5-6200 64GB,375
Corsair Vengenance RGB DDR5-6400 c38 32GB,213
Corsair Vengenance RGB DDR5-6400 c38 64GB,364
Corsair Vengenance RGB DDR5-6400 c38 48GB,286
Corsair Vengenance RGB DDR5-6400 c38 96GB,548
Corsair Dominator Platinum 6000 32GB,245
Corsair Dominator Platinum 6000 64GB,399
Corsair Dominator Platinum 6400 32GB,256
Corsair Dominator Platinum 6400 64GB,489
Kingston Fury Beast RGB 5200 AMD expo 32GB,149
G.Skill Flare X5 AMD Expo 5600mhz 32GB,179
G.Skill Flare X5 AMD Expo 6000mhz Cl32 32GB,185
G-Skill Ripjaws S5 5600mhz 32GB,165
G-Skill Ripjaws S5 5600mhz 64GB,300
G-Skill Ripjaws S5 6000mhz cl32 32GB,180
G-Skill Ripjaws S5 6000mhz cl32 64GB,338
G-Skill Ripjaws S5 6000mhz cl30/ 6400 32GB,185
G-Skill Ripjaws S5 6000mhz cl30/ 6400 64GB,427
G.SKILL Flare X5 AMD Expo 5600/6000 32GB,189
G.SKILL Flare X5 AMD Expo 5600/6000 64GB,359
G.Skill Trident Z5 RGB 5600mhz CL36 32GB,195
G.Skill Trident Z5 RGB 5600mhz CL36 64GB,357
G.Skill Trident Z5 RGB 6000mhz CL36 32GB,210
G.Skill Trident Z5 RGB 6000mhz CL36 64GB,368
G.Skill Trident Z5 RGB 6400mhz CL32 32GB,235
G.Skill Trident Z5 RGB 6400mhz CL32 64GB,385
G.Skill Trident Z5 RGB 6600mhz CL34 32GB,252
G.Skill Trident Z5 RGB 7200mhz C34 32GB,306
G.Skill Trident Z5 RGB 7200mhz C34 7800 32G,312
G.Skill Trident Z5 RGB DDR5 7600 24GB 48GB,365
G.Skill Trident Z Neo RGB AMD-6000 32GB,207
G.Skill Trident Z Neo RGB AMD-6000 64GB,390
G.Skill Trident Z Neo RGB AMD-6000 6400,228
G.Skill M5 Neo DDR5-6000 32GB,150
G.Skill M5 Neo RGB DDR5-6000 6000 32GB,170
G.Skill M5 Neo RGB DDR5-6000 6400 32GB,240
G.Skill M5 Neo RGB DDR5-6000 6400 7200mhz,255
Toshiba X300/P300 (X300 + $30) 1TB,110
Toshiba X300/P300 (X300 + $30) 2TB,87
Toshiba X300/P300 (X300 + $30) 3TB,115
Toshiba X300/P300 (X300 + $30) 4TB,176
Toshiba X300/P300 (X300 + $30) 6TB,240
Toshiba X300/P300 (X300 + $30) 8TB,258
Synology NAS Enterprise HAT3300 4TB,205
Synology NAS Enterprise HAT3300 6TB,290
Synology NAS Enterprise HAT3300 8TB,360
Western Digital Blue 1TB,98
Western Digital Blue 2TB,95
Western Digital Blue 3TB,155
Western Digital Blue 4TB,159
Western Digital Blue 6TB,272
Western Digital Blue 8TB,310
Western Digital Blue 500G,125
Western Digital Red Plus 1TB,118
Western Digital Red Plus 2TB,115
Western Digital Red Plus 3TB,169
Western Digital Red Plus 4TB,188
Western Digital Red Plus 6TB,289
Western Digital Red Plus 8TB,310
Western Digital Red Pro 7200rpm 1TB,190
Western Digital Red Pro 7200rpm 3TB,315
Western Digital Red Pro 7200rpm 4TB,360
Western Digital Red Pro 7200rpm 6TB,398
Western Digital Purple CCTV 1TB,89
Western Digital Purple CCTV 2TB,98
Western Digital Purple CCTV 3TB,118
Western Digital Purple CCTV 4TB,128
Western Digital Purple CCTV 6TB,229
Western Digital Purple CCTV 8TB,288
Western Digital Black 7200rpm 1TB,128
Western Digital Black 7200rpm 2TB,188
Western Digital Black 7200rpm 4TB,285
Western Digital Black 7200rpm 6TB,335
Western Digital Black 7200rpm 8TB,399
Seagate Barracuda 3.5 1TB,88
Seagate Barracuda 3.5 2TB,100
Seagate Barracuda 3.5 3TB,153
Seagate Barracuda 3.5 4TB,159
Seagate Barracuda 3.5 6TB,235
Seagate Barracuda 3.5 8TB,315
Seagate Barracuda 3.5 500G,125
Seagate Skyhawk CCTV/DVR/NVR 1TB,85
Seagate Skyhawk CCTV/DVR/NVR 2TB,99
Seagate Skyhawk CCTV/DVR/NVR 3TB,161
Seagate Skyhawk CCTV/DVR/NVR 4TB,135
Seagate Skyhawk CCTV/DVR/NVR 6TB,215
Seagate Skyhawk CCTV/DVR/NVR 8TB,278
Seagate IronWolf NAS Drive 1TB,98
Seagate IronWolf NAS Drive 2TB,135
Seagate IronWolf NAS Drive 3TB,160
Seagate IronWolf NAS Drive 4TB,182
Seagate IronWolf NAS Drive 6TB,299
Seagate IronWolf NAS Drive 8TB,358
Seagate IronWolf Pro 7200rpm 4TB,278
Seagate IronWolf Pro 7200rpm 6TB,359
Seagate IronWolf Pro 7200rpm 8TB,395
Seagate Firecuda SSHD / SSd with HDD 1TB,118
Seagate Firecuda SSHD / SSd with HDD 3TB,285
Seagate Firecuda SSHD / SSd with HDD 8TB,449
Seagate EXOS Enterprise 1TB,217
Seagate EXOS Enterprise 2TB,189
Seagate EXOS Enterprise 4TB,269
Seagate EXOS Enterprise 6TB,335
Seagate EXOS Enterprise 8TB,352
WD Ultrastar Enterprise HGST 1TB,159
WD Ultrastar Enterprise HGST 2TB,199
WD Ultrastar Enterprise HGST 4TB,259
WD Ultrastar Enterprise HGST 6TB,289
WD Ultrastar Enterprise HGST 8TB,329
Toshiba N300 NAS 7200Rpm 4TB,169
Toshiba N300 NAS 7200Rpm 6TB,250
Toshiba N300 NAS 7200Rpm 8TB,285
Toshiba SATA Enterprise Tomcat Nearline 1TB,170
Toshiba SATA Enterprise Tomcat Nearline 2TB,195
Toshiba SATA Enterprise Tomcat Nearline 4TB,229
Toshiba SATA Enterprise Tomcat Nearline 6TB,300
Toshiba SATA Enterprise Tomcat Nearline 8TB,318
Hikvision E2000 Heatsink PS5 512,100
Hikvision E2000 Heatsink PS5 1T,170
Gigabyte AG473 (128G $35) / AG450* 512,99
Gigabyte AG473 (128G $35) / AG450* 1T,188
Gigabyte AG473 (128G $35) / AG450* 2TB,245
Samsung 990 PRO 1T,155
Samsung 990 PRO 2TB,275
Samsung 990 PRO 4TB,479
Samsung 990 Pro Heatsink 1T,170
Samsung 990 Pro Heatsink 2TB,286
Samsung 990 Pro Heatsink 4TB,490
Samsung 980 PRO 1T,169
Samsung 980 PRO 2TB,269
Samsung 980/ WD Blue SN580 NVME 256,80
Samsung 980/ WD Blue SN580 NVME 512,81
Samsung 980/ WD Blue SN580 NVME 1T,138
Samsung 970 Evo Plus 256,72
Samsung 970 Evo Plus 512,88
Samsung 970 Evo Plus 1T,139
Samsung 970 Evo Plus 2TB,249
Samsung 990 EVO 256,87
Samsung 990 EVO 512,116
Samsung 990 EVO 1T,148
Samsung 990 EVO 2TB,237
Samsung 990 EVO PLUS 1T,159
Samsung 990 EVO PLUS 2TB,263
Samsung 990 EVO PLUS 4TB,477
Transcend SSD PCIE MTE110S 256,79
Transcend SSD PCIE MTE110S 512,99
Transcend SSD PCIE MTE110S 1T,149
Transcend SSD PCIE MTE110S 2TB,269
Transcend SSD PCIE MTE110S 4TB,589
Adata XPG Gammix S70 Blade Gen4 1T,108
Adata XPG Gammix S70 Blade Gen4 2TB,186
Adata XPG Gammix S70 Blade Gen4 4TB,399
Adata Legend 960 1T,115
Adata Legend 960 2TB,195
Adata Legend 960 4TB,409
Adata Gammix S55 1T,129
Adata Gammix S55 2TB,278
Adata Legend 710 Gen3 / XPG SX8200* 512,52
Adata Legend 710 Gen3 / XPG SX8200* 1T,88
Adata Legend 850 512,62
Adata Legend 850 1T,94
Adata Legend 850 2TB,174
KLEVV C710 Gen3 M.2 NVME / C730 512,40
KLEVV C710 Gen3 M.2 NVME / C730 1T,84
KLEVV C910 Gen4 M.2 5000MB/s 1T,82
KLEVV C910 Gen4 M.2 5000MB/s 2TB,142
KLEVV C910 Gen4 M.2 5000MB/s 4TB,265
Lexar NM790 1T,100
Lexar NM790 2TB,172
Lexar NM790 4TB,332
Lexar NM790 8TB,1129
Lexar NM620 250G,25
Lexar NM620 512,45
Lexar NM620 1T,75
Lexar NM620 2TB,163
Lexar NQ710 / NM710* 512,63
Lexar NQ710 / NM710* 1T,78
Lexar NQ710 / NM710* 2TB,143
ADATA XPG SPECTRIX D35G 16G,55
ADATA XPG SPECTRIX D35G 32G,95
Lexar NQ790 Gen4 (7000R/6000W) 1T,96
Lexar NQ790 Gen4 (7000R/6000W) 4TB,348
Lexar NQ790 Gen4 (7000R/6000W) 8TB,1129
WD Black SN850X / Heatsink 1TB 1T,149
WD Black SN850X / Heatsink 1TB 2TB,229
WD Black SN850X / Heatsink 1TB 4TB,455
Crucial P3 Plus / Crucial P3 250G,45
Crucial P3 Plus / Crucial P3 512,80
Crucial P3 Plus / Crucial P3 1T,160
Crucial P3 Plus / Crucial P3 2TB,335
Crucial T500 Pcie Gen4 Micron 512,119
Crucial T500 Pcie Gen4 Micron 1T,139
Crucial T500 Pcie Gen4 Micron 2TB,199
Crucial T500 Pcie Gen4 Heatsink Micron 1T,209
Crucial T500 Pcie Gen4 Heatsink Micron 2TB,309
Crucial T700 Gen 5 or T700 Heatsink Micron 1T,189
Crucial T700 Gen 5 or T700 Heatsink Micron 2TB,309
Crucial T700 Gen 5 or T700 Heatsink Micron 4TB,659
Crucial T705 1TB PCIe Gen5 Micron 1T,249
Crucial T705 1TB PCIe Gen5 Micron 2TB,359
Crucial T705 1TB PCIe Gen5 Micron 4TB,709
Corsair MP600 Pro M.2 2280 Gen4 Heatsink 1T,369
Corsair MP600 Pro M.2 2280 Gen4 Heatsink 2TB,589
Corsair MP600 Pro M.2 2280 Gen4 Heatsink 4TB,1029
Corsair MP600 Pro M.2 2280 Gen4 Heatsink 8TB,1799
Gigabyte 4070 S 12GB N407SAERO O,971
ASRock Intel Arc B580 Challenger 12GB OC,419
Gigabyte 4070 S 12GB N407SAORUS,1049
Asus ROG-STRIX-RTX4070S-O12G-GAMIN,1295
Gigabyte 4090 24GB GAMING BOX EGPU-,3950
Asus TUF-RTX4070S-O12G-GAMING12GB,1175
Galax RTX 4060 1-Click OC 2X V2 8G,429
Asus DUAL-RTX4070S-O12G-WHITE12GB,1139
Galax RTX 4060 EX 1-Click OC 8GB G,469
Asus DUAL-RTX4070S-O12GDDR,1020
Galax RTX 4060 EX White 1-Click OC,499
Asus DUAL-RTX4070S-12GB GDDR6X,999
Galax RTX 4060 Ti 8GB EX 1-Click O,609
Asus TUF-RTX4070TIS-O16G-WHITE-GAM,1689
Galax RTX 4060 Ti 8GB EX White 1-C,629
Asus ROG-STRIX-RTX4060Ti-O8G-GAMIN,826
Galax RTX 4070 SUPER 1-Click OC 2X,989
Asus TUF-RTX4060TI-O8G-GAMING8GB G,826
Galax RTX 4070 Ti EX Gamer 1-Click,1199
Asus DUAL-RTX4060Ti-O8G-White8GB G,669
Galax RTX 4070 Ti EX Gamer White 1,1199
Asus DUAL-RTX4060Ti-O8G8GB GDDR6,637
Galax RTX 4070 Ti SUPER EX Gamer 1,1439
Asus ROG-STRIX-RTX4060-O8G-GAMING8,641
Galax RTX 4070 Ti SUPER EX Gamer W,1459
Asus DUAL-RTX4060-O8G-WHITE8,526
Galax RTX 4080 SUPER SG 1-Click OC,1659
Asus DUAL-RTX4060-8GB GDDR6,488
Msi RTX4070 Supreme X 12gb,1399
Asus PROART-RTX4060-8GB GDDR6,562
Asus GT1030-SL-2G-BRK 2GB GDDR5,159
Asus GT730-SL-2GD5-BRK 2GB GDDR5,119
Asus GT730-4H-SL-2GD5 2GB GDDR5,189
MSI RTX 4070 Ti SUPER 16G EXPERT,1580
MSI 4070 Ti SUPER 16G GAMING X SLIM W,1410
MSI 4070 Ti SUPER 16G GAMING X SLIM,1423
MSI RTX 4070 Ti SUP 16G VENTUS 3X OC,1374
MSI 4070 Ti SUPER 16G VENTUS 2X WHITE,1345
MSI RTX 4070 Ti Super 16G Ventus 2X OC,1385
MSI 4070 SUPER 12G GAMING X SLIM MLG,1003
MSI 4070 SUPER 12G GAMING X SLIM Whi,989
MSI 4070 SUPER 12G GAMING SLIM Wuk,1089
MSI RTX 4070 SUPER 12G GAMING X SLIM,981
MSI RTX 4070 SUPER 12G VENTUS 3X OC,924
MSI 4070 SUPER 12G VENTUS 2X WHITE OC,922
MSI RTX 4070 SUPER 12G VENTUS 2X OC,911
MSI RTX 4060 Ti GAMING X TRIO 8G,727
MSI RTX 4060 Ti GAMING X 8G,689
MSI RTX 4060 Ti VENTUS 3X 8G OC,653
MSI MSI RTX 4060 Ti VENTUS 3X E 8G OC,628
MSI RTX 4060 Ti VENTUS 2X BLACK 16G OC,745
MSI RTX 4060 Ti VENTUS 2X BLACK 8G OC,605
MSI RTX 4060 GAMING X 8G MLG,506
MSI RTX 4060 GAMING X 8G,501
MSI RTX 4060 VENTUS 2X WHITE 8G OC,473
MSI RTX 4060 VENTUS 2X BLACK 8G OC,449
ZOTAC GT 730 ZONE Edition 2GB DDR3,99
ZOTAC GT 710 LP 2GB DDR3,89
ZOTAC RTX 3050 ECO SOLO 8GB,325
ZOTAC RTX 3050 SOLO 6GB,279
ZOTAC RTX 3050 6GB LP,279
ZOTAC RTX 4060 SOLO 8GB,449
ZOTAC RTX 4060 TWIN EDGE OC 8GB,448
ZOTAC RTX 4060 TWIN EDGE OC WHITE 8GB,465
ZOTAC RTX 4060 Ti 8GB TWIN EDGE,545
ZOTAC RTX 4060 Ti 8GB TWIN EDGE OC (W,556
ZOTAC RTX 4070 SUPER TRINITY BLACK 12,956
ZOTAC RTX 4070 SUPER TWIN EDGE OC 12,934
ZOTAC RTX 4070 SUPER TwE White OC 12,945
ZOTAC RTX 4070 Ti SUPER TRINITY BK 16,1330
ZOTAC 4070 Ti SUPER AMP HOLO 16GB,1376
ZOTAC RTX 4070 Ti SUPTRINITY OC 16G wt,1353
ZOTAC GT 1030 LP 2GB GDDR5,125
Gigabyte GT 710 2GB N710D5-2GIL,99
Gigabyte GT1030 2GB (4GB $229),189
Gigabyte 4060 8GB N4060WF2OC-8GD,443
Gigabyte 4060 8GB N4060EAGLE OC-8G,461
Gigabyte 4060 8GB N4060EAGLEOC ICE,476
Gigabyte 4060 8GB N4060AORUS E-8G,549
Gigabyte 4060 Ti 8GB N406TWF2OC-,583
Gigabyte 4060 Ti 8GB N406TEAGLE,609
Gigabyte 4060 Ti 8GB N406TEAGLEOC,615
Gigabyte 4060 Ti 8GB N406TGAMING,676
Gigabyte 4060 Ti 8GB N406TAORUS,733
Gigabyte 4070 12GB N407SWF3OC-12G,940
Gigabyte 4070 S 12GB N407SEAGLE,931
Gigabyte 4070 S 12GB N407SGAMING,955
Raspberry Pi4 RPI4 B 4GB Board,100
Raspberry Pi4 RPI4 B 8GB Board,159
Raspberry RPI5 B 4GB Board,169
Raspberry RPI5 B 8GB Board,249
Raspberry RPI5 B 16GB Board,299
Raspberry PI case / PI USB-C Power/Argon,30
Raspberry PI Heatsink,20
NVIDIA RTX A4000 16GB,2050
NVIDIA RTX A2000 12GB (Ampere),1125
NVIDIA RTX A2000 6GB (Ampere),982
NVIDIA A1000 8GB (Ampere),845
NVIDIA A400 4GB (Ampere),349
NVIDIA T1000 4GB (Turing),620
NVIDIA T1000 8GB (Turing),789
NVIDIA A400 4GB (Ampere),369
NVIDIA T400 4GB (Turing),369
Nvidia Quadro 600 1GB PCIE,459
Nvidia Quadro P1000 4GB PCIE,769
Nvidia Quadro A5000 24GB PCIE,3920
Nvidia Quadro A6000 48gb,7750
ATI PCI 128MB Graphic Card,59
Transcend RDE2 CFexpress Type-B-Ca,85
Transcend USB 3.1 UHS-II Multi Car,39.9
Transcend USB 3.1 Multi Card Reader,43.9
Transcend USB 3.1 Multi Card Reade,29.9
Transcend USB 3.1 SD & MicroSD Car,18.9
Transcend USB 3.0 CFast 2.0 Reader,59
Transcend PCMCIA ATA Adaptor for C,24.9
"Transcend 4-Port HUB, Type-C to 4x",29.9
Transcend USB 3.1 Hub (4 Port w/ U,39.9
Transcend HUB5C 6-in-1 USB3.1 Type,69
"Transcend 1TB UHS-I U3, V30, A2 10",169
Lexar SODIMM - 8GB DDR4 3200 CL22,18
Asus NUC 13 Rugged BNUC13BRKP200B00I (90AS0011-M00070) N50,383
Asus NUC 13 Rugged Barebone 90AS0021-M000J0 (BNUC13BRFA200B00I),460
ASUS Nuc 13 Rugged Barebone Atom X7425E X74 BNUC13BRFA400B00 (90AS0021-M000S0),502
"GMKtec NucBox G5 12G/512G/W11P Intel N100 /2.5G Lan , Wifi 6",329
"GMKtec NucBox G3 16G/1TB/W11P Intel N100/ 2.5G LAN , Wifi 6",419
"GMKtec NucBox M3 32G/1TB/W11P Intel Core i5-12450H, 2.5G LAN , Wifi 6",749
"GMKtec NucBox K7 Plus 32G/1TB/W11P I7-13620H DDR5, Dual 2.5G , Wifi 6",949
"GMKtec NucBox K8 Plus 16G/1TB/W11P I7-13620H DDR5, Dual 2.5G , Wifi 6",969
"GMKtec NucBox K9 32G/1TB/W11P / Intel Core Ultra 5 125H DDR5, Dual 2.5G, Wifi 6",1099
Gigabyte Brix GB-BEi3H-1220 Barebone,625
Gigabyte Brix GB-BEi5H-1240 Barebone,789
Gigabyte BRIX GB-BSi7HS-1355 Barebone,1115
Gigabyte BRIX GB-BSi7HS-1260 Barebone,1185
KOBO CLARA BLACK WHITE (BLACK),209.9
KOBO CLARA COLOUR (BLACK),239.9
KOBO LIBRA COLOUR (BLACK),349.9
KOBO LIBRA COLOUR (WHITE),359.9
KOBO SAGE - 8” CARTA DISPLAY,449.9
KOBO ELIPSA 2E BLACK BUNDLE (WITH STYLUS),679.9
Kingston 1.5v 1333 PC3 10600/10667 2G,30
Kingston 1.5v 1333 PC3 10600/10667 4G,40
Kingston 1.5v 1333 PC3 10600/10667 8G,99
Kingston 1.5v 1333 PC3 10600/10667 16G,99
Crucial 1.35v 1600 PC3L 12800/10600 2G,37
Crucial 1.35v 1600 PC3L 12800/10600 4G,58
Crucial 1.35v 1600 PC3L 12800/10600 8G,108
Crucial 1.35v 1600 PC3L 12800/10600 16G,108
DDR3ECC Reg / DDR3 ECC / (32g $385) 2G,65
DDR3ECC Reg / DDR3 ECC / (32g $385) 4G,95
DDR3ECC Reg / DDR3 ECC / (32g $385) 8G,175
DDR3ECC Reg / DDR3 ECC / (32g $385) 16G,256
Crucial DDR4 3200 /Team / Transcend 8G,30
Crucial DDR4 3200 /Team / Transcend 16G,48
Crucial DDR4 3200 /Team / Transcend 32G,99
Kingston/CRU DDR4 2400/2666 / 3200 4G,40
Kingston/CRU DDR4 2400/2666 / 3200 8G,75
Kingston/CRU DDR4 2400/2666 / 3200 16G,119
Kingston/CRU DDR4 2400/2666 / 3200 32G,169
Kingston Synology RAM ECC DS16/DS18 4G,130
Kingston Synology RAM ECC DS16/DS18 8G,202
Kingston Synology RAM ECC DS16/DS18 16G,304
Kingston Synology RAM ECC DS16/DS18 32G,508
Crucial DDR5-4800 / Kingston (8G $39) 16G,89
Crucial DDR5-4800 / Kingston (8G $39) 32G,159
Crucial DDR5-4800 / Kingston (8G $39) 64GK,359
Crucial DDR5-5200 / Kingston/ SK HYNIX 16G,79
Crucial DDR5-5200 / Kingston/ SK HYNIX 32G,169
Crucial DDR5-5200 / Kingston/ SK HYNIX 64GK,379
Crucial DDR5-5600 / Kingston /SK HYNIX 16G,115
Crucial DDR5-5600 / Kingston /SK HYNIX 32G,169
Crucial DDR5-5600 / Kingston /SK HYNIX 48G,199
Crucial DDR5-5600 / Kingston /SK HYNIX 64GK,3072
SEC / TR RDIMM DDR5 ECC Registered 16G,294
SEC / TR RDIMM DDR5 ECC Registered 32G,395
SEC / TR RDIMM DDR5 ECC Registered 64GK,690
Kingston / Crucial 1600/1.35v DDR3L 2G,30
Kingston / Crucial 1600/1.35v DDR3L 4G,48
Kingston / Crucial 1600/1.35v DDR3L 8G,98
Kingston / Crucial 1600/1.35v DDR3L 16G,294
Ram /Mac/1066/ 1333/1600 1.5v 16ic 2G,16
Ram /Mac/1066/ 1333/1600 1.5v 16ic 4G,68
Ram /Mac/1066/ 1333/1600 1.5v 16ic 8G,112
Crucial DDR3 1866mhz / 2133mhz 4G,80
Crucial DDR3 1866mhz / 2133mhz 8G,128
DDR1-2 Memory RAM - Desktop/Laptop 512m,512
DDR1-2 Memory RAM - Desktop/Laptop 1G,1
DDR1-2 Memory RAM - Desktop/Laptop 2G,2
DDR1-2 Memory RAM - Desktop/Laptop 4g,4
DDR2 PC2 533/667/800 /5300/4200 1G,40
DDR2 PC2 533/667/800 /5300/4200 2G,55
DDR2 PC2 533/667/800 /5300/4200 4G,80
DDR2 PC2 533/667/800 /5300/4200 8G,285
DDR1 PC 400/333/266/ 3200 512m,45
DDR1 PC 400/333/266/ 3200 1G,85
DDR1 PC 400/333/266/ 3200 2G,229
Seagate SSD / Lacie / Kingmax Taiwan U500,99
Seagate SSD / Lacie / Kingmax Taiwan U1TB,139
Seagate SSD / Lacie / Kingmax Taiwan 2TB,249
Seagate SSD / Lacie / Kingmax Taiwan 4TB,359
Seagate Firecuda SSD / WD SSD U500,129
Seagate Firecuda SSD / WD SSD U1TB,179
Seagate Firecuda SSD / WD SSD 2TB,309
Seagate Firecuda SSD / WD SSD 4TB,589
Sandisk Extreme e61 1050MBPS U500,139
Sandisk Extreme e61 1050MBPS U1TB,149
Sandisk Extreme e61 1050MBPS 2TB,249
Sandisk Extreme e61 1050MBPS 4TB,449
Sandisk Extreme e30 / STOR* U500,128
Sandisk Extreme e30 / STOR* U1TB,139
Sandisk Extreme e30 / STOR* 2TB,229
Sandisk Extreme e30 / STOR* 4TB,425
Sandisk Extreme Pro E81 Gen2 2000MBPS U1TB,269
Sandisk Extreme Pro E81 Gen2 2000MBPS 2TB,389
Sandisk Extreme Pro E81 Gen2 2000MBPS 4TB,599
Transcend SSD ESD310 Dual C / USB U500,89
Transcend SSD ESD310 Dual C / USB U1TB,169
Transcend SSD ESD310 Dual C / USB 2TB,279
Samsung T7 U500,110
Samsung T7 U1TB,158
Samsung T7 2TB,267
Samsung T7 4TB,487
Samsung T7 Shield / (Touch +S$20) U500,128
Samsung T7 Shield / (Touch +S$20) U1TB,159
Samsung T7 Shield / (Touch +S$20) 2TB,268
Samsung T7 Shield / (Touch +S$20) 4TB,489
Samsung T9 U1TB,175
Samsung T9 2TB,298
Samsung T9 4TB,582
Samsung T5 Evo (8TB $898) 2TB,255
Samsung T5 Evo (8TB $898) 4TB,395
Crucial X10 Pro Portable SSD U1TB,175
Crucial X10 Pro Portable SSD 2TB,259
Crucial X10 Pro Portable SSD 4TB,499
Crucial X9 Portable SSD Normal U1TB,145
Crucial X9 Portable SSD Normal 2TB,245
Crucial X9 Portable SSD Normal 4TB,455
Crucial X9 Pro Portable SSD U1TB,169
Crucial X9 Pro Portable SSD 2TB,260
Crucial X9 Pro Portable SSD 4TB,479
Crucial X8 Portable SSD U1TB,155
Crucial X8 Portable SSD 2TB,235
Crucial X6 Portable / HIKVISION T100 U500,90
Crucial X6 Portable / HIKVISION T100 U1TB,109
Crucial X6 Portable / HIKVISION T100 2TB,159
Crucial X6 Portable / HIKVISION T100 4TB,455
Transcend Portable SSD U500,99
Transcend Portable SSD U1TB,149
Transcend Portable SSD 2TB,259
Transcend Portable SSD 4TB,509
Adata Portable SSD Elite SE880 USB3.2 U500,86
Adata Portable SSD Elite SE880 USB3.2 U1TB,138
Adata Portable SSD Elite SE880 USB3.2 2TB,228
Adata Portable SSD Elite SE880 USB3.2 4TB,456
Adata Portable SSD Elite SE920 USB3.2 U1TB,259
Adata Portable SSD Elite SE920 USB3.2 2TB,379
Samsung 870 Evo / Transcend 225s 500g,85
Samsung 870 Evo / Transcend 225s 1TB,88
Samsung 870 Evo / Transcend 225s 1T,138
Samsung 870 Evo / Transcend 225s 2T,245
Samsung 870 Evo / Transcend 225s 4T,540
Samsung QVO 870 (8TB $985) 2T,235
Samsung QVO 870 (8TB $985) 4T,520
Crucial MX500 / Toshiba Dynabook 500g,49
Crucial MX500 / Toshiba Dynabook 1TB,77
Crucial MX500 / Toshiba Dynabook 1T,105
Asrock RX6600 CLD 8GB PCI-EX,319
Sapphire PULSE RX 6500XT 4GB GDRES,284
Sapphire Nitro+ RX6600XT OC 8GB,399
Sapphire Pulse RX7600XT 16GB GDD,520
Sapphire Nitro+ RX7800XT 16GB,769
Sapphire Founder RX7800XT 16GB,875
Sapphire Pulse RX7800XT 16GB,668
Sapphire Pure RX7800XT 16GB,758
Sapphire Nitro+ RX7700XT 12GB GamingOC,695
Sapphire Pure RX7700XT 12GB,722
Sapphire PULSE RX 7600 GAMING 8GB,405
Sapphire Pure RX7900 GRE 16GB,859
Sapphire Nitro+ RX7900 GRE 16GB,915
Sapphire Nitro+ RX 7900XTX 24GB,1650
Asus RX6400 Graphic Card,259
ASUS DUAL-RX6500XT-O4G/ TUF RX6500xt,258
Asus RX550 Phoenix DVI HDMI DP 4G,189
Asus TUF-RX7800XT-O16G-GAMING,869
Asus TUF-RX7800XT-O16G-WHITE-GAMING,888
Asus DUAL-RX7800XT-O16G,845
Asus DUAL-RX7700XT-O12G,724
Asus ROG-STRIX-RX7600-O8G,477
Asus DUAL-RX7600-O8-V2,428
Asus TUF-RX7600XT-O16G-GAMING,597
Asus DUAL-RX7600XT-O16G,524
Asus DUAL-RX6600-8G,522
Gigabyte RX6500XT 4G,250
Gigabyte GV R64EAGLE-4GD 4GB,276
Gigabyte RX6400 4GB GV R64EAGLE-4,266
Gigabyte RX7600 8GB GV R76GAMING,421
Gigabyte RX7600XT 16GB GV R76XTGA,505
Gigabyte RX7700XT 12GB GV R77XTGA,688
Gigabyte RX7800XT 16GB GV R78XTGA,815
MSI Radeon RX 6600 MECH 2X 8G,699
PowerColor HellHound 7900XTX 24GB,1399
POWERCOLOR FIGHTER RX 6500 XT 4GB,259
AMD Original CPU AM4+ / Intel CPU Cooler,30
ARCTIC Freezer 34 (LGA 1700 Compatible),46
ARCTIC Freezer 34 eSports DUO,60
ARCTIC Liquid Freezer II 240mm ARGB,109
ARCTIC Freezer i35 (Base Model),40
ARCTIC Freezer i35 RGB (INTEL),21
ARCTIC Freezer i35 ARGB (LGA1700/1200),58
ARCTIC Freezer A35 ARGB (AM4/AM5),58
ARCTIC Freezer 36 A-RGB,48
ARCTIC Freezer 4U-M (SP6 SP3 sTR5 TR4 sWRX8 sTRX4 LGA4677 LGA4189),92
ARCTIC Liquid Freezer III-240 (Black),113
ARCTIC Liquid Freezer III-280 (Black),120
ARCTIC Liquid Freezer III-360 (Black),141
ARCTIC Liquid Freezer III-420 (Black),151
ARCTIC Liquid Freezer III-240 ARGB (Black),132
ARCTIC Liquid Freezer III-280 A-RGB (Black),136
ARCTIC Liquid Freezer III-360 ARGB (Black),151
ARCTIC Liquid Freezer III-420 ARGB,160
ARCTIC Liquid Freezer III-240 ARGB (White),137
ARCTIC Liquid Freezer III-280 A-RGB (White),139
ARCTIC Liquid Freezer III-360 ARGB (White),166
ARCTIC Liquid Freezer II - 120,33
ASUS ROG RYUJIN III 360 AIO CPU CO,466
ASUS ROG RYUJIN III 240 AIO CPU CO,397
ASUS ROG RYUJIN III 360 ARGB WHITE,498
ASUS ROG RYUJIN III 240 ARGB WHITE,423
ASUS ROG RYUJIN III 360 ARGB AIO C,480
ASUS ROG RYUJIN III 240 ARGB AIO C,406
ASUS PROART LC 420 AIO CPU COOLER,459
ASUS RYUO III 360 ARGB WHITE AIO C,407
ASUS RYUO III 240 ARGB WHITE AIO C,343
ASUS RYUO III 360 ARGB AIO CPU,395
ASUS RYUO III 240 ARGB AIO CPU,331
ASUS ROG LC III 360 AIO ( NO ARGB),275
ASUS ROG LC III 360 ARGB black/white,325
ASUS ROG LC III 240 ARGB black/white,250
ASUS ROG STRIX LC II 360 RGB WHITE,351
ASUS ROG STRIX LC II 240 RGB WHITE,289
ASUS ROG STRIX LC 240 RGB WHITE ED,261
ASUS ROG STRIX LC II 360 ARGB AIO,295
ASUS ROG STRIX LC II 280 ARGB AIO,253
ASUS ROG STRIX LC II 240 ARGB AIO,234
ASUS TUF GAMING LC III 360 ARGB AIO,365
ASUS TUF GAMING LC II 240 ARGB AIO,190
ASUS TUF GAMING LC 240 ARGB,128
be quiet! Silent Loop 2 240 ARGB,183
be quiet! Silent Loop 2 280 ARGB,196
be quiet! Silent Loop 2 360 ARGB,223
be quiet! PURE LOOP 2 FX 280mm,157
be quiet! Dark Rock PRO 4 (LGA1700/AM5),84
Cryorig RHEO 240mm AIO,89
Cryorig RHEO 360mm AIO,99
Cryorig CR401 ARGB Air Cooler,32
Cryorig CR601 ARGB Air Cooler,59
Cryorig MONSTER XX,129
Cooler Master MLW-D36M-A18PZ-RW MA,89
Cooler Master MLW-D36M-A18PZ-R1 MA,81
Cooler Master MLW-D24M-A18PZ-RW MA,73
Cooler Master MLW-D24M-A18PZ-R1 MA,64
Cooler Master MAM-D8PN-318PK-R1 MA,105
Cooler Master RR-D6NA-17PA-R1 HYPE,32
Cooler Master RR-S4KK-20PA-R1 HYPE,40
CM MA624 STEALTH CPU COOLER,149
CM MA612 STEALTH ARGB CPU COOLER,122
CM MA612 STEALTH CPU COOLER,105
CM HYPER 622 HALO ARGB CPU COOLER,87
CM HYPER 620S ARGB CPU COOLER,52
CM MASTERLIQUID 360 ATMOS ARGB,249
CM MASTERLIQUID 240 ATMOS ARGB,189
CM HYPER 212 HALO CPU COOLER,78
CM HYPER T200 CPU COOLER,26
CM A71C ARGB AM4 CPU COOLER,34
Corsair iCUE H115i Elite CAPELLIX,230
Corsair iCUE H150i Elite CAPELLIX,248
Corsair iCUE H100i Elite CAPELLIX,215
Corsair iCUE H170i Elite CAPELLIX,296
Corsair iCUE ELITE CPU Cooler LCD,127
Corsair H55 RGB 120mm Liquid CPU,86
CORSAIR iCUE H100i ELITE LCD XT L,336
CORSAIR iCUE LINK H100i RGB Liqui,204
CORSAIR iCUE LINK H150i RGB Liqui,241
CORSAIR iCUE LINK H100i RGB White,226
CORSAIR iCUE LINK H150i RGB White,263
CORSAIR iCUE LINK H100i LCD Liqui,314
CORSAIR iCUE LINK H150i LCD Liqui,373
CORSAIR iCUE LINK H150i LCD Liqui white,380
CORSAIR iCUE LINK H170i LCD Liqui,384
CORSAIR iCUE LINK TITAN 240 RX RG,197
CORSAIR iCUE LINK TITAN 360 RX RG,259
Cryorig Air Cooler H7,54
Darkflash DX240 ARGB AIO / TR240,80
DarkFlash DC240 ARGB AIO 240 Black,70
Deepcool Castle 360EX A-RGB AIO BL,156
Deepcool Castle 360EX A-RGB WHITE,156
Deepcool CPU Cooler Gammaxx GT RGB,41
Deepcool AG400 4 x 6mm Heatpipe To,27
Deepcool AK400 DIGITAL PRO,55
DEEPCOOL AK400 PINK LIMITED EDITIO,40
Deepcool AK620 DIGITAL,103
Deepcool AK620 DIGITAL PRO,114
Deepcool AK620 ZERO DARK ZORIA,100
Deepcool AK620 DIGITAL White,103
Deepcool AN600 (Low Profile cooler,60
Deepcool ASSASSIN IV,140
DEEPCOOL ASSASSIN IV WHITE,140
Deepcool ASSASSIN IVS BK,111
Deepcool ASSASSIN IVS WH,111
Deepcool LD240,129
Deepcool LD360,167
Deepcool LD360 WH,167
Deepcool LE520 WHITE AIO 2 x ARGB,100
Deepcool LE720 WHITE AIO 3 x ARGB,122
Deepcool LS520 ARGB 240 AIO BLACK,146
Deepcool LS520S ZERO DARK,111
Deepcool LS520 ARGB 240 AIO WHITE,146
Deepcool LS720S ZERO DARK,133
Deepcool LT360 ARGB,157
Deepcool LT360 WH ARGB,168
Deepcool LT520,134
Deepcool MYSTIQUE 240,174
Deepcool MYSTIQUE 360 ARGB,230
Deepcool MYSTIQUE 360,218
EKIO EK-AIO 360 D-RGB,222
EVGA CLC AIO 240mm cooler,59
EVGA CLC AIO 280mm cooler,68
EVGA CLC AIO 360mm cooler,123
Gigabyte AORUS WATERFORCE X 240,285
Gigabyte AORUS WATERFORCE X 360,345
Gigabyte ATC700 AORUS CPU COOLER,98
Gigabyte ATC800 AORUS CPU COOLER,150
ID-Cooling BLITZ X4,22
ID-Cooling DK 09i - LGA115x/LGA120,10
ID-Cooling DX360 MAX - Black,88
ID Cooling FROZN A400 BLACK,25
ID Cooling FROZN A620 BLACK,45
ID Cooling FROZN A620 PRO SE,43
ID-Cooling FROZN A720 Black,66
ID Cooling FX240 ARGB - 240m,57
ID-Cooling FX240 INF -,63
ID-Cooling FX240 PRO,57
ID-Cooling FX360 INF - BLACK,82
ID-Cooling FX360 PRO,77
ID Cooling IS-40X V3 -,20
ID-COOLING IS-47K AIR COOLER,25
ID Cooling IS-55 ARGB Black,50
ID Cooling IS-55 ARGB WHITE,40
ID Cooling IS-55 BLACK,39
ID Cooling PINKFLOW 240 ARGB V2 (L,122
ID Cooling SE 206 XT Black,36
ID-COOLING SE 214 XT ARGB,24
ID Cooling SE 224 XTS ARGB WHITE 2,31
ID-COOLING SE 226 XT ARGB,40
ID-COOLING SE 226 XT BLACK (LGA 17,50
ID COOLING SE 914 XT ARGB V2 AIR C,37
ID-COOLING SE 226 XT ARGB SNOW,39
ID-Cooling Space SL240 XE - Black,129
ID-Cooling Space SL240 XE - White.,129
ID-Cooling Space SL360 XE - Black,151
ID-Cooling Space SL360 XE - White,151
ID-COOLING SPACE SL360 LCD AIO - W,151
ID-COOLING ZOOMFLOW 360X ARGB BLAC,77
ID-COOLING ZOOMFLOW 360X WHITE ARG,77
ID-COOLING ZOOMFLOW 360XT ARGB BLA,84
ID-COOLING ZOOMFLOW 360XT WHITE AR,84
Lian Li Hydroshift LCD AIO 360TL,330
Lian Li Hydroshift LCD AIO 360R,253
Lian Li Hydroshift LCD AIO 360S,228
Lian Li Galahad II LCD AIO 280,281
Lian Li Galahad II LCD AIO 360,301
Lian Li Galahad II LCD AIO 360 SL-INF,355
Lian Li Galahad II Trinity AIO 240,160
Lian Li Galahad II Trinity AIO 240 SL-INF,209
Lian Li Galahad II Trinity AIO 360,193
Lian Li Galahad II Trinity AIO 360 SL-INF,245
Lian Li Galahad II Trinity Perform,220
MONTECH Hyperflow ARGB 360 White,140
MONTECH METAL DT24 BASE,67
MONTECH METAL DT24 PREMIUM,78
"Noctua NH-L9a-AMD chromax., Low Profile",151
"Noctua NH-L9i chromax.black, Low-Profile",151
"Noctua NH-L9x65, Premium Low Profile",161
"Noctua NH-L9i-17xx chromax.black,",151
"Noctua NH-U9 TR4-SP3, Premium Cooler",161
"Noctua NH-U9S, Premium CPU Cooler",141
"Noctua NH-D9L, Premium CPU Cooler",140
Noctua NH-U9S chromax.black/Premium,150
"Noctua NH-L12S, Premium Low Profile",131
"Noctua NH-U12A chromax.black, , 120mm",232
Noctua NH-U12S Cooler Redux/Chromax,161
"Noctua NH-U12S SE-AM4, Premium CPU",150
"Noctua NH-U12S TR4-SP3, Premium-grade",150
"Noctua NH-D12L, Low-Height Dual-Tower",181
"Noctua NH-C14S, Premium CPU Cooler w",222
"Noctua NH-U14S, Premium CPU Cooler w",160
"Noctua NH-U14S TR4-SP3, Premium",201
"Noctua NH-D15 chromax.black, /Premium",249
Noctua NH-D15S chromax.black/Premium,191
"Noctua NH-D15 SE-AM4, Premium Dual-T",182
Noctua NH-D15 G Premium,228
NZXT T120,39
NZXT T120 RGB,45
"NZXT Kraken 240 (LCD, Black)",190
(2023) NZXT Kraken Elite 240 - Black,246
"NZXT Kraken 360 (LCD, Black)",246
(2023) NZXT Kraken Elite 360 - Black,291
NZXT Kraken 120 (LGA1700/AM5),78
NZXT Kraken 240 RGB (LCD),218
(2025) NZXT Kraken ELITE 240 RGB V2 -,323
"NZXT Kraken 280 RGB (LCD,)",185
(2023) NZXT Kraken ELITE 280 RGB - White,280
NZXT Kraken 360 RGB (LCD),287
(2023) NZXT Kraken ELITE 360 RGB - White,308
(2025) NZXT Kraken ELITE 360 RGB V2,390
NZXT Kraken X53 RGB (LGA1700/AM5),101
NZXT Kraken Z63 (LGA1700/AM5),283
SCYTHE GRAND TORNADO 120 PWM 3000,29
Scythe Fuma 3(LGA 1700/AM5 READY,79
SCYTHE MUGEN 6 COOLER,65
SCYTHE WONDER TORNADO 120 SLIM,19
Silverstone PF240 AIO ARGB,118
Silverstone ICEMystic AIO 360 Cooler,209
Thermalright Assassin Spirit 120 V,55
Thermalright Assassin X 120 Refine,35
Thermalright Assassin X 120 REFINE,39
Thermalright AXP-120 X67,65
ASUS ROG THOR 1600 80+ TITANIUM PS,931
ASUS ROG THOR 1200 80+ PLATINUM II,526
ASUS ROG THOR 1000W PLATINUM II EV,507
ASUS ROG THOR 1000W 80+ PLATINUM I,488
ASUS ROG-STRIX-1000G GOLD FULL MOD,310
ASUS ROG-STRIX-850G GOLD FULL MODU,273
ASUS ROG-STRIX-750G GOLD FULL MODU,198
ASUS ROG STRIX GOLD AURA 1200 ATX3,392
ASUS ROG STRIX GOLD AURA 1000 ATX3,355
ASUS ROG STRIX GOLD AURA 1000 ATX3,327
ASUS ROG STRIX GOLD AURA 850 ATX3,292
ASUS ROG STRIX GOLD AURA 750 ATX3,273
ASUS ROG LOKI SFXL 1200 TITANIUM M,415
ASUS ROG LOKI SFXL 1000 PLATINUM M,352
ASUS ROG LOKI SFXL 850 PLATINUM MO,297
ASUS ROG LOKI SFXL 750 PLATINUM MO,262
ASUS ROG LOKI SFXL 850 PLAT White,327
ASUS PRIME AP850G FULL MODULAR GOL,186
ASUS PRIME AP750G FULL MODULAR GOL,165
ASUS TUF GAMING 1200 GOLD FULL MOD,355
ASUS TUF GAMING 1000 GOLD FULL MOD,268
ASUS TUF GAMING 850 GOLD FULL MODU,205
ASUS TUF GAMING 750 GOLD FULL MODU,183
ASUS TUF-GAMING-750B BRONZE PSU,139
ASUS TUF-GAMING-650B BRONZE PSU,115
Adata XPG Pylon 650w 80+ Bronze,99
Adata XPG Pylon 750w 80+ Bronze,116
Adata XPG Core Reactor Gold 750w,139
Adata XPG Core Reactor Gold 850w,159
Cooler Master V SFX PLATINUM 1300,454
CM V1100 SFX PLATINUM FULL MODOLAR,416
CM V850 SFX GOLD FULL MODULAR 3.1,229
CM V750 SFX GOLD FULL MODULAR 3.1,209
CM V PLATINUM 1300 FULL MODULAR PS,387
CM V PLATINUM 1000 FULL MODULAR PS,319
CM V PLATINUM 850 FULL MODULAR PSU,290
CM V850 GOLD I MULTI ATX3 FULL MOD,261
CM V750 GOLD I MULTI ATX3 FULL MOD,241
CM GX II GOLD 850 FULL MODULAR ATX,193
CM GX II GOLD 750 FULL MODULAR ATX,173
CM V GOLD V2 850 FULL MODULAR PSU,193
CM V GOLD V2 750 FULL MODULAR PSU,183
CM V GOLD V2 650 FULL MODULAR PSU,173
CM MWE GOLD V2 1250W FULL MODULAR,309
CM MWE GOLD V2 1050W FULL MODULAR,290
CM MWE GOLD V2 850W FULL MODULAR P,154
CM MWE GOLD V2 750W FULL MODULAR P,144
CM MWE GOLD V2 650W FULL MODULAR P,135
CM G800 GOLD NON MODULAR PSU,130
CM MWE BRONZE 650W BRONZE 230v PSU,83
CM MWE BRONZE 550W BRONZE 230v PSU,74
Corsair AX1600i Digital ATX Power S,649
Corsair HXi HX1500i Fully Modular,545
Corsair HX HX750 750 Watt 80 PLUS,230
Corsair SF SF750 750 Watt 80 PLUS,265
Corsair SF SF850 850 Watt 80 PLUS,295
Corsair SF SF1000 1000 Watt 80 PLUS,350
Corsair RM White RM750 750 Watt 8,176
Corsair RM White RM850 850 Watt 8,198
Corsair RMx RM1000X 1000 Watt 80,263
COOLER MASTER G800 GOLD,159
COOLER MASTER G600 GOLD,129
"Corsair CX550, 550 watts, 80+",76
"Corsair CX650, 650 watts, 80+",87
"Corsair CX750, 750 watts, 80+",98
Corsair SF850L Fully Modular Low-No,209
Corsair SF1000L Fully Modular Low-N,237
Corsair RM650 Fully Modular ATX Po,145
Corsair RM750e Fully Modular ATX Po,164
Corsair RM850e Fully Modular ATX Po,193
Corsair RM1000e Fully Modular ATX P,259
EVGA 600w Black PSU,90
FSP HV PRO 550W BRONZE,58
FSP HV PRO 85+ 550W,58
FSP HV PRO 85+ 650W 80PLUS BRONZE,67
"FSP HYDRO PTM PRO 1200W, 80PLUS Pl",314
FSP Hydro Ti PRO 1000W Full Modula,447
FSP Dagger Pro 650W 80+ Gold SFX Full,147
FSP Dagger Pro 850W 80+ Gold SFX Full,202
FSP VITA GM 1000W 80+ Gold FM ATX3,190
FSP VITA GD 750W 80+Gold Non Modul,106
FSP VITA GD 850W 80+Gold Non Modul,119
FSP VITA GM 850W 80+ Gold FM ATX3.,155
FSP Cannon PRO 2000W (12V-2x6) 80P,459
FSP SFX PRO 80PLUS Bronze 450W,84
Gamemax SFX 275w,57
Gamemax 500w True ATX PSU,60
Gigabyte GP P1000GM,270
Gigabyte GP UD1300GM PG5 PCIE5,385
Gigabyte GP UD1000GM PG5 PCIE5,225
Gigabyte AORUS GP AP1200PM AORUS,384
Inwin A65 650W Psu,90
Inwin SFX 700W Gold PSU,160
Lian Li Edge 1300 Power supply,286
Lian Li Edge 1000 Power supply,239
Lian Li Edge 850 Power supply,174
Lian Li SP750 Power Supply,154
NZXT C1000 Gold ATX 3.1 Gen5 Full,233
NZXT C1200 Gold ATX 3.1 Gen5 Full,280
NZXT C1500 FM ATX3.1 PSU - Black,482
NZXT C850 Gold FM ATX 3.1 PSU - Bl,174
Phanteks AMP GH 1000W Platinum,219
"Phanteks AMP GH 850W 80+ Gold, ATX",195
"Phanteks AMP GH 750W 80+Gold, ATX",159
Seasonic S12III-650 80 Plus Bronze,95
Seasonic G12 GM-750 (ATX2.4) 80 Pl,129
Seasonic G12 GM-850 (ATX2.4) 80 Pl,146
Seasonic Focus GX-750 (V4)(ATX 3),190
Seasonic Focus GX-850 (V4)(ATX 3),218
Seasonic Focus GX 750 ATX 3.0 Whit,205
Seasonic Focus GX 1000 ATX 3.0 Whi,282
Seasonic Focus SGX-650 SFX PSU/80,165
Seasonic Focus SPX-750 SFX PSU/80,258
Seasonic Vertex GX 750 80Plus Gold,244
Seasonic Vertex GX 850 80Plus Gold,276
Seasonic Vertex GX 1000 80Plus Gol,320
Seasonic Vertex GX 1200 80Plus Gol,366
Seasonic Vertex PX 750 80Plus Plat,269
Seasonic Vertex PX 850 80Plus Plat,299
Seasonic Vertex PX 1000 80Plus Pla,344
Seasonic Vertex PX 1200 80Plus Pla,403
Seasonic Vertex PX 1200 Dragon 80P,420
Seasonic Prime PX 1600 ATX 3.0 80P,590
Seasonic Prime TX 1300 ATX 3.0 80P,605
Seasonic Prime TX 1600 ATX 3.0 80P,710
Seasonic Prime PX-2200 (ATX 3) 80P,749
Silverstone ET550-HG V1.2 Essential 550W,113
Silverstone ET650-HG V1.2 Essential 650W,120
Silverstone ET750-HG V1.2 E 750W 80 Plus,131
Silverstone ST60F-ES230 Strider Es 600W,92
Silverstone ET700 FMod Gold 700w,100
Silverstone ST65F-GS V1.1 Strider Gold 650,147
Silverstone SX1000-LPT SFX-L 1000W,365
Silverstone SX800-LTI SFX-L form,265
Silverstone SX700-G SFX Gold,196
Silverstone SX500-G SFX Gold,123
Silverstone 500w ATX PSU 80+ ET500,87
Silverstone 600w ATX PSU 80+,95
Silverstone VA650-G 650w Gold PSU,98
Silverstone VA750-G 750w Gold PSU,109
Silverstone DA750-G Gold PSU 750w,122
Silverstone DA850R-G 850w,165
Silverstone ST1000-PTS 1000w Platinum,299
Silverstone Cybernetics 1000w DA1000r,283
Silverstone HELA 850w Platinum ATX3.0,263
Silverstone HELA 1200w Platinum ATX3.0,289
Silverstone Hela 1300w SST-HA1300R-PM,381
Silverstone HELA 2050w Platinum ATX3.0,708
Superflower LEADEX VI Platinum PRO,229
Superflower Leadex Platinum SE 120,299
Superflower Leadex Platinum 1600W,409
Superflower Leadex Titanium 1600W,549
Superflower Leadex Platinum 2000W,549
Superflower Zillion DB 80+ Bronze,65
Superflower Zillion DB 80+ Bronze,75
Super Flower Leadex III Gold 850W,149
Superflower LEADEX VI Platinum PRO,169
Thermlright TG 650W 80+ Gold Full Modular,131
Thermlright TG 850W 80+ Gold Full Modular,130
Vios SFX 450w / iCute 500w /Gamemax,56
Xigmatek X-Power 600W / EVGA 600w,68
Crucial CT32G4DFD8266 2666 DESKTOP 32GB,139
"Corsair 4000D TG , White White",139
Fractal Design TORRENT NANO,200
Fractal Design Focus G Red (Window Edition) FD-CA-FOCUS-RD-W Red,90
Garmin Forerunner 255 Tidal Blue GM-010-02641-53 upc 753759307363 Tidal Blue,549
Synology RX1217RP 12-bay SATA expans 12-bay,3179
Crucial CT32G4SFD8266 2666 LAPTOP 32GB,139
"Corsair 4000D Airflow TG , White White",139
Fractal Design Torrent Nano Black TG Dark Tint FD-C-TOR1N-01 Black,200
Fractal Design Focus G White (Window Edition) FD-CA-FOCUS-WT-W White,90
Garmin Forerunner 255s Powder Grey GM-010-02641-63 upc 753759307462 Powder Grey,549
Synology RX1216sas 12-bay SAS/SATA e 12-bay,4068
Crucial CT51264BD160B 1600 DESKTOP 4GB,119
"Corsair Carbide 275R Airflow , Black Black",119
Fractal Design Torrent Nano RGB Black TG Light Tint FD-C-TOR1N-02 Black,215
Garmin Forerunner 255s Light Pink GM-010-02641-73 upc 753759307561 Light Pink,549
Synology RX1217sas 12-bay SAS/SATA e 12-bay,4068
Crucial CT51264BF160B 1600 LAPTOP 4GB,119
"Corsair Carbide 275R Airflow , Whit White",119
Fractal Design Torrent Nano White TG Clear Tint FD-C-TOR1N-03 White,200
Fractal Design Focus Mini G Black (Window Edition) FD-CA-FOCUS-MINI-BKW Black,90
Synology RX2417sas 24-bay 2.5’’ SAS/ 24-bay,4888
Crucial CT8G4DFRA266 2666 DESKTOP 8GB,115
Corsair Carbide 275R — Black ( TG Black,115
Fractal Design Torrent Nano Black Solid FD-C-TOR1N-04 Black,185
Garmin Forerunner 255 Music Black GM-010-02641-48 upc 753759307318 Black,629
Synology RXD1215sas 12-bay SAS expan 12-bay,4888
Crucial CT8G4DFS824A 2400 DESKTOP 8GB,115
Corsair Carbide 275R — White ( TG White,115
Synology SAT5200-3840G 3.84TB 2.5” E 3.84TB,1834
Crucial CT8G4DFS8266 2666 DESKTOP 8GB,105
Corsair Carbide 275R — Black (Windo Black,105
Fractal Design Node 804 FD-CA-NODE-804-BL-W Black,170
Garmin Forerunner 255 Music Whitestone GM-010-02641-58 upc 753759307417 Whitestone,629
Synology SNV3400-400G 400GB M.2 2280 400GB,258
Crucial CT8G4SFS6266 2666 LAPTOP 8GB,99
Corsair Carbide 275R — White (Windo White,105
Synology SNV3400-800G 800GB M.2 2280 800GB,495
Crucial CT8G4SFS824A 2400 LAPTOP 8GB,82
Corsair Carbide 275Q Quiet Gaming,115
Fractal Design Meshify 2 XL Black TG Dark Tint FD-C-MES2X-01 Black,320
Fractal Design Node 304 FD-CA-NODE-304-BL Black,140
Synology SNV3500-400G 400GB M.2 2211 400GB,298
Crucial CT8G4SFS8266 2666 LAPTOP 8GB,99
Corsair Carbide 100R Silent Edition,99
Synology SNV3500-800G 800GB M.2 2211 800GB,552
Crucial CT8G4SFS832A 3200 LAPTOP 8GB,82
Corsair Carbide 100R Mid Tower,82
Fractal Design Meshify 2 XL Black TG Light Tint FD-C-MES2X-02 Black,320
Fractal Design Node 202 FD-CA-NODE-202-BK Black,140
Forerunner 255s Music Black GM-010-02641-68 upc 753759307516 Black,629
Synology HAT5300-8T Synology 3.5” In 8TB,551
Crucial CT8G4DFS832A 3200 DESKTOP 8GB,99
CORSAIR Carbide 175R RGB TG Gaming,99
Garmin Forerunner 255s Music Whitestone GM-010-02641-78 upc 753759307615 Whitestone,629
Synology HAT5300-12T Synology 3.5” I 12TB,828
Crucial CT32G4DFD832A 3200 DESKTOP 32GB,165
Corsair iCUE 220T RGB Airflow TG Sma,165
Synology HAT5300-16T Synology 3.5” I 16TB,1104
Crucial CT32G4SFD832A 3200 LAPTOP 32GB,165
Corsair iCUE 220T RGB Airflow TG,165
Fractal Design Meshify 2 RGB Black TG Light tint FD-C-MES2A-06 Black,279
Fractal Design Core 500 FD-CA-CORE-500-BK Black,105
"Garmin Forerunner 265 Black, 46mm GM-010-02810-50 upc 753759318635 Black, 46mm",689
Crucial Ballistix BL8G32C16U4B 3200Mhz 8GB 8GB,219
CORSAIR iCUE 465X RGB TG - Black Black,219
Seagate ST1000NM000A 1TB Exos 7E8 H 1TB,164
Crucial Ballistix BL8G32C16U4R 3200Mhz 8GB 8GB,219
CORSAIR iCUE 465X RGB TG - White White,219
Fractal Design Meshify 2 RGB White TG Clear tint FD-C-MES2A-08 White,279
"Garmin Forerunner 265 Whitestone, 46mm GM-010-02810-51 upc 753759318642 Whitestone, 46mm",689
Seagate ST2000NM000A 2TB Exos 7E8 H 2TB,215
Crucial Ballistix BL8G32C16U4W 3200Mhz 8GB 8GB,249
Crystal 280X RGB TG — Black Black,249
Seagate ST4000NM000A 4TB Exos 7E8 H 4TB,297
Transcend SSD220Q 50 TS500GSSD220Q 500GB,89
Crystal 280X RGB TG — White White,249
Fractal Design Meshify 2 Black Solid FD-C-MES2A-01 Black,230
"Garmin Forerunner 265 Aqua, 46mm GM-010-02810-52 upc 753759318659 Aqua, 46mm",689
Seagate ST6000NM021A 6TB Exos 7E8 H 6TB,408
Transcend SSD220Q 1T TS1TSSD220Q 1TB,155
CORSAIR Crystal 680X RGB -Black Black,369
Seagate ST8000NM000A 8TB Exos 7E8 H 8TB,525
Transcend SSD220Q 2T TS2TSSD220Q 2TB,299
CORSAIR Crystal 680X RGB -White White,369
Fractal Design Meshify 2 Black TG Dark Tint FD-C-MES2A-02 Black,250
"Garmin Forerunner 265s Black, 42mm GM-010-02810-53 upc 753759318666 Black, 42mm",689
Seagate ST10000NM001G 10TB Exos X16 10TB,655
Transcend SSD230S 12 TS128GSSD230S 128GB,42
CORSAIR Carbide 678C - Black Black,199
Seagate ST12000NM001G 12TB Exos X16 12TB,788
Transcend SSD230S 25 TS256GSSD230S 256GB,65
CORSAIR Carbide 678C - White White,199
Fractal Design Meshify 2 Black TG Light Tint FD-C-MES2A-03 Black,250
"Fractal Design ION SFX Gold 500W, Black, UK Cord FD-PSU-ION-SFX-500G-BK-UK 500W",175
"Garmin Forerunner 265s Whitestone, 42mm GM-010-02810-54 upc 753759318673 Whitestone, 42mm",689
Seagate ST14000NM001G 14TB Exos X16 14TB,918
Transcend SSD230S 51 TS512GSSD230S 512GB,109
Corsair Obsidian 500D RGB SE Premium,389
Seagate ST16000NM001G 16TB Exos X16 16TB,1048
Transcend SSD230S 1T TS1TSSD230S 1TB,199
Crystal 570X RGB TG Black Black,299
Fractal Design Meshify 2 Gray TG Light Tint FD-C-MES2A-04 Gray,250
"Fractal Design ION SFX Gold 650W, Black, UK Cord FD-PSU-ION-SFX-650G-BK-UK 650W",210
"Garmin Forerunner 265s Pink, 42mm GM-010-02810-55 upc 753759318680 Pink, 42mm",689
Seagate ST18000NM000J 18TB Exos X18 18TB,1208
Transcend SSD230S 2T TS2TSSD230S 2TB,399
Crystal 570X RGB TG White White,299
Seagate ST1000NM001A 1TB Exos 7E8 H 1TB,197
Transcend SSD220 120 TS120GSSD220S 120GB,34
Crystal 570X RGB TG Black Mirror Black,299
Fractal Design Meshify 2 White TG Clear Tint FD-C-MES2A-05 White,250
"Fractal Design ION+ 660P, 660W Fully Modular Power Supply FD-PSU-IONP-660P-BK-UK 660W",205
Garmin Forerunner 955 Black GM-010-02638-J0 upc 753759306144 Black,789
Seagate ST2000NM004A 2TB Exos 7E8 H 2TB,255
Transcend SSD220 240 TS240GSSD220S 240GB,55
Obsidian 1000D Super-Tower,729
Seagate ST4000NM003A 4TB Exos 7E8 H 4TB,324
Transcend SSD220 480 TS480GSSD220S 480GB,95
QNAP TS-233 2-Bay 2GB RAM Desktop 2-Bay,336
Fractal Design Meshify 2 Lite Black TG Light tint FD-C-MEL2A-03 Black,190
Fractal Design ION Gold 750W Fully Modular Power Supply FD-P-IA2G-750-UK 750W,180
Garmin Forerunner 955 White GM-010-02638-J1 upc 753759306151 White,789
Seagate ST6000NM029A 6TB Exos 7E8 H 6TB,439
Transcend MTS820S 12 TS120GMTS820S 120GB,34
"QNAP 2-Bay Desktop NAS, Intel Cele 2-Bay",682
Seagate ST8000NM001A 8TB Exos 7E8 H 8TB,546
Transcend MTS820S 24 TS240GMTS820S 240GB,55
QNAP 4-Bay Desktop ARM A-55 2GHz C 4-Bay,627
Fractal Design Meshify 2 Lite White TG Clear FD-C-MEL2A-04 White,190
Fractal Design ION Gold 850W Fully Modular Power Supply FD-P-IA2G-850-UK 850W,200
Garmin Forerunner 955 Solar Black GM-010-02638-H0 upc 753759308162 Solar Black,919
Seagate ST10000NM0096 10TB Exos X10 10TB,653
Transcend MTS820S 48 TS480GMTS820S 480GB,95
QNAP 4-bay Intel Celeron N5105/N50 4-bay,869
Seagate ST12000NM002G 12TB Exos X16 12TB,808
Transcend MTS430S 25 TS256GMTS430S 256GB,69
QNAP 4-Bay NAS AMD Ryzen quad-cor 4-Bay,1166
Fractal Design Meshify 2 Lite RGB Black TG Light tint FD-C-MEL2A-05 Black,225
Garmin Forerunner 955 Solar White GM-010-02638-H1 upc 753759306137 Solar White,919
Seagate ST14000NM002G 14TB Exos X16 14TB,938
Transcend MTS430S 51 TS512GMTS430S 512GB,109
"QNAP 4-Bay NAS, Intel Core i3-8100 4-Bay",2233
Seagate ST16000NM002G 16TB Exos X16 16TB,1071
Transcend MTS830S 25 TS256GMTS830S 256GB,65
QNAP 4-Bay quad-core 1.7GHz 1U sho 4-Bay,979
Fractal Design Prisma AL-12 ARGB PWM Fan - Single Pack FD-FAN-PRI-AL12-PWM Single Pack,35
"Garmin Forerunner 965 Black, 47mm GM-010-02809-80 upc 753759318420 Black, 47mm",919
Seagate ST18000NM004J 18TB Exos X18 18TB,1229
Transcend MTS830S 51 TS512GMTS830S 512GB,105
QNAP Short depth 1U rackmount 4-ba 4-bay,1056
Seagate ST1000NX0313 1TB Exos 7E200 1TB,307
Transcend MTS830S 1T TS1TMTS830S 1TB,199
QNAP 6-bay Intel Celeron N5105/N50 6-bay,1100
Fractal Design Meshify 2 Compact Black Solid FD-C-MES2C-01 Black,185
Fractal Design Prisma AL-12 ARGB PWM Fan - Triple Pack FD-FAN-PRI-AL12-PWM-3P Triple Pack,90
"Garmin Forerunner 965 Whitestone, 47mm GM-010-02809-81 upc 753759318437 Whitestone, 47mm",919
Seagate ST2000NX0253 2TB Exos 7E200 2TB,534
Transcend MTS830S 2T TS2TMTS830S 2TB,399
"QNAP 6-bay NAS, AMD Ryzen V1000 se 6-bay",1320
Seagate ST1000NX0333 1TB Exos 7E200 1TB,328
Transcend MTE220S 25 TS256GMTE220S 256GB,85
"QNAP 6-Bay NAS, Intel Core i3 NAS 6-Bay",2640
Fractal Design Meshify 2 Compact Black TG Dark Tint FD-C-MES2C-02 Black,199
"Garmin Forerunner 965 Yellow, 47mm GM-010-02809-82 upc 753759318444 Yellow, 47mm",919
Seagate ST2000NX0343 2TB Exos 7E200 2TB,551
Transcend MTE220S 51 TS512GMTE220S 512GB,125
"QNAP 8-bay NAS, AMD Ryzen V1000 s 8-bay",1595
Fractal Design Prisma AL-14 ARGB PWM Fan - Single Pack FD-FAN-PRI-AL14-PWM Single Pack,40
Garmin Running Dynamic Pod Yellow GM-010-12520-10 upc 753759175535 Yellow,108
Transcend MTE220S 1T TS1TMTE220S 1TB,219
"QNAP 8-Bay NAS, Intel core i5-8400 8-Bay",3080
Fractal Design Meshify 2 Compact Black TG Light Tint FD-C-MES2C-03 Black,199
Garmin HRM Dual Black GM-010-12883-01 upc 753759231873 Black,109
Transcend MTE220S 2T TS2TMTE220S 2TB,409
QNAP TS-873AeU-RP-4G 8-Bay Rackmou 8-Bay,2772
Seagate ST1000DM010 BarraCuda 1TB 3.5 SATA 1TB,56
Transcend MTE240S 50 TS500GMTE240S 500GB,145
"QNAP 9-bay NAS, AMD Ryzen V1500B 4 9-bay",1452
Fractal Design Meshify 2 Compact Gray TG Light Tint FD-C-MES2C-04 Gray,199
Fractal Design Prisma AL-14 ARGB PWM Fan - Triple Pack FD-FAN-PRI-AL14-PWM-3P Triple Pack,99
Garmin HRM Pro Plus Black GM-010-13118-10 upc 753759312657 Black,199
Seagate ST2000DM008 BarraCuda 2TB 3.5 SATA 2TB,79
Transcend MTE240S 1T TS1TMTE240S 1TB,239
QNAP 2-bay 3.5” SATA HDD USB 3.1 G 2-bay,264
Seagate ST3000DM007 BarraCuda 3TB 3.5 SATA 3TB,115
Transcend MTE112S 1T TS1TMTE112S 1TB,179
QNAP 4-bay 3.5” SATA HDD USB 3.0 t 4-bay,341
Fractal Design Meshify 2 Compact White TG Clear Tint FD-C-MES2C-05 White,199
Fractal Design Prisma AL-18 ARGB PWM Fan - Single Pack FD-FAN-PRI-AL18-PWM Single Pack,70
"Garmin Approach S70 White, 42mm GM-010-02746-50 upc 753759325923 White, 42mm",999
Seagate ST4000DM004 BarraCuda 4TB 3.5 SATA 4TB,125
Transcend MTE112S 51 TS512GMTE112S 512GB,99
QNAP M.2 2280 PCIe NVMe to U.2 PCI M.2,88
Seagate ST6000DM003 BarraCuda 6TB 3.5 SATA 6TB,185
Transcend MTE110S 12 TS128GMTE110S 128GB,39
QNAP QM2-2P-384 Dual M.2 PCIe SSD Dual M.2,242
Seagate ST8000DM004 BarraCuda 8TB 3.5 SATA 8TB,249
Transcend MTE110S 25 TS256GMTE110S 256GB,60
QNAP QM2-4P-384 Quad M.2 PCIe SSD Quad M.2,264
Fractal Design Meshify 2 Compact RGB Black TG Light Tint FD-C-MES2C-06 Black,225
Fractal Design Prisma AL-18 ARGB PWM Fan - Dual Pack FD-FAN-PRI-AL18-PWM-2P Dual Pack,115
"Garmin Approach S70 Powder Gray, 42mm GM-010-02746-51 upc 753759325930 Powder Gray, 42mm",999
Seagate ST500LM030 BarraCuda 500GB 2.5 SATA 500GB,65
Transcend MTE110S 51 TS512GMTE110S 512GB,99
QNAP 2 x PCIe Gen3 NVMe SSD & 1 x 2 x PCIe,341
Seagate ST1000LM048 BarraCuda 1TB 2.5 SATA 1TB,79
Transcend MTE110S 1T TS1TMTE110S 1TB,189
QNAP QXG-10G1TB Single-port (10Gba Single-port,193
Fractal Design Meshify 2 Compact RGB White TG Clear Tint FD-C-MES2C-08 White,225
Fractal Design Venturi HP-12 PWM Fan FD-FAN-VENT-HP12-PWM,33
"Garmin Approach S70 Black, 47mm GM-010-02746-52 upc 753759325947 Black, 47mm",1099
Seagate ST2000LM015 BarraCuda 2TB 2.5 SATA 2TB,129
Transcend SSD370 128 TS128GSSD370S 128GB,80.4
QNAP 2 x RJ-45 10gBe Ports PCIe 3. 2 x RJ-45,337
Seagate ST3000LM024 BarraCuda 3TB 2.5 SATA 3TB,189
Transcend SSD370 256 TS256GSSD370S 256GB,142.8
QNAP CAB-DAC30M-SFPP SFP+ 10GbE tw SFP+,113
Fractal Design Meshify 2 Compact Lite Black TG Light tint FD-C-MEL2C-03 Black,165
Fractal Design Venturi HP-14 PWM Fan FD-FAN-VENT-HP14-PWM,39
Seagate ST4000LM024 BarraCuda 4TB 2.5 SATA 4TB,229
Transcend SSD370 512 TS512GSSD370S 512GB,270
QNAP CAB-SAS05M-8644 Mini SAS cabl Mini SAS,113
Seagate ST5000LM000 BarraCuda 5TB 2.5 SATA 5TB,269
Transcend SSD370 1TB TS1TSSD370S 1TB,522
QNAP PWR-ADAPTER-65W-A01 65W exter 65W,116
Fractal Design Meshify 2 Compact Lite White TG Clear FD-C-MEL2C-04 White,165
Fractal Design Dynamic X2 GP-12 Fan (Black) FD-FAN-DYN-X2-GP12BK Black,22
Seagate ST1000VN002 IronWolf 1TB 3.5 SATA 1TB,99
Transcend ESD240C Po TS240GESD240C 240GB,79
QNAP PWR-ADAPTER-90W-A01 90W exter 90W,116
Seagate ST2000VN004 IronWolf 2TB 3.5 SATA 2TB,115
Transcend ESD240C Po TS480GESD240C 480GB,129
QNAP SP-2BAY-ADAPTOR-90W 90W exter 90W,127
Fractal Design Meshify 2 Compact Lite RGB Black TG Light tint FD-C-MEL2C-05 Black,199
Fractal Design Dynamic X2 GP-12 Fan (White) FD-FAN-DYN-X2-GP12WT White,22
Seagate ST3000VN007 IronWolf 3TB 3.5 SATA 3TB,149
Transcend ESD250C Po TS960GESD250C 960GB,209
QNAP PWR-ADAPTER-120W-A01 120W 4pi 120W,143
Seagate ST4000VN008 IronWolf 4TB 3.5 SATA 4TB,185
Transcend ESD350C Po TS480GESD350C 480GB,149
QNAP PWR-PSU-100W-DT01 100W open f 100W,132
Fractal Design Meshify 2 Mini Black TG Dark Tint FD-C-MES2M-01 Black,185
Seagate ST6000VN001 IronWolf 6TB 3.5 SATA 6TB,279
Transcend ESD350C Po TS960GESD350C 960GB,239
QNAP PWR-PSU-250W-DT02 250W Delta 250W,171
Fractal Design Dynamic X2 GP-14 Fan (Black) FD-FAN-DYN-X2-GP14BK Black,25
Seagate ST8000VN004 IronWolf 8TB 3.5 SATA 8TB,369
Transcend 350V High TS64GUSD350V 64GB,16.8
QNAP PWR-PSU-300W-DT01 300W power 300W,319
Fractal Design Meshify 2 Mini White TG Clear Tint FD-C-MES2M-02 White,185
Seagate ST10000VN0008 IronWolf 10TB 3.5 SATA 10TB,515
Transcend 350V High TS128GUSD350V 128GB,27.6
QNAP PWR-PSU-300W-DT02 300W power 300W,319
Fractal Design Dynamic X2 GP-14 Fan (White) FD-FAN-DYN-X2-GP14WT White,25
Seagate ST12000VN0008 IronWolf 12TB 3.5 SATA 12TB,589
Transcend 64GB Micro TS64GUSD330S 64GB,18.6
QNAP SP-469U-S-PSU 250W single pow 250W,424
Fractal Design Meshify 2 Nano Black TG Dark Tint FD-C-MES2N-01 Black,170
Seagate ST4000NE001 IronWolf Pro 4TB 3.5 SATA 4TB,219
Transcend 128GB Micr TS128GUSD330S 128GB,31.2
QNAP RAIL-B02 Rack Slide Rail Kit,131
Seagate ST6000NE000 IronWolf Pro 6TB 3.5 SATA 6TB,339
Transcend 16GB UHS-I TS16GUSD300S-A 16GB,5.76
QNAP RAIL-A02-90 A02 (Chass,264
Fractal Design Meshify 2 Nano White TG Clear Tint FD-C-MES2N-02 White,170
Seagate ST8000NE001 IronWolf Pro 8TB 3.5 SATA 8TB,429
Transcend 32GB UHS-I TS32GUSD300S-A 32GB,7.8
Fractal Design Define 7 XL Black - Solid Panel FD-C-DEF7X-01 Black,330
"Fractal Design HDD Cage kit - Type B, Black FD-A-CAGE-001 Black",22
Transcend 64GB UHS-I TS64GUSD300S-A 64GB,12
Fractal Design Define 7 XL Black - Light Tint Tempered Glass FD-C-DEF7X-02 Black,355
Fractal Design Pop Air Black Solid FD-C-POA1A-01 Black,128
Fractal Design USB-C 10Gbps Cable- Model D FD-A-USBC-001,18
Transcend 128GB UHS- TS128GUSD300S-A 128GB,22.8
Fractal Design Define 7 XL Black - Dark Tint Tempered Glass FD-C-DEF7X-03 Black,355
Fractal Design Pop Air Black TG Clear Tint FD-C-POA1A-02 Black,128
"Fractal Design HDD Drive Tray Kit - Type B, Black, Dual pack FD-A-TRAY-001 Black",22
Transcend 256GB UHS- TS256GUSD300S-A4 256GB,56
Fractal Design Pop Air White TG Clear Tint FD-C-POA1A-03 White,128
SUUNTO VERTICAL TITANIUM,1229
Transcend 512GB UHS- TS512GUSD300S-A 512GB,96
Fractal Design DEFINE 7 Black Solid FD-C-DEF7A-01 Black,268
Fractal Design Pop Air RGB White TG Clear Tint C-POR1A-01 White,145
SUUNTO VERTICAL,899
"Pure Base 500 (BG034), ATX, Solid Si",94
Transcend USB 3.1 U TS-RDF9K2,39.9
Fractal Design Define 7 Black TG Light Tint FD-C-DEF7A-02 Black,282
Fractal Design Pop Air RGB Cyan Core TG Clear Tint FD-C-POR1A-02,145
SUUNTO 9 PEAK PRO TITANIUM,849
"Pure Base 500 Window (BGW34), ATX, T",117
Transcend USB 3.1 M TS-RDC8K2,43.9
Fractal Design Define 7 Black TG Dark Tint FD-C-DEF7A-03 Black,282
Fractal Design Pop Air RGB Magenta Core TG Clear Tint FD-C-POR1A-03,145
SUUNTO 9 PEAK PRO,679
"Pure Base 500 Window (BGW35), ATX,",117
Transcend USB 3.1 Mu TS-RDF8K2,29.9
Fractal Design Define 7 White TG Clear Tint FD-C-DEF7A-06 White,282
Fractal Design Pop Air RGB Green Core TG Clear Tint FD-C-POR1A-04,145
SUUNTO 9 PEAK TITANIUM,589
"Pure Base 500 Window (BGW36), ATX, T",117
Transcend USB 3.1 Mu TS-RDF8W2,29.9
Fractal Design Define 7 Grey TG Light Tint FD-C-DEF7A-08 Grey,282
Fractal Design Pop Air RGB Orange Core TG Clear Tint FD-C-POR1A-05,145
SUUNTO 9 PEAK,459
"Pure Base 500 DX (BGW37), ATX, ARGB",150
Transcend USB 3.1 SD TS-RDF5K,18.9
Fractal Design Pop Air RGB Black TG Clear Tint FD-C-POR1A-06 Black,145
SUUNTO 5 PEAK,329
"Pure Base 500 DX (BGW38), ATX, ARGB",150
Transcend USB 3.1 SD TS-RDF5W,18.9
Fractal Design Define 7 Compact Black Solid FD-C-DEF7C-01 Black,179
"Pure Base 600 (BG021), ATX, Solid Si",117
Transcend USB 3.1 SD TS-RDF5R,18.9
Fractal Design Define 7 Compact White Solid FD-C-DEF7C-05 White,179
Fractal Design Pop Silent Black Solid FD-C-POS1A-01 Black,128
"Huawei AP362 Settled AP, Wi-Fi 6, indoor, Dual Radio(2.4G/5GHz), 2*2/2*2 MU-MIMO, 1*GE Base-T, internal smart antennas",359
"Pure Base 600 (BGW21), ATX, TG Panel",136
Transcend USB 3.0 CF TS-RDF2,75
Fractal Design Define 7 Compact Black TG Dark Tint FD-C-DEF7C-02 Black,199
Fractal Design Pop Silent Black TG Clear Tint C-POS1A-02 Black,128
"Dark Base 700 WIndow (BGW23), ATX, T",260
Transcend PCMCIA ATA TS0MCF2PC,24.9
Fractal Design Define 7 Compact Black TG Light Tint FD-C-DEF7C-03 Black,199
Fractal Design Pop Silent White TG Clear Tint FD-C-POS1A-04 White,128
"Huawei AP263 Wall-plate AP, Wi-Fi 6, indoor, Dual Radio(2.4G/5GHz), 2*2/2*2 MU-MIMO, 1*GE Base-T, 1*GE Base-T, BLE, USB, internal smart antennas",339
"Silent Base 601 (BG026), ATX, Steel",153
Transcend 4-Port HUB TS-HUB2C,29.9
Fractal Design Define 7 Compact White TG Clear Tint FD-C-DEF7C-04 White,199
"Silent Base 601 Window (BGW26), ATX,",171
Transcend USB 3.1 Hu TS-HUB2K,29.9
Fractal Design Define 7 Mini Black Solid FD-C-DEF7M-01 Black,188
Fractal Design Pop Mini Air RGB White TG Clear Tint FD-C-POR1M-01 White,145
"Huawei AC650-128AP 10*GE ports, 2*10GE SFP+ ports, built-in 128 license",1849
"Silent Base 802 Window (BGW39), Mesh",267
Transcend USB 3.1 Hu TS-HUB3K,39.9
Fractal Design Define 7 Mini Black TG Light Tint FD-C-DEF7M-02 Black,188
Fractal Design Pop Mini Air RGB Black TG Clear Tint FD-C-POR1M-06 Black,145
"Silent Base 802 Window (BGW40), Mesh",267
Transcend HUB5C 6-in TS-HUB5C,69
Fractal Design Define 7 Nano Black Solid FD-C-DEF7N-01 Black,168
Fractal Design Pop Mini Silent Black Solid FD-C-POS1M-01 Black,130
"Huawei AC650-256AP 10*GE ports, 2*10GE SFP+ ports, built-in 256 license",2499
"Dark Base 900 (BG0116), Full ATX, 8P",303
Transcend Smart Read TS-RDP9K,16.9
Fractal Design Define 7 Nano Black TG Light Tint FD-C-DEF7N-02 Black,168
Fractal Design Pop Mini Silent Black Clear Tint FD-C-POS1M-02 Black,130
"Huawei S310-24P4S L2+ (static router), 24*10/100/1000BASE-T ports, 4*GE SFP ports, POE+(370W),",1339
"Dark Base Pro 900 rev.2 TG (BGW15),",366
Transcend RDC3 USB 3 TS-RDC3,29.9
Fractal Design North Charcoal Black FD-C-NOR1C-01 Charcoal Black,225
"Huawei S310-24T4S L2+ (static route), 24*10/100/1000BASE-T ports, 4*GE SFP ports,",739
"Silent Loop 2 240 (BW010), ARGB Pump",192
Transcend Smart Read TS-RDA2W,49
Fractal Design North Charcoal Black TG Dark Tint FD-C-NOR1C-02 Charcoal Black,225
Fractal Design Pop XL Air RGB White TG Clear Tint FD-C-POR1X-01 White,170
"Huawei S310-48T4S L2+ (static route), 48*10/100/1000BASE-T ports, 4*GE SFP ports,",1079
"Silent Loop 2 280 (BW011), ARGB Pump",207
Transcend 8X Externa TS8XDVDS-W,58
Fractal Design North Chalk White FD-C-NOR1C-03 Chalk White,225
Fractal Design Pop XL Air RGB Black TG Clear Tint FD-C-POR1X-06 Black,170
"Huawei S380-L4T1T 1*GE WAN, 4*GE LAN, up to 150 users,forwarding performance 2Gbps",559
"Silent Loop 2 360 (BW012), ARGB Pump",235
Transcend 8X Externa TS8XDVDS-K,58
Fractal Design North Chalk White TG Clear Tint C-NOR1C-04 Chalk White,225
"Pure Rock 2 (BK006), 4x6mm heatpipes",58
Transcend USB 3.1 St TS0GSJ25S3,29.9
Fractal Design Torrent Black TG Light Tint FD-C-TOR1A-01 Black,305
Fractal Design Pop XL Silent Black Solid FD-C-POS1X-01 Black,155
"Huawei S380-L4P1T 1*GE WAN, 4*GE LAN(PoE+, 50W), up to 150 users,forwarding performance 2Gbps",909
"Pure Rock 2 Black (BK007), 4x6mm hea",64
Transcend USB 3.1 St TS0GSJ25CK3,36.9
Fractal Design Torrent Gray TG Light Tint FD-C-TOR1A-02 Gray,305
Fractal Design Pop XL Silent Black TG Clear Tint FD-C-POS1X-02 Black,155
"Huawei S380-S8T2T 2*GE WAN, 8*GE LAN, up to 250 users,forwarding performance 2Gbps",1039
"Shadow Rock 3 (BK004), 190W TDP, 5x6",80
Transcend USB 3.1 - TS-CM80S,55.9
Fractal Design Torrent White TG Clear Tint FD-C-TOR1A-03 White,305
"Huawei S380-S8P2T 2*GE WAN, 8*GE LAN(PoE+, 124W), up to 350 users,forwarding performance 2Gbps",1329
"Dark Rock 4 (BK021), 200W TDP, 6x6mm",109
Transcend USB 3.1 - TS-CM42S,51.9
Fractal Design Torrent Black RGB TG Light Tint FD-C-TOR1A-04 Black,375
"Dark Rock 4 Slim (BK024), 180W TDP,",96
AMD Ryzen 9 5950X,1059
Fractal Design Torrent Black Solid FD-C-TOR1A-05 Black,290
"Huawei S380-H8T3ST 2*GE WAN, 1*GE(SFP) WAN, 8*GE LAN, up to 500 users, forwarding performance 2Gbps",1299
"Dark Rock 4 PRO (BK022), 250W TDP, 7",158
AMD Ryzen 9 5900X,759
Fractal Design Torrent Black TG Dark Tint FD-C-TOR1A-06 Black,305
"Dark Rock 4 PRO TR4 (BK023), 250W TD",139
AMD Ryzen 7 5800X,589
Fractal Design Ridge Black Mitx FD-C-RID1N-01 Black,220
"Huawei AR730 2*GE combo WAN, 1*10GE(SFP+) WAN, 8*GE LAN, 1*GE combo LAN, 2*USB, 2*SIC, up to 700 users, forwarding performance 4Gbps",3019
"Dark Rock TF (BK020), 220W TDP, 6x6m",130
AMD Ryzen 5 5700X,499
Fractal Design Fractal Design Ridge White mITX FD-C-RID1N-02 White,220
"Huawei AR720 2*GE combo WAN, 8*GE LAN, 2*USB, 2*SIC, up to1200 users, forwarding performance 6Gbps",1429
"Silent Wings 3 120mm PWM HS (BL070),",33
AMD Ryzen 5 5600X,345
Fractal Design Focus 2 Black TG Clear Tint FD-C-FOC2A-01 Black,111
"Silent Wings 3 140mm PWM HS (BL071),",34
AMD Ryzen 7 5700G,502
Fractal Design Focus 2 White TG Clear Tint FD-C-FOC2A-02 White,111
"Huawei S110-8P2ST S110-8P2ST (8*10/100/1000BASE-T ports, PoE+, 1*GE SFP port, 1*10/100/1000BASE-T port, AC power, power adapter)",239
"Pure Wings 2 120mm PWM HS (BL081), 2",15
AMD Ryzen 5 5600G,359
Fractal Design Torrent RGB White TG clear tint C-TOR1A-07 White,375
Fractal Design Focus 2 RGB Black TG Clear Tint FD-C-FOC2A-03 Black,126
"Huawei S110-16LP2SR S110-16LP2SR (16*10/100/1000BASE-T ports, 2*GE SFP ports, PoE+, AC power)",369
"Pure Wings 2 140mm PWM HS (BL083), 1",16
AMD Ryzen 5 5600,299
Fractal Design Focus 2 RGB White TG Clear Tint FD-C-FOC2A-04 White,126
"Huawei S110-24LP2SR S110-24LP2SR (24*10/100/1000BASE-T ports, 2*GE SFP ports, PoE+, AC power)",779
AMD Ryzen 5 5500,249
Fractal Design Torrent Compact Black TG Dark Tint FD-C-TOR1C-01 Black,230
Fractal Design Focus 2 Black Solid FD-C-FOC2A-07 Black,111
"Huawei S110-24T2SR S110-24T2SR (24*10/100/1000BASE-T ports, 2*GE SFP ports, AC power)",519
AMD Ryzen 3 3200G,149
Fractal Design Torrent Compact RGB Black TG Light Tint FD-C-TOR1C-02 Black,260
Garmin Forerunner 55 Black GM-010-02562-50 upc 753759283322 Black,309
AMD Ryzen 5 4600G,249
Fractal Design Torrent Compact White TG Clear Tint FD-C-TOR1C-03 White,230
Garmin Forerunner 55 Whitestone GM-010-02562-51 upc 753759283339 Whitestone,309
AMD Ryzen 5 4650G,289
Fractal Design Torrent Compact Black Solid FD-C-TOR1C-04 Black,215
Garmin Forerunner 55 Aqua GM-010-02562-52 upc 753759283346 Aqua,309
Intel 11th Gen i3 10105 CPU,194
Garmin Forerunner 55 Monterra Grey GM-010-02562-53 upc 753759283353 Monterra Grey,309
Intel 11th Gen i3 10105F CPU,135
Garmin Forerunner 255 Slate Grey GM-010-02641-43 upc 753759307264 Slate Grey,549
Intel 11th Gen i5 11400F CPU,288
Intel 11th Gen i5 11400 CPU,316
Intel 11th Gen i5 11500 CPU,349
Intel 11th Gen i5 11600KF CPU,412
Intel 11th Gen i5 11600K CPU,429
Intel 11th Gen i7 11700F CPU,527
Intel 11th Gen i7 11700 CPU,569
Intel 11th Gen i7 11700K CPU,589
Intel 11th Gen i9 11900F CPU,639
Intel 11th Gen i9 11900KF CPU,647
Intel 11th Gen i9 11900K CPU,649
"Corsair 7000D Airflow , Black Black",329
"Corsair 7000D Airflow , White White",329
"Corsair iCUE 7000X RGB , Black Black",419
"Corsair iCUE 7000X RGB , White White",419
"Corsair iCUE 5000X RGB TG , Black Black",269
"Corsair iCUE 5000X RGB TG , White White",269
"Corsair 5000D Airflow TG , Black Black",209
"Corsair 5000D Airflow TG , White White",209
"Corsair 5000D TG , Black Black",209
"Corsair iCUE 4000X RGB TG , Black Black",189
"Corsair iCUE 4000X RGB TG , White White",189
"Corsair 4000D TG , Black Black",139
Fractal Design Focus G Black (Window Edition) FD-CA-FOCUS-BK-W Black,90
Fractal Design Focus G Blue (Window Edition) FD-CA-FOCUS-BU-W Blue,90
Seagate FireCuda 530 SSD (NEW) 500GB 500GB,199
Seagate FireCuda 530 SSD (NEW) 1TB 1TB,349
Seagate FireCuda 530 SSD (NEW) 2TB 2TB,729
Seagate FireCuda 530 SSD (NEW) 4TB 4TB,1399
Seagate FireCuda 530 w/ Heat Sink 500GB 500GB,229
Seagate FireCuda 530 w/ Heat Sink 1TB 1TB,389
Seagate FireCuda 530 w/ Heat Sink 2TB 2TB,819
Seagate FireCuda 530 w/ Heat Sink 4TB 4TB,1499
Synology DS2419+ 12-bay DiskStation 12-bay,2531
Synology DS2419+ll,2531
Synology DS3617xs 12-bay DiskStation 12-bay,4015
Synology DS3617xsll,4015
"Synology FS1018 12-bay FlashStation, 12-bay",2531
"Synology RS217 2-bay RackStation, Du 2-bay",733
Synology RS819 4-bay RackStation (up 4-bay,1070
Synology RS820+ 4-bay RackStation (u 4-bay,1691
Synology RS820RP+ 4-bay RackStation 4-bay,2159
Synology RS1619xs+ 4-bay RackStation 4-bay,3244
Synology RS1219+ 8-bay RackStation ( 8-bay,1707
Synology RS1221+ 8-bay RackStation ( 8-bay,2066
Synology RS1221RP+ 8-bay RackStation 8-bay,2817
Synology RS2418+ 12-bay RackStation 12-bay,2732
Synology RS2418RP+ 12-bay RackStatio 12-bay,3587
Synology RS2421+ 12-bay RackStation 12-bay,3193
Synology RS2421RP+ 12-bay RackStatio 12-bay,3946
Synology RS3618xs 12-bay RackStation 12-bay,4186
Synology RS3617RPxs 12-bay RackStati 12-bay,5211
Synology RS3617xs+ 12-bay RackStatio 12-bay,6662
Synology RS4021xs+ 16-bay RackStatio 16-bay,9399
Synology RS3621xs+ 12-bay RackStatio 12-bay,7518
Synology RS3621RPxs 12-bay RackStati 12-bay,6013
Synology SA3400 12-bay RackStation ( 12-bay,9961
Synology SA3600 12-bay RackStation ( 12-bay,13156
Synology SA3200D 12-bay Dual Control 12-bay,12216
Synology RS2818RP+ 16-bay RackStatio 16-bay,4271
Synology RS2821RP+,5637
Synology RS4017xs+ 16-bay RackStatio 16-bay,8372
Synology FS3600 24-bay 2.5’’ SAS/SAT 24-bay,15036
Synology FS3400 24-bay 2.5’’ SAS/SAT 24-bay,11276
Synology UC3200 12-bay Dual Controll 12-bay,10337
Synology DX517 5-bay SATA expansion 5-bay,767
Synology DX1215 12-bay SATA expansio 12-bay,1787
Synology DX1215ll,1787
Synology RX418 4-bay SATA expansion 4-bay,853
Synology RX1217 12-bay SATA expansio 12-bay,2128
D-Link DPE-301GI 1-port Gigabit 80,36
D-Link DXS-3610-54T-SE-LIC DXS-361,1962
D-Link DMC-F02SC/E 100Base-TX to 1,69
D-Link DGS-3630-52PC-SM-LIC DGS-36,1340
DEM-CB100Q28 100G QSFP28 to,241
D-Link DPS-700 Redundant Power Sup,821
D-Link DMC-F15SC/E 100Base-TX to 1,78
DPE-301GS 1-port Gigabit 80,38
DEM-CB100Q28-4S28 100G QSFP,284
D-Link DPS-800 Chassis of Redundan,112
D-Link DPS-CB150-2PS 150CM RPS cab,37
D-Link DMC-F20SC-BXD/E 100Base-TX,87
D-Link DMC-F20SC-BXU/E 100Base-TX,87
DGS-3130-30PS,2083
D-Link DMC-F30SC/E 100Base-TX to 1,87
D-Link DIS-F2020PS-E 20-port Gigab,776
DGS-3130-30S,1552
DXS-3400-24TC/EEI 20-port U,9060
DXS-5K-54S-DC-LIC Licens,2747
DMC-F60SC/E 100Base-TX to 1,104
NDR-240-48 DIN Rail Power S,157
DGS-3130-30TS,1155
DQS-5000-32Q28 100G D,18841
DMC-G01LC/E 10/100/1000Mbps,62
DQS-5000-32S 40G Da,11776
DXS-3400-24TC/ESI 20-port U,8733
DQS-5000-54SQ28 25G Da,16486
DSR-250V2 Nuclias Connect D,314
DGS-3130-54PS,3079
DEM-QX01Q-SR4,274
DSR-250V2-WCF-12-LIC Licens,114
DWM-312 4G LTE Industrial V,416
DGS-3130-54S,2943
DEM-QX10Q-LR4,1805
"DSR-500 4-port Gigabit LAN,",398
DIS-200G-12PS 8-port UTP 80,1177
D-Link DEM-CB100QXS-4XS,235
DSR-500-WCF-12-LIC License,141
DSR-500AC 4-port Gigabit LA,485
DWM-312W 4G LTE Industrial,469
DGS-3130-54TS,2264
DXS-3400-24SC/EEI 1,6695
DEM-410T 10G SFP+ to 10GBas,235
DSR-500AC-WCF-12-LIC Licens,141
DWM-315 4G LTE Cat 6 Indust,469
DXS-3400-24SC/ESI 1,6368
DEM-431XT (Duple,277
DSR-1000 4-port Gigabit LAN,524
DEM-431XT-DD 10GBASE-LR (Du,277
DSR-1000-WCF-12-LIC License,141
DWM-313 4G LTE Industrial V,586
DXS-3400-24SC-SE-LIC DXS-34,328
DEM-432XT 10GBASE-LR (Duple,410
DSR-1000AC 4-port Gigabit L,542
DIS-200G-12PSW 8-port UTP 8,1296
DEM-433XT 10GBASE-ER SFP+ T,1872
DSR-1000AC-WCF-12-LIC Licen,141
DIS-200G-12SW 10 x 10/100/1,1060
DGS-3630-28TC 20-port UTP 1,2184
DXS-PWR300AC 300W hot-swapp,637
DEM-434XT 10GBASE-ZR SFP+ T,3474
DGS-3630-28TC-SE-LIC DGS-36,146
DXS-FAN100 Hot-swappable fa,73
DEM-435XT 10GBASE-LRM Multi,356
DIS-PWR40AC/M 40W power ada,69
DGS-3630-28TC-EM-LIC DGS-36,582
DEM-436XT-BXD 10GBASE-LR Bi,624
D-Link DMC-1000/E 19” Rackmount M,575
DIS-PWR180AC/M,240
DGS-3630-28TC-SM-LIC DGS-36,728
DXS-3600-16S/EEI 8 fixed SF,7662
DEM-436XT-BXU 10GBASE-LR Bi,660
D-Link DMC-1001 Redundant Power Su,288
DIS-200G-RPK180 Rack-mount,235
DXS-3600-16S/ESI,6772
D-Link DMC-1002 SNMP Management Mo,261
DIS-RK200G Standard 19” rac,24
DGS-3630-28PC 20 PoE,2826
DXS-3600-32S-SE-LIC DXS-360,1426
DGS-3630-28PC-SE-LIC DGS-36,248
DXS-3600-EM-4QXS 4 x 40Gbps,3208
DEM-311GT 1-port 1000Base-S,73
DMC-300SC/E 10/100Base-TX (,106
DIS-300G-8PSW 4 x 10/100/10,2418
DGS-3630-28PC-EM-LIC DGS-36,841
DXS-3600-EM-4XT 4-Port 10GB,1727
DEM-312GT2 1-port 1000Base-,277
DMC-515SC/E 10/100Base-TX (,134
DGS-3630-28PC-SM-LIC DGS-36,1091
DXS-3600-EM-8T 8-Port UTP 1,480
DEM-314GT 1-port 1000Base-L,333
DMC-530SC/E 10/100Base-TX (,154
DIS-100G-5PSW (No Po,542
DXS-3600-EM-8XS 8-Port 10G,1623
DEM-315GT 1-port 1000Base-T,370
DMC-920/E 10/100Base-TX to,326
DIS-100G-5SW 4-port,384
DGS-3630-28SC 20-ports Giga,2456
DXS-3600-EM-Stack 2-Port 12,437
DEM-330R 1000Base-BX-U (Sim,80
DMC-920R 10/100Base-TX to 1,132
DIS-100G-5W 5-port,353
DGS-3630-28SC-SE-LIC DGS-36,165
DEM-CB100QXS-4XS 1M 40G QSF,196
DEM-330T 1000Base-BX-D (Sim,94
DMC-920T 10/100Base-TX to 1,144
DIS-100G-8SW 6-port,542
DGS-3630-28SC-EM-LIC DGS-36,692
DEM-CB300QXS 3M 40G QSFP+ t,125
DEM-331R 1000Base-BX-U (Sim,333
DMC-1530SC/E 10/100Base-TX,163
DIS-100G-8W 8-port,511
DGS-3630-28SC-SM-LIC DGS-36,856
DEM-QX01Q-SR4 40GBASE-SR4 M,1047
DEM-331T 1000Base-BX-D (Sim,370
DMC-1580SC/E 10/100Base-TX,804
DEM-QX10Q-LR4 40GBASE-LR4 S,5583
DGS-712 10/100/1000Base-T (,110
DGS-3630-52TC 44-port UTP 1,3459
DEM-CB50CXP 120G CXP to CXP,200
DMC-700SC/E 1000Base-TX (UT,235
DIS-300G-14PSW 8 x 10/100/1,2747
DGS-3630-52TC-SE-LIC DGS-36,255
DXS-3600-FAN-BF A fan tray,500
DEM-210 100BASE-FX (Duplex,92
DMC-805G/E 1000Base-TX (UT,122
DIS-300G-12SW 8 x 10/100/10,1884
DGS-3630-52TC-EM-LIC DGS-36,1001
DEM-CB100S 10-GbE SFP+ 1m D,84
DEM-211 100BASE-FX (Duplex,84
DMC-810SC/E 1000Base-TX (UT,437
DIS-700G-28XS 24 x 100/1000,7772
DGS-3630-52TC-SM-LIC DGS-36,1256
DEM-CB300S 10-GbE SFP+ 3m D,157
DEM-220R 100BASE-BX-U (Simp,99
DMC-1910/E 1000Base-TX (UTP,976
DEM-CB700S 10-GbE SFP+ 7m D,230
DEM-220T 100Base-BX-D (Simp,106
DMC-1910R/E 1000Base-TX to,437
"D-Link DIS-S301SX 1000BASE-SX, Mul",132
DMC-1910T/E 1000Base-TX to,662
"D-Link DIS-S302SX 1000BASE-SX, Mul",132
DGS-3630-52PC 44-port UTP 1,6032
"DXS-3610-54S 48 x 10G SFP+, ..",14838
D-Link DPS-200A Redundant Power Su,224
D-Link DMC-F02SC/E 100Base-TX to 1,87
"D-Link DIS-S310LX 1000BASE-LX, Sin",161
DGS-3630-52PC-SE-LIC DGS-36,447
DPS-500A Redundant Power Su,280
"D-Link DIS-S330EX 1000BASE-EX, Sin",345
DGS-3630-52PC-EM-LIC DGS-36,893
DXS-3610-54S-SE-LIC DXS-361 ..,1962
D-Link DIS-S350LHX-L...,381
"D-Link DIS-S380ZX 1000BASE-ZX, Sin",396
D-Link DFL-870M UTM Firewall,2041
DFL-870M-AV-12-LIC 1-year L,550
DIS-F2010PS-E 10-port Gigab,446
ASUS CERBERUS 2500DPI GAMING MOUSE,29
ASUS ROG BALTEUS QI WIRELESS CHARGING MOUSEMAT,209
ASUS ROG SCABBARD GAMING MOUSEMAT,79
ASUS ROG SHEATH GAMING MOUSEMAT,69
ASUS ROG STRIX SLICE MOUSEMAT,39
ASUS TUF GAMING LC 240 RGB,229
ASUS EXTERNAL 16X BLU-RAY ODD WRITER,199
ASUS EXTERNAL 6X BLU-RAY ODD WRITER,149
ASUS EXT 8X DVD WRITER W/7.1 SOUNDCARD,159
ASUS EXT 8X GOLD DVD WRITER W/TYPE-C,65
ASUS EXT 8X BLACK DVD WRITER W/TYPE-C,65
ASUS EXT 8X SILVER DVD WRITER W/TYPE-C,65
ASUS EXT 8X BLACK DVD WRITER M-DISC,59
ASUS EXT 8X SILVER DVD WRITER M-DISC,59
ASUS EXTERNAL 8X BLACK DVD WRITER,49
"EPSON WORKFORCE CARTRIDGE BLACK STANDARD CARTRIDGE WF-5621, WF-5111",90
"EPSON WORKFORCE CARTRIDGE CYAN STANDARD CARTRIDGE WF-5621, WF-5111",99
"EPSON WORKFORCE CARTRIDGE MAGENTA STANDARD CARTRIDGE WF-5621, WF-5111",99
"EPSON WORKFORCE CARTRIDGE YELLOW STANDARD CARTRIDGE WF-5621, WF-5111",99
EPSON WORKFORCE CARTRIDGE MAINTENANCE BOX (WF-5621/WF-5111),36.5
EPSON WORKFORCE CARTRIDGE BLACK STANDARD CARTRIDGE WF-6091,135
EPSON WORKFORCE CARTRIDGE CYAN STANDARD CARTRIDGE WF-6091,105
EPSON WORKFORCE CARTRIDGE MAGENTA STANDARD CARTRIDGE WF-6091,105
EPSON WORKFORCE CARTRIDGE YELLOW STANDARD CARTRIDGE WF-6091,105
EPSON WORKFORCE CARTRIDGE Replacement Pick Up Roller (Standard Cassette) WF-6091,55
EPSON WORKFORCE CARTRIDGE Replacement Pick Up Roller (Optional Cassette) WF-6091,55
EPSON WORKFORCE CARTRIDGE MAINTENANCE BOX (WF-6091),103
EPSON C12C932871 OPTIONAL CASSETTE (WF-C579R),383
EPSON C13T671600 MAINTENANCE BOX (WF-C579R),52
EPSON C12C932611 500-sheet Paper Cassette Unit (PCU),500
EPSON C12C934321 RIPS3 PRINTER STAND,253
EPSON C12C934361 WF-C879R Manual Stapler,440
EPSON C12C934471 EPSONNET 10/100/1000BASE TX INT - C879 only,455
EPSON C12C934491 SUPER G3 MULTI FAXBOARD - C879 only,1296
EPSON C12C934911 WF-C879R STAPLE CARTRIDGE - C879 only,58
EPSON C12C934921 WF-C879R Authentication Device Table - C879 only,41
EPSON C13S210048 Standard Cassette Maintenance Roller,68
EPSON C13S210049 Optional Cassette Maintenance Roller,68
EPSON C13T01D400 WF-579R Y/Large,201
EPSON C13T01D300 WF-579R M/Large,201
EPSON C13T01D200 WF-579R C/Large,201
EPSON C13T01D100 WF-579R BK/Large,591
EPSON C13T01C400 WF-579R Y/Standard,131
EPSON C13T01C300 WF-579R M/Standard,131
EPSON C13T01C200 WF-579R C/Standard,131
EPSON C13T01C100 WF-579R BK/Standard,302
"EPSON C13T05A100 Hopkins3, BK/Standard",131
"EPSON C13T05A200 Hopkins3, C/Standard",268
"EPSON C13T05A300 Hopkins3, M/Standard",268
"EPSON C13T05A400 Hopkins3, Y/Standard",268
"EPSON C13T05B100 Hopkins3, BK/Large",493
"EPSON C13T05B200 Hopkins3, C/Large",554
"EPSON C13T05B300 Hopkins3, M/Large",554
"EPSON C13T05B400 Hopkins3, Y/Large",554
EPSON C13T973100 Black Standard Ink Pack,144
EPSON C13T973200 Cyan Standard Ink Pack,268
EPSON C13T973300 Magenta Standard Ink Pack,268
EPSON C13T973400 Yellow Standard Ink Pack,268
EPSON C13T974100 Black Large Ink Pack,495
EPSON C13T974200 Cyan Large Ink Pack,918
Apple iPhone 12 mini Clear Case with MagSafe - Taupe MT4W3FE/A UPC Taupe,75
Apple iPhone 12 mini Clear Case with MagSafe,75
Apple iPhone 12 | 12 Pro Clear Case with MagSafe,75
EPSON C11CH605024NTB1 1+4 years Coverplus for WF-C878R (with Option),1014
EPSON C11CH605022NTB1 1+2 years Coverplus for WF-C878R (with Option),479
EPSON C11CH355024NTB1 1+4 years Coverplus for WF-C879R (with Option),1165
EPSON C11CH355022NTB1 1+2 years Coverplus for WF-C879R (with Option),556
EPSON IC579R3N101 2+3 year Coverplus for WF-C579R,398
EPSON IC579R1N101 2+1 year Coverplus for WF-C579R,131
Canon 3850C003 LV-X350 Compact Projector LCD Fixed Lens Lamp 3500 lumens XGA - 2 x HDMI - 1 x VGA Input - 1 x VGA Output – 1 x USB Type A - 1 x USB Type B,999
Canon 3851C003 LV-WX370 Compact Projector LCD Fixed Lens Lamp 3700 lumens WXGA,1099
Canon 3852C003 LV-WU360 Compact Projector LCD Fixed Lens Lamp 3600 lumens WUXGA (1920 x 1200),1799
Canon 2136C003 XEED WUX500ST Compact Short-throw Full HD LCOS Projector LCOS Fixed Lens Lamp 5000 lumens WUXGA (1920 x 1200) - 1 x HDMI - 1 x VGA Input - 1 x DVI - 1 x USB,11000
CANON LAMPS Canon 3899C001 LV-LP43 LV-X350 / WX370 / WU360 Lamps,180
CANON LAMPS Canon 1907C001 LV-LP42 LV-X420 / HD420 Lamps,450
CANON LAMPS Canon 1035C001 LX-LP02 MW500 / MU500 Lamps,900
CANON LAMPS Canon 0953C001 LX-LP01 MU700 Lamps,2000
CANON LAMPS Canon 5322B001 LV-LP34 7490 / 8320 Lamps,280
CANON LAMPS Canon 5323B001 LV-LP35 7292 / 7290 / 7392 Lamps,180
CANON LAMPS Canon 5806B001 LV-LP36 8235UST Lamps,350
CANON LAMPS Canon 0030C001 LV-LP37 S300 / X300 Lamps,300
CANON LAMPS Canon 0031C001 LV-LP38 X300ST / X320 / X310ST Lamps,350
CANON LAMPS Canon 0119C001 LV-LP39 WX300 Lamps,300
CANON LAMPS Canon 0120C001 LV-LP40 WX300ST / WX320 / WX310ST Lamps,350
CANON LAMPS Canon 0740C001 LV-LP41 WX300UST / WX300USTi Lamps,400
CANON LAMPS Canon 2406C001 RS-LP12 WUX7500 / WUX6700 / WUX5800 Lamps,700
CANON LAMPS Canon 8377B001 RS-LP08 WX520 / WUX400ST / WUX450 / WUX450ST / WUX500ST / WUX500 Lamps,550
CANON LAMPS Canon 9963B001 RS-LP09 WUX6000/WUX6010 Lamps,550
CANON LAMPS Canon 2141C001 RS-LP11 WUX6500 Lamps,900
CANON SCANNER LiDE 300 ASA 2995C012AA,149
CANON SCANNER LiDE 400 ASA 2996C012AA,189
CANON SCANNER P-215 II 9705B002,459
CANON SCANNER DR-F120 9017B003,689
CANON IMAGEFORMULA 3258C003AD DR-C225 II,1562
CANON IMAGEFORMULA 0651C003AF DR-C240,2095
CANON IMAGEFORMULA 4044C003AC DR-S150,2625
CANON IMAGEFORMULA 2405C003AE DR-M260,3474
CANON IMAGEFORMULA 1255C003AF ScanFront 400,8415
CANON IMAGEFORMULA 4624B003AJ DR-6030C,8800
CANON IMAGEFORMULA 3150C003AC DR-G2110,13788
CANON IMAGEFORMULA 3149C003AC DR-G2140,19310
CANON IMAGEFORMULA 2152C003AB !A4 size Flatbed Unit 102 (FSU 102),1080
Apple AirTag Loop - White MX4F2FE/A White,45
Apple AirTag (1 Pack) MX532ZP/A 1 Pack,45
Apple AirTag Loop - Pink Citrus MLYY3FE/A Pink Citrus,45
Apple AirTag FineWoven Key Ring - Black MT2H3FE/A Black,55
Apple AirTag FineWoven Key Ring - Mulberry MT2J3FE/A Mulberry,55
Apple AirTag FineWoven Key Ring - Pacific Blue MT2K3FE/A Pacific Blue,55
Apple AirTag FineWoven Key Ring - Taupe MT2L3FE/A Taupe,55
Apple AirTag FineWoven Key Ring - Coral MT2M3FE/A Coral,55
Apple AirTag (4 Pack) MX542ZP/A 4 Pack,149
Apple iPhone 12 mini Silicone Case with MagSafe - Deep Navy MHKU3ZA/A Deep Navy,75
Apple iPhone 12 mini Silicone Case with MagSafe - White MHKV3ZA/A White,75
Apple iPhone 12 mini Silicone Case with MagSafe - (PRODUCT)RED MHKW3ZA/A (PRODUCT)RED,75
Apple iPhone 12 mini Silicone Case with MagSafe - Black MHKX3ZA/A Black,75
Apple iPhone 12 | 12 Pro Silicone Case with MagSafe - Deep Navy MHL43ZA/A Deep Navy,75
Apple iPhone 12 | 12 Pro Silicone Case with MagSafe - White MHL53ZA/A White,75
Apple iPhone 12 | 12 Pro Silicone Case with MagSafe - (PRODUCT)RED MHL63ZA/A (PRODUCT)RED,75
Apple iPhone 12 | 12 Pro Silicone Case with MagSafe - Black MHL73ZA/A Black,75
Apple iPhone 12 mini Clear Case with MagSafe,75
Apple iPhone 14 Pro Max Silicone Case with MagSafe - Sky MPRQ3FE/A Sky,75
Apple iPhone 14 Plus Silicone Case with MagSafe - Midnight MPT33FE/A Midnight,75
Apple iPhone 14 Pro Silicone Case with MagSafe - Midnight MPTE3FE/A Midnight,75
Apple iPhone 14 Pro Max Silicone Case with MagSafe - Midnight MPTP3FE/A Midnight,75
Apple iPhone 14 Clear Case with MagSafe MPU13FE/A,75
Apple iPhone 14 Plus Clear Case with MagSafe MPU43FE/A,75
Apple iPhone 14 Pro Clear Case with MagSafe MPU63FE/A,75
Apple iPhone 14 Pro Max Clear Case with MagSafe MPU73FE/A,75
Apple iPhone 14 Silicone Case with MagSafe - Storm Blue MPRV3FE/A Storm Blue,75
Apple iPhone 14 Silicone Case with MagSafe - (PRODUCT)RED MPRW3FE/A (PRODUCT)RED,75
Apple iPhone 14 Silicone Case with MagSafe - Chalk Pink MPRX3FE/A Chalk Pink,75
Apple iPhone 14 Plus Silicone Case with MagSafe - Storm Blue MPT53FE/A Storm Blue,75
Apple iPhone 14 Plus Silicone Case with MagSafe - (PRODUCT)RED MPT63FE/A (PRODUCT)RED,75
Apple iPhone 14 Plus Silicone Case with MagSafe - Chalk Pink MPT73FE/A Chalk Pink,75
Apple iPhone 14 Pro Silicone Case with MagSafe - Storm Blue MPTF3FE/A Storm Blue,75
Apple iPhone 14 Pro Silicone Case with MagSafe - (PRODUCT)RED MPTG3FE/A (PRODUCT)RED,75
Apple iPhone 14 Pro Silicone Case with MagSafe - Chalk Pink MPTH3FE/A Chalk Pink,75
Apple iPhone 14 Pro Max Silicone Case with MagSafe - Storm Blue MPTQ3FE/A Storm Blue,75
Apple iPhone 14 Pro Max Silicone Case with MagSafe - (PRODUCT)RED MPTR3FE/A (PRODUCT)RED,75
Apple iPhone 14 Pro Max Silicone Case with MagSafe - Chalk Pink MPTT3FE/A Chalk Pink,75
Apple iPhone 14 Silicone Case with MagSafe - Canary Yellow MQU73FE/A Canary Yellow,75
Apple iPhone 14 Silicone Case with MagSafe - Olive MQU83FE/A Olive,75
Apple iPhone 14 Silicone Case with MagSafe - Sky MQU93FE/A Sky,75
Apple iPhone 14 Silicone Case with MagSafe - Iris MQUA3FE/A Iris,75
Apple iPhone 14 Plus Silicone Case with MagSafe - Canary Yellow MQUC3FE/A Canary Yellow,75
Apple iPhone 14 Plus Silicone Case with MagSafe - Olive MQUD3FE/A Olive,75
Apple iPhone 14 Plus Silicone Case with MagSafe - Sky MQUE3FE/A Sky,75
Apple iPhone 14 Plus Silicone Case with MagSafe - Iris MQUF3FE/A Iris,75
Apple iPhone 14 Pro Silicone Case with MagSafe - Canary Yellow MQUG3FE/A Canary Yellow,75
Apple iPhone 14 Pro Silicone Case with MagSafe - Olive MQUH3FE/A Olive,75
Apple iPhone 14 Pro Silicone Case with MagSafe - Sky MQUJ3FE/A Sky,75
Apple iPhone 14 Pro Silicone Case with MagSafe - Iris MQUK3FE/A Iris,75
Apple iPhone 14 Pro Max Silicone Case with MagSafe - Canary Yellow MQUL3FE/A Canary Yellow,75
Apple iPhone 14 Pro Max Silicone Case with MagSafe - Olive MQUN3FE/A Olive,75
Apple iPhone 14 Pro Max Silicone Case with MagSafe - Sky MQUQ3FE/A Sky,75
Apple iPhone 14 Pro Max Silicone Case with MagSafe - Iris MQUR3FE/A Iris,75
Apple iPhone 12 Pro Max Silicone Case,75
Apple iPhone 14 Pro Max Silicone Case with MagSafe - Mulberry MT4X3FE/A Mulberry,89
Apple iPhone 14 Pro Max Silicone Case with MagSafe - Pacific Blue MT4Y3FE/A Pacific Blue,89
Apple iPhone 15 Pro Max FineWoven Case with MagSafe - Evergreen MT503FE/A Evergreen,89
Apple iPhone XR Clear Case MRW62FE/A,59.55
Apple Smart Cover for iPad (9th generation) - White MVQ32FE/A White,75.7
Apple iPhone XS Max Silicone Case - Papaya MVF72FE/A Papaya,59.55
Apple iPhone 11 Pro Silicone Case - Pomegranate MXM62FE/A Pomegranate,59.55
Apple iPhone 11 Pro Silicone Case - Beryl MXM72FE/A Beryl,59.55
Apple iPhone 11 Pro Max Silicone Case - Beryl MXM92FE/A Beryl,59.55
Apple Smart Cover for iPad (9th generation) - Black MX4U2FE/A Black,75.7
Apple Smart Folio for iPad Air (5th generation) - White MH0A3FE/A White,120.1
Apple Smart Folio for iPad Air (5th generation) - Black MH0D3FE/A Black,120.1
Apple Smart Folio for iPad Pro 11-inch (4th generation) - Black MJM93FE/A Black,120.1
Apple Smart Folio for iPad Pro 11-inch (4th generation) - White MJMA3FE/A White,120.1
Apple Smart Folio for iPad Pro 12.9-inch (6th generation) - Black MJMG3FE/A Black,150.35
Apple Smart Folio for iPad Pro 12.9-inch (6th generation) - White MJMH3FE/A White,150.35
Apple Smart Folio for iPad mini (6th generation) - Black MM6G3FE/A Black,89.8
Apple Smart Folio for iPad mini (6th generation) - White MM6H3FE/A White,89.8
Apple Smart Folio for iPad mini (6th generation) - Electric Orange MM6J3FE/A Electric Orange,89.8
Apple Smart Folio for iPad mini (6th generation) - Dark Cherry MM6K3FE/A Dark Cherry,89.8
Apple Smart Folio for iPad mini (6th generation) - English Lavender MM6L3FE/A English Lavender,89.8
Apple Smart Cover for iPad (9th generation) - English Lavender MM6M3FE/A English Lavender,75.7
Apple iPhone SE Silicone Case - Midnight MN6E3FE/A Midnight,49.45
Apple iPhone SE Silicone Case - Abyss Blue MN6F3FE/A Abyss Blue,49.45
Apple iPhone SE Silicone Case - Chalk Pink MN6G3FE/A Chalk Pink,49.45
Apple iPhone SE Silicone Case - (PRODUCT)RED MN6H3FE/A (PRODUCT)RED,49.45
Apple Smart Folio for iPad Air (5th generation) - Dark Cherry MNA43FE/A Dark Cherry,120.1
Apple Smart Folio for iPad Air (5th generation) - English Lavender MNA63FE/A English Lavender,120.1
Apple Smart Folio for iPad Air (5th generation) - Marine Blue MNA73FE/A Marine Blue,120.1
Apple Smart Folio for iPad (10th generation) - White MQDQ3FE/A White,120.1
Apple Smart Folio for iPad (10th generation) - Lemonade MQDR3FE/A Lemonade,120.1
Apple Smart Folio for iPad (10th generation) - Watermelon MQDT3FE/A Watermelon,120.1
Apple Smart Folio for iPad (10th generation) - Sky MQDU3FE/A Sky,120.1
Apple Smart Folio for iPad Pro 11-inch (4th generation) - Marine Blue MQDV3FE/A Marine Blue,120.1
Apple Smart Folio for iPad Pro 12.9-inch (6th generation) - Marine Blue MQDW3FE/A Marine Blue,150.35
Apple Apple Pencil Tips - 4 pack MLUN2FE/A,29.25
Apple Apple Pencil (2nd Generation) MU8F2ZA/A,200.85
Apple Apple Pencil (1st Generation) MQLY3ZA/A,150.35
Apple USB-C to Apple Pencil Adapter MQLU3ZA/A,15.1
Apple Apple Pencil (USB-C) MUWA3ZA/A,119
Apple Radeon Pro Vega II MPX Module MW672ZA/A,3300
Apple Radeon Pro Vega II Duo MPX Module MW732ZA/A,6600
Apple VESA Mount Adapter MWUF2ZA/A,281.6
Apple Pro Stand MWUG2ZA/A,1412.05
Apple Pro Display XDR - Standard glass MWPE2ZP/A,7367.2
Apple Pro Display XDR - Nano-texture glass MWPF2ZP/A,8780.25
Apple Apple Studio Display - Standard Glass - Tilt- and Height-Adjustable Stand MK0Q3ZP/A,2926.05
Apple Apple Studio Display - Standard Glass - Tilt-Adjustable Stand MK0U3ZP/A,2320.45
Apple Apple Studio Display - Standard Glass - VESA Mount Adapter (Stand not included) MMYQ3ZP/A,2320.45
Apple Apple Studio Display - Nano-Texture Glass - Tilt- and Height-Adjustable Stand MMYV3ZP/A,3329.8
Apple Apple Studio Display - Nano-Texture Glass - Tilt-Adjustable Stand MMYW3ZP/A,2724.2
Apple Apple Studio Display - Nano-Texture Glass - VESA Mount Adapter (Stand not included) MMYX3ZP/A,2724.2
Apple EarPods with Lightning Connector MMTN2FE/A,29
Apple EarPods (USB-C) MTJY3FE/A,29
Apple AirPods Pro (2nd generation) with MagSafe Case (USB-C) MTJV3ZA/A,362.35
Apple EarPods with 3.5mm Headphone Plug MNHF2FE/A,29.25
Lenovo ThinkCentre M70S G3 12500/8GB/512GB SSD 11T8004DSG W11 Pro DG 64,1415
Lenovo ThinkCentre M90S G3 i7-12700/16GB/512GB SSD 11TT001XSG W11 Pro DG 64,1765
Lenovo ThinkCentre M70S G4 i5-13400/8GB/512GB SSD 12DN000ASG W11 Pro,1399
Lenovo ThinkCentre M70S G4 i7-13700/16GB/512GB SSD 12DN000BSG W11 Pro,1599
Lenovo ThinkCentre M70Q G4 i5-13400T/8GB/512GB SSD 12E30011SG W11 Pro,1249
Lenovo ThinkCentre M70Q G4 i7-13700T/16GB/512GB SSD 12E30012SG W11 Pro,1599
Lenovo ThinkCentre neo 30a 24 23.8” i5-1240P/8GB/512GB SSD (non-touch) 12B000CDSG W11 Pro DG 64,1715
Lenovo ThinkCentre M70a G3 21.5’’ i5-12500/8GB/512GB SSD (Touch) 11VL0008SG W11 Pro DG 64,1869
Lenovo ThinkCentre M90a G3 23.8’’ i7-12700/16GB/512GB SSD (Touch) 11VF009TSG W11 Pro DG 64,2220
Lenovo ThinkStation P3 Ultra i7-13700/16GB/512GB SSD/NV T400 *TD Exclusive* 30HAS01H00 W11 Pro,2230
Lenovo ThinkStation P3 Ultra i7-13700/16GB/512GB SSD/ NV T1000 30HA002GSG W11 Pro,2699
Lenovo Thinkstation P3 TWR i7-13700/16GB/512GB SSD/NV T1000 30GS003LSG W11 Pro,2699
Lenovo ThinkStation P5 TWR W3-2423/16GB/512GB/ T1000*TD Exclusive* 30GAS00Y00 W11 Pro,3400
Lenovo ThinkStation P5 TWR W3-2423/32GB/512GB SSD/ NV RTX A2000 30GA0029SG W11 Pro,4499
Lenovo ThinkPad P14s G4 i7-1360P/32GB/512GB SSD/ NV RTX A500 21HF001GSG W11 Pro,2399
Lenovo ThinkPad P16s G2 i7-1360P/32GB/512GB SSD/NV RTX A500 21HK001GSG W11 Pro,2499
Lenovo ThinkPad P16 G2 i7-13700HX/32GB/512GB SSD/NV RTX 2000 21FA0016SG W11 Pro,3749
Lenovo ThinkPad P1 G6 i7-13700H/32GB/512GB SSD/NV RTX 2000 21FV0007SG W11 Pro,3999
Thinkpad X12 Detachable G1 i5-1130G7/16GB/512GB SSD 20UW004HSG W11 Pro DG 64,2928
Thinkpad X12 Detachable G1 i7-1160G7/16GB/512GB SSD 20UW004JSG W11 Pro DG 64,3127.97
ThinkSmart Core + Controller Kit for MS Team Rooms i5-1145G7E/8GB/256GB SSD 11LR0005SG Windows 10 IoT Enterprise CLB 64,4325
ThinkSmart Core + Controller Kit for Zoom i5-1145G7E/8GB/256GB SSD 11LT0006SG Windows 10 IoT Enterprise SAC 64,4325
ThinkSmart Core Full Room Kit for MS Team Rooms i5-1145G7E/8GB/256GB SSD 11S30008SG Windows 10 IoT Enterprise SAC 64,5675
ThinkSmart Core Full Room Kit for Zoom i5-1145G7E/8GB/256GB SSD 11S50008SG Windows 10 IoT Enterprise CLB 64,5675
ThinkSmart Core for Logitec 11RXS0240R Windows 10 IoT Enterprise SAC 64,1565.5
ThinkSmart View Lenovo CD-18781Y ZA690022SG AOSP 8.1,505
Google Meet One Room Kits Gen2 (Small Kit) *NEW* 20YW0006SB,5188
Google Meet One Room Kits Gen 2 (Medium Kit) *NEW* 20YW0007SB,6590
Google Meet One Room Kits Gen 2 (Large Kit) *NEW* 20YW0008SB,8645.6
LenovoThinkSmart One for Microsoft Teams Rooms Intel Core I5-1145 12BS0001SG,4279
"Garmin Index S2, Smart Scale",269
Garmin 010-02064-14 Instinct Outdoor gps,329
Garmin 010-02120-20 Forerunner 245,339
Garmin GM-010-02384-51 Lily Sport GPS,309
"Garmin Enduro 2 – Watch,",1799
Garmin 010-02156-05 Forerunner 45,229
"Garmin inReach Mini 2, Lightweight",749
Garmin Forerunner 55,299
Garmin Forerunner 735XT,329
Garmin Instinct 2S Poppy,359
Garmin HRM-Pro Plus,209
Garmin vívoactive 4S,429
Garmin 010-02060-34 Edge 530 GPS,489
Garmin 010-12520-10 Running Dynamic Pod,89
Garmin Backpack Tether Accessory,49
"Garmin epix Gen 2, Premium active",1499
Garmin Speed Sensor 2 and Cadence Sensor 2,99
Garmin GM-010-02064-78 Instinct Esports,489
Garmin Descent MK2s,1499
"Garmin Venu Sq, GPS Smartwatch",299
"Garmin 010-11617-10, 10’ Transducer",69
Garmin Forerunner 945 Premium,729
Garmin fenix 7X Sapphire,1699
Garmin GM-010-02158-65 Fenix 6,749
Garmin GM-010-02293-66 Instinct Solar,669
"Garmin Instinct 2 Solar, Tactical",789
Garmin fenix 7X Sapphire Solar,1699
"Garmin Descent G1, Dive Computer,",1029
"Garmin Drive 52, GPS Navigator",189
Garmin GM-010-02293-32 Instinct Solar,689
Garmin 010-12105-20 Trolling Motor,59
Garmin Epix Premium Active,1629
Garmin Delta XC Bundle,269
Garmin Forerunner 255 Music,669
Garmin 176971 Vivoactive 3 Smartwatch,289
Garmin GM-010-02384-F0 Lily Classic,369
Garmin Garmin HRM-Run,169
"Garmin Lily Classic Editi, White w/Light Gold",329
Suunto Core Wrist-Top Computer Watch,319
"Garmin vívoactive 4S, Smaller-Sized",429
Garmin GM-010-02384-52 Lily Sport Edition,319
Surface Keyboard Bluetooth 3YJ-00013,164
Surface Arc Mouse - Bluetooth FHD-00020,119
Surface Arc Mouse - Bluetooth FHD-00005,119
Surface Arc Mouse - Bluetooth FHD-00066,119
Surface Arc Mouse - Bluetooth FHD-00076,119
Surface Mouse Bluetooth - Grey 3YR-00005,82
Surface Precision Mouse FUH-00005,148
Srfce Mobile Mouse SC Bluetooth Comm Black KGZ-00035,54
Srfce Mobile Mouse SC Bluetooth Comm Platinum KGZ-00005,54
Srfce Mobile Mouse SC Bluetooth Comm Ice Blue KGZ-00045,54
Srfce Mobile Mouse SC Bluetooth Comm Poppy Red KGZ-00055,54
Surface Pen - Silver EYV-00013,148
Surface Pen - Charcoal EYV-00005,148
Surface Pen - Poppy Red EYV-00045,148
Surface Pen - Ice Blue EYV-00053,148
Surface Slim Pen 2 - Black 8WX-00005,179
Surface Slim Pen 2 Charger 8X3-00007,39
Surface Docking Station PF3-00011,314
Surface Docking Station 2 1GK-00007,388
Surface Earbuds - Glacier 3BW-00011,300
Surface Headphones 2+ - Black 3BS-00004,458
Modern USB Headset - Black 8JN-00005,78
Modern USB-C Headset - Black I6P-00004,79
Modern Wireless Headset - Black 8JU-00010,149.99
Mini Display to HDMI Adapter EJU-00002,64
Mini Display to VGA Adapter EJQ-00002,64
USB-C to 3.5mm Audio Adapter LKZ-00007,18
USB-C to HDMI Adapter HFP-00005,64
USB-C to VGA Adapter HFT-00005,64
USB-C to Display Port Adapter JWG-00007,64
Surface USB-C Travel Hub 1E4-00005,150
USB 3.0 to Ethernet Adapter Commercial (Lan Port) EJS-00007,64
USB-C to Ethernet and USB 3.0 Adapter JWM-00007,69
USB-C to USB 3.0 Adapter JTZ-00007,34
Surface Power Supply Adapter (65W) Q5N-00005,124
Surface Power Supply Adapter (24W) LAC-00005,64
Surface Dial 2WS-00004,159
Surface Pro 7+ 128GB i5 8GB - Platinum 1N9-00011,1528
Surface Pro 7+ 256GB i5 8GB - Platinum 1NA-00011,1938
Surface Pro 7+ 256GB i5 8GB - Black 1NA-00026,1938
Surface Pro 7+ 256GB i5 16GB - Platinum 1NB-00011,2238
Surface Pro 7+ 256GB i7 16GB - Black 1NC-00026,2338
Surface Pro 7+ 512GB i7 16GB - Black 1ND-00026,2938
Surface Pro 7+ 1TB i7 32GB - Platinum 1NG-00011,4098
Surface Pro 7+ 128GB i5 8GB LTE - Platinum 1S2-00011,1758
Surface Pro 7+ 256GB i5 8GB LTE - Platinum 1S3-00011,2168
Surface Pro 7+ 256GB i5 16GB LTE - Platinum 1S4-00011,2468
Surface Pro Type Cover - Black FMN-00015,199
Surface Pro Signature Type Cover - Poppy Red (Alcantara Fabric) FFQ-00115,249
Surface Pro Signature Type Cover - Ice Blue (Alcantara Fabric) FFQ-00135,249
Surface Pro Signature Type Cover - Light Charcoal (Alcantara Fabric) FFQ-00155,249
Surface Pro Fingerprint Type Cover - Black GKG-00015,249
Surface Pro 8 128GB i5 8GB - Platinum (Windows 10 Pro) 8PP-00028,1788
Surface Pro 8 256GB i5 8GB - Platinum (Windows 10 Pro) 8PR-00044,1938
Surface Pro 8 256GB i5 8GB - Black (Windows 10 Pro) 8PR-00060,1938
Surface Pro 8 256GB i5 16GB - Platinum (Windows 10 Pro) 8PU-00043,2248
Surface Pro 8 256GB i5 16GB - Black (Windows 10 Pro) 8PU-00058,2248
Surface Pro 8 512GB i5 8GB - Black (Windows 10 Pro) EBQ-00056,2248
Surface Pro 8 256GB i7 16GB - Platinum (Windows 10 Pro) 8PW-00042,2548
Surface Pro 8 256GB i7 16GB - Black (Windows 10 Pro) 8PW-00057,2548
Surface Pro 8 512GB i7 16GB - Black (Windows 10 Pro) 8PY-00056,2998
Surface Pro 8 1TB i7 16GB - Platinum (Windows 10 Pro) EED-00026,3598
Surface Pro 8 1TB i7 32GB - Platinum (Windows 10 Pro) EFI-00026,4098
Surface Pro 8 128GB i5 8GB LTE - Platinum (Windows 10 Pro) EHL-00028,2018
Surface Pro 8 256GB i5 8GB LTE - Platinum (Windows 10 Pro) EIG-00028,2168
Surface Pro 8 256GB i5 16GB LTE - Platinum (Windows 10 Pro) EIN-00028,2478
Surface Pro 8 256GB i7 16GB LTE - Platinum (Windows 10 Pro) EIV-00028,2778
Surface Pro 8 128GB i5 8GB - Platinum (Windows 11 Pro) 8PP-00012,1788
Surface Pro 8 256GB i5 8GB - Platinum (Windows 11 Pro) 8PR-00012,1938
Surface Pro 8 256GB i5 8GB - Black (Windows 11 Pro) 8PR-00028,1938
Surface Pro 8 256GB i7 16GB - Black (Windows 11 Pro) 8PW-00027,2548
Surface Pro 8 1TB i7 16GB - Platinum (Windows 11 Pro) EED-00011,3598
Surface Pro 8 1TB i7 32GB - Platinum (Windows 11 Pro) EFI-00011,4098
Surface Pro 8 256GB i5 16GB LTE - Platinum (Windows 11 Pro) EIN-00012,2478
Surface Pro 8 256GB i7 16GB LTE - Platinum (Windows 11 Pro) EIV-00012,2778
Surface Pro Signature Type Cover - Black (Alcantara Fabric) 8XB-00015,239
Surface Pro Signature Type Cover - Poppy Red (Alcantara Fabric) 8XB-00035,239
Surface Pro Signature Type Cover - Ice Blue (Alcantara Fabric) 8XB-00055,239
Surface Pro Signature Type Cover - Platinum (Alcantara Fabric) 8XB-00075,239
Surface Pro Signature Type Cover - Black Fingerprint (Alcantara Fabric) 8XG-00015,289
Surface Pro X Type Cover - Black QJX-00015,219
Surface Slim Pen - Black LLM-00005,219
Surface Pro X Signature Type Cover with Slim Pen - Black (Alcantara Fabric) Refresh 26B-00015,429
Surface Go 3 64GB Pentium Gold 6500Y 4GB - Platinum (Windows 10 Pro) 8V8-00024,678
Surface Go 3 64GB i3 4GB - Platinum (Windows 10 Pro) 8V9-00022,758
Surface Go 3 128GB i3 8GB - Platinum (Windows 10 Pro) 8VD-00038,998
Surface Go 3 128GB i3 8GB - Black (Windows 10 Pro) 8VD-00054,998
Surface Go 3 64GB i3 4GB LTE - Platinum (Windows 10 Pro) I4G-00023,908
Surface Go 3 128GB i3 8GB LTE - Black (Windows 10 Pro) 8VI-00051,1158
Surface Go 3 256GB i3 8GB LTE - Black (Windows 10 Pro) 8VJ-00049,1298
Surface Go 3 64GB Pentium Gold 6500Y 4GB - Platinum (Windows 11 Pro) 8V8-00009,678
Surface Go 3 64GB i3 4GB - Platinum (Windows 11 Pro) 8V9-00009,758
Surface Go 3 128GB i3 8GB - Platinum (Windows 11 Pro) 8VD-00008,998
Surface Go 3 128GB i3 8GB - Black (Windows 11 Pro) 8VD-00024,998
Surface Go Type Cover - Black KCN-00037,138
Surface Go Signature Type Cover - Light Charcoal (Alcantara Fabric) KCT-00115,188
Surface Go Signature Type Cover - Ice Blue (Alcantara Fabric) KCT-00095,188
Surface Go Signature Type Cover - Poppy Red (Alcantara Fabric) KCT-00075,188
Surface Laptop Go 128GB i5 8GB - Platinum TNU-00018,1228
Surface Laptop Go 256GB i5 8GB - Platinum TNV-00018,1528
Surface Laptop Go 256GB i5 16GB - Platinum 21O-00018,1838
Surface Laptop 4 256GB AMD Ryzen 5 8GB - 13.5” Platinum 5Q1-00018,1638
Surface Laptop 4 256GB i5 8GB - 13.5” Platinum 5BL-00018,1788
Surface Laptop 4 256GB i5 8GB - 13.5” Black 5BL-00043,1788
Surface Laptop 4 512GB i5 8GB - 13.5” Black 5BV-00018,2038
Surface Laptop 4 512GB i5 8GB - 13.5” Platinum 5BV-00052,2038
Surface Laptop 4 256GB i5 16GB - 13.5” Black 58Z-00018,2188
Surface Laptop 4 512GB i5 16GB - 13.5” Black 5B2-00018,2388
Surface Laptop 4 256GB i7 16GB - 13.5” Black 5D1-00018,2388
Surface Laptop 4 512GB AMD Ryzen 7 16GB - 13.5” Black 7IC-00018,2488
Surface Laptop 4 512GB i7 16GB - 13.5” Black 5F1-00018,2638
Surface Laptop 4 256GB AMD Ryzen 7 8GB - 15” Platinum 5V8-00018,2088
Surface Laptop 4 256GB i7 8GB - 15” Platinum 5JI-00018,2258
Surface Laptop 4 512GB i7 8GB - 15” Black 5L1-00018,2558
Surface Laptop 4 256GB i7 16GB - 15” Black 5IF-00018,2558
Surface Laptop 4 256GB i7 16GB - 15” Platinum 5IF-00041,2558
Surface Laptop 4 512GB AMD Ryzen 7 16GB - 15” Black 1MW-00041,2638
Surface Laptop 4 512GB i7 16GB - 15” Black 5IP-00018,2738
Surface Laptop 4 512GB i7 16GB - 15” Platinum 5IP-00041,2738
Surface Pro Signature Type Cover with Surface Slim Pen 2 - Black (Alcantara Fabric) 90MP01I0-B0UA00,269
Surface Pro Signature Type Cover with Surface Slim Pen 2 - Black (Alcantara Fabric) B0UA01,149
Surface Pro Signature Type Cover with Surface Slim Pen 2 - Poppy Red (Alcantara Fabric) 90MP01I2-B0UA00,269
Surface Pro Signature Type Cover with Surface Slim Pen 2 - Poppy Red (Alcantara Fabric) 192876233771,69
Slim Pen 2 - Poppy Red (Alcantara Fabric) 8X8-00035,399
Slim Pen 2 - Ice Blue (Alcantara Fabric) 8X8-00055,399
Surface Pro Signature Type Cover with Surface Slim Pen 2 - Ice Blue (Alcantara Fabric) 90MP01I6-B0UA00,269
Surface Pro Signature Type Cover with Surface Slim Pen 2 - Ice Blue (Alcantara Fabric) BXUA00,229
Slim Pen 2 - Platinum (Alcantara Fabric) 8X8-00075,399
Surface Pro Signature Type Cover with Surface Slim Pen 2 - Platinum (Alcantara Fabric) 90MP01I8-B0UA00,269
Surface Pro X 128GB SQ1 ARM Processor 8GB LTE - Black JQG-00010,1638
Surface Pro X 256GB SQ1 ARM Processor 8GB LTE - Black KHL-00010,1998
Surface Pro X 256GB SQ2 ARM Processor 16GB LTE - Platinum 1WX-00009,2298
Surface Pro X 512GB SQ2 ARM Processor 16GB LTE - Black 1X7-00022,2598
Surface ProX 256GB SQ2 ARM Processor 16GB WIFI - Platinum E8I-00012,2098
Surface ProX 512GB SQ2 ARM Processor 16GB WIFI - Platinum E8S-00012,2398
LOGITECH G413 SE MECH KEYBOARD (TACTILE),105
LOGITECH G413 SE MECH KEYBOARD (TACTILE),125
LOGITECH G512 CARBON RGB KB GX-BLUE CLICKY,189
LOGITECH G512 CARBON RGB KB GX-BROWN TACTILE,189
LOGITECH G512 CARBON RGB KB GX-RED LINEAR,189
LOGITECH G513 CARBON RGB KB GX-BROWN TACTILE,199
LOGITECH G713 MECH RGB KB (GX-BROWN TACTILE),269
LOGITECH G713 MECH RGB KB (GX-RED LINEAR),269
LOGITECH G815 MECH RGB KEYBOARD (GL-TACTILE),299
LOGITECH G815 MECH RGB KEYBOARD (GL-LINEAR),299
LOGITECH G815 MECH RGB KEYBOARD (GL-CLICKY),299
Razer Deathhadder V2 Wired Mouse,79
Razer Cynosa V2 Chroma RGB keyboard,79
Coolermaster MM731 Wireless RGB Mouse,95
EVGA Z15 keyboard,30
EVGA Z12 keyboard,17
EVGA X17 Mouse Grey,20
EVGA X12 Mouse White,20
Coolermaster Devastator 3 Plus Set,78
Coolermaster CK530 RGB Mechanical Red,69
Coolermaster CK550 RGB Mechanical Red,79
Coolermaster SK622 RGB Mechanical Red,128
Coolermaster MK730 RGB Mechanical Red,139
Cooler Master Masterkeys Mk750 Rgb,139
LOGITECH G613 WIRELESS BLUETOOTH MECH KEYBOARD,159
LOGITECH G715 WIRELESS RGB KB GX-BROWN TACTILE,299
LOGITECH G715 WIRELESS RGB KB GX-RED LINEAR,299
LOGITECH G915 TKL W.LESS MECH RGB KB (GL-TACTILE),49
LOGITECH G915 TKL W.LESS MECH RGB KB (GL-LINEAR),349
LOGITECH G915 TKL W.LESS MECH RGB KB (GL-CLICKY),349
LOGITECH G915 TKL WHITE W.LESS MECH (GL-TACTILE),349
LOGITECH G915 WIRELESS MECH RGB KB (GL-TACTILE),399
LOGITECH G915 WIRELESS MECH RGB KB (GL-LINEAR),399
LOGITECH G915 WIRELESS MECH RGB KB (GL-CLICKY),399
LOGITECH G PRO X MECH RGB KB (GX-BLUE CLICKY),195
LOGITECH G PRO X MECH RGB KB (GX-BLUE CLICKY),234
LOGI PRO X TKL LIGHTSPEED KB BLACK (GX-BROWN),319
LOGI PRO X TKL LIGHTSPEED KB WHITE (GX-BROWN),319
LOGI PRO X TKL LIGHTSPEED KB MAGENTA (GX-BROWN),319
LOGITECH G304 LIGHTSPEED WL GAMING MOUSE BLACK,84
LOGITECH G304 LIGHTSPEED WL GAMING MOUSE WHITE,84
LOGITECH G703 HERO LIGHTSPEED W/L RGB MOUSE,159
LOGITECH G705 LIGHTSPEED W/L MOUSE OFF-WHITE,162
LOGITECH G303 SHROUD EDITION LIGHTSPEED MSE,219
LOGITECH G502 HERO LIGHTSPEED W/L RGB MOUSE,249
LOGITECH G502 X PLUS LIGHTSPEED RGB MSE BLACK,255
LOGITECH G502 X PLUS LIGHTSPEED RGB MSE WHITE,255
LOGITECH G903 HERO LIGHTSPEED W/L RGB MOUSE,249
LOGITECH G240 CLOTH GAMING MOUSEPAD,21
LOGITECH G PRO HERO LIGHTSPEED W/L RGB MOUSE,199
LOGITECH G440 HARD GAMING MOUSEPAD,35
Kaloc KLC-DS100 Gas Spring Monitor,99
Kaloc KLC-DS90-2 Gas Spring Monitor,169
Kaloc KLC-DW220J Gas Spring Monitor,129
Kaloc KLC-DW220T Gas Spring Monitor,135
LOGITECH G PRO X SUPERLIGHT GAMING MOUSE BLACK,239
LOGITECH G PRO X SUPERLIGHT GAMING MOUSE WHITE,239
LOGITECH G PRO X SUPERLIGHT GAMING MSE MAGENTA,239
LOGITECH G PRO X SUPERLIGHT GAMING MSE RED,239
LOGITECH G PRO X SUPERLIGHT 2 GAMING MSE BLACK,249
LOGITECH G PRO X SUPERLIGHT 2 GAMING MSE WHITE,249
LOGITECH G PRO X SUPERLIGHT 2 GAMING MSE MAGENTA,249
LOGITECH G560 LIGHTSYNC RGB PC GAMING SPEAKERS,329
Razer Naga V2 Pro - Wireless MMO Gaming Mouse,289
Razer Viper V3 HyperSpeed - Wireless Esports Gaming Mouse - FRML Packaging,109.9
Razer Naga V2 HyperSpeed - Wireless MMO Gaming Mouse - AP Packaging,159
Razer Goliathus Chroma Soft Gaming Mouse Mat Chroma,59.9
Razer Goliathus Chroma Extended - Soft Gaming Mouse Mat with Chroma - FRML Packaging,89.9
Razer Goliathus Extended Chroma - Soft Gaming Mouse Mat with Chroma - Mercury - FMRL Packaging,89.9
Razer Goliathus Extended Chroma - Soft Gaming Mouse Mat with Chroma - Quartz - FMRL Packaging,89.9
Razer Goliathus Chroma 3XL - Soft Gaming Mouse Mat with Chroma - FRML Packaging,159
RAZER GOLIATHUS MOBILE - SMALL,13.9
Razer Goliathus Mobile Stealth Edition - Small,13.9
Razer Gigantus V2 - Soft Gaming Mouse Mat Medium - FRML Packaging,15.9
Razer Gigantus V2 - Soft Gaming Mouse Mat Large - FRML Packaging,24.9
Razer Gigantus V2 - Soft Gaming Mouse Mat XXL - FRML Packaging,49.9
Razer Gigantus V2 - Soft Gaming Mouse Mat 3XL - FRML Packaging,79.9
Razer Strider Chroma - Gaming Mouse Mat - FRML Packaging,209
Razer Strider - Hybrid Gaming Mouse Mat - Large - FRML Packaging,49.9
Razer Strider - Hybrid Gaming Mouse Mat - Large - Quartz Edition - FRML Packaging,49.9
Razer Strider - Hybrid Gaming Mouse Mat - XXL - FRML Packaging,80.9
Razer Firefly V2,79.9
Razer Atlas,159.9
Razer Atlas White Edition,159.9
Razer Sphex V3 – Ultra-Thin Gaming Mouse Mat - Small - FRML Packaging,15.9
Razer Sphex V3 - Ultra-Thin Gaming Mouse Mat - Large - FRML Packaging,39.9
Razer Huntsman V3 Pro - Analog Optical Esports Keyboard - US Layout - FRML,399.9
Razer Huntsman V3 Pro Tenkeyless - Tenkeyless Analog Optical Esports Keyboard - US Layout - FRML,349
Razer Huntsman V3 Pro Mini - 60% Analog Optical Esports Keyboard - US Layout - FRML,279.9
Razer Huntsman V2 - Optical Gaming Keyboard (Clicky Purple Switch) - US Layout - FRML Packaging,299.9
Razer Huntsman V2 - Optical Gaming Keyboard (Linear Red Switch),309.9
Razer Huntsman V2 Tenkeyless - Optical Gaming Keyboard (Clicky Purple Switch) - US Layout,239.9
Razer Huntsman V2 Tenkeyless - Optical Gaming Keyboard (Linear Red Switch),254.9
Razer Huntsman V2 Tenkeyless - Optical Gaming Keyboard (Linear Red Switch) - Quartz Edition - US Layout - FRML,269.9
Razer Huntsman Mini - 60% Optical Gaming Keyboard (Clicky Purple Switch) - FRML Packaging,189.9
Razer Huntsman Mini - 60% Optical Gaming Keyboard (Linear Red Switch) - FRML Packaging,209.9
Razer Huntsman Mini Analog - 60% Analog Optical Gaming Keyboard (Analog Switch) - US Layout - FRML Packaging,229.9
Razer BlackWidow V4 Pro - Mechanical Gaming Keyboard (Green Switch) - US Layout - FRML,359
Razer BlackWidow V4 Pro - Mechanical Gaming Keyboard (Yellow Switch) - US Layout - FRML,359
Razer BlackWidow V4 - Mechanical Gaming Keyboard (Green Switch) - US Layout - FRML,269.9
Razer BlackWidow V4 - Mechanical Gaming Keyboard (Yellow Switch) - US Layout - FRML,269.9
Razer BlackWidow V4 X - Mechanical Gaming Keyboard (Green Switch) - US Layout - FRML,209.9
Razer BlackWidow V4 X - Mechanical Gaming Keyboard (Yellow Switch) - US Layout - FRML,209.9
Razer BlackWidow V4 75% - Hot-swappable Mechanical Gaming Keyboard - US Layout - FRML,290.9
Razer BlackWidow V3 - Mechanical Gaming Keyboard (Green Switch) - US Layout – FRML Packaging,219.9
Razer BlackWidow V3 - Mechanical Gaming Keyboard (Yellow Switch) - US Layout – FRML Packaging,219.9
Razer BlackWidow V3 - Mechanical Gaming Keyboard (Green Switch) - Quartz Edition - US Layout FRML Packaging,219.9
Razer BlackWidow V3 Tenkeyless - Mechanical Gaming Keyboard - US Layout – FRML packaging,159.9
Razer BlackWidow V3 Tenkeyless - Mechanical Gaming Keyboard (Yellow Switch) - US Layout - FRML packaging,159.9
Razer BlackWidow V3 Mini HyperSpeed - Phantom Pudding Edition - 65% Wireless Mechanical Gaming Keyboard (Yellow Switch) - FRML Packaging,309.9
Razer DeathStalker V2 Pro - Wireless Low Profile Optical Gaming Keyboard (Linear Red Switch) - US Layout – FRML,319
Razer DeathStalker V2 Pro - Wireless Low Profile Optical Gaming Keyboard (Clicky Purple Switch) - White Edition - US Layout - World Packaging,329
Razer DeathStalker V2 Pro Tenkeyless - Wireless Low Profile Optical Gaming Keyboard (Linear Red Switch) - US Layout – FRML,299
Razer DeathStalker V2 Pro Tenkeyless - Wireless Low Profile Optical Gaming Keyboard (Linear Red Switch) - White Edition - US Layout - World Packaging,309
Razer DeathStalker V2 - Low Profile Optical Gaming Keyboard (Linear Red Switch) - US Layout – FRML,249
Razer Ornata V3 - Low Profile Gaming Keyboard - US Layout – FRML,109.9
Razer Ornata V3 X - Low Profile Gaming Keyboard - US Layout – FRML,64.9
Razer Ornata V3 Tenkeyless - Low Profile Gaming Keyboard - US Layout – FRML,109.9
Razer BlackWidow V3 Pro - Wireless Mechanical Gaming Keyboard (Green Switch) - US Layout - FRML Packaging,359
Razer BlackWidow V3 Pro - Wireless Mechanical Gaming Keyboard (Yellow Switch) - US Layout - FRML Packaging,359
Razer BlackShark V2 Pro (2023) - Wireless Gaming Headset - FRML Packaging,324.9
Razer BlackShark V2 Pro (2023) - Wireless Gaming Headset - White Edition - FRML Packaging,324.9
Razer BlackShark V2 Pro - Wireless Gaming Headset - White Edition - FRML Packaging,269.9
Razer BlackShark V2 Pro - Wireless Gaming Headset - FRML Packaging,269.9
Razer BlackShark V2 HyperSpeed - Wireless Ultra-Lightweight Esports Headset - FRML Packaging,205.9
Razer BlackShark V2 - Wired Gaming Headset + USB Sound Card - FRML Packaging,159.9
Razer BlackShark V2 - Wired Gaming Headset + USB Sound Card - CourageJD Edition - FRML Packaging,169.9
Razer BlackShark V2 - Wired Gaming Headset + USB Sound Card - SE - World Packaging,169.9
Razer BlackShark V2 X USB - Wired Gaming Headset - FRML Packaging,105
Razer BlackShark V2 X - Wired Gaming Headset - FRML Packaging,94.9
Razer BlackShark V2 X - Wired Gaming Headset - White - FRML Packaging,94.9
Razer BlackShark V2 X - Wired Gaming Headset - Quartz Edition - FRML Packaging,94.9
Razer Kraken V3 Pro - Wireless Gaming Headset with Razer HyperSense - FRML Packaging,329.9
Razer Kraken V3 HyperSense - Wired USB Gaming Headset with Haptic Technology - FRML Packaging,209.9
Razer Kraken V3 - Wired USB Gaming Headset - FRML Packaging,159.9
Razer Kraken V3 X - Wired USB Gaming Headset - FRML Packaging,109.9
Razer Kraken Kitty V2 Pro - Wired RGB Headset with Interchangeable Ears - Black - FRML Packaging,329.99
Razer Kraken Kitty V2 Pro - Wired RGB Headset with Interchangeable Ears - Quartz Edition - FRML Packaging,329.99
Razer Kraken Kitty V2 - USB Headset with RGB Kitty Ears - Black - FRML Packaging,155.9
Razer Kraken Kitty V2 - USB Headset with RGB Kitty Ears - Quartz Edition - FRML Packaging,155.9
Razer BlackWidow V4 75% - Hot-swappable Mechanical Gaming Keyboard - White Headset with Kitty Ears - FRML Packaging,155.9
Razer Stream Controller X - All-in-one Keypad for Streaming - FRML Packaging,239.9
Razer Barracuda Pro - Wireless Gaming Headset with Hybrid ANC - FRML Packaging,409.9
Razer Barracuda - Wireless Multi-platform Gaming and Mobile Headset - FRML Packaging,264.9
Razer Barracuda - Wireless Multi-platform Gaming and Mobile Headset - Mercury White - FRML Packaging,279.9
Razer Barracuda X (2022) - Wireless Multi-Platform Gaming and Mobile Headset - FRML Packaging,159.9
Razer Barracuda X (2022) - Wireless Multi-Platform Gaming and Mobile Headset - Quartz Pink - FRML Packaging,159.9
Razer Opus X - Mercury - Active Noise Cancellation Headset - FRML Packaging,154.9
Razer Opus X - Quartz - Active Noise Cancellation Headset - FRML Packaging,154.9
Razer Opus X - Green - Active Noise Cancellation Headset - FRML Packaging,154.9
Razer Hammerhead True Wireless Pro - Earbuds - AP Packaging,299.9
Razer Hammerhead Pro HyperSpeed - Earbuds - AP Packaging,299.9
Razer Hammerhead HyperSpeed (Xbox Licensed) - Wireless Multi-Platform Gaming Earbuds - AP Packaging,249.9
Razer Moray - Ergonomic In-ear Monitor for All-day Streaming - FRML Packaging,2005
Razer Nommo V2 Pro - Full-Range 2.1 PC Gaming Speakers with Wireless Subwoofer - EU/IDN + UK/MY/SG/UAE Packaging,669.9
Razer Nommo V2 - Full-Range 2.1 PC Gaming Speakers with Wired Subwoofer - EU/IDN + UK/MY/SG/UAE Packaging,419.9
Razer Nommo V2 X - Full-Range 2.0 PC Gaming Speakers - EU/IDN/RUS//UKR/ISR/EGY/ZAF + UK/MY/SG/UAE/SAU Packaging,249.9
Razer Nommo Chroma 2.0 Gaming Speakers,229.9
Razer Nommo 2.0 Gaming Speakers,159.9
Razer Leviathan V2 - PC Gaming Sound Bar with Subwoofer,379
Razer Leviathan V2 X - PC Gaming Soundbar - FRML Packaging,165
Razer Wolverine V2 Pro - Wireless PlayStation 5 & PC Gaming Controller - White - AP Packaging,399
RAZER KAIRA PRO HYPERSPEED-PS5 WLESS GMING HDSET,329.9
RAZER KAIRA HYPERSPEED-PS5 WLESS GAMING HEADSET,214.9
RAZER KAIRA X FOR PLAYSTATION-FOR PS5,89.9
RAZER HAMMERHEAD HYPERSPEED-PS5,249.9
Razer Kishi V2 - Gaming Controller for Android - FRML Packaging,149.9
Razer Kishi V2 - Gaming Controller for iPhone - FRML Packaging,149.9
Razer Seiren V2 Pro - Professional Grade USB Microphone - FRML Packaging,239.9
Razer Seiren V2 X - USB Microphone for Streamers - FRML Packaging,159.9
Razer Seiren Mini - Ultra-Compact Condenser Microphone - FRML Packaging,79.9
Razer Seiren Mini - Ultra-Compact Condenser Microphone - Quartz - FRML Packaging,79.9
Razer Seiren Mini - Ultra-Compact Condenser Microphone - Mercury - FRML Packaging,79.9
RAZER SEIREN BT-BLUETOOTH MIC FOR MOBILE STREAMING,159.9
Razer Kiyo Pro - USB Camera with High-Performance Adaptive Light Sensor,299.9
Razer Kiyo,159.9
Razer Kiyo X - USB Broadcasting Camera - FRML Packaging,119
Razer Ripsaw X - USB Capture Card - FRML Packaging,219
RAZER AUDIO MIXER,386.9
Razer Key Light Chroma – All-in-one lighting kit for Streaming - FRML Packaging,439
Razer Stream Controller – All-in-one Keypad for Streaming - FRML Packaging,409.9
Razer Viper V2 Pro - Wireless Gaming Mouse - PUBG: Battlegrounds Edition - World Packaging,265.9
Razer Barracuda X (2022) - Wireless Multi-Platform Gaming and Mobile Headset - PUBG: Battlegrounds Edition - World Packaging,205.9
Razer Huntsman V2 - Optical Gaming Keyboard (Linear Optical Switch) - World Packaging,399.9
Razer Orochi V2 - Wireless Gaming Mouse - Roblox Edition - FRML Packaging,139.9
Razer BlackWidow V3 - Mechanical Gaming Keyboard - Roblox Edition - US Layout FRML Packaging,279.9
Razer Barracuda X (2022) - Wireless Multi-Platform Gaming and Mobile Headset - Roblox Edition - FRML Packaging,209.9
Razer BlackWidow V3 Tenkeyless (Green Switch) - Pokemon Edition,299.9
Razer Gigantus V2 – Soft Gaming Mouse Mat – Medium – Pokemon Edition - AP Packaging,43.9
Razer Gigantus V2 – Soft Gaming Mouse Mat – XXL – Pokemon Edition - AP Packaging,65.9
Razer Kraken V3 X - Wired USB Gaming Headset - Pokemon Edition - AP Packaging,139.9
Razer Leviathan V2 X - PC Gaming Sound Bar - Pokemon Edition - AP Packaging,235.9
Razer Base Station V2 Chroma - Chroma Enabled Headset Stand with USB 3.1 Hub and 7.1 Surround Sound,109.9
Razer Base Station V2 Chroma - Chroma Enabled Headset Stand with USB 3.1 Hub and 7.1 Surround Sound - Quartz - FRML Packaging,129.9
Razer Base Station V2 Chroma - Chroma Enabled Headset Stand with USB 3.1 Hub and 7.1 Surround Sound - Mercury - FRML Packaging,129.9
Razer Nommo Chroma 2.0 Gaming Speakers,229.9
Razer Ergonomic Wrist Rest Pro For Full-sized Keyboards - FRML Packaging,56.9
Razer Ergonomic Wrist Rest For Full-sized Keyboards - FRML Packaging,32.9
Razer Phantom Keycap Upgrade Set - Black - FRML Packaging,59.9
Razer Phantom Keycap Upgrade Set - White - FRML Packaging,59.9
Razer PBT Keycap + Coiled Cable Upgrade Set - Classic Black - FRML Packaging,74.9
Razer PBT Keycap + Coiled Cable Upgrade Set - Mercury White - FRML Packaging,74.9
Razer PBT Keycap + Coiled Cable Upgrade Set - Quartz Pink - FRML Packaging,74.9
Razer PBT Keycap + Coiled Cable Upgrade Set - Razer Green - FRML Packaging,74.9
Razer PBT Keycap Upgrade Set - Classic Black - FRML Packaging,48.9
Razer PBT Keycap Upgrade Set - Mercury White - FRML Packaging,48.9
Razer PBT Keycap Upgrade Set - Quartz Pink - FRML Packaging,48.9
Razer PBT Keycap Upgrade Set - Razer Green - FRML Packaging,48.9
Razer Gaming Finger Sleeve,14.9
Razer Ergonomic Wrist Rest for Tenkeyless Keyboards - FRML Packaging,29.9
Razer Ergonomic Wrist Rest for Mini Keyboards - FRML Packaging,29.9
Razer Mouse Dock Pro - FRML Packaging,119.9
Razer Mouse Dock Chroma – FRML Packaging,79.9
Razer Mouse Bungee V3 Chroma - FRML Packaging,59.9
Razer Fujin Headrest - FRML Packaging,199.9
Razer Fujin Pro - Fully Adjustable Mesh Gaming Chair - NASA+AP Packaging,1499
Razer Fujin – Mesh Gaming Chair - NASA+AP Packaging,939
Razer Iskur - Gaming chair with built-in lumbar support,749.9
Razer Iskur Gaming chair with built-in lumbar support - Black Colour,749.9
Razer Iskur - Dark Gray Fabric - Gaming Chair With Built In Lumbar Support - NASA + AP Packaging,749.9
Razer Iskur X - Ergonomic Gaming Chair,599.9
"Belkin CABLE,CAT6,UTP,RJ45M/M,10M,BLU,PATCH,SNAGLESS",22
"Belkin CABLE,HDMI 2.1, M/M, 2M,BLACK",59
"Belkin CABLE,HDMI 2.1, M/M, 1M,BLACK",69
"Belkin CABLE,HDMI 2.1, M/M, 2M,BLACK",85
"Belkin ADAPTER, USB-C TO VGA, 60W PD, BLK",19
"Belkin ADAPTER, USB-C TO HDMI, 60W PD, BLK",69
Belkin USB-C Video Adapter,109
Belkin USB-C 5-IN-1 MULTIPORT ADAPTER,79
Belkin USB-C 7-IN-1 MULTIPORT ADAPTER,99
"Belkin SURGE,4OT,525J,2M, 2 USB-2.4A SHARED",55
"Belkin SURGE,6OT,650J,2M, 2 USB-2.4A SHARED",63
"Belkin SURGE,80T,900J,2M, 2 USB-2.4A SHARED",79
"Belkin USB-A TO LTG, SILICONE, 1M, BLK",27
"Belkin USB-A TO LTG, SILICONE, 1M, BLUE",27
"Belkin USB-A TO LTG, SILICONE, 1M, PINK PURPLE",27
"Belkin USB-A TO LTG, SILICONE, 1M, WHT",27
"Belkin CABLE,THUNDERBOLT 3,C-C,40Gbps,.5M,BLACK,5A",59
"Belkin ADAPTER,USB-C,HDMI,4K,60HZ,BLACK",79
"Belkin USB-C 4-PORT MINI HUB,3.0,BLK",90
"Belkin USB-C MULTIMEDIA HUB+ POWER,SPACE GRAY",136
"Belkin KEYCHAIN , PC, PINK",11
"Belkin STRAP , PC, PINK",11
"Belkin ADAPTER, USB-C TO GIGABIT ETHERNET, 60W PD, BLK",55
Belkin USB-C DUAL DISPLAY DOCK,299
Belkin USB-C 11-IN-1 MULTIPORT DOCK,145
Belkin THUNDERBOLT 4 CABLE 2M ACTIVE,115
"Belkin GLASS,EZ TRAY,APPLE,13 MINI,TEMPERED GLASS AM",24
"Belkin GLASS,EZ TRAY,APPLE,13/13 PRO,TEMPERED GLASS AM",24
"Belkin GLASS,EZ TRAY,APPLE,13 PRO MAX,TEMPERED GLASS AM",24
"Belkin GLASS, EZ TRAY, 2022 C, TEMPERED GLASS AM",24
"Belkin GLASS, EZ TRAY, 2022 D, TEMPERED GLASS AM",24
"Belkin GLASS, EZ TRAY, 2022 C, LAS GLASS AM",26
"Belkin GLASS, EZ TRAY, 2022 D, LAS GLASS AM",26
"Belkin 20W AC CHARGER, STANDALONE, WHT",25
Belkin PD 25W PPS USB-C WALL CHARGER,29
"Belkin 63W USB-C CHARGER,GAN,50C/18C,WHT",69
"Belkin 108W USB-C CHARGER,GAN,4-PORT,WHT,2M",119
Belkin 65W DUAL USB-C GAN WALL CHARGER WITH,75
"Belkin MAGSAFE PAD WITH STAND, NO PSU, BK",99
"Belkin MAGSAFE PAD WITH STAND, NO PSU, BL",99
"Belkin MAGSAFE PAD WITH STAND, NO PSU, WH",99
"Belkin MAGNET PAD 7.5W, PSU, BK",59
"Belkin MAGNET PAD 7.5W, PSU, WH",59
"Belkin STAND,15W,PSU,BLACK",59
"Belkin STAND,15W,PSU,WHITE",59
"Belkin MAGNET STAND 7.5W, PSU, BK",69
"Belkin MAGNET STAND 7.5W, PSU, WH",69
"Belkin STAND/PAD/PUCK,PSU,BLACK",159
"Belkin STAND/PAD/PUCK,PSU,WHITE",159
"Belkin DUAL PAD,15W,PSU,BLACK",99
"Belkin DUAL PAD,15W,PSU,WHITE",99
"Belkin MAGSAFE 2/1 STAND, BK",132
"Belkin MAGSAFE 2/1 STAND, WH",132
Belkin 3-IN-1 WIRELESS CHARGING PAD WITH MAGSAFE,209
Belkin 3-IN-1 WIRELESS CHARGING PAD WITH MAGSAFE,209
Belkin 3-IN-1 WIRELESS CHARGING STAND WITH MAGSAFE,209
Belkin 3-IN-1 WIRELESS CHARGING STAND WITH MAGSAFE,209
CM MASTERFRAME 700 OPEN-AIR FRAME,272.94
CM MASTERCASE EG200 eGPU WITH SFX550 GOLD PSU,471.28
CM MASTERCASE H500M ARGB CASE WITH 4 T.G,282.39
CM MASTERCASE H500 ARGB CASE WITH T.G,159.61
CM MASTERBOX CM694 ATX CASE WITH T.G,178.5
CM MASTERBOX TD500 MESH ARGB ATX CASE - WHITE,141.33
CM MASTERBOX TD500 MESH ARGB ATX CASE,132.44
CM MASTERBOX TD300 MESH ARGB m-ATX CASE - WHITE,105.78
CM MASTERBOX TD300 MESH ARGB m-ATX CASE,105.78
CM MASTERBOX NR600P ATX CASE WITH HOTSWAP BAYS,187.94
CM MASTERBOX NR600 ATX CASE WITH T.G / ODD,105.78
CM MASTERBOX NR400 m-ATX CASE WITH T.G,88
CM MASTERBOX NR200P MAX WITH 850W PSU & 280MM AIO,471.28
CM MASTERBOX NR200P SFF m-ITX CASE WITH T.G PURPLE,150.22
CM MASTERBOX NR200P SFF m-ITX CASE WITH T.G ORANGE,150.22
CM MASTERBOX NR200P SFF m-ITX CASE WITH T.G,132.44
CM MASTERBOX NR200P SFF m-ITX CASE WITH T.G -WHITE,132.44
CM MASTERBOX NR200 SFF m-ITX CASE,105.78
CM MASTERBOX NR200 SFF m-ITX CASE - WHITE,105.78
CM MASTERBOX MB600L V2 ATX CASE WITH ODD,70.22
CM MASTERBOX MB540 ARGB ATX CASE WITH T.G,141.33
CM MASTERBOX MB530 ARGB ATX CASE WITH 3 T.G,150.22
CM MASTERBOX MB520 ARGB ATX CASE WITH T.G,114.67
CM MASTERBOX MB511D ARGB ATX CASE WITH T.G,114.67
CM MASTERBOX MB320L ARGB m-ATX CASE WITH T.G,88
CM MASTERBOX MB311L ARGB m-ATX CASE WITH T.G,88
CM MASTERBOX 500 ARGB ATX CASE,114.67
CM ELITE 500 ATX CASE WITH ODD,70.22
CM XG PLUS PLATINUM 850 FULL MODULAR ARGB PSU,360.8
CM XG PLUS PLATINUM 750 FULL MODULAR ARGB PSU,321.69
CM XG PLATINUM 850 FULL MODULAR PSU,263.02
CM XG PLATINUM 750 FULL MODULAR PSU,223.91
CM V SFX GOLD 850 FULL MODULAR WHITE PSU,233.69
CM V SFX GOLD 750 FULL MODULAR WHITE PSU,214.13
CM V SFX GOLD 850 FULL MODULAR PSU,223.91
CM V SFX GOLD 750 FULL MODULAR PSU,204.36
CM V SFX GOLD 650 FULL MODULAR PSU,184.8
CM V PLATINUM 1300 FULL MODULAR PSU,419.47
CM V PLATINUM 1000 FULL MODULAR PSU,360.8
CM V PLATINUM 850 FULL MODULAR PSU,311.91
CM V GOLD V2 850 FULL MODULAR PSU,223.91
CM V GOLD V2 750 FULL MODULAR PSU,204.36
CM V GOLD V2 650 FULL MODULAR PSU,184.8
CM V GOLD V2 750 FULL MODULAR WHITE PSU,214.13
CM V GOLD V2 650 FULL MODULAR WHITE PSU,194.58
CM MWE GOLD V2 1250W FULL MODULAR ATX3 PSU,341.24
CM MWE GOLD V2 1050W FULL MODULAR ATX3 PSU,311.92
CM MWE GOLD V2 850W FULL MODULAR PSU,184.8
CM MWE GOLD V2 750W FULL MODULAR PSU,165.24
CM COSMOS C700M ARGB TOWER W/T.GLASS,565.72
CM HAF700 EVO ARGB TOWER WITH T.G,660.17
CM SILENCIO S600 ATX CASE WITH TG / SD CARD READER,132.44
CM SILENCIO S400 m-ATX CASE WITH TG /SDCARD READER,114.67
CM G800 GOLD NON MODULAR PSU,131.28
CM MWE WHITE 500W 80+ 230v EU PSU V2,79.11
CM MWE WHITE 450W 80+ 230v EU PSU V2,70.22
