sha256,vendor,month,page_number,item,category,brand,product,variant,bundle_cpu,warranty,price_sgd,method,provider,model
4f3f8ce251354d415efe9e8c7f1b2720c0d95fa2326a3fac15a8270cb385af46,infinity,2025-03,2,ASUS PRO ART RTX4060 8G OC,,,ASUS PRO ART RTX4060 8G OC,,,,365,text_layer,,
4f3f8ce251354d415efe9e8c7f1b2720c0d95fa2326a3fac15a8270cb385af46,infinity,2025-03,2,ASUS ROG HYPERION GR701 EATX CASE WITH T.G,,,ASUS ROG HYPERION GR701 EATX CASE WITH T.G,,,,538,text_layer,,
4f3f8ce251354d415efe9e8c7f1b2720c0d95fa2326a3fac15a8270cb385af46,infinity,2025-03,2,DEEPCOOL MORPHEUS,,,DEEPCOOL MORPHEUS,,,,266,text_layer,,
4f3f8ce251354d415efe9e8c7f1b2720c0d95fa2326a3fac15a8270cb385af46,infinity,2025-03,2,ASUS ROG THOR 1600 80+ TITANIUM PSU (10Y),,,ASUS ROG THOR 1600 80+ TITANIUM PSU (10Y),,,,930,text_layer,,
4f3f8ce251354d415efe9e8c7f1b2720c0d95fa2326a3fac15a8270cb385af46,infinity,2025-03,2,ASUS DUAL RTX4060 O8GB TWIN FAN GDDR6,,,ASUS DUAL RTX4060 O8GB TWIN FAN GDDR6,,,,433,text_layer,,
4f3f8ce251354d415efe9e8c7f1b2720c0d95fa2326a3fac15a8270cb385af46,infinity,2025-03,2,ASUS ROG STRIX HELIOS WHITE ATX CASE WITH T.G,,,ASUS ROG STRIX HELIOS WHITE ATX CASE WITH T.G,,,,352,text_layer,,
4f3f8ce251354d415efe9e8c7f1b2720c0d95fa2326a3fac15a8270cb385af46,infinity,2025-03,2,DEEPCOOL MACUBE 310P ATX BLACK /(WHITE),,,DEEPCOOL MACUBE 310P ATX BLACK /(WHITE),,,,70,text_layer,,
4f3f8ce251354d415efe9e8c7f1b2720c0d95fa2326a3fac15a8270cb385af46,infinity,2025-03,2,ASUS ROG THOR 1200 80+ PLATINUM II OLED PSU (10Y),,,ASUS ROG THOR 1200 80+ PLATINUM II OLED PSU (10Y),,,,525,text_layer,,
4f3f8ce251354d415efe9e8c7f1b2720c0d95fa2326a3fac15a8270cb385af46,infinity,2025-03,2,ASUS ROG STRIX HELIOS ATX CASE WITH T.G (1Y),ASUS ROG STRIX RTX4060 GAMING OC,,ASUS ROG STRIX HELIOS ATX CASE WITH T.G (1Y),,,,382,text_layer,,
4f3f8ce251354d415efe9e8c7f1b2720c0d95fa2326a3fac15a8270cb385af46,infinity,2025-03,2,DEEPCOOL DC-CG580 ATX BLACK / WHITE,ASUS ROG STRIX RTX4060 GAMING OC,,DEEPCOOL DC-CG580 ATX BLACK / WHITE,,,,85,text_layer,,
4f3f8ce251354d415efe9e8c7f1b2720c0d95fa2326a3fac15a8270cb385af46,infinity,2025-03,2,ASUS ROG THOR 1000W 80+ PLATINUM II OLED PSU (10Y),ASUS ROG STRIX RTX4060 GAMING OC,,ASUS ROG THOR 1000W 80+ PLATINUM II OLED PSU (10Y),,,,485,text_layer,,
4f3f8ce251354d415efe9e8c7f1b2720c0d95fa2326a3fac15a8270cb385af46,infinity,2025-03,2,ASUS TUF GAMING GT502 DUAL-CHAMBER CASE T.G WH,ASUS ROG STRIX RTX4060 GAMING OC,,ASUS TUF GAMING GT502 DUAL-CHAMBER CASE T.G WH,,,,177,text_layer,,
4f3f8ce251354d415efe9e8c7f1b2720c0d95fa2326a3fac15a8270cb385af46,infinity,2025-03,2,DEEPCOOL DC-CG530 4F ATX BLACK / WHITE,ASUS ROG STRIX RTX4060 GAMING OC,,DEEPCOOL DC-CG530 4F ATX BLACK / WHITE,,,,105,text_layer,,
4f3f8ce251354d415efe9e8c7f1b2720c0d95fa2326a3fac15a8270cb385af46,infinity,2025-03,2,ASUS ROG-STRIX-1000G GOLD FULL MODULAR PSU (10Y),ASUS ROG STRIX RTX4060 GAMING OC,,ASUS ROG-STRIX-1000G GOLD FULL MODULAR PSU (10Y),,,,309,text_layer,,
4f3f8ce251354d415efe9e8c7f1b2720c0d95fa2326a3fac15a8270cb385af46,infinity,2025-03,2,ASUS TUF GAMING GT502 DUAL-CHAMBER CASE T.G BLK,ASK,,ASUS TUF GAMING GT502 DUAL-CHAMBER CASE T.G BLK,,,,172,text_layer,,
4f3f8ce251354d415efe9e8c7f1b2720c0d95fa2326a3fac15a8270cb385af46,infinity,2025-03,2,"DEEPCOOL MACUBE 110, MATX PINK/GREEN",ASK,,"DEEPCOOL MACUBE 110, MATX PINK/GREEN",,,,78,text_layer,,
4f3f8ce251354d415efe9e8c7f1b2720c0d95fa2326a3fac15a8270cb385af46,infinity,2025-03,2,ASUS ROG-STRIX-850G-WHITE GOLD F-MODULAR PSU,ASK,,ASUS ROG-STRIX-850G-WHITE GOLD F-MODULAR PSU,,,,291,text_layer,,
4f3f8ce251354d415efe9e8c7f1b2720c0d95fa2326a3fac15a8270cb385af46,infinity,2025-03,2,ASUS TUF RTX 4070 SUPER 12G OC,ASUS ROG STRIX RTX4060 GAMING OC,,ASUS TUF RTX 4070 SUPER 12G OC,,,,592,text_layer,,
4f3f8ce251354d415efe9e8c7f1b2720c0d95fa2326a3fac15a8270cb385af46,infinity,2025-03,2,ASUS TUF GAMING GT501 ARGB ATX CASE WITH T.G,ASK,,ASUS TUF GAMING GT501 ARGB ATX CASE WITH T.G,,,,202,text_layer,,
4f3f8ce251354d415efe9e8c7f1b2720c0d95fa2326a3fac15a8270cb385af46,infinity,2025-03,2,"DEEPCOOL MACUBE 110, MATX BLACK",ASK,,"DEEPCOOL MACUBE 110, MATX BLACK",,,,54,text_layer,,
4f3f8ce251354d415efe9e8c7f1b2720c0d95fa2326a3fac15a8270cb385af46,infinity,2025-03,2,ASUS ROG-STRIX-850G GOLD FULL MODULAR PSU (10Y),ASK,,ASUS ROG-STRIX-850G GOLD FULL MODULAR PSU (10Y),,,,271,text_layer,,
4f3f8ce251354d415efe9e8c7f1b2720c0d95fa2326a3fac15a8270cb385af46,infinity,2025-03,2,ASUS RTX4070TI TUF GAMING OC 12GB,ASUS ROG STRIX RTX4060 GAMING OC,,ASUS RTX4070TI TUF GAMING OC 12GB,,,,675,text_layer,,
4f3f8ce251354d415efe9e8c7f1b2720c0d95fa2326a3fac15a8270cb385af46,infinity,2025-03,2,ASUS TUF GAMING GT301 ARGB ATX CASE WITH T.G,ASK,,ASUS TUF GAMING GT301 ARGB ATX CASE WITH T.G,,,,106,text_layer,,
4f3f8ce251354d415efe9e8c7f1b2720c0d95fa2326a3fac15a8270cb385af46,infinity,2025-03,2,DEEPCOOL CH160 TG ITX BLACK/ WHITE,ASK,,DEEPCOOL CH160 TG ITX BLACK/ WHITE,,,,85,text_layer,,
4f3f8ce251354d415efe9e8c7f1b2720c0d95fa2326a3fac15a8270cb385af46,infinity,2025-03,2,ASUS ROG-STRIX-750G GOLD FULL MODULAR PSU (10Y),ASK,,ASUS ROG-STRIX-750G GOLD FULL MODULAR PSU (10Y),,,,197,text_layer,,
4f3f8ce251354d415efe9e8c7f1b2720c0d95fa2326a3fac15a8270cb385af46,infinity,2025-03,2,ASUS ROG Z11 ARGB M-ITX CASE WITH T.G,ASK,,ASUS ROG Z11 ARGB M-ITX CASE WITH T.G,,,,353,text_layer,,
4f3f8ce251354d415efe9e8c7f1b2720c0d95fa2326a3fac15a8270cb385af46,infinity,2025-03,2,DEEPCOOL CH170 MESH DIGITAL (VERTICAL ITX) WHITE,ASK,,DEEPCOOL CH170 MESH DIGITAL (VERTICAL ITX) WHITE,,,,105,text_layer,,
4f3f8ce251354d415efe9e8c7f1b2720c0d95fa2326a3fac15a8270cb385af46,infinity,2025-03,2,ASUS ROG LOKI SFXL 1000 PLATINUM MODULAR PSU,ASK,,ASUS ROG LOKI SFXL 1000 PLATINUM MODULAR PSU,,,,351,text_layer,,
4f3f8ce251354d415efe9e8c7f1b2720c0d95fa2326a3fac15a8270cb385af46,infinity,2025-03,2,ASUS TUF-RTX 4070Ti O16G SUPER,ASUS ROG STRIX RTX4060 GAMING OC,,ASUS TUF-RTX 4070Ti O16G SUPER,,,,728,text_layer,,
4f3f8ce251354d415efe9e8c7f1b2720c0d95fa2326a3fac15a8270cb385af46,infinity,2025-03,2,ASUS PRIME AP201 MESH MATX CASE WITH TG WHITE,ASK,,ASUS PRIME AP201 MESH MATX CASE WITH TG WHITE,,,,128,text_layer,,
4f3f8ce251354d415efe9e8c7f1b2720c0d95fa2326a3fac15a8270cb385af46,infinity,2025-03,2,DEEPCOOL CH170 MESH DIGITAL (VERTICAL ITX) BLACK,ASK,,DEEPCOOL CH170 MESH DIGITAL (VERTICAL ITX) BLACK,,,,95,text_layer,,
4f3f8ce251354d415efe9e8c7f1b2720c0d95fa2326a3fac15a8270cb385af46,infinity,2025-03,2,ASUS ROG LOKI SFXL 850 PLATINUM MODULAR PSU 3.0,ASK,,ASUS ROG LOKI SFXL 850 PLATINUM MODULAR PSU 3.0,,,,296,text_layer,,
4f3f8ce251354d415efe9e8c7f1b2720c0d95fa2326a3fac15a8270cb385af46,infinity,2025-03,2,ASUS ROG STRIX RTX 4070Ti O16G SUPER,ASUS ROG STRIX RTX4060 GAMING OC,,ASUS ROG STRIX RTX 4070Ti O16G SUPER,,,,367,text_layer,,
4f3f8ce251354d415efe9e8c7f1b2720c0d95fa2326a3fac15a8270cb385af46,infinity,2025-03,2,ASUS PRIME AP201 MESH MATX CASE WITH TG,ASK,,ASUS PRIME AP201 MESH MATX CASE WITH TG,,,,123,text_layer,,
4f3f8ce251354d415efe9e8c7f1b2720c0d95fa2326a3fac15a8270cb385af46,infinity,2025-03,2,HYTE Y70 TOUCH BLACK,ASK,,HYTE Y70 TOUCH BLACK,,,,499,text_layer,,
4f3f8ce251354d415efe9e8c7f1b2720c0d95fa2326a3fac15a8270cb385af46,infinity,2025-03,2,ASUS ROG LOKI SFXL 750 PLATINUM MODULAR PSU 3.0,ASK,,ASUS ROG LOKI SFXL 750 PLATINUM MODULAR PSU 3.0,,,,261,text_layer,,
4f3f8ce251354d415efe9e8c7f1b2720c0d95fa2326a3fac15a8270cb385af46,infinity,2025-03,2,ASUS PRIME AP201 MESH MATX CASE WHITE,ASK,,ASUS PRIME AP201 MESH MATX CASE WHITE,,,,124,text_layer,,
4f3f8ce251354d415efe9e8c7f1b2720c0d95fa2326a3fac15a8270cb385af46,infinity,2025-03,2,HYTE Y70 TOUCH SNOW WHITE,ASK,,HYTE Y70 TOUCH SNOW WHITE,,,,499,text_layer,,
4f3f8ce251354d415efe9e8c7f1b2720c0d95fa2326a3fac15a8270cb385af46,infinity,2025-03,2,ASUS TUF GAMING 1000 GOLD FULL MODULAR PSU (10Y),ASK,,ASUS TUF GAMING 1000 GOLD FULL MODULAR PSU (10Y),,,,255,text_layer,,
4f3f8ce251354d415efe9e8c7f1b2720c0d95fa2326a3fac15a8270cb385af46,infinity,2025-03,2,ASUS PRIME AP201 MESH MATX CASE,ASK,,ASUS PRIME AP201 MESH MATX CASE,,,,119,text_layer,,
4f3f8ce251354d415efe9e8c7f1b2720c0d95fa2326a3fac15a8270cb385af46,infinity,2025-03,2,HYTE Y40 BLACK,ASK,,HYTE Y40 BLACK,,,,205,text_layer,,
4f3f8ce251354d415efe9e8c7f1b2720c0d95fa2326a3fac15a8270cb385af46,infinity,2025-03,2,ASUS TUF GAMING 850 GOLD FULL MODULAR PSU (10Y),ASK,,ASUS TUF GAMING 850 GOLD FULL MODULAR PSU (10Y),,,,193,text_layer,,
4f3f8ce251354d415efe9e8c7f1b2720c0d95fa2326a3fac15a8270cb385af46,infinity,2025-03,2,CM MASTERBOX CM694 ATX CASE WITH T.G,ASK,,CM MASTERBOX CM694 ATX CASE WITH T.G,,,,176,text_layer,,
4f3f8ce251354d415efe9e8c7f1b2720c0d95fa2326a3fac15a8270cb385af46,infinity,2025-03,2,HYTE Y40 SNOW WHITE,ASK,,HYTE Y40 SNOW WHITE,,,,205,text_layer,,
4f3f8ce251354d415efe9e8c7f1b2720c0d95fa2326a3fac15a8270cb385af46,infinity,2025-03,2,ASUS TUF GAMING 750 GOLD FULL MODULAR PSU (10Y),ASK,,ASUS TUF GAMING 750 GOLD FULL MODULAR PSU (10Y),,,,174,text_layer,,
4f3f8ce251354d415efe9e8c7f1b2720c0d95fa2326a3fac15a8270cb385af46,infinity,2025-03,2,CCM MASTERBOX TD500 V2 MESH ARGB ATX CASE - WHITE,ASK,,CCM MASTERBOX TD500 V2 MESH ARGB ATX CASE - WHITE,,,,119,text_layer,,
4f3f8ce251354d415efe9e8c7f1b2720c0d95fa2326a3fac15a8270cb385af46,infinity,2025-03,2,HYTE Y60 ALL WHITE SNOW,ASK,,HYTE Y60 ALL WHITE SNOW,,,,278,text_layer,,
4f3f8ce251354d415efe9e8c7f1b2720c0d95fa2326a3fac15a8270cb385af46,infinity,2025-03,2,ASUS TUF-GAMING-750B BRONZE PSU (6Y),ASK,,ASUS TUF-GAMING-750B BRONZE PSU (6Y),,,,128,text_layer,,
4f3f8ce251354d415efe9e8c7f1b2720c0d95fa2326a3fac15a8270cb385af46,infinity,2025-03,2,CCM MASTERBOX TD500 V2 MESH ARGB ATX CASE,ASK,,CCM MASTERBOX TD500 V2 MESH ARGB ATX CASE,,,,136,text_layer,,
4f3f8ce251354d415efe9e8c7f1b2720c0d95fa2326a3fac15a8270cb385af46,infinity,2025-03,2,HYTE Y60 ALL BLACK,ASK,,HYTE Y60 ALL BLACK,,,,278,text_layer,,
4f3f8ce251354d415efe9e8c7f1b2720c0d95fa2326a3fac15a8270cb385af46,infinity,2025-03,2,ASUS TUF-GAMING-650B BRONZE PSU (6Y),ASK,,ASUS TUF-GAMING-650B BRONZE PSU (6Y),,,,107,text_layer,,
4f3f8ce251354d415efe9e8c7f1b2720c0d95fa2326a3fac15a8270cb385af46,infinity,2025-03,2,CM MASTERBOX TD300 MESH ARGB M-ATX CASE - WHITE,ASK,,CM MASTERBOX TD300 MESH ARGB M-ATX CASE - WHITE,,,,112,text_layer,,
4f3f8ce251354d415efe9e8c7f1b2720c0d95fa2326a3fac15a8270cb385af46,infinity,2025-03,2,"JONSBO D41 MESH SC BLACK / WHITE LCD, ATX, TYPE C",ASK,,"JONSBO D41 MESH SC BLACK / WHITE LCD, ATX, TYPE C",,,,150,text_layer,,
4f3f8ce251354d415efe9e8c7f1b2720c0d95fa2326a3fac15a8270cb385af46,infinity,2025-03,2,CM XG PLUS PLATINUM 850 FULL MODULAR ARGB PSU,ASK,,CM XG PLUS PLATINUM 850 FULL MODULAR ARGB PSU,,,,272,text_layer,,
4f3f8ce251354d415efe9e8c7f1b2720c0d95fa2326a3fac15a8270cb385af46,infinity,2025-03,2,CM MASTERBOX TD300 MESH ARGB M-ATX CASE,ASK,,CM MASTERBOX TD300 MESH ARGB M-ATX CASE,,,,112,text_layer,,
4f3f8ce251354d415efe9e8c7f1b2720c0d95fa2326a3fac15a8270cb385af46,infinity,2025-03,2,"JONSBO D31 STD SC BLACK / WHITE LCD, MATX, TYPEC",ASK,,"JONSBO D31 STD SC BLACK / WHITE LCD, MATX, TYPEC",,,,135,text_layer,,
4f3f8ce251354d415efe9e8c7f1b2720c0d95fa2326a3fac15a8270cb385af46,infinity,2025-03,2,CM XG PLUS PLATINUM 750 FULL MODULAR ARGB PSU,ASK,,CM XG PLUS PLATINUM 750 FULL MODULAR ARGB PSU,,,,245,text_layer,,
4f3f8ce251354d415efe9e8c7f1b2720c0d95fa2326a3fac15a8270cb385af46,infinity,2025-03,2,CM MASTERBOX NR600P ATX CASE WITH HOTSWAP BAYS,ASK,,CM MASTERBOX NR600P ATX CASE WITH HOTSWAP BAYS,,,,185,text_layer,,
4f3f8ce251354d415efe9e8c7f1b2720c0d95fa2326a3fac15a8270cb385af46,infinity,2025-03,2,"JONSBO D41 MESH BLACK / WHITE ATX, TYPE C",ASK,,"JONSBO D41 MESH BLACK / WHITE ATX, TYPE C",,,,76,text_layer,,
4f3f8ce251354d415efe9e8c7f1b2720c0d95fa2326a3fac15a8270cb385af46,infinity,2025-03,2,CM XG PLATINUM 850 FULL MODULAR PSU (10Y),ASK,,CM XG PLATINUM 850 FULL MODULAR PSU (10Y),,,,219,text_layer,,
4f3f8ce251354d415efe9e8c7f1b2720c0d95fa2326a3fac15a8270cb385af46,infinity,2025-03,2,CM MASTERBOX NR600 ATX CASE WITH T.G / ODD,ASK,,CM MASTERBOX NR600 ATX CASE WITH T.G / ODD,,,,112,text_layer,,
4f3f8ce251354d415efe9e8c7f1b2720c0d95fa2326a3fac15a8270cb385af46,infinity,2025-03,2,"JONSBO D31 STD BLACK MATX, TYPE C",ASK,,"JONSBO D31 STD BLACK MATX, TYPE C",,,,69,text_layer,,
4f3f8ce251354d415efe9e8c7f1b2720c0d95fa2326a3fac15a8270cb385af46,infinity,2025-03,2,CM XG PLATINUM 750 FULL MODULAR PSU (10Y),ASK,,CM XG PLATINUM 750 FULL MODULAR PSU (10Y),,,,192,text_layer,,
4f3f8ce251354d415efe9e8c7f1b2720c0d95fa2326a3fac15a8270cb385af46,infinity,2025-03,2,CM MASTERBOX NR400 M-ATX CASE WITH T.G,ASK,,CM MASTERBOX NR400 M-ATX CASE WITH T.G,,,,94,text_layer,,
4f3f8ce251354d415efe9e8c7f1b2720c0d95fa2326a3fac15a8270cb385af46,infinity,2025-03,2,"JONSBO D41 MESH SC WHITE / BLACK ATX, TYPEC",ASK,,"JONSBO D41 MESH SC WHITE / BLACK ATX, TYPEC",,,,150,text_layer,,
4f3f8ce251354d415efe9e8c7f1b2720c0d95fa2326a3fac15a8270cb385af46,infinity,2025-03,2,CM V SFX GOLD 650 FULL MODULAR PSU (10Y),ASK,,CM V SFX GOLD 650 FULL MODULAR PSU (10Y),,,,183,text_layer,,
4f3f8ce251354d415efe9e8c7f1b2720c0d95fa2326a3fac15a8270cb385af46,infinity,2025-03,2,Asus GeForce Tuf Gaming RTX5090 O32G Gaming OC Triple Fan GDDR7 CM MASTERBOX NR200P MAX WITH 850W PSU & 280MM AIO,ASUS RTX4080 TUF GAMING OC 16GB,,Asus GeForce Tuf Gaming RTX5090 O32G Gaming OC Triple Fan GDDR7 CM MASTERBOX NR200P MAX WITH 850W PSU & 280MM AIO,,,,441,text_layer,,
4f3f8ce251354d415efe9e8c7f1b2720c0d95fa2326a3fac15a8270cb385af46,infinity,2025-03,2,JONSBO DS8- BLACK/WHITE (LCD SCREEN FOR D31/D41),ASK,,JONSBO DS8- BLACK/WHITE (LCD SCREEN FOR D31/D41),,,,85,text_layer,,
4f3f8ce251354d415efe9e8c7f1b2720c0d95fa2326a3fac15a8270cb385af46,infinity,2025-03,2,CM V PLATINUM 1300 FULL MODULAR PSU (10Y),ASK,,CM V PLATINUM 1300 FULL MODULAR PSU (10Y),,,,386,text_layer,,
4f3f8ce251354d415efe9e8c7f1b2720c0d95fa2326a3fac15a8270cb385af46,infinity,2025-03,2,CM MASTERBOX NR200P SFF M-ITX CASE WITH T.G PURPLE,ASK,,CM MASTERBOX NR200P SFF M-ITX CASE WITH T.G PURPLE,,,,152,text_layer,,
4f3f8ce251354d415efe9e8c7f1b2720c0d95fa2326a3fac15a8270cb385af46,infinity,2025-03,2,"JONSBO D31 MESH WHITE / BLACK MATX, TYPE C",ASK,,"JONSBO D31 MESH WHITE / BLACK MATX, TYPE C",,,,69,text_layer,,
4f3f8ce251354d415efe9e8c7f1b2720c0d95fa2326a3fac15a8270cb385af46,infinity,2025-03,2,CM V PLATINUM 1000 FULL MODULAR PSU (10Y),ASK,,CM V PLATINUM 1000 FULL MODULAR PSU (10Y),,,,232,text_layer,,
4f3f8ce251354d415efe9e8c7f1b2720c0d95fa2326a3fac15a8270cb385af46,infinity,2025-03,2,CM MASTERBOX NR200P SFF M-ITX CASE WITH T.G ORANGE,ASK,,CM MASTERBOX NR200P SFF M-ITX CASE WITH T.G ORANGE,,,,152,text_layer,,
4f3f8ce251354d415efe9e8c7f1b2720c0d95fa2326a3fac15a8270cb385af46,infinity,2025-03,2,JONSBO D300 WHITE / BLACK MATX,ASK,,JONSBO D300 WHITE / BLACK MATX,,,,135,text_layer,,
4f3f8ce251354d415efe9e8c7f1b2720c0d95fa2326a3fac15a8270cb385af46,infinity,2025-03,2,CM V PLATINUM 850 FULL MODULAR PSU (10Y),ASK,,CM V PLATINUM 850 FULL MODULAR PSU (10Y),,,,192,text_layer,,
4f3f8ce251354d415efe9e8c7f1b2720c0d95fa2326a3fac15a8270cb385af46,infinity,2025-03,2,CM MASTERBOX NR200P SFF M-ITX CASE WITH T.G,ASK,,CM MASTERBOX NR200P SFF M-ITX CASE WITH T.G,,,,134,text_layer,,
4f3f8ce251354d415efe9e8c7f1b2720c0d95fa2326a3fac15a8270cb385af46,infinity,2025-03,2,KINGDOM MX460 TG- BLACK/WHITE,ASK,,KINGDOM MX460 TG- BLACK/WHITE,,,,34,text_layer,,
4f3f8ce251354d415efe9e8c7f1b2720c0d95fa2326a3fac15a8270cb385af46,infinity,2025-03,2,CM V GOLD V2 850 FULL MODULAR PSU (10Y),ASK,,CM V GOLD V2 850 FULL MODULAR PSU (10Y),,,,218,text_layer,,
4f3f8ce251354d415efe9e8c7f1b2720c0d95fa2326a3fac15a8270cb385af46,infinity,2025-03,2,##### CM MASTERBOX NR200P SFF M-ITX CASE WITH T.G -WHITE,ASK,,##### CM MASTERBOX NR200P SFF M-ITX CASE WITH T.G -WHITE,,,,134,text_layer,,
4f3f8ce251354d415efe9e8c7f1b2720c0d95fa2326a3fac15a8270cb385af46,infinity,2025-03,2,MONTECH KING 65 PRO BLACK/WHITE,ASK,,MONTECH KING 65 PRO BLACK/WHITE,,,,139,text_layer,,
4f3f8ce251354d415efe9e8c7f1b2720c0d95fa2326a3fac15a8270cb385af46,infinity,2025-03,2,CM V GOLD V2 750 FULL MODULAR PSU (10Y),ASK,,CM V GOLD V2 750 FULL MODULAR PSU (10Y),,,,182,text_layer,,
4f3f8ce251354d415efe9e8c7f1b2720c0d95fa2326a3fac15a8270cb385af46,infinity,2025-03,2,CM MASTERBOX NR200 SFF M-ITX CASE,ASK,,CM MASTERBOX NR200 SFF M-ITX CASE,,,,94,text_layer,,
4f3f8ce251354d415efe9e8c7f1b2720c0d95fa2326a3fac15a8270cb385af46,infinity,2025-03,2,MONTECH KING 95 PRO WHITE,ASK,,MONTECH KING 95 PRO WHITE,,,,215,text_layer,,
4f3f8ce251354d415efe9e8c7f1b2720c0d95fa2326a3fac15a8270cb385af46,infinity,2025-03,2,CM V GOLD V2 650 FULL MODULAR PSU (10Y),ASK,,CM V GOLD V2 650 FULL MODULAR PSU (10Y),,,,172,text_layer,,
4f3f8ce251354d415efe9e8c7f1b2720c0d95fa2326a3fac15a8270cb385af46,infinity,2025-03,2,GALAX RTX4070TI ST (1-CLICK OC) 12GB,ASUS RTX4080 TUF GAMING OC 16GB,,GALAX RTX4070TI ST (1-CLICK OC) 12GB,,,,660,text_layer,,
4f3f8ce251354d415efe9e8c7f1b2720c0d95fa2326a3fac15a8270cb385af46,infinity,2025-03,2,CM MASTERBOX NR200 SFF M-ITX CASE - WHITE,ASK,,CM MASTERBOX NR200 SFF M-ITX CASE - WHITE,,,,113,text_layer,,
4f3f8ce251354d415efe9e8c7f1b2720c0d95fa2326a3fac15a8270cb385af46,infinity,2025-03,2,MONTECH KING 95 PRO BLACK,ASK,,MONTECH KING 95 PRO BLACK,,,,208,text_layer,,
4f3f8ce251354d415efe9e8c7f1b2720c0d95fa2326a3fac15a8270cb385af46,infinity,2025-03,2,CM V GOLD V2 750 FULL MODULAR WHITE PSU (10Y),ASK,,CM V GOLD V2 750 FULL MODULAR WHITE PSU (10Y),,,,209,text_layer,,
4f3f8ce251354d415efe9e8c7f1b2720c0d95fa2326a3fac15a8270cb385af46,infinity,2025-03,2,##### CM MASTERBOX MB600L V2 ATX CASE WITH ODD,ASK,,##### CM MASTERBOX MB600L V2 ATX CASE WITH ODD,,,,81,text_layer,,
4f3f8ce251354d415efe9e8c7f1b2720c0d95fa2326a3fac15a8270cb385af46,infinity,2025-03,2,MONTECH KING 95 BLACK,ASK,,MONTECH KING 95 BLACK,,,,156,text_layer,,
4f3f8ce251354d415efe9e8c7f1b2720c0d95fa2326a3fac15a8270cb385af46,infinity,2025-03,2,CM V GOLD V2 650 FULL MODULAR WHITE PSU (10Y),ASK,,CM V GOLD V2 650 FULL MODULAR WHITE PSU (10Y),,,,192,text_layer,,
4f3f8ce251354d415efe9e8c7f1b2720c0d95fa2326a3fac15a8270cb385af46,infinity,2025-03,2,GALAX RTX4090 SG (1-CLICK OC) 24GB,GALAX RTX4080 SG (1-CLICK OC) 16GB,,GALAX RTX4090 SG (1-CLICK OC) 24GB,,,,880,text_layer,,
4f3f8ce251354d415efe9e8c7f1b2720c0d95fa2326a3fac15a8270cb385af46,infinity,2025-03,2,CM MASTERBOX 500 ARGB ATX CASE,ASK,,CM MASTERBOX 500 ARGB ATX CASE,,,,121,text_layer,,
4f3f8ce251354d415efe9e8c7f1b2720c0d95fa2326a3fac15a8270cb385af46,infinity,2025-03,2,MONTECH AIR 903 MAX BLACK,ASK,,MONTECH AIR 903 MAX BLACK,,,,86,text_layer,,
4f3f8ce251354d415efe9e8c7f1b2720c0d95fa2326a3fac15a8270cb385af46,infinity,2025-03,2,CM MWE GOLD V2 1250W FULL MODULAR ATX3 PSU,ASK,,CM MWE GOLD V2 1250W FULL MODULAR ATX3 PSU,,,,325,text_layer,,
4f3f8ce251354d415efe9e8c7f1b2720c0d95fa2326a3fac15a8270cb385af46,infinity,2025-03,2,MSI RTX 4060 GAMING X 8G,GALAX RTX4080 SG (1-CLICK OC) 16GB,,MSI RTX 4060 GAMING X 8G,,,,5,text_layer,,
4f3f8ce251354d415efe9e8c7f1b2720c0d95fa2326a3fac15a8270cb385af46,infinity,2025-03,2,CM MASTERBOX MB530 ARGB ATX CASE WITH 3 T.G,ASK,,CM MASTERBOX MB530 ARGB ATX CASE WITH 3 T.G,,,,153,text_layer,,
4f3f8ce251354d415efe9e8c7f1b2720c0d95fa2326a3fac15a8270cb385af46,infinity,2025-03,2,MONTECH AIR 903 MAX WHITE,ASK,,MONTECH AIR 903 MAX WHITE,,,,93,text_layer,,
4f3f8ce251354d415efe9e8c7f1b2720c0d95fa2326a3fac15a8270cb385af46,infinity,2025-03,2,CM MWE GOLD V2 1050W FULL MODULAR ATX3 PSU,ASK,,CM MWE GOLD V2 1050W FULL MODULAR ATX3 PSU,,,,297,text_layer,,
4f3f8ce251354d415efe9e8c7f1b2720c0d95fa2326a3fac15a8270cb385af46,infinity,2025-03,2,MSI RTX 4060 VENTUS 2X WHITE 8G OC,GALAX RTX4080 SG (1-CLICK OC) 16GB,,MSI RTX 4060 VENTUS 2X WHITE 8G OC,,,,5,text_layer,,
4f3f8ce251354d415efe9e8c7f1b2720c0d95fa2326a3fac15a8270cb385af46,infinity,2025-03,2,CM MASTERBOX 520 MESH ATX CASE SAKURA EDITION,ASK,,CM MASTERBOX 520 MESH ATX CASE SAKURA EDITION,,,,136,text_layer,,
4f3f8ce251354d415efe9e8c7f1b2720c0d95fa2326a3fac15a8270cb385af46,infinity,2025-03,2,MONTECH AIR 100 ARGB MATX (BLACK / WHITE ),ASK,,MONTECH AIR 100 ARGB MATX (BLACK / WHITE ),,,,84,text_layer,,
4f3f8ce251354d415efe9e8c7f1b2720c0d95fa2326a3fac15a8270cb385af46,infinity,2025-03,2,CM MWE GOLD V2 850W FULL MODULAR PSU (5Y),ASK,,CM MWE GOLD V2 850W FULL MODULAR PSU (5Y),,,,153,text_layer,,
4f3f8ce251354d415efe9e8c7f1b2720c0d95fa2326a3fac15a8270cb385af46,infinity,2025-03,2,MSI RTX 4060 VENTUS 2X BLACK 8G OC,GALAX RTX4080 SG (1-CLICK OC) 16GB,,MSI RTX 4060 VENTUS 2X BLACK 8G OC,,,,1120,text_layer,,
4f3f8ce251354d415efe9e8c7f1b2720c0d95fa2326a3fac15a8270cb385af46,infinity,2025-03,2,CM MASTERBOX 520 MESH ARGB ATX CASE WITH T.G -WHTE,ASK,,CM MASTERBOX 520 MESH ARGB ATX CASE WITH T.G -WHTE,,,,128,text_layer,,
4f3f8ce251354d415efe9e8c7f1b2720c0d95fa2326a3fac15a8270cb385af46,infinity,2025-03,2,MONTECH SKY TWO BLACK/WHITE 4ARGB FANS,ASK,,MONTECH SKY TWO BLACK/WHITE 4ARGB FANS,,,,113,text_layer,,
4f3f8ce251354d415efe9e8c7f1b2720c0d95fa2326a3fac15a8270cb385af46,infinity,2025-03,2,CM MWE GOLD V2 750W FULL MODULAR PSU (5Y),ASK,,CM MWE GOLD V2 750W FULL MODULAR PSU (5Y),,,,143,text_layer,,
4f3f8ce251354d415efe9e8c7f1b2720c0d95fa2326a3fac15a8270cb385af46,infinity,2025-03,2,MSI 4070 SUPER 12G GAMING X Slim white,GALAX RTX4080 SG (1-CLICK OC) 16GB,,MSI 4070 SUPER 12G GAMING X Slim white,,,,1850,text_layer,,
4f3f8ce251354d415efe9e8c7f1b2720c0d95fa2326a3fac15a8270cb385af46,infinity,2025-03,2,CM MASTERBOX 520 MESH ARGB ATX CASE WITH T.G,ASK,,CM MASTERBOX 520 MESH ARGB ATX CASE WITH T.G,,,,121,text_layer,,
4f3f8ce251354d415efe9e8c7f1b2720c0d95fa2326a3fac15a8270cb385af46,infinity,2025-03,2,MONTECH XR BLACK,ASK,,MONTECH XR BLACK,,,,84,text_layer,,
4f3f8ce251354d415efe9e8c7f1b2720c0d95fa2326a3fac15a8270cb385af46,infinity,2025-03,2,CM MWE GOLD V2 650W FULL MODULAR PSU (5Y),ASK,,CM MWE GOLD V2 650W FULL MODULAR PSU (5Y),,,,148,text_layer,,
4f3f8ce251354d415efe9e8c7f1b2720c0d95fa2326a3fac15a8270cb385af46,infinity,2025-03,2,CM MASTERBOX MB520 ARGB ATX CASE WITH T.G,ASK,,CM MASTERBOX MB520 ARGB ATX CASE WITH T.G,,,,121,text_layer,,
4f3f8ce251354d415efe9e8c7f1b2720c0d95fa2326a3fac15a8270cb385af46,infinity,2025-03,2,MONTECH XR WHITE,ASK,,MONTECH XR WHITE,,,,94,text_layer,,
4f3f8ce251354d415efe9e8c7f1b2720c0d95fa2326a3fac15a8270cb385af46,infinity,2025-03,2,CM G800 GOLD NON MODULAR PSU (5Y),ASK,,CM G800 GOLD NON MODULAR PSU (5Y),,,,135,text_layer,,
4f3f8ce251354d415efe9e8c7f1b2720c0d95fa2326a3fac15a8270cb385af46,infinity,2025-03,2,ASUS ROG STRIX RTX4080 O16G GAMING OC TRIPLE FAN GDDR6CXM CMP520 MESH ARGB ARGB ATX CASE,GALAX RTX4080 SG (1-CLICK OC) 16GB,,ASUS ROG STRIX RTX4080 O16G GAMING OC TRIPLE FAN GDDR6CXM CMP520 MESH ARGB ARGB ATX CASE,,,,97,text_layer,,
4f3f8ce251354d415efe9e8c7f1b2720c0d95fa2326a3fac15a8270cb385af46,infinity,2025-03,2,NZXT H510I BLACK,ASK,,NZXT H510I BLACK,,,,162,text_layer,,
4f3f8ce251354d415efe9e8c7f1b2720c0d95fa2326a3fac15a8270cb385af46,infinity,2025-03,2,CORSAIR RM750E 750W 80+ GOLD (10 YRS),ASK,,CORSAIR RM750E 750W 80+ GOLD (10 YRS),,,,170,text_layer,,
4f3f8ce251354d415efe9e8c7f1b2720c0d95fa2326a3fac15a8270cb385af46,infinity,2025-03,2,CM CMP320 MESH ARGB M-ATX CASE,ASK,,CM CMP320 MESH ARGB M-ATX CASE,,,,81,text_layer,,
4f3f8ce251354d415efe9e8c7f1b2720c0d95fa2326a3fac15a8270cb385af46,infinity,2025-03,2,NZXT H5 FLOW RGB - BLACK,ASK,,NZXT H5 FLOW RGB - BLACK,,,,149,text_layer,,
4f3f8ce251354d415efe9e8c7f1b2720c0d95fa2326a3fac15a8270cb385af46,infinity,2025-03,2,CORSAIR RM850E 850W 80+ GOLD (10 YRS),ASK,,CORSAIR RM850E 850W 80+ GOLD (10 YRS),,,,198,text_layer,,
4f3f8ce251354d415efe9e8c7f1b2720c0d95fa2326a3fac15a8270cb385af46,infinity,2025-03,2,CM ELITE 500 ATX CASE WITH ODD,ASK,,CM ELITE 500 ATX CASE WITH ODD,,,,80,text_layer,,
4f3f8ce251354d415efe9e8c7f1b2720c0d95fa2326a3fac15a8270cb385af46,infinity,2025-03,2,NZXT H5 FLOW BLACK/WHITE,ASK,,NZXT H5 FLOW BLACK/WHITE,,,,128,text_layer,,
4f3f8ce251354d415efe9e8c7f1b2720c0d95fa2326a3fac15a8270cb385af46,infinity,2025-03,2,CORSAIR RM1000E 1000W 80+ GOLD (10 YRS),ASK,,CORSAIR RM1000E 1000W 80+ GOLD (10 YRS),,,,263,text_layer,,
4f3f8ce251354d415efe9e8c7f1b2720c0d95fa2326a3fac15a8270cb385af46,infinity,2025-03,2,CM COSMOS C700M INFINITY TOWER LIMITED 30TH,ASK,,CM COSMOS C700M INFINITY TOWER LIMITED 30TH,,,,1285,text_layer,,
4f3f8ce251354d415efe9e8c7f1b2720c0d95fa2326a3fac15a8270cb385af46,infinity,2025-03,2,NZXT H5 ELITE WHITE,ASK,,NZXT H5 ELITE WHITE,,,,196,text_layer,,
4f3f8ce251354d415efe9e8c7f1b2720c0d95fa2326a3fac15a8270cb385af46,infinity,2025-03,2,CORSAIR HX750 750W 80+ PLATINUM (10 YRS),ASK,,CORSAIR HX750 750W 80+ PLATINUM (10 YRS),,,,195,text_layer,,
4f3f8ce251354d415efe9e8c7f1b2720c0d95fa2326a3fac15a8270cb385af46,infinity,2025-03,2,Msi GeForce RTX5070 12Gb Vanguard SOC Launch Edition Triple Fan GDDR7 CM COSMOS C700M ARGB OWER WITH T.G - WHITE,GALAX RTX4080 SG (1-CLICK OC) 16GB,,Msi GeForce RTX5070 12Gb Vanguard SOC Launch Edition Triple Fan GDDR7 CM COSMOS C700M ARGB OWER WITH T.G - WHITE,,,,615,text_layer,,
4f3f8ce251354d415efe9e8c7f1b2720c0d95fa2326a3fac15a8270cb385af46,infinity,2025-03,2,NZXT H6 FLOW,ASK,,NZXT H6 FLOW,,,,169,text_layer,,
4f3f8ce251354d415efe9e8c7f1b2720c0d95fa2326a3fac15a8270cb385af46,infinity,2025-03,2,CORSAIR HX850 850W 80+ PLATINUM (10 YRS),ASK,,CORSAIR HX850 850W 80+ PLATINUM (10 YRS),,,,242,text_layer,,
4f3f8ce251354d415efe9e8c7f1b2720c0d95fa2326a3fac15a8270cb385af46,infinity,2025-03,2,CM COSMOS C700M ARGB TOWER W/T.GLASS,ASK,,CM COSMOS C700M ARGB TOWER W/T.GLASS,,,,529,text_layer,,
4f3f8ce251354d415efe9e8c7f1b2720c0d95fa2326a3fac15a8270cb385af46,infinity,2025-03,2,NZXT H6 Flow RGB,ASK,,NZXT H6 Flow RGB,,,,196,text_layer,,
4f3f8ce251354d415efe9e8c7f1b2720c0d95fa2326a3fac15a8270cb385af46,infinity,2025-03,2,CORSAIR HX1200 1200W 80+ PLATINUM (10YRS),ASK,,CORSAIR HX1200 1200W 80+ PLATINUM (10YRS),,,,326,text_layer,,
4f3f8ce251354d415efe9e8c7f1b2720c0d95fa2326a3fac15a8270cb385af46,infinity,2025-03,2,CM HAF700 EVO ARGB TOWER WITH T.G,ASK,,CM HAF700 EVO ARGB TOWER WITH T.G,,,,615,text_layer,,
4f3f8ce251354d415efe9e8c7f1b2720c0d95fa2326a3fac15a8270cb385af46,infinity,2025-03,2,NZXT H7 FLOW - WHITE,ASK,,NZXT H7 FLOW - WHITE,,,,185,text_layer,,
4f3f8ce251354d415efe9e8c7f1b2720c0d95fa2326a3fac15a8270cb385af46,infinity,2025-03,2,CORSAIR AX1600I 80+TITANIUM (10YRS),ASK,,CORSAIR AX1600I 80+TITANIUM (10YRS),,,,655,text_layer,,
4f3f8ce251354d415efe9e8c7f1b2720c0d95fa2326a3fac15a8270cb385af46,infinity,2025-03,2,Msi GeForce RTX5070Ti 16Gb Vanguard SOC Launch Edition Triple Fan GDDR7 CM HAF700 ARGB TOWER WITH T.G,GALAX RTX4080 SG (1-CLICK OC) 16GB,,Msi GeForce RTX5070Ti 16Gb Vanguard SOC Launch Edition Triple Fan GDDR7 CM HAF700 ARGB TOWER WITH T.G,,,,359,text_layer,,
4f3f8ce251354d415efe9e8c7f1b2720c0d95fa2326a3fac15a8270cb385af46,infinity,2025-03,2,NZXT H7 FLOW - BLACK,ASK,,NZXT H7 FLOW - BLACK,,,,185,text_layer,,
4f3f8ce251354d415efe9e8c7f1b2720c0d95fa2326a3fac15a8270cb385af46,infinity,2025-03,2,CORSAIR RMX SHIFT SERIES - RM850X 80+ GOLD,ASK,,CORSAIR RMX SHIFT SERIES - RM850X 80+ GOLD,,,,218,text_layer,,
4f3f8ce251354d415efe9e8c7f1b2720c0d95fa2326a3fac15a8270cb385af46,infinity,2025-03,2,CM SILENCIO S400 M-ATX CASE WITH TG /SDCARD READER,ASK,,CM SILENCIO S400 M-ATX CASE WITH TG /SDCARD READER,,,,121,text_layer,,
4f3f8ce251354d415efe9e8c7f1b2720c0d95fa2326a3fac15a8270cb385af46,infinity,2025-03,2,NZXT H7 - WHITE,ASK,,NZXT H7 - WHITE,,,,176,text_layer,,
4f3f8ce251354d415efe9e8c7f1b2720c0d95fa2326a3fac15a8270cb385af46,infinity,2025-03,2,CORSAIR RMX SHIFT SERIES - RM1000X 80+ GOLD,ASK,,CORSAIR RMX SHIFT SERIES - RM1000X 80+ GOLD,,,,283,text_layer,,
4f3f8ce251354d415efe9e8c7f1b2720c0d95fa2326a3fac15a8270cb385af46,infinity,2025-03,2,CM MASTERFRAME 700 OPEN-AIR FRAME,ASK,,CM MASTERFRAME 700 OPEN-AIR FRAME,,,,262,text_layer,,
4f3f8ce251354d415efe9e8c7f1b2720c0d95fa2326a3fac15a8270cb385af46,infinity,2025-03,2,NZXT H7 - BLACK,ASK,,NZXT H7 - BLACK,,,,176,text_layer,,
4f3f8ce251354d415efe9e8c7f1b2720c0d95fa2326a3fac15a8270cb385af46,infinity,2025-03,2,CORSAIR RMX SHIFT SERIES- RM1200X 80+ GOLD,ASK,,CORSAIR RMX SHIFT SERIES- RM1200X 80+ GOLD,,,,327,text_layer,,
4f3f8ce251354d415efe9e8c7f1b2720c0d95fa2326a3fac15a8270cb385af46,infinity,2025-03,2,CM MASTERCASE H500M ARGB CASE WITH 4 T.G,ASK,,CM MASTERCASE H500M ARGB CASE WITH 4 T.G,,,,272,text_layer,,
4f3f8ce251354d415efe9e8c7f1b2720c0d95fa2326a3fac15a8270cb385af46,infinity,2025-03,2,NZXT H7 ELITE - BLACK,ASK,,NZXT H7 ELITE - BLACK,,,,228,text_layer,,
4f3f8ce251354d415efe9e8c7f1b2720c0d95fa2326a3fac15a8270cb385af46,infinity,2025-03,2,CORSAIR CV650 650W 80 PLUS BRONZE,ASK,,CORSAIR CV650 650W 80 PLUS BRONZE,,,,93,text_layer,,
4f3f8ce251354d415efe9e8c7f1b2720c0d95fa2326a3fac15a8270cb385af46,infinity,2025-03,2,CORSAIR 7000D AIRFLOW FULL-TOWER BLACK,ASK,,CORSAIR 7000D AIRFLOW FULL-TOWER BLACK,,,,288,text_layer,,
4f3f8ce251354d415efe9e8c7f1b2720c0d95fa2326a3fac15a8270cb385af46,infinity,2025-03,2,NZXT H7 ELITE - WHITE,ASK,,NZXT H7 ELITE - WHITE,,,,228,text_layer,,
4f3f8ce251354d415efe9e8c7f1b2720c0d95fa2326a3fac15a8270cb385af46,infinity,2025-03,2,CORSAIR CV750 650W 80 PLUS BRONZE,ASK,,CORSAIR CV750 650W 80 PLUS BRONZE,,,,103,text_layer,,
4f3f8ce251354d415efe9e8c7f1b2720c0d95fa2326a3fac15a8270cb385af46,infinity,2025-03,2,CORSAIR 7000D AIRFLOW FULL-TOWER WHITE,ASK,,CORSAIR 7000D AIRFLOW FULL-TOWER WHITE,,,,288,text_layer,,
4f3f8ce251354d415efe9e8c7f1b2720c0d95fa2326a3fac15a8270cb385af46,infinity,2025-03,2,NZXT H7 FLOW - WHITE,ASK,,NZXT H7 FLOW - WHITE,,,,203,text_layer,,
4f3f8ce251354d415efe9e8c7f1b2720c0d95fa2326a3fac15a8270cb385af46,infinity,2025-03,2,CORSAIR HX1000I 1000W 80+ PLATINUM (10YRS),ASK,,CORSAIR HX1000I 1000W 80+ PLATINUM (10YRS),,,,357,text_layer,,
4f3f8ce251354d415efe9e8c7f1b2720c0d95fa2326a3fac15a8270cb385af46,infinity,2025-03,2,Msi GeForce RTX5090 32GB Vanguard SOC Launch Edition Triple Fan GDDR7 CORSAIR ICUE 7000X RGB FULL-TOWER BLACK,GALAX RTX4080 SG (1-CLICK OC) 16GB,,Msi GeForce RTX5090 32GB Vanguard SOC Launch Edition Triple Fan GDDR7 CORSAIR ICUE 7000X RGB FULL-TOWER BLACK,,,,363,text_layer,,
4f3f8ce251354d415efe9e8c7f1b2720c0d95fa2326a3fac15a8270cb385af46,infinity,2025-03,2,NZXT H7 FLOW - BLACK,ASK,,NZXT H7 FLOW - BLACK,,,,203,text_layer,,
4f3f8ce251354d415efe9e8c7f1b2720c0d95fa2326a3fac15a8270cb385af46,infinity,2025-03,2,CORSAIR HX1500I 1500W 80+ PLATINUM (10YRS),ASK,,CORSAIR HX1500I 1500W 80+ PLATINUM (10YRS),,,,550,text_layer,,
4f3f8ce251354d415efe9e8c7f1b2720c0d95fa2326a3fac15a8270cb385af46,infinity,2025-03,2,CORSAIR ICUE 7000X RGB FULL-TOWER WHITE,ASK,,CORSAIR ICUE 7000X RGB FULL-TOWER WHITE,,,,363,text_layer,,
4f3f8ce251354d415efe9e8c7f1b2720c0d95fa2326a3fac15a8270cb385af46,infinity,2025-03,2,NZXT H9 FLOW WHITE,ASK,,NZXT H9 FLOW WHITE,,,,212,text_layer,,
4f3f8ce251354d415efe9e8c7f1b2720c0d95fa2326a3fac15a8270cb385af46,infinity,2025-03,2,LIAN LI SP750 80+ FULLY MOD- 5YRS,ASK,,LIAN LI SP750 80+ FULLY MOD- 5YRS,,,,153,text_layer,,
4f3f8ce251354d415efe9e8c7f1b2720c0d95fa2326a3fac15a8270cb385af46,infinity,2025-03,2,CORSAIR ICUE 5000T RGB TG BLACK,ASK,,CORSAIR ICUE 5000T RGB TG BLACK,,,,438,text_layer,,
4f3f8ce251354d415efe9e8c7f1b2720c0d95fa2326a3fac15a8270cb385af46,infinity,2025-03,2,NZXT H9 ELITE BLACK,ASK,,NZXT H9 ELITE BLACK,,,,299,text_layer,,
4f3f8ce251354d415efe9e8c7f1b2720c0d95fa2326a3fac15a8270cb385af46,infinity,2025-03,2,LIAN LI SP750 80+ FULLY MOD - 5YRS,ASK,,LIAN LI SP750 80+ FULLY MOD - 5YRS,,,,153,text_layer,,
4f3f8ce251354d415efe9e8c7f1b2720c0d95fa2326a3fac15a8270cb385af46,infinity,2025-03,2,CORSAIR ICUE 5000T RGB TG WHITE,ASK,,CORSAIR ICUE 5000T RGB TG WHITE,,,,438,text_layer,,
4f3f8ce251354d415efe9e8c7f1b2720c0d95fa2326a3fac15a8270cb385af46,infinity,2025-03,2,NZXT H9 FLOW BLACK,ASK,,NZXT H9 FLOW BLACK,,,,212,text_layer,,
4f3f8ce251354d415efe9e8c7f1b2720c0d95fa2326a3fac15a8270cb385af46,infinity,2025-03,2,LIAN LI SP850 80+ FULLY MOD PCI-E 5.0 READY - 5YRS,ASK,,LIAN LI SP850 80+ FULLY MOD PCI-E 5.0 READY - 5YRS,,,,178,text_layer,,
4f3f8ce251354d415efe9e8c7f1b2720c0d95fa2326a3fac15a8270cb385af46,infinity,2025-03,2,"Gigabyte GeForce RTX5070 Eagle OC ICE SFF 12Gb Triple Fan GDDR7CORSAIR ICUE 5000X RGB TG, BLACK",GALAX RTX4080 SG (1-CLICK OC) 16GB,,"Gigabyte GeForce RTX5070 Eagle OC ICE SFF 12Gb Triple Fan GDDR7CORSAIR ICUE 5000X RGB TG, BLACK",,,,240,text_layer,,
4f3f8ce251354d415efe9e8c7f1b2720c0d95fa2326a3fac15a8270cb385af46,infinity,2025-03,2,NZXT H9 ELITE WHITE,ASK,,NZXT H9 ELITE WHITE,,,,299,text_layer,,
4f3f8ce251354d415efe9e8c7f1b2720c0d95fa2326a3fac15a8270cb385af46,infinity,2025-03,2,LIAN LI SP850 80+ FULLY MOD PCI-E 5.0 READY - 5YRS,ASK,,LIAN LI SP850 80+ FULLY MOD PCI-E 5.0 READY - 5YRS,,,,178,text_layer,,
4f3f8ce251354d415efe9e8c7f1b2720c0d95fa2326a3fac15a8270cb385af46,infinity,2025-03,2,CORSAIR ICUE 5000X RGB TG WHITE,ASK,,CORSAIR ICUE 5000X RGB TG WHITE,,,,240,text_layer,,
4f3f8ce251354d415efe9e8c7f1b2720c0d95fa2326a3fac15a8270cb385af46,infinity,2025-03,2,NZXT NOCTIS 450 MID TOWER CHASSIS (ROG EDITION),ASK,,NZXT NOCTIS 450 MID TOWER CHASSIS (ROG EDITION),,,,74,text_layer,,
4f3f8ce251354d415efe9e8c7f1b2720c0d95fa2326a3fac15a8270cb385af46,infinity,2025-03,2,ADATA XPG PYLON 650W 80+ BRONZE 5YRS,ASK,,ADATA XPG PYLON 650W 80+ BRONZE 5YRS,,,,97,text_layer,,
4f3f8ce251354d415efe9e8c7f1b2720c0d95fa2326a3fac15a8270cb385af46,infinity,2025-03,2,"CORSAIR ICUE 5000X RGB AIRFLOW TG, TRUE WHITE",ASK,,"CORSAIR ICUE 5000X RGB AIRFLOW TG, TRUE WHITE",,,,315,text_layer,,
4f3f8ce251354d415efe9e8c7f1b2720c0d95fa2326a3fac15a8270cb385af46,infinity,2025-03,2,TECWARE CORE MINI W/250W PSU,ASK,,TECWARE CORE MINI W/250W PSU,,,,60,text_layer,,
4f3f8ce251354d415efe9e8c7f1b2720c0d95fa2326a3fac15a8270cb385af46,infinity,2025-03,2,ADATA XPG PYLON 750W 80+ BRONZE 5YRS,ASK,,ADATA XPG PYLON 750W 80+ BRONZE 5YRS,,,,110,text_layer,,
4f3f8ce251354d415efe9e8c7f1b2720c0d95fa2326a3fac15a8270cb385af46,infinity,2025-03,2,"Gigabyte GeForce RTX5070 Aorus Master 12GB OC Triple Fan GDDR7 CORSAIR 5000D AIRFLOW TG, BLACK",GALAX RTX4080 SG (1-CLICK OC) 16GB,,"Gigabyte GeForce RTX5070 Aorus Master 12GB OC Triple Fan GDDR7 CORSAIR 5000D AIRFLOW TG, BLACK",,,,186,text_layer,,
4f3f8ce251354d415efe9e8c7f1b2720c0d95fa2326a3fac15a8270cb385af46,infinity,2025-03,2,TECWARE ARC ARGB 4F -OMNI LINK (BLACK),ASK,,TECWARE ARC ARGB 4F -OMNI LINK (BLACK),,,,74,text_layer,,
4f3f8ce251354d415efe9e8c7f1b2720c0d95fa2326a3fac15a8270cb385af46,infinity,2025-03,2,ADATA XPG CORE REACTOR 750W 80+ GOLD FULLY M,ASK,,ADATA XPG CORE REACTOR 750W 80+ GOLD FULLY M,,,,141,text_layer,,
4f3f8ce251354d415efe9e8c7f1b2720c0d95fa2326a3fac15a8270cb385af46,infinity,2025-03,2,CORSAIR 5000D AIRFLOW TG WHITE,ASK,,CORSAIR 5000D AIRFLOW TG WHITE,,,,186,text_layer,,
4f3f8ce251354d415efe9e8c7f1b2720c0d95fa2326a3fac15a8270cb385af46,infinity,2025-03,2,TECWARE ARC ARGB 4F -OMNI LINK (WHITE),ASK,,TECWARE ARC ARGB 4F -OMNI LINK (WHITE),,,,84,text_layer,,
4f3f8ce251354d415efe9e8c7f1b2720c0d95fa2326a3fac15a8270cb385af46,infinity,2025-03,2,ADATA XPG CORE REACTOR 850W 80+ GOLD FULLY M,ASK,,ADATA XPG CORE REACTOR 850W 80+ GOLD FULLY M,,,,161,text_layer,,
4f3f8ce251354d415efe9e8c7f1b2720c0d95fa2326a3fac15a8270cb385af46,infinity,2025-03,2,Gigabyte GeForce RTX5070Ti Eagle OC ICE SFF 16Gb Triple Fan GDDRC7ORSAIRICUE 5000D RGB AIRFLOW TG BLACK,GALAX RTX4080 SG (1-CLICK OC) 16GB,,Gigabyte GeForce RTX5070Ti Eagle OC ICE SFF 16Gb Triple Fan GDDRC7ORSAIRICUE 5000D RGB AIRFLOW TG BLACK,,,,251,text_layer,,
4f3f8ce251354d415efe9e8c7f1b2720c0d95fa2326a3fac15a8270cb385af46,infinity,2025-03,2,TECWARE ARC M ARGB -BLACK(CPU+GPU TEMP DISPLAY),ASK,,TECWARE ARC M ARGB -BLACK(CPU+GPU TEMP DISPLAY),,,,64,text_layer,,
4f3f8ce251354d415efe9e8c7f1b2720c0d95fa2326a3fac15a8270cb385af46,infinity,2025-03,2,SILVERSTONE ET-650W GOLD SEMI MOD,ASK,,SILVERSTONE ET-650W GOLD SEMI MOD,,,,100,text_layer,,
4f3f8ce251354d415efe9e8c7f1b2720c0d95fa2326a3fac15a8270cb385af46,infinity,2025-03,2,CORSAIR ICUE 5000D RGB AIRFLOW TG TRUE WHITE,ASK,,CORSAIR ICUE 5000D RGB AIRFLOW TG TRUE WHITE,,,,251,text_layer,,
4f3f8ce251354d415efe9e8c7f1b2720c0d95fa2326a3fac15a8270cb385af46,infinity,2025-03,2,TECWARE NEO M2 TG ARGB,ASK,,TECWARE NEO M2 TG ARGB,,,,57,text_layer,,
4f3f8ce251354d415efe9e8c7f1b2720c0d95fa2326a3fac15a8270cb385af46,infinity,2025-03,2,SILVERSTONE ET-750W GOLD SEMI MOD,ASK,,SILVERSTONE ET-750W GOLD SEMI MOD,,,,117,text_layer,,
4f3f8ce251354d415efe9e8c7f1b2720c0d95fa2326a3fac15a8270cb385af46,infinity,2025-03,2,CORSAIR ICUE 4000X RGB TG BLACK,ASK,,CORSAIR ICUE 4000X RGB TG BLACK,,,,165,text_layer,,
4f3f8ce251354d415efe9e8c7f1b2720c0d95fa2326a3fac15a8270cb385af46,infinity,2025-03,2,TECWARE TIMBER TG W/4 FANS WHITE/BLACK,ASK,,TECWARE TIMBER TG W/4 FANS WHITE/BLACK,,,,74,text_layer,,
4f3f8ce251354d415efe9e8c7f1b2720c0d95fa2326a3fac15a8270cb385af46,infinity,2025-03,2,SILVERSTONE ET-700W GOLD FULLY MOD,ASK,,SILVERSTONE ET-700W GOLD FULLY MOD,,,,121,text_layer,,
4f3f8ce251354d415efe9e8c7f1b2720c0d95fa2326a3fac15a8270cb385af46,infinity,2025-03,2,"Gigabyte GeForce RTX5070Ti Aorus Master 16GB OC Triple Fan GDDR7CORSAIR ICUE 4000X RGB TG, WHITE",GALAX RTX4080 SG (1-CLICK OC) 16GB,,"Gigabyte GeForce RTX5070Ti Aorus Master 16GB OC Triple Fan GDDR7CORSAIR ICUE 4000X RGB TG, WHITE",,,,165,text_layer,,
4f3f8ce251354d415efe9e8c7f1b2720c0d95fa2326a3fac15a8270cb385af46,infinity,2025-03,2,TECWARE NEO OMNI ARGB BLACK/WHITE,ASK,,TECWARE NEO OMNI ARGB BLACK/WHITE,,,,81,text_layer,,
4f3f8ce251354d415efe9e8c7f1b2720c0d95fa2326a3fac15a8270cb385af46,infinity,2025-03,2,SILVERSTONE DA-850W GOLD FULLY MOD,ASK,,SILVERSTONE DA-850W GOLD FULLY MOD,,,,134,text_layer,,
4f3f8ce251354d415efe9e8c7f1b2720c0d95fa2326a3fac15a8270cb385af46,infinity,2025-03,2,"CORSAIR 4000D TG, BLACK",ASK,,"CORSAIR 4000D TG, BLACK",,,,121,text_layer,,
4f3f8ce251354d415efe9e8c7f1b2720c0d95fa2326a3fac15a8270cb385af46,infinity,2025-03,2,TECWARE NEXUS AIR M TG ARGB BLACK,ASK,,TECWARE NEXUS AIR M TG ARGB BLACK,,,,68,text_layer,,
4f3f8ce251354d415efe9e8c7f1b2720c0d95fa2326a3fac15a8270cb385af46,infinity,2025-03,2,Gigabyte GeForce RTX5080 Aorus Master 16GB OC Triple Fan GDDR7 CORSAIR 4000D TG WHITE,GALAX RTX4080 SG (1-CLICK OC) 16GB,,Gigabyte GeForce RTX5080 Aorus Master 16GB OC Triple Fan GDDR7 CORSAIR 4000D TG WHITE,,,,121,text_layer,,
4f3f8ce251354d415efe9e8c7f1b2720c0d95fa2326a3fac15a8270cb385af46,infinity,2025-03,2,TECWARE NEXUS AIR STEEL BLACK,ASK,,TECWARE NEXUS AIR STEEL BLACK,,,,54,text_layer,,
4f3f8ce251354d415efe9e8c7f1b2720c0d95fa2326a3fac15a8270cb385af46,infinity,2025-03,2,SEASONIC CORE GX-650 650W -7YRS,ASK,,SEASONIC CORE GX-650 650W -7YRS,,,,131,text_layer,,
4f3f8ce251354d415efe9e8c7f1b2720c0d95fa2326a3fac15a8270cb385af46,infinity,2025-03,2,"Gigabyte GeForce RTX5080 Aorus Master ICE 16GB OC Triple Fan GDDCRO7RSAIR 4000D AIRFLOW TG, BLACK",GALAX RTX4080 SG (1-CLICK OC) 16GB,,"Gigabyte GeForce RTX5080 Aorus Master ICE 16GB OC Triple Fan GDDCRO7RSAIR 4000D AIRFLOW TG, BLACK",,,,121,text_layer,,
4f3f8ce251354d415efe9e8c7f1b2720c0d95fa2326a3fac15a8270cb385af46,infinity,2025-03,2,TECWARE NEXUS AIR TG BLACK,ASK,,TECWARE NEXUS AIR TG BLACK,,,,57,text_layer,,
4f3f8ce251354d415efe9e8c7f1b2720c0d95fa2326a3fac15a8270cb385af46,infinity,2025-03,2,"Gigabyte GeForce RTX5090 Aorus Master 32GB OC Triple Fan GDDR7 CORSAIR 4000D AIRFLOW TG, WHITE",GALAX RTX4080 SG (1-CLICK OC) 16GB,,"Gigabyte GeForce RTX5090 Aorus Master 32GB OC Triple Fan GDDR7 CORSAIR 4000D AIRFLOW TG, WHITE",,,,121,text_layer,,
4f3f8ce251354d415efe9e8c7f1b2720c0d95fa2326a3fac15a8270cb385af46,infinity,2025-03,2,TECWARE INFINTY M2 ARGB X3- BLACK/WHITE OMNI LINK,ASK,,TECWARE INFINTY M2 ARGB X3- BLACK/WHITE OMNI LINK,,,,60,text_layer,,
4f3f8ce251354d415efe9e8c7f1b2720c0d95fa2326a3fac15a8270cb385af46,infinity,2025-03,2,SEASONIC FOCUS GX-750 750W -10YRS,ASK,,SEASONIC FOCUS GX-750 750W -10YRS,,,,200,text_layer,,
4f3f8ce251354d415efe9e8c7f1b2720c0d95fa2326a3fac15a8270cb385af46,infinity,2025-03,2,"CORSAIR ICUE 4000D RGB AIRFLOW TG, BLACK",ASK,,"CORSAIR ICUE 4000D RGB AIRFLOW TG, BLACK",,,,186,text_layer,,
4f3f8ce251354d415efe9e8c7f1b2720c0d95fa2326a3fac15a8270cb385af46,infinity,2025-03,2,TECWARE INFINTY M ARGB X3- BLACK/WHITE OMNI LINK,ASK,,TECWARE INFINTY M ARGB X3- BLACK/WHITE OMNI LINK,,,,74,text_layer,,
4f3f8ce251354d415efe9e8c7f1b2720c0d95fa2326a3fac15a8270cb385af46,infinity,2025-03,2,SEASONIC FOCUS GX-850 850W -10YRS,ASK,,SEASONIC FOCUS GX-850 850W -10YRS,,,,235,text_layer,,
4f3f8ce251354d415efe9e8c7f1b2720c0d95fa2326a3fac15a8270cb385af46,infinity,2025-03,2,CORSAIR ICUE 4000D RGB AIRFLOW TG TRUE WHITE,ASK,,CORSAIR ICUE 4000D RGB AIRFLOW TG TRUE WHITE,,,,186,text_layer,,
4f3f8ce251354d415efe9e8c7f1b2720c0d95fa2326a3fac15a8270cb385af46,infinity,2025-03,2,TECWARE VX TRINITY M ARGB 6F- (OMNI LINK) BLACK,ASK,,TECWARE VX TRINITY M ARGB 6F- (OMNI LINK) BLACK,,,,74,text_layer,,
4f3f8ce251354d415efe9e8c7f1b2720c0d95fa2326a3fac15a8270cb385af46,infinity,2025-03,2,SEASONIC FOCUS GX-1000 1000W -10YRS,ASK,,SEASONIC FOCUS GX-1000 1000W -10YRS,,,,275,text_layer,,
4f3f8ce251354d415efe9e8c7f1b2720c0d95fa2326a3fac15a8270cb385af46,infinity,2025-03,2,CORSAIR ICUE 4000D AIRFLOW RGB TG TRUE WHITE,ASK,,CORSAIR ICUE 4000D AIRFLOW RGB TG TRUE WHITE,,,,211,text_layer,,
4f3f8ce251354d415efe9e8c7f1b2720c0d95fa2326a3fac15a8270cb385af46,infinity,2025-03,2,TECWARE VXM EVO (OMNI LINK) (Black),ASK,,TECWARE VXM EVO (OMNI LINK) (Black),,,,64,text_layer,,
4f3f8ce251354d415efe9e8c7f1b2720c0d95fa2326a3fac15a8270cb385af46,infinity,2025-03,2,SEASONIC FOCUS GX-750 WHITE -10YRS,ASK,,SEASONIC FOCUS GX-750 WHITE -10YRS,,,,203,text_layer,,
4f3f8ce251354d415efe9e8c7f1b2720c0d95fa2326a3fac15a8270cb385af46,infinity,2025-03,2,ZOTAC GAMING RTX 4060 8GB TWIN EDGE OC,ZOTAC GT 1030 LP 2GB GDDR5,,ZOTAC GAMING RTX 4060 8GB TWIN EDGE OC,,,,1220,text_layer,,
4f3f8ce251354d415efe9e8c7f1b2720c0d95fa2326a3fac15a8270cb385af46,infinity,2025-03,2,CORSAIR CARBIDE SERIES 275R AIRFLOW TG WHITE,ASK,,CORSAIR CARBIDE SERIES 275R AIRFLOW TG WHITE,,,,105,text_layer,,
4f3f8ce251354d415efe9e8c7f1b2720c0d95fa2326a3fac15a8270cb385af46,infinity,2025-03,2,TECWARE VXL TG BLACK/WHITE,ASK,,TECWARE VXL TG BLACK/WHITE,,,,97,text_layer,,
4f3f8ce251354d415efe9e8c7f1b2720c0d95fa2326a3fac15a8270cb385af46,infinity,2025-03,2,SEASONIC FOCUS GX-850 WHITE -10YRS,ASK,,SEASONIC FOCUS GX-850 WHITE -10YRS,,,,238,text_layer,,
4f3f8ce251354d415efe9e8c7f1b2720c0d95fa2326a3fac15a8270cb385af46,infinity,2025-03,2,CORSAIR CARBIDE SERIES 275R TG BLACK,ASK,,CORSAIR CARBIDE SERIES 275R TG BLACK,,,,98,text_layer,,
4f3f8ce251354d415efe9e8c7f1b2720c0d95fa2326a3fac15a8270cb385af46,infinity,2025-03,2,TECWARE VXM MESH BLACK/WHITE,ASK,,TECWARE VXM MESH BLACK/WHITE,,,,69,text_layer,,
4f3f8ce251354d415efe9e8c7f1b2720c0d95fa2326a3fac15a8270cb385af46,infinity,2025-03,2,SEASONIC PRIME GX-650 650W -12YRS,ASK,,SEASONIC PRIME GX-650 650W -12YRS,,,,196,text_layer,,
4f3f8ce251354d415efe9e8c7f1b2720c0d95fa2326a3fac15a8270cb385af46,infinity,2025-03,2,ZOTAC RTX 5070 SOLID OC,ZOTAC RTX 5070 SOLID,,ZOTAC RTX 5070 SOLID OC,,,,1220,text_layer,,
4f3f8ce251354d415efe9e8c7f1b2720c0d95fa2326a3fac15a8270cb385af46,infinity,2025-03,2,CORSAIR CARBIDE SERIES 275R TG WHITE,ASK,,CORSAIR CARBIDE SERIES 275R TG WHITE,,,,98,text_layer,,
4f3f8ce251354d415efe9e8c7f1b2720c0d95fa2326a3fac15a8270cb385af46,infinity,2025-03,2,TECWARE VXM TG BLACK/WHITE,ASK,,TECWARE VXM TG BLACK/WHITE,,,,80,text_layer,,
4f3f8ce251354d415efe9e8c7f1b2720c0d95fa2326a3fac15a8270cb385af46,infinity,2025-03,2,SEASONIC PRIME GX-750 750W -12YRS,ASK,,SEASONIC PRIME GX-750 750W -12YRS,,,,226,text_layer,,
4f3f8ce251354d415efe9e8c7f1b2720c0d95fa2326a3fac15a8270cb385af46,infinity,2025-03,2,ZOTAC RTX 5070Ti SOLID OC,ZOTAC RTX 5070 SOLID,,ZOTAC RTX 5070Ti SOLID OC,,,,1220,text_layer,,
4f3f8ce251354d415efe9e8c7f1b2720c0d95fa2326a3fac15a8270cb385af46,infinity,2025-03,2,CORSAIR ICUE 220T RGB AIRFLOW TG BLACK,ASK,,CORSAIR ICUE 220T RGB AIRFLOW TG BLACK,,,,144,text_layer,,
4f3f8ce251354d415efe9e8c7f1b2720c0d95fa2326a3fac15a8270cb385af46,infinity,2025-03,2,TECWARE NEO M2 STEEL BLACK,ASK,,TECWARE NEO M2 STEEL BLACK,,,,48,text_layer,,
4f3f8ce251354d415efe9e8c7f1b2720c0d95fa2326a3fac15a8270cb385af46,infinity,2025-03,2,SEASONIC PRIME GX-850 850W -12YRS,ASK,,SEASONIC PRIME GX-850 850W -12YRS,,,,256,text_layer,,
4f3f8ce251354d415efe9e8c7f1b2720c0d95fa2326a3fac15a8270cb385af46,infinity,2025-03,2,CORSAIR ICUE 220T RGB AIRFLOW TG WHITE,ASK,,CORSAIR ICUE 220T RGB AIRFLOW TG WHITE,,,,144,text_layer,,
4f3f8ce251354d415efe9e8c7f1b2720c0d95fa2326a3fac15a8270cb385af46,infinity,2025-03,2,TECWARE NEXUS AIR M2 STEEL BLACK (STEEL PANEL),ASK,,TECWARE NEXUS AIR M2 STEEL BLACK (STEEL PANEL),,,,40,text_layer,,
4f3f8ce251354d415efe9e8c7f1b2720c0d95fa2326a3fac15a8270cb385af46,infinity,2025-03,2,SEASONIC PRIME GX-1000 1000W -12YRS,ASK,,SEASONIC PRIME GX-1000 1000W -12YRS,,,,300,text_layer,,
4f3f8ce251354d415efe9e8c7f1b2720c0d95fa2326a3fac15a8270cb385af46,infinity,2025-03,2,CORSAIR OBSIDIAN SERIES 1000D SUPER-TOWER CASE,ASK,,CORSAIR OBSIDIAN SERIES 1000D SUPER-TOWER CASE,,,,632,text_layer,,
4f3f8ce251354d415efe9e8c7f1b2720c0d95fa2326a3fac15a8270cb385af46,infinity,2025-03,2,FRACTAL DESIGN DEFINE 7 XL BLACK - SOLID PANEL,ASK,,FRACTAL DESIGN DEFINE 7 XL BLACK - SOLID PANEL,,,,294,text_layer,,
4f3f8ce251354d415efe9e8c7f1b2720c0d95fa2326a3fac15a8270cb385af46,infinity,2025-03,2,SEASONIC VERTEX GX-750 PCIE5 750W 80+GOLD,ASK,,SEASONIC VERTEX GX-750 PCIE5 750W 80+GOLD,,,,255,text_layer,,
4f3f8ce251354d415efe9e8c7f1b2720c0d95fa2326a3fac15a8270cb385af46,infinity,2025-03,2,LIAN LI V3000 PLUS,ASK,,LIAN LI V3000 PLUS,,,,555,text_layer,,
4f3f8ce251354d415efe9e8c7f1b2720c0d95fa2326a3fac15a8270cb385af46,infinity,2025-03,2,FRACTAL DESIGN DEFINE 7 XL BLACK - LIGHT TINT TG,ASK,,FRACTAL DESIGN DEFINE 7 XL BLACK - LIGHT TINT TG,,,,315,text_layer,,
4f3f8ce251354d415efe9e8c7f1b2720c0d95fa2326a3fac15a8270cb385af46,infinity,2025-03,2,SEASONIC VERTEX GX-850 PCIE5 850W 80+GOLD,ASK,,SEASONIC VERTEX GX-850 PCIE5 850W 80+GOLD,,,,296,text_layer,,
4f3f8ce251354d415efe9e8c7f1b2720c0d95fa2326a3fac15a8270cb385af46,infinity,2025-03,2,LIAN LI i O11 VISION BLACK,ASK,,LIAN LI i O11 VISION BLACK,,,,180,text_layer,,
4f3f8ce251354d415efe9e8c7f1b2720c0d95fa2326a3fac15a8270cb385af46,infinity,2025-03,2,FRACTAL DESIGN DEFINE 7 XL BLACK - DARK TINT TG,ASK,,FRACTAL DESIGN DEFINE 7 XL BLACK - DARK TINT TG,,,,315,text_layer,,
4f3f8ce251354d415efe9e8c7f1b2720c0d95fa2326a3fac15a8270cb385af46,infinity,2025-03,2,SEASONIC VERTEX GX-1000 PCIE5 1000W 80+GOLD,ASK,,SEASONIC VERTEX GX-1000 PCIE5 1000W 80+GOLD,,,,349,text_layer,,
4f3f8ce251354d415efe9e8c7f1b2720c0d95fa2326a3fac15a8270cb385af46,infinity,2025-03,2,LIAN LI O11 DYNAMIC EVO RGB BLACK,ASK,,LIAN LI O11 DYNAMIC EVO RGB BLACK,,,,212,text_layer,,
4f3f8ce251354d415efe9e8c7f1b2720c0d95fa2326a3fac15a8270cb385af46,infinity,2025-03,2,FRACTAL DESIGN DEFINE 7 BLACK SOLID,ASK,,FRACTAL DESIGN DEFINE 7 BLACK SOLID,,,,234,text_layer,,
4f3f8ce251354d415efe9e8c7f1b2720c0d95fa2326a3fac15a8270cb385af46,infinity,2025-03,2,SEASONIC VERTEX GX-1200 PCIE5 1200W 80+GOLD,ASK,,SEASONIC VERTEX GX-1200 PCIE5 1200W 80+GOLD,,,,398,text_layer,,
4f3f8ce251354d415efe9e8c7f1b2720c0d95fa2326a3fac15a8270cb385af46,infinity,2025-03,2,LIAN LI O11 DYNAMIC EVO RGB WHITE,ASK,,LIAN LI O11 DYNAMIC EVO RGB WHITE,,,,219,text_layer,,
4f3f8ce251354d415efe9e8c7f1b2720c0d95fa2326a3fac15a8270cb385af46,infinity,2025-03,2,FRACTAL DESIGN DEFINE 7 BLACK TG LIGHT / DARK TINT,ASK,,FRACTAL DESIGN DEFINE 7 BLACK TG LIGHT / DARK TINT,,,,247,text_layer,,
4f3f8ce251354d415efe9e8c7f1b2720c0d95fa2326a3fac15a8270cb385af46,infinity,2025-03,2,GIGABYTE P650B BRONZE -3YRS,ASK,,GIGABYTE P650B BRONZE -3YRS,,,,79,text_layer,,
4f3f8ce251354d415efe9e8c7f1b2720c0d95fa2326a3fac15a8270cb385af46,infinity,2025-03,2,LIAN LI O11 DYNAMIC EVO HABOR GREY,ASK,,LIAN LI O11 DYNAMIC EVO HABOR GREY,,,,219,text_layer,,
4f3f8ce251354d415efe9e8c7f1b2720c0d95fa2326a3fac15a8270cb385af46,infinity,2025-03,2,FRACTAL DESIGN DEFINE 7 WHITE TG CLEAR TINT,ASK,,FRACTAL DESIGN DEFINE 7 WHITE TG CLEAR TINT,,,,247,text_layer,,
4f3f8ce251354d415efe9e8c7f1b2720c0d95fa2326a3fac15a8270cb385af46,infinity,2025-03,2,GIGABYTE GP UD850GM PG5 - 5YRS,ASK,,GIGABYTE GP UD850GM PG5 - 5YRS,,,,196,text_layer,,
4f3f8ce251354d415efe9e8c7f1b2720c0d95fa2326a3fac15a8270cb385af46,infinity,2025-03,2,LIAN LI PC-O11 DYNAMIC XL BLACK,ASK,,LIAN LI PC-O11 DYNAMIC XL BLACK,,,,259,text_layer,,
4f3f8ce251354d415efe9e8c7f1b2720c0d95fa2326a3fac15a8270cb385af46,infinity,2025-03,2,FRACTAL DESIGN DEFINE 7 GREY TG LIGHT TINT,ASK,,FRACTAL DESIGN DEFINE 7 GREY TG LIGHT TINT,,,,247,text_layer,,
4f3f8ce251354d415efe9e8c7f1b2720c0d95fa2326a3fac15a8270cb385af46,infinity,2025-03,2,GIGABYTE GP UD1000GM PG5 - 5YRS,ASK,,GIGABYTE GP UD1000GM PG5 - 5YRS,,,,224,text_layer,,
4f3f8ce251354d415efe9e8c7f1b2720c0d95fa2326a3fac15a8270cb385af46,infinity,2025-03,2,LIAN LI PC-O11 DYNAMIC XL WHITE,ASK,,LIAN LI PC-O11 DYNAMIC XL WHITE,,,,259,text_layer,,
4f3f8ce251354d415efe9e8c7f1b2720c0d95fa2326a3fac15a8270cb385af46,infinity,2025-03,2,FRACTAL DESIGN DEFINE 7 COMPACT BLACK SOLID,ASK,,FRACTAL DESIGN DEFINE 7 COMPACT BLACK SOLID,,,,157,text_layer,,
4f3f8ce251354d415efe9e8c7f1b2720c0d95fa2326a3fac15a8270cb385af46,infinity,2025-03,2,GIGABYTE GP AP1200PM -10YRS,ASK,,GIGABYTE GP AP1200PM -10YRS,,,,383,text_layer,,
4f3f8ce251354d415efe9e8c7f1b2720c0d95fa2326a3fac15a8270cb385af46,infinity,2025-03,2,GIGABYTE RX7900XTX 24GB GAMING OC,GIGABYTE RX7900XT 20GB GAMING OC,,GIGABYTE RX7900XTX 24GB GAMING OC,,,,218,text_layer,,
4f3f8ce251354d415efe9e8c7f1b2720c0d95fa2326a3fac15a8270cb385af46,infinity,2025-03,2,LIAN LI PC-O11 DYNAMIC RAZER EDITION,ASK,,LIAN LI PC-O11 DYNAMIC RAZER EDITION,,,,229,text_layer,,
4f3f8ce251354d415efe9e8c7f1b2720c0d95fa2326a3fac15a8270cb385af46,infinity,2025-03,2,FRACTAL DESIGN DEFINE 7 COMPACT WHITE SOLID,ASK,,FRACTAL DESIGN DEFINE 7 COMPACT WHITE SOLID,,,,157,text_layer,,
4f3f8ce251354d415efe9e8c7f1b2720c0d95fa2326a3fac15a8270cb385af46,infinity,2025-03,2,GIGABYTE RX7900XTX 24GB AORUS ELITE,GIGABYTE RX7900XT 20GB GAMING OC,,GIGABYTE RX7900XTX 24GB AORUS ELITE,,,,320,text_layer,,
4f3f8ce251354d415efe9e8c7f1b2720c0d95fa2326a3fac15a8270cb385af46,infinity,2025-03,2,LIAN LI PC-O11 DYNAMIC SPACE BLACK,ASK,,LIAN LI PC-O11 DYNAMIC SPACE BLACK,,,,175,text_layer,,
4f3f8ce251354d415efe9e8c7f1b2720c0d95fa2326a3fac15a8270cb385af46,infinity,2025-03,2,FRACTAL DESIGN DEFINE 7 COMPACT BLACK TG DARK,ASK,,FRACTAL DESIGN DEFINE 7 COMPACT BLACK TG DARK,,,,173,text_layer,,
4f3f8ce251354d415efe9e8c7f1b2720c0d95fa2326a3fac15a8270cb385af46,infinity,2025-03,2,FSP HYDRO TI PRO 1000W TITANIUM(ATX 3.0 + PCIE GEN5),ASK,,FSP HYDRO TI PRO 1000W TITANIUM(ATX 3.0 + PCIE GEN5),,,,445,text_layer,,
4f3f8ce251354d415efe9e8c7f1b2720c0d95fa2326a3fac15a8270cb385af46,infinity,2025-03,2,LIAN LI PC-O11 DYNAMIC SPACE WHITE,ASK,,LIAN LI PC-O11 DYNAMIC SPACE WHITE,,,,175,text_layer,,
4f3f8ce251354d415efe9e8c7f1b2720c0d95fa2326a3fac15a8270cb385af46,infinity,2025-03,2,FRACTAL DESIGN DEFINE 7 COMPACT BLACK TG LIGHT,ASK,,FRACTAL DESIGN DEFINE 7 COMPACT BLACK TG LIGHT,,,,173,text_layer,,
4f3f8ce251354d415efe9e8c7f1b2720c0d95fa2326a3fac15a8270cb385af46,infinity,2025-03,2,"FSP HYDRO PTM PRO 1200W, 80PLUS PLATINUM FULL M",ASK,,"FSP HYDRO PTM PRO 1200W, 80PLUS PLATINUM FULL M",,,,310,text_layer,,
4f3f8ce251354d415efe9e8c7f1b2720c0d95fa2326a3fac15a8270cb385af46,infinity,2025-03,2,LIAN LI O11 DYNAMIC MINI BLACK,ASK,,LIAN LI O11 DYNAMIC MINI BLACK,,,,148,text_layer,,
4f3f8ce251354d415efe9e8c7f1b2720c0d95fa2326a3fac15a8270cb385af46,infinity,2025-03,2,FSP HV PRO 85+ 650W 80PLUS BRONZE (ATX 3.0),ASK,,FSP HV PRO 85+ 650W 80PLUS BRONZE (ATX 3.0),,,,67,text_layer,,
4f3f8ce251354d415efe9e8c7f1b2720c0d95fa2326a3fac15a8270cb385af46,infinity,2025-03,2,LIAN LI O11 DYNAMIC MINI WHITE,ASK,,LIAN LI O11 DYNAMIC MINI WHITE,,,,148,text_layer,,
4f3f8ce251354d415efe9e8c7f1b2720c0d95fa2326a3fac15a8270cb385af46,infinity,2025-03,2,FRACTAL DESIGN DEFINE 7 MINI BLACK SOLID,ASK,,FRACTAL DESIGN DEFINE 7 MINI BLACK SOLID,,,,164,text_layer,,
4f3f8ce251354d415efe9e8c7f1b2720c0d95fa2326a3fac15a8270cb385af46,infinity,2025-03,2,FSP HV PRO 85+ 550W. BLACK CABLES 80+ BRONZE,ASK,,FSP HV PRO 85+ 550W. BLACK CABLES 80+ BRONZE,,,,59,text_layer,,
4f3f8ce251354d415efe9e8c7f1b2720c0d95fa2326a3fac15a8270cb385af46,infinity,2025-03,2,LIAN LI O11 DYNAMIC MINI SNOW,ASK,,LIAN LI O11 DYNAMIC MINI SNOW,,,,161,text_layer,,
4f3f8ce251354d415efe9e8c7f1b2720c0d95fa2326a3fac15a8270cb385af46,infinity,2025-03,2,FRACTAL DESIGN DEFINE 7 MINI BLACK TG LIGHT TINT,ASK,,FRACTAL DESIGN DEFINE 7 MINI BLACK TG LIGHT TINT,,,,164,text_layer,,
4f3f8ce251354d415efe9e8c7f1b2720c0d95fa2326a3fac15a8270cb385af46,infinity,2025-03,2,FSP VITA GD 750W 80+ GOLD NON MODULAR GEN 5.1,ASK,,FSP VITA GD 750W 80+ GOLD NON MODULAR GEN 5.1,,,,120,text_layer,,
4f3f8ce251354d415efe9e8c7f1b2720c0d95fa2326a3fac15a8270cb385af46,infinity,2025-03,2,LIAN LI O11 AIR MINI BLACK,ASK,,LIAN LI O11 AIR MINI BLACK,,,,131,text_layer,,
4f3f8ce251354d415efe9e8c7f1b2720c0d95fa2326a3fac15a8270cb385af46,infinity,2025-03,2,FRACTAL DESIGN DEFINE 7 NANO BLACK SOLID,ASK,,FRACTAL DESIGN DEFINE 7 NANO BLACK SOLID,,,,147,text_layer,,
4f3f8ce251354d415efe9e8c7f1b2720c0d95fa2326a3fac15a8270cb385af46,infinity,2025-03,2,FSP VITA GD 850W 80+ GOLD NON MODULAR GEN 5.1,ASK,,FSP VITA GD 850W 80+ GOLD NON MODULAR GEN 5.1,,,,130,text_layer,,
4f3f8ce251354d415efe9e8c7f1b2720c0d95fa2326a3fac15a8270cb385af46,infinity,2025-03,2,LIAN LI O11 AIR MINI WHITE,ASK,,LIAN LI O11 AIR MINI WHITE,,,,146,text_layer,,
4f3f8ce251354d415efe9e8c7f1b2720c0d95fa2326a3fac15a8270cb385af46,infinity,2025-03,2,FRACTAL DESIGN DEFINE 7 NANO BLACK TG LIGHT TINT,ASK,,FRACTAL DESIGN DEFINE 7 NANO BLACK TG LIGHT TINT,,,,147,text_layer,,
4f3f8ce251354d415efe9e8c7f1b2720c0d95fa2326a3fac15a8270cb385af46,infinity,2025-03,2,FSP VITA GM 850W 80+ GOLD MODULAR GEN 5.1,ASK,,FSP VITA GM 850W 80+ GOLD MODULAR GEN 5.1,,,,165,text_layer,,
4f3f8ce251354d415efe9e8c7f1b2720c0d95fa2326a3fac15a8270cb385af46,infinity,2025-03,2,LIAN LI LANCOOL III RGB BLACK,ASK,,LIAN LI LANCOOL III RGB BLACK,,,,180,text_layer,,
4f3f8ce251354d415efe9e8c7f1b2720c0d95fa2326a3fac15a8270cb385af46,infinity,2025-03,2,FRACTAL DESIGN NORTH CHARCOAL BLACK,ASK,,FRACTAL DESIGN NORTH CHARCOAL BLACK,,,,222,text_layer,,
4f3f8ce251354d415efe9e8c7f1b2720c0d95fa2326a3fac15a8270cb385af46,infinity,2025-03,2,FSP VITA GM 1000W 80+ GOLD MODULAR GEN 5.1,ASK,,FSP VITA GM 1000W 80+ GOLD MODULAR GEN 5.1,,,,200,text_layer,,
4f3f8ce251354d415efe9e8c7f1b2720c0d95fa2326a3fac15a8270cb385af46,infinity,2025-03,2,LIAN LI LANCOOL III RGB WHITE,ASK,,LIAN LI LANCOOL III RGB WHITE,,,,193,text_layer,,
4f3f8ce251354d415efe9e8c7f1b2720c0d95fa2326a3fac15a8270cb385af46,infinity,2025-03,2,FSP CANNON 2000W PRO 92+ FULL MODULAR,ASK,,FSP CANNON 2000W PRO 92+ FULL MODULAR,,,,449,text_layer,,
4f3f8ce251354d415efe9e8c7f1b2720c0d95fa2326a3fac15a8270cb385af46,infinity,2025-03,2,LIAN LI LANCOOL II MESH C RGB BLACK (WITH TYPE C PORT),ASK,,LIAN LI LANCOOL II MESH C RGB BLACK (WITH TYPE C PORT),,,,145,text_layer,,
4f3f8ce251354d415efe9e8c7f1b2720c0d95fa2326a3fac15a8270cb385af46,infinity,2025-03,2,FRACTAL DESIGN NORTH CHALK WHITE,ASK,,FRACTAL DESIGN NORTH CHALK WHITE,,,,222,text_layer,,
4f3f8ce251354d415efe9e8c7f1b2720c0d95fa2326a3fac15a8270cb385af46,infinity,2025-03,2,FSP DAGGER PRO 850W 80+ GOLD SFX FULL MODULAR,ASK,,FSP DAGGER PRO 850W 80+ GOLD SFX FULL MODULAR,,,,201,text_layer,,
4f3f8ce251354d415efe9e8c7f1b2720c0d95fa2326a3fac15a8270cb385af46,infinity,2025-03,2,LIAN LI LANCOOL II MESH C RGB SNOW (WITH TYPE C PORT),ASK,,LIAN LI LANCOOL II MESH C RGB SNOW (WITH TYPE C PORT),,,,148,text_layer,,
4f3f8ce251354d415efe9e8c7f1b2720c0d95fa2326a3fac15a8270cb385af46,infinity,2025-03,2,FRACTAL DESIGN NORTH CHALK WHITE TG CLEAR TINT,ASK,,FRACTAL DESIGN NORTH CHALK WHITE TG CLEAR TINT,,,,222,text_layer,,
4f3f8ce251354d415efe9e8c7f1b2720c0d95fa2326a3fac15a8270cb385af46,infinity,2025-03,2,FSP DAGGER PRO 650W 80+ GOLD SFX FULL MODULAR,ASK,,FSP DAGGER PRO 650W 80+ GOLD SFX FULL MODULAR,,,,148,text_layer,,
4f3f8ce251354d415efe9e8c7f1b2720c0d95fa2326a3fac15a8270cb385af46,infinity,2025-03,2,LIAN LI LANCOOL II MESH C PERFORMANCE(WITH TYPE C PORT),ASK,,LIAN LI LANCOOL II MESH C PERFORMANCE(WITH TYPE C PORT),,,,145,text_layer,,
4f3f8ce251354d415efe9e8c7f1b2720c0d95fa2326a3fac15a8270cb385af46,infinity,2025-03,2,FRACTAL DESIGN TORRENT BLACK TG LIGHT TINT,ASK,,FRACTAL DESIGN TORRENT BLACK TG LIGHT TINT,,,,267,text_layer,,
4f3f8ce251354d415efe9e8c7f1b2720c0d95fa2326a3fac15a8270cb385af46,infinity,2025-03,2,NZXT C850 80+ GOLD FULL MODULAR,ASK,,NZXT C850 80+ GOLD FULL MODULAR,,,,195,text_layer,,
4f3f8ce251354d415efe9e8c7f1b2720c0d95fa2326a3fac15a8270cb385af46,infinity,2025-03,2,LIAN LI LANCOOL II BLACK,ASK,,LIAN LI LANCOOL II BLACK,,,,129,text_layer,,
4f3f8ce251354d415efe9e8c7f1b2720c0d95fa2326a3fac15a8270cb385af46,infinity,2025-03,2,FRACTAL DESIGN TORRENT GRAY TG LIGHT TINT,ASK,,FRACTAL DESIGN TORRENT GRAY TG LIGHT TINT,,,,267,text_layer,,
4f3f8ce251354d415efe9e8c7f1b2720c0d95fa2326a3fac15a8270cb385af46,infinity,2025-03,2,NZXT C1000 80+ GOLD FULL MODULAR,ASK,,NZXT C1000 80+ GOLD FULL MODULAR,,,,265,text_layer,,
4f3f8ce251354d415efe9e8c7f1b2720c0d95fa2326a3fac15a8270cb385af46,infinity,2025-03,2,LIAN LI LANCOOL II WJITE,ASK,,LIAN LI LANCOOL II WJITE,,,,129,text_layer,,
4f3f8ce251354d415efe9e8c7f1b2720c0d95fa2326a3fac15a8270cb385af46,infinity,2025-03,2,FRACTAL DESIGN TORRENT WHITE TG CLEAR TINT,ASK,,FRACTAL DESIGN TORRENT WHITE TG CLEAR TINT,,,,267,text_layer,,
4f3f8ce251354d415efe9e8c7f1b2720c0d95fa2326a3fac15a8270cb385af46,infinity,2025-03,2,NZXT C 1200W 80 PLUS GOLD FM (ATX3.0+GEN5),ASK,,NZXT C 1200W 80 PLUS GOLD FM (ATX3.0+GEN5),,,,277,text_layer,,
4f3f8ce251354d415efe9e8c7f1b2720c0d95fa2326a3fac15a8270cb385af46,infinity,2025-03,2,LIAN LI LANCOOL 216 BLACK RGB,ASK,,LIAN LI LANCOOL 216 BLACK RGB,,,,125,text_layer,,
4f3f8ce251354d415efe9e8c7f1b2720c0d95fa2326a3fac15a8270cb385af46,infinity,2025-03,2,FRACTAL DESIGN TORRENT BLACK RGB TG LIGHT TINT,ASK,,FRACTAL DESIGN TORRENT BLACK RGB TG LIGHT TINT,,,,332,text_layer,,
4f3f8ce251354d415efe9e8c7f1b2720c0d95fa2326a3fac15a8270cb385af46,infinity,2025-03,2,NZXT C 1500W 80 PLUS GOLD FM (ATX3.0+GEN5),ASK,,NZXT C 1500W 80 PLUS GOLD FM (ATX3.0+GEN5),,,,555,text_layer,,
4f3f8ce251354d415efe9e8c7f1b2720c0d95fa2326a3fac15a8270cb385af46,infinity,2025-03,2,LIANLI LANCOOL 216 WHITE RGB,ASK,,LIANLI LANCOOL 216 WHITE RGB,,,,129,text_layer,,
4f3f8ce251354d415efe9e8c7f1b2720c0d95fa2326a3fac15a8270cb385af46,infinity,2025-03,2,FRACTAL DESIGN TORRENT BLACK SOLID,ASK,,FRACTAL DESIGN TORRENT BLACK SOLID,,,,257,text_layer,,
4f3f8ce251354d415efe9e8c7f1b2720c0d95fa2326a3fac15a8270cb385af46,infinity,2025-03,2,LIAN-LI A4H2O WITH PCI-E 4.0 RISER BLACK,ASK,,LIAN-LI A4H2O WITH PCI-E 4.0 RISER BLACK,,,,201,text_layer,,
4f3f8ce251354d415efe9e8c7f1b2720c0d95fa2326a3fac15a8270cb385af46,infinity,2025-03,2,FRACTAL DESIGN TORRENT BLACK TG DARK TINT,ASK,,FRACTAL DESIGN TORRENT BLACK TG DARK TINT,,,,271,text_layer,,
4f3f8ce251354d415efe9e8c7f1b2720c0d95fa2326a3fac15a8270cb385af46,infinity,2025-03,2,MONTECH AP 750W 80PLUS,ASK,,MONTECH AP 750W 80PLUS,,,,70,text_layer,,
4f3f8ce251354d415efe9e8c7f1b2720c0d95fa2326a3fac15a8270cb385af46,infinity,2025-03,2,LIAN-LI A4H2O WITH PCI-E 4.0 RISER SILVER,ASK,,LIAN-LI A4H2O WITH PCI-E 4.0 RISER SILVER,,,,201,text_layer,,
4f3f8ce251354d415efe9e8c7f1b2720c0d95fa2326a3fac15a8270cb385af46,infinity,2025-03,2,FRACTAL DESIGN TORRENT RGB WHITE TG CLEAR TINT,ASK,,FRACTAL DESIGN TORRENT RGB WHITE TG CLEAR TINT,,,,241,text_layer,,
4f3f8ce251354d415efe9e8c7f1b2720c0d95fa2326a3fac15a8270cb385af46,infinity,2025-03,2,SUPERFLOWER ZILLION DB 80+ BRONZE 550W,ASK,,SUPERFLOWER ZILLION DB 80+ BRONZE 550W,,,,60,text_layer,,
4f3f8ce251354d415efe9e8c7f1b2720c0d95fa2326a3fac15a8270cb385af46,infinity,2025-03,2,LIAN LI Q58 BLACK WITH PCI-E 4.0 RISER,ASK,,LIAN LI Q58 BLACK WITH PCI-E 4.0 RISER,,,,188,text_layer,,
4f3f8ce251354d415efe9e8c7f1b2720c0d95fa2326a3fac15a8270cb385af46,infinity,2025-03,2,SUPERFLOWER ZILLION DB 80+ BRONZE 650W,ASK,,SUPERFLOWER ZILLION DB 80+ BRONZE 650W,,,,70,text_layer,,
4f3f8ce251354d415efe9e8c7f1b2720c0d95fa2326a3fac15a8270cb385af46,infinity,2025-03,2,LIAN LI Q58 WHITE WITH PCI-E 4.0 RISER,ASK,,LIAN LI Q58 WHITE WITH PCI-E 4.0 RISER,,,,193,text_layer,,
4f3f8ce251354d415efe9e8c7f1b2720c0d95fa2326a3fac15a8270cb385af46,infinity,2025-03,2,FRACTAL DESIGN TORRENT COMPACT RGB BLACK TG LIGHT2 3T8INTSUPERFLOWER 850W LEADEX III 80+ GOLD FM,ASK,,FRACTAL DESIGN TORRENT COMPACT RGB BLACK TG LIGHT2 3T8INTSUPERFLOWER 850W LEADEX III 80+ GOLD FM,,,,158,text_layer,,
4f3f8ce251354d415efe9e8c7f1b2720c0d95fa2326a3fac15a8270cb385af46,infinity,2025-03,2,LIAN LI TU150 PORTABLE MINI-ITX BLACK WITHOUT WINDOW,ASK,,LIAN LI TU150 PORTABLE MINI-ITX BLACK WITHOUT WINDOW,,,,152,text_layer,,
4f3f8ce251354d415efe9e8c7f1b2720c0d95fa2326a3fac15a8270cb385af46,infinity,2025-03,2,SUPERFLOWER LEADEX VI PLATINUM PRO 850W,ASK,,SUPERFLOWER LEADEX VI PLATINUM PRO 850W,,,,165,text_layer,,
4f3f8ce251354d415efe9e8c7f1b2720c0d95fa2326a3fac15a8270cb385af46,infinity,2025-03,2,LIAN LI TU150 PORTABLE MINI-ITX SILVER WITHOUT WINDOW,ASK,,LIAN LI TU150 PORTABLE MINI-ITX SILVER WITHOUT WINDOW,,,,152,text_layer,,
4f3f8ce251354d415efe9e8c7f1b2720c0d95fa2326a3fac15a8270cb385af46,infinity,2025-03,2,FRACTAL DESIGN TORRENT COMPACT BLACK SOLID,ASK,,FRACTAL DESIGN TORRENT COMPACT BLACK SOLID,,,,200,text_layer,,
4f3f8ce251354d415efe9e8c7f1b2720c0d95fa2326a3fac15a8270cb385af46,infinity,2025-03,2,SUPERFLOWER LEADEX VI PLATINUM PRO 1000W,ASK,,SUPERFLOWER LEADEX VI PLATINUM PRO 1000W,,,,220,text_layer,,
4f3f8ce251354d415efe9e8c7f1b2720c0d95fa2326a3fac15a8270cb385af46,infinity,2025-03,2,DARKFLASH HD 14 CASING,ASK,,DARKFLASH HD 14 CASING,,,,61,text_layer,,
4f3f8ce251354d415efe9e8c7f1b2720c0d95fa2326a3fac15a8270cb385af46,infinity,2025-03,2,FRACTAL DESIGN TERRA CASING,ASK,,FRACTAL DESIGN TERRA CASING,,,,278,text_layer,,
4f3f8ce251354d415efe9e8c7f1b2720c0d95fa2326a3fac15a8270cb385af46,infinity,2025-03,2,SUPERFLOWER LEADEX PLATINUM 1600W,ASK,,SUPERFLOWER LEADEX PLATINUM 1600W,,,,400,text_layer,,
4f3f8ce251354d415efe9e8c7f1b2720c0d95fa2326a3fac15a8270cb385af46,infinity,2025-03,2,DARKFLASH DLX22 WHITE,ASK,,DARKFLASH DLX22 WHITE,,,,88,text_layer,,
4f3f8ce251354d415efe9e8c7f1b2720c0d95fa2326a3fac15a8270cb385af46,infinity,2025-03,2,FRACTAL DESIGN MESHIFY 2 COMPACT BLACK SOLID,ASK,,FRACTAL DESIGN MESHIFY 2 COMPACT BLACK SOLID,,,,173,text_layer,,
4f3f8ce251354d415efe9e8c7f1b2720c0d95fa2326a3fac15a8270cb385af46,infinity,2025-03,2,SUPERFLOWER LEADEX PLATINUM SE 1200W FM,ASK,,SUPERFLOWER LEADEX PLATINUM SE 1200W FM,,,,233,text_layer,,
4f3f8ce251354d415efe9e8c7f1b2720c0d95fa2326a3fac15a8270cb385af46,infinity,2025-03,2,DARKFLASH DLX22 BLACK,ASK,,DARKFLASH DLX22 BLACK,,,,88,text_layer,,
4f3f8ce251354d415efe9e8c7f1b2720c0d95fa2326a3fac15a8270cb385af46,infinity,2025-03,2,SUPERFLOWER LEADEX PLATINUM 2000W FULL M,ASK,,SUPERFLOWER LEADEX PLATINUM 2000W FULL M,,,,500,text_layer,,
4f3f8ce251354d415efe9e8c7f1b2720c0d95fa2326a3fac15a8270cb385af46,infinity,2025-03,2,DARKFLASH DLV22 BLACK,ASK,,DARKFLASH DLV22 BLACK,,,,94,text_layer,,
4f3f8ce251354d415efe9e8c7f1b2720c0d95fa2326a3fac15a8270cb385af46,infinity,2025-03,2,THERMALRIGHT TG 1000W 80+ GOLD FM (ATX3.0),ASK,,THERMALRIGHT TG 1000W 80+ GOLD FM (ATX3.0),,,,175,text_layer,,
4f3f8ce251354d415efe9e8c7f1b2720c0d95fa2326a3fac15a8270cb385af46,infinity,2025-03,2,DARKFLASH DLH21 WHITE,ASK,,DARKFLASH DLH21 WHITE,,,,110,text_layer,,
4f3f8ce251354d415efe9e8c7f1b2720c0d95fa2326a3fac15a8270cb385af46,infinity,2025-03,2,THERMALRIGHT TG 1200W 80+ GOLD FM (ATX3.0),ASK,,THERMALRIGHT TG 1200W 80+ GOLD FM (ATX3.0),,,,205,text_layer,,
4f3f8ce251354d415efe9e8c7f1b2720c0d95fa2326a3fac15a8270cb385af46,infinity,2025-03,2,DARKFLASH DLH21 PINK,ASK,,DARKFLASH DLH21 PINK,,,,110,text_layer,,
4f3f8ce251354d415efe9e8c7f1b2720c0d95fa2326a3fac15a8270cb385af46,infinity,2025-03,2,THERMALRIGHT SG 650W 80+ GOLD NO MODULAR B/W,ASK,,THERMALRIGHT SG 650W 80+ GOLD NO MODULAR B/W,,,,95,text_layer,,
4f3f8ce251354d415efe9e8c7f1b2720c0d95fa2326a3fac15a8270cb385af46,infinity,2025-03,2,DARKFLASH DLV22 WHITE,ASK,,DARKFLASH DLV22 WHITE,,,,92,text_layer,,
4f3f8ce251354d415efe9e8c7f1b2720c0d95fa2326a3fac15a8270cb385af46,infinity,2025-03,2,FRACTAL DESIGN MESHIFY 2 COMPACT RGB BLACK TG LIGH20T8 TINTHT ERMALRIGHT SG 750W 80+ GOLD NO MODULAR B/W,ASK,,FRACTAL DESIGN MESHIFY 2 COMPACT RGB BLACK TG LIGH20T8 TINTHT ERMALRIGHT SG 750W 80+ GOLD NO MODULAR B/W,,,,115,text_layer,,
4f3f8ce251354d415efe9e8c7f1b2720c0d95fa2326a3fac15a8270cb385af46,infinity,2025-03,2,BE QUIET! DARK BASE 700 TG BLACK,ASK,,BE QUIET! DARK BASE 700 TG BLACK,,,,243,text_layer,,
4f3f8ce251354d415efe9e8c7f1b2720c0d95fa2326a3fac15a8270cb385af46,infinity,2025-03,2,FRACTAL DESIGN MESHIFY 2 COMPACT RGB WHITE TG CLE2A0R8 TITNHTE RMALRIGHT SG 850W 80+ GOLD NO MODULAR B/W,ASK,,FRACTAL DESIGN MESHIFY 2 COMPACT RGB WHITE TG CLE2A0R8 TITNHTE RMALRIGHT SG 850W 80+ GOLD NO MODULAR B/W,,,,119,text_layer,,
4f3f8ce251354d415efe9e8c7f1b2720c0d95fa2326a3fac15a8270cb385af46,infinity,2025-03,2,"BE QUIET! PURE BASE 600 ATX, SOLID SIDE PANEL BLACK",ASK,,"BE QUIET! PURE BASE 600 ATX, SOLID SIDE PANEL BLACK",,,,94,text_layer,,
4f3f8ce251354d415efe9e8c7f1b2720c0d95fa2326a3fac15a8270cb385af46,infinity,2025-03,2,FRACTAL DESIGN POP AIR RGB WHITE TG CLEAR TINT,ASK,,FRACTAL DESIGN POP AIR RGB WHITE TG CLEAR TINT,,,,141,text_layer,,
4f3f8ce251354d415efe9e8c7f1b2720c0d95fa2326a3fac15a8270cb385af46,infinity,2025-03,2,THERMALRIGHT SG 650W 80+ GOLD FM (ATX3.1),ASK,,THERMALRIGHT SG 650W 80+ GOLD FM (ATX3.1),,,,108,text_layer,,
4f3f8ce251354d415efe9e8c7f1b2720c0d95fa2326a3fac15a8270cb385af46,infinity,2025-03,2,THERMALRIGHT SFX 650W 80+ GOLD FM BLK / WHITE,ASK,,THERMALRIGHT SFX 650W 80+ GOLD FM BLK / WHITE,,,,138,text_layer,,
4f3f8ce251354d415efe9e8c7f1b2720c0d95fa2326a3fac15a8270cb385af46,infinity,2025-03,2,THERMALRIGHT SFX 850W 80+ GOLD FM BLK / WHITE,ASK,,THERMALRIGHT SFX 850W 80+ GOLD FM BLK / WHITE,,,,168,text_layer,,
4f3f8ce251354d415efe9e8c7f1b2720c0d95fa2326a3fac15a8270cb385af46,infinity,2025-03,2,FRACTAL DESIGN POP AIR RGB BLACK TG CLEAR TINT,ASK,,FRACTAL DESIGN POP AIR RGB BLACK TG CLEAR TINT,,,,141,text_layer,,
4f3f8ce251354d415efe9e8c7f1b2720c0d95fa2326a3fac15a8270cb385af46,infinity,2025-03,2,MSI MAG A750GL PCIE5.,ASK,,MSI MAG A750GL PCIE5.,,,,140,text_layer,,
4f3f8ce251354d415efe9e8c7f1b2720c0d95fa2326a3fac15a8270cb385af46,infinity,2025-03,2,FRACTAL DESIGN FRACTAL DESIGN RIDGE BLACK MITX,ASK,,FRACTAL DESIGN FRACTAL DESIGN RIDGE BLACK MITX,,,,210,text_layer,,
4f3f8ce251354d415efe9e8c7f1b2720c0d95fa2326a3fac15a8270cb385af46,infinity,2025-03,2,MSI MAG A850GL PCIE5,ASK,,MSI MAG A850GL PCIE5,,,,168,text_layer,,
4f3f8ce251354d415efe9e8c7f1b2720c0d95fa2326a3fac15a8270cb385af46,infinity,2025-03,2,FRACTAL DESIGN FRACTAL DESIGN RIDGE WHITE MITX,ASK,,FRACTAL DESIGN FRACTAL DESIGN RIDGE WHITE MITX,,,,210,text_layer,,
4f3f8ce251354d415efe9e8c7f1b2720c0d95fa2326a3fac15a8270cb385af46,infinity,2025-03,2,MSI MPG A1000G PCIE5,ASK,,MSI MPG A1000G PCIE5,,,,275,text_layer,,
4f3f8ce251354d415efe9e8c7f1b2720c0d95fa2326a3fac15a8270cb385af46,infinity,2025-03,3,LOGITECH MK120 WIRED COMBO,,,LOGITECH MK120 WIRED COMBO,,,,24,text_layer,,
4f3f8ce251354d415efe9e8c7f1b2720c0d95fa2326a3fac15a8270cb385af46,infinity,2025-03,3,"DEEPCOOL LE520 AIO 2 X ARGB FAN, 220W TDP",LOGITECH,,"DEEPCOOL LE520 AIO 2 X ARGB FAN, 220W TDP",,,,99,text_layer,,
4f3f8ce251354d415efe9e8c7f1b2720c0d95fa2326a3fac15a8270cb385af46,infinity,2025-03,3,SYNOLOGY DS223 2 BAY,CASE FANS,,SYNOLOGY DS223 2 BAY,,,,368,text_layer,,
4f3f8ce251354d415efe9e8c7f1b2720c0d95fa2326a3fac15a8270cb385af46,infinity,2025-03,3,D-LINK DES-1005C 5-PORT 10/100MBPS,DLINK WIFI NETWORKING,,D-LINK DES-1005C 5-PORT 10/100MBPS,,,,11,text_layer,,
4f3f8ce251354d415efe9e8c7f1b2720c0d95fa2326a3fac15a8270cb385af46,infinity,2025-03,3,LOGITECH MK200 WIRED COMBO Multimedia,,,LOGITECH MK200 WIRED COMBO Multimedia,,,,27,text_layer,,
4f3f8ce251354d415efe9e8c7f1b2720c0d95fa2326a3fac15a8270cb385af46,infinity,2025-03,3,ASUS TUF GAMING TF120 ARGB FAN - WHITE (2Y),AIO CPU COOLER,,ASUS TUF GAMING TF120 ARGB FAN - WHITE (2Y),,,,35,text_layer,,
4f3f8ce251354d415efe9e8c7f1b2720c0d95fa2326a3fac15a8270cb385af46,infinity,2025-03,3,SYNOLOGY DS224+ 2 BAY,NAS STORAGE,,SYNOLOGY DS224+ 2 BAY,,,,442,text_layer,,
4f3f8ce251354d415efe9e8c7f1b2720c0d95fa2326a3fac15a8270cb385af46,infinity,2025-03,3,D-LINK DES-1008C 8-PORT 10/100MBPS,DLINK WIFI NETWORKING,,D-LINK DES-1008C 8-PORT 10/100MBPS,,,,17,text_layer,,
4f3f8ce251354d415efe9e8c7f1b2720c0d95fa2326a3fac15a8270cb385af46,infinity,2025-03,3,LOGITECH MK220 WIRELESS COMBO,,,LOGITECH MK220 WIRELESS COMBO,,,,31,text_layer,,
4f3f8ce251354d415efe9e8c7f1b2720c0d95fa2326a3fac15a8270cb385af46,infinity,2025-03,3,ASUS TUF GAMING TF120 ARGB 3IN1 FAN (2Y),AIO CPU COOLER,,ASUS TUF GAMING TF120 ARGB 3IN1 FAN (2Y),,,,83,text_layer,,
4f3f8ce251354d415efe9e8c7f1b2720c0d95fa2326a3fac15a8270cb385af46,infinity,2025-03,3,SYNOLOGY DS720 2 BAY,CASE FANS,,SYNOLOGY DS720 2 BAY,,,,665,text_layer,,
4f3f8ce251354d415efe9e8c7f1b2720c0d95fa2326a3fac15a8270cb385af46,infinity,2025-03,3,D-LINK DGS-105GL 5 PORT GIGABIT ME,DLINK WIFI NETWORKING,,D-LINK DGS-105GL 5 PORT GIGABIT ME,,,,22,text_layer,,
4f3f8ce251354d415efe9e8c7f1b2720c0d95fa2326a3fac15a8270cb385af46,infinity,2025-03,3,LOGITECH MK270R WIRELESS COMBO,,,LOGITECH MK270R WIRELESS COMBO,,,,37,text_layer,,
4f3f8ce251354d415efe9e8c7f1b2720c0d95fa2326a3fac15a8270cb385af46,infinity,2025-03,3,SYNOLOGY DS723+ 2 BAY,ASK,,SYNOLOGY DS723+ 2 BAY,,,,648,text_layer,,
4f3f8ce251354d415efe9e8c7f1b2720c0d95fa2326a3fac15a8270cb385af46,infinity,2025-03,3,D-LINK DGS-108GL 8 PORT GIGABIT ME,DLINK WIFI NETWORKING,,D-LINK DGS-108GL 8 PORT GIGABIT ME,,,,32,text_layer,,
4f3f8ce251354d415efe9e8c7f1b2720c0d95fa2326a3fac15a8270cb385af46,infinity,2025-03,3,LOGITECH MK295 SILENT WIRELESS COMB,,,LOGITECH MK295 SILENT WIRELESS COMB,,,,41,text_layer,,
4f3f8ce251354d415efe9e8c7f1b2720c0d95fa2326a3fac15a8270cb385af46,infinity,2025-03,3,"DEEPCOOL LS720, 360MM AIO, 3 X FC120 ARGB FAN",LOGITECH,,"DEEPCOOL LS720, 360MM AIO, 3 X FC120 ARGB FAN",,,,188,text_layer,,
4f3f8ce251354d415efe9e8c7f1b2720c0d95fa2326a3fac15a8270cb385af46,infinity,2025-03,3,ASUS ROG STRIX XF120 PWN FAN (5Y),AIO CPU COOLER,,ASUS ROG STRIX XF120 PWN FAN (5Y),,,,36,text_layer,,
4f3f8ce251354d415efe9e8c7f1b2720c0d95fa2326a3fac15a8270cb385af46,infinity,2025-03,3,SYNOLOGY DS423 4 BAY,ASK,,SYNOLOGY DS423 4 BAY,,,,514,text_layer,,
4f3f8ce251354d415efe9e8c7f1b2720c0d95fa2326a3fac15a8270cb385af46,infinity,2025-03,3,D-LINK DGS-1005A 5-PORT 10/100/100,DLINK WIFI NETWORKING,,D-LINK DGS-1005A 5-PORT 10/100/100,,,,25,text_layer,,
4f3f8ce251354d415efe9e8c7f1b2720c0d95fa2326a3fac15a8270cb385af46,infinity,2025-03,3,LOGITECH MK345 WIRELESS COMBO,,,LOGITECH MK345 WIRELESS COMBO,,,,45,text_layer,,
4f3f8ce251354d415efe9e8c7f1b2720c0d95fa2326a3fac15a8270cb385af46,infinity,2025-03,3,"DEEPCOOL LE720 AIO 3 X ARGB FAN, 250W TDP",LOGITECH,,"DEEPCOOL LE720 AIO 3 X ARGB FAN, 250W TDP",,,,121,text_layer,,
4f3f8ce251354d415efe9e8c7f1b2720c0d95fa2326a3fac15a8270cb385af46,infinity,2025-03,3,ARCTIC BIONIX P120 ARGB,AIO CPU COOLER,,ARCTIC BIONIX P120 ARGB,,,,36,text_layer,,
4f3f8ce251354d415efe9e8c7f1b2720c0d95fa2326a3fac15a8270cb385af46,infinity,2025-03,3,SYNOLOGY DS420+ 4 BAY,ASK,,SYNOLOGY DS420+ 4 BAY,,,,647,text_layer,,
4f3f8ce251354d415efe9e8c7f1b2720c0d95fa2326a3fac15a8270cb385af46,infinity,2025-03,3,D-LINK DGS-1008A 8-PORT 10/100/100,DLINK WIFI NETWORKING,,D-LINK DGS-1008A 8-PORT 10/100/100,,,,28,text_layer,,
4f3f8ce251354d415efe9e8c7f1b2720c0d95fa2326a3fac15a8270cb385af46,infinity,2025-03,3,LOGITECH MK545 ADVANCED WIRELESS,,,LOGITECH MK545 ADVANCED WIRELESS,,,,72,text_layer,,
4f3f8ce251354d415efe9e8c7f1b2720c0d95fa2326a3fac15a8270cb385af46,infinity,2025-03,3,"DEEPCOOL LT520 WHITE, 240MM AIO, 2 X FK120",LOGITECH,,"DEEPCOOL LT520 WHITE, 240MM AIO, 2 X FK120",,,,122,text_layer,,
4f3f8ce251354d415efe9e8c7f1b2720c0d95fa2326a3fac15a8270cb385af46,infinity,2025-03,3,"ARCTIC F12 PWM, 4 PIN, BLACK",AIO CPU COOLER,,"ARCTIC F12 PWM, 4 PIN, BLACK",,,,14,text_layer,,
4f3f8ce251354d415efe9e8c7f1b2720c0d95fa2326a3fac15a8270cb385af46,infinity,2025-03,3,SYNOLOGY DS423+ 4 BAY,ASK,,SYNOLOGY DS423+ 4 BAY,,,,657,text_layer,,
4f3f8ce251354d415efe9e8c7f1b2720c0d95fa2326a3fac15a8270cb385af46,infinity,2025-03,3,D-LINK DGS-1005P 5-PORT GIGABIT ME,DLINK WIFI NETWORKING,,D-LINK DGS-1005P 5-PORT GIGABIT ME,,,,64,text_layer,,
4f3f8ce251354d415efe9e8c7f1b2720c0d95fa2326a3fac15a8270cb385af46,infinity,2025-03,3,LOGITECH MK850 PERFORMANCE WIRELESS,,,LOGITECH MK850 PERFORMANCE WIRELESS,,,,118,text_layer,,
4f3f8ce251354d415efe9e8c7f1b2720c0d95fa2326a3fac15a8270cb385af46,infinity,2025-03,3,"ARCTIC F14 PWM, 4 PIN",AIO CPU COOLER,,"ARCTIC F14 PWM, 4 PIN",,,,16,text_layer,,
4f3f8ce251354d415efe9e8c7f1b2720c0d95fa2326a3fac15a8270cb385af46,infinity,2025-03,3,SYNOLOGY DS923+ 4 BAY,ASK,,SYNOLOGY DS923+ 4 BAY,,,,806,text_layer,,
4f3f8ce251354d415efe9e8c7f1b2720c0d95fa2326a3fac15a8270cb385af46,infinity,2025-03,3,D-LINK DGS-1008P 8-PORT UTP POE 10,DLINK WIFI NETWORKING,,D-LINK DGS-1008P 8-PORT UTP POE 10,,,,94,text_layer,,
4f3f8ce251354d415efe9e8c7f1b2720c0d95fa2326a3fac15a8270cb385af46,infinity,2025-03,3,LOGITECH BCC950 WEBCAM & SPEAKER,,,LOGITECH BCC950 WEBCAM & SPEAKER,,,,285,text_layer,,
4f3f8ce251354d415efe9e8c7f1b2720c0d95fa2326a3fac15a8270cb385af46,infinity,2025-03,3,"DEEPCOOL LT720 WHITE, 360MM AIO, 3 X FK120",LOGITECH,,"DEEPCOOL LT720 WHITE, 360MM AIO, 3 X FK120",,,,158,text_layer,,
4f3f8ce251354d415efe9e8c7f1b2720c0d95fa2326a3fac15a8270cb385af46,infinity,2025-03,3,"ARCTIC F14 PWM, 4 PIN (BLACK)",AIO CPU COOLER,,"ARCTIC F14 PWM, 4 PIN (BLACK)",,,,20,text_layer,,
4f3f8ce251354d415efe9e8c7f1b2720c0d95fa2326a3fac15a8270cb385af46,infinity,2025-03,3,SYNOLOGY DS1522+ 5 BAY,ASK,,SYNOLOGY DS1522+ 5 BAY,,,,974,text_layer,,
4f3f8ce251354d415efe9e8c7f1b2720c0d95fa2326a3fac15a8270cb385af46,infinity,2025-03,3,D-LINK DGS-1008MP 8-PORT UTP 802.3,DLINK WIFI NETWORKING,,D-LINK DGS-1008MP 8-PORT UTP 802.3,,,,295,text_layer,,
4f3f8ce251354d415efe9e8c7f1b2720c0d95fa2326a3fac15a8270cb385af46,infinity,2025-03,3,LOGITECH CONFERENCECAM CONNECT,,,LOGITECH CONFERENCECAM CONNECT,,,,500,text_layer,,
4f3f8ce251354d415efe9e8c7f1b2720c0d95fa2326a3fac15a8270cb385af46,infinity,2025-03,3,ARCTIC F8 PWM PST (BLACK),AIO CPU COOLER,,ARCTIC F8 PWM PST (BLACK),,,,12,text_layer,,
4f3f8ce251354d415efe9e8c7f1b2720c0d95fa2326a3fac15a8270cb385af46,infinity,2025-03,3,1254 D-LINK DGS-1016S D-LINK DGS-1016S,NAS STORAGE,,1254 D-LINK DGS-1016S D-LINK DGS-1016S,,,,94,text_layer,,
4f3f8ce251354d415efe9e8c7f1b2720c0d95fa2326a3fac15a8270cb385af46,infinity,2025-03,3,LOGITECH P710e MOBILE SPEAKERPHONE,,,LOGITECH P710e MOBILE SPEAKERPHONE,,,,167,text_layer,,
4f3f8ce251354d415efe9e8c7f1b2720c0d95fa2326a3fac15a8270cb385af46,infinity,2025-03,3,DEEPCOOL LS520S ZERO DARK,LOGITECH,,DEEPCOOL LS520S ZERO DARK,,,,110,text_layer,,
4f3f8ce251354d415efe9e8c7f1b2720c0d95fa2326a3fac15a8270cb385af46,infinity,2025-03,3,"ARCTIC F9 FAN, PWM",AIO CPU COOLER,,"ARCTIC F9 FAN, PWM",,,,81,text_layer,,
4f3f8ce251354d415efe9e8c7f1b2720c0d95fa2326a3fac15a8270cb385af46,infinity,2025-03,3,1418 D-LINK DGS-1016D 16-PORT 10/100/10,NAS STORAGE,,1418 D-LINK DGS-1016D 16-PORT 10/100/10,,,,125,text_layer,,
4f3f8ce251354d415efe9e8c7f1b2720c0d95fa2326a3fac15a8270cb385af46,infinity,2025-03,3,LOGITECH C270 HD WEBCAM,,,LOGITECH C270 HD WEBCAM,,,,37,text_layer,,
4f3f8ce251354d415efe9e8c7f1b2720c0d95fa2326a3fac15a8270cb385af46,infinity,2025-03,3,DEEPCOOL LS720S ZERO DARK,LOGITECH,,DEEPCOOL LS720S ZERO DARK,,,,132,text_layer,,
4f3f8ce251354d415efe9e8c7f1b2720c0d95fa2326a3fac15a8270cb385af46,infinity,2025-03,3,ARCTIC P12 PWM PST (BLACK),AIO CPU COOLER,,ARCTIC P12 PWM PST (BLACK),,,,14,text_layer,,
4f3f8ce251354d415efe9e8c7f1b2720c0d95fa2326a3fac15a8270cb385af46,infinity,2025-03,3,SYNOLOGY DX517 EXPANSION BAY,SYNOLOGY DS1821+ 8 BAY,,SYNOLOGY DX517 EXPANSION BAY,,,,798,text_layer,,
4f3f8ce251354d415efe9e8c7f1b2720c0d95fa2326a3fac15a8270cb385af46,infinity,2025-03,3,D-LINK DGS-1016C D-LINK DGS-1016C,DLINK WIFI NETWORKING,,D-LINK DGS-1016C D-LINK DGS-1016C,,,,125,text_layer,,
4f3f8ce251354d415efe9e8c7f1b2720c0d95fa2326a3fac15a8270cb385af46,infinity,2025-03,3,LOGITECH C310 HD WEBCAM,,,LOGITECH C310 HD WEBCAM,,,,42,text_layer,,
4f3f8ce251354d415efe9e8c7f1b2720c0d95fa2326a3fac15a8270cb385af46,infinity,2025-03,3,DEEPCOOL CASTLE 360EX AIO BLACK,LOGITECH,,DEEPCOOL CASTLE 360EX AIO BLACK,,,,156,text_layer,,
4f3f8ce251354d415efe9e8c7f1b2720c0d95fa2326a3fac15a8270cb385af46,infinity,2025-03,3,ARCTIC P12 PWM PST ARGB (WHITE) - 3 PACK,AIO CPU COOLER,,ARCTIC P12 PWM PST ARGB (WHITE) - 3 PACK,,,,59,text_layer,,
4f3f8ce251354d415efe9e8c7f1b2720c0d95fa2326a3fac15a8270cb385af46,infinity,2025-03,3,1215 D-LINK DGS-1024D 24-PORT 10/100/10,NAS STORAGE,,1215 D-LINK DGS-1024D 24-PORT 10/100/10,,,,185,text_layer,,
4f3f8ce251354d415efe9e8c7f1b2720c0d95fa2326a3fac15a8270cb385af46,infinity,2025-03,3,LOGITECH C505 HD WEBCAM,,,LOGITECH C505 HD WEBCAM,,,,60,text_layer,,
4f3f8ce251354d415efe9e8c7f1b2720c0d95fa2326a3fac15a8270cb385af46,infinity,2025-03,3,DEEPCOOL CASTLE 360EX WHITE,LOGITECH,,DEEPCOOL CASTLE 360EX WHITE,,,,156,text_layer,,
4f3f8ce251354d415efe9e8c7f1b2720c0d95fa2326a3fac15a8270cb385af46,infinity,2025-03,3,ARCTIC P14 PWM (WHITE/WHITE) 4 PIN,AIO CPU COOLER,,ARCTIC P14 PWM (WHITE/WHITE) 4 PIN,,,,20,text_layer,,
4f3f8ce251354d415efe9e8c7f1b2720c0d95fa2326a3fac15a8270cb385af46,infinity,2025-03,3,ASUSTOR AS3302T 2GB 2-BAY NAS,SYNOLOGY RS422+ RACK,,ASUSTOR AS3302T 2GB 2-BAY NAS,,,,344,text_layer,,
4f3f8ce251354d415efe9e8c7f1b2720c0d95fa2326a3fac15a8270cb385af46,infinity,2025-03,3,D-LINK DGS-1024C 24-PORT 10/100/10,DLINK WIFI NETWORKING,,D-LINK DGS-1024C 24-PORT 10/100/10,,,,185,text_layer,,
4f3f8ce251354d415efe9e8c7f1b2720c0d95fa2326a3fac15a8270cb385af46,infinity,2025-03,3,LOGITECH C920 HD PRO FULL HD WEBCAM,,,LOGITECH C920 HD PRO FULL HD WEBCAM,,,,144,text_layer,,
4f3f8ce251354d415efe9e8c7f1b2720c0d95fa2326a3fac15a8270cb385af46,infinity,2025-03,3,EVGA CLC360 AIO 360MM COOLER (AM5),LOGITECH,,EVGA CLC360 AIO 360MM COOLER (AM5),,,,110,text_layer,,
4f3f8ce251354d415efe9e8c7f1b2720c0d95fa2326a3fac15a8270cb385af46,infinity,2025-03,3,ARCTIC P14 PWM PST (BLACK),AIO CPU COOLER,,ARCTIC P14 PWM PST (BLACK),,,,18,text_layer,,
4f3f8ce251354d415efe9e8c7f1b2720c0d95fa2326a3fac15a8270cb385af46,infinity,2025-03,3,ASUSTOR AS3304T 2GB 4-BAY NAS,SYNOLOGY RS422+ RACK,,ASUSTOR AS3304T 2GB 4-BAY NAS,,,,478,text_layer,,
4f3f8ce251354d415efe9e8c7f1b2720c0d95fa2326a3fac15a8270cb385af46,infinity,2025-03,3,D-LINK DWA-121 N150 WIRELESS PICO,DLINK WIFI NETWORKING,,D-LINK DWA-121 N150 WIRELESS PICO,,,,12,text_layer,,
4f3f8ce251354d415efe9e8c7f1b2720c0d95fa2326a3fac15a8270cb385af46,infinity,2025-03,3,LOGITECH BRIO 300 FULL HD WEBCAM,,,LOGITECH BRIO 300 FULL HD WEBCAM,,,,79,text_layer,,
4f3f8ce251354d415efe9e8c7f1b2720c0d95fa2326a3fac15a8270cb385af46,infinity,2025-03,3,EVGA CLC AIO 280MM COOLER (AM5),LOGITECH,,EVGA CLC AIO 280MM COOLER (AM5),,,,69,text_layer,,
4f3f8ce251354d415efe9e8c7f1b2720c0d95fa2326a3fac15a8270cb385af46,infinity,2025-03,3,ARCTIC P14 PWM PST ARGB (BLACK),AIO CPU COOLER,,ARCTIC P14 PWM PST ARGB (BLACK),,,,23,text_layer,,
4f3f8ce251354d415efe9e8c7f1b2720c0d95fa2326a3fac15a8270cb385af46,infinity,2025-03,3,ASUSTOR AS1102T 1GB 2-BAY NAS,SYNOLOGY RS422+ RACK,,ASUSTOR AS1102T 1GB 2-BAY NAS,,,,264,text_layer,,
4f3f8ce251354d415efe9e8c7f1b2720c0d95fa2326a3fac15a8270cb385af46,infinity,2025-03,3,D-LINK DWA-123 150MBPS WIRELESS-15,DLINK WIFI NETWORKING,,D-LINK DWA-123 150MBPS WIRELESS-15,,,,14,text_layer,,
4f3f8ce251354d415efe9e8c7f1b2720c0d95fa2326a3fac15a8270cb385af46,infinity,2025-03,3,LOGITECH BRIO 500 FULL HD WEBCAM,,,LOGITECH BRIO 500 FULL HD WEBCAM,,,,152,text_layer,,
4f3f8ce251354d415efe9e8c7f1b2720c0d95fa2326a3fac15a8270cb385af46,infinity,2025-03,3,EVGA CLC AIO 240MM COOLER (AM5),LOGITECH,,EVGA CLC AIO 240MM COOLER (AM5),,,,75,text_layer,,
4f3f8ce251354d415efe9e8c7f1b2720c0d95fa2326a3fac15a8270cb385af46,infinity,2025-03,3,ARCTIC P12 PWM PST (WHITE),AIO CPU COOLER,,ARCTIC P12 PWM PST (WHITE),,,,14,text_layer,,
4f3f8ce251354d415efe9e8c7f1b2720c0d95fa2326a3fac15a8270cb385af46,infinity,2025-03,3,ASUSTOR AS6602T 4GB 2-BAY NAS,SYNOLOGY RS422+ RACK,,ASUSTOR AS6602T 4GB 2-BAY NAS,,,,352,text_layer,,
4f3f8ce251354d415efe9e8c7f1b2720c0d95fa2326a3fac15a8270cb385af46,infinity,2025-03,3,D-LINK DWA-131 WIRELESS N300 NANO,DLINK WIFI NETWORKING,,D-LINK DWA-131 WIRELESS N300 NANO,,,,28,text_layer,,
4f3f8ce251354d415efe9e8c7f1b2720c0d95fa2326a3fac15a8270cb385af46,infinity,2025-03,3,LOGITECH C922 PRO STREAM FULL HD WE,,,LOGITECH C922 PRO STREAM FULL HD WE,,,,167,text_layer,,
4f3f8ce251354d415efe9e8c7f1b2720c0d95fa2326a3fac15a8270cb385af46,infinity,2025-03,3,ID-COOLING ZOOMFLOW 240XT ARGB WHITE AIO COOALSEKR ARCTIC P12 PWM PST ARGB (BLACK) - 3 PACK,LOGITECH,,ID-COOLING ZOOMFLOW 240XT ARGB WHITE AIO COOALSEKR ARCTIC P12 PWM PST ARGB (BLACK) - 3 PACK,,,,59,text_layer,,
4f3f8ce251354d415efe9e8c7f1b2720c0d95fa2326a3fac15a8270cb385af46,infinity,2025-03,3,ASUSTOR AS1104T 1GB 4-BAY NAS,SYNOLOGY RS422+ RACK,,ASUSTOR AS1104T 1GB 4-BAY NAS,,,,397,text_layer,,
4f3f8ce251354d415efe9e8c7f1b2720c0d95fa2326a3fac15a8270cb385af46,infinity,2025-03,3,D-LINK DWA-171 WIRELESS AC600 DUAL,DLINK WIFI NETWORKING,,D-LINK DWA-171 WIRELESS AC600 DUAL,,,,34,text_layer,,
4f3f8ce251354d415efe9e8c7f1b2720c0d95fa2326a3fac15a8270cb385af46,infinity,2025-03,3,LOGITECH BRIO 4K WEBCAM WITH HDR,,,LOGITECH BRIO 4K WEBCAM WITH HDR,,,,264,text_layer,,
4f3f8ce251354d415efe9e8c7f1b2720c0d95fa2326a3fac15a8270cb385af46,infinity,2025-03,3,ARCTIC P12 SLIM PWM PST,ASK,,ARCTIC P12 SLIM PWM PST,,,,16,text_layer,,
4f3f8ce251354d415efe9e8c7f1b2720c0d95fa2326a3fac15a8270cb385af46,infinity,2025-03,3,ASUSTOR AS4002T,SYNOLOGY RS422+ RACK,,ASUSTOR AS4002T,,,,388,text_layer,,
4f3f8ce251354d415efe9e8c7f1b2720c0d95fa2326a3fac15a8270cb385af46,infinity,2025-03,3,D-LINK DWA-172 WIRELESS AC600 DUAL,DLINK WIFI NETWORKING,,D-LINK DWA-172 WIRELESS AC600 DUAL,,,,44,text_layer,,
4f3f8ce251354d415efe9e8c7f1b2720c0d95fa2326a3fac15a8270cb385af46,infinity,2025-03,3,LOGITECH MX MASTER 2S WIRELESS MOUS,,,LOGITECH MX MASTER 2S WIRELESS MOUS,,,,99,text_layer,,
4f3f8ce251354d415efe9e8c7f1b2720c0d95fa2326a3fac15a8270cb385af46,infinity,2025-03,3,ID-COOLING ZOOMFLOW 360XT WHITE ARGB AIO COOL8E3R ID-COOLING ZF12025 YELLOW PWM FAN,ID-COOLING ZOOMFLOW 240XT ARGB AIO COOLER,,ID-COOLING ZOOMFLOW 360XT WHITE ARGB AIO COOL8E3R ID-COOLING ZF12025 YELLOW PWM FAN,,,,10,text_layer,,
4f3f8ce251354d415efe9e8c7f1b2720c0d95fa2326a3fac15a8270cb385af46,infinity,2025-03,3,QNAP QN-TS-233 2-BAY,SYNOLOGY RS422+ RACK,,QNAP QN-TS-233 2-BAY,,,,358,text_layer,,
4f3f8ce251354d415efe9e8c7f1b2720c0d95fa2326a3fac15a8270cb385af46,infinity,2025-03,3,D-LINK DWA-181 AC1300 MU-MIMO WI-F,DLINK WIFI NETWORKING,,D-LINK DWA-181 AC1300 MU-MIMO WI-F,,,,38,text_layer,,
4f3f8ce251354d415efe9e8c7f1b2720c0d95fa2326a3fac15a8270cb385af46,infinity,2025-03,3,LOGITECH MX MASTER 3S WIRELESS MOUS,,,LOGITECH MX MASTER 3S WIRELESS MOUS,,,,106,text_layer,,
4f3f8ce251354d415efe9e8c7f1b2720c0d95fa2326a3fac15a8270cb385af46,infinity,2025-03,3,ID-COOLING ZF12025 MINT PWM FAN,ASK,,ID-COOLING ZF12025 MINT PWM FAN,,,,10,text_layer,,
4f3f8ce251354d415efe9e8c7f1b2720c0d95fa2326a3fac15a8270cb385af46,infinity,2025-03,3,QNAP QN-TS-251+-2G 2-BAY NAS,SYNOLOGY RS422+ RACK,,QNAP QN-TS-251+-2G 2-BAY NAS,,,,448,text_layer,,
4f3f8ce251354d415efe9e8c7f1b2720c0d95fa2326a3fac15a8270cb385af46,infinity,2025-03,3,D-LINK DWA-182 WIRELESS AC1300 DUA,DLINK WIFI NETWORKING,,D-LINK DWA-182 WIRELESS AC1300 DUA,,,,38,text_layer,,
4f3f8ce251354d415efe9e8c7f1b2720c0d95fa2326a3fac15a8270cb385af46,infinity,2025-03,3,LOGITECH M185 WIRELESS MOUSE RED,,,LOGITECH M185 WIRELESS MOUSE RED,,,,19,text_layer,,
4f3f8ce251354d415efe9e8c7f1b2720c0d95fa2326a3fac15a8270cb385af46,infinity,2025-03,3,ID-COOLING PINKFLOW 240 ARGB V2,ID-COOLING ZOOMFLOW 240XT ARGB AIO COOLER,,ID-COOLING PINKFLOW 240 ARGB V2,,,,121,text_layer,,
4f3f8ce251354d415efe9e8c7f1b2720c0d95fa2326a3fac15a8270cb385af46,infinity,2025-03,3,ID-COOLING ZF12025 WHITE ARGB PWM FAN,ASK,,ID-COOLING ZF12025 WHITE ARGB PWM FAN,,,,21,text_layer,,
4f3f8ce251354d415efe9e8c7f1b2720c0d95fa2326a3fac15a8270cb385af46,infinity,2025-03,3,"QNAP QN-TS-264-2G 2-BAY NAS, A",SYNOLOGY RS422+ RACK,,"QNAP QN-TS-264-2G 2-BAY NAS, A",,,,748,text_layer,,
4f3f8ce251354d415efe9e8c7f1b2720c0d95fa2326a3fac15a8270cb385af46,infinity,2025-03,3,D-LINK DWA-192 D-LINK DWA-192 AC19,DLINK WIFI NETWORKING,,D-LINK DWA-192 D-LINK DWA-192 AC19,,,,29,text_layer,,
4f3f8ce251354d415efe9e8c7f1b2720c0d95fa2326a3fac15a8270cb385af46,infinity,2025-03,3,LOGITECH M187 PORTABLE WIRELESS MOU,,,LOGITECH M187 PORTABLE WIRELESS MOU,,,,19,text_layer,,
4f3f8ce251354d415efe9e8c7f1b2720c0d95fa2326a3fac15a8270cb385af46,infinity,2025-03,3,ID-COOLING SPACE SL360 LCD AIO - BLACK,ID-COOLING ZOOMFLOW 240XT ARGB AIO COOLER,,ID-COOLING SPACE SL360 LCD AIO - BLACK,,,,150,text_layer,,
4f3f8ce251354d415efe9e8c7f1b2720c0d95fa2326a3fac15a8270cb385af46,infinity,2025-03,3,ID-COOLING ZF12025 PINK ARGB PWM FAN,ASK,,ID-COOLING ZF12025 PINK ARGB PWM FAN,,,,18,text_layer,,
4f3f8ce251354d415efe9e8c7f1b2720c0d95fa2326a3fac15a8270cb385af46,infinity,2025-03,3,"QNAP QN-TS-464-8G 4-BAY NAS, A",SYNOLOGY RS422+ RACK,,"QNAP QN-TS-464-8G 4-BAY NAS, A",,,,958,text_layer,,
4f3f8ce251354d415efe9e8c7f1b2720c0d95fa2326a3fac15a8270cb385af46,infinity,2025-03,3,D-LINK DWA-X1850 DWA-X1850 AX1800,DLINK WIFI NETWORKING,,D-LINK DWA-X1850 DWA-X1850 AX1800,,,,48,text_layer,,
4f3f8ce251354d415efe9e8c7f1b2720c0d95fa2326a3fac15a8270cb385af46,infinity,2025-03,3,LOGITECH M221 SILENT WIRELESS MOUSE,,,LOGITECH M221 SILENT WIRELESS MOUSE,,,,20,text_layer,,
4f3f8ce251354d415efe9e8c7f1b2720c0d95fa2326a3fac15a8270cb385af46,infinity,2025-03,3,ID-COOLING SPACE SL240 LCD AIO - BLACK,ID-COOLING ZOOMFLOW 240XT ARGB AIO COOLER,,ID-COOLING SPACE SL240 LCD AIO - BLACK,,,,128,text_layer,,
4f3f8ce251354d415efe9e8c7f1b2720c0d95fa2326a3fac15a8270cb385af46,infinity,2025-03,3,ID-COOLING TF12025 WHITE ARGB PWM FAN,ASK,,ID-COOLING TF12025 WHITE ARGB PWM FAN,,,,16,text_layer,,
4f3f8ce251354d415efe9e8c7f1b2720c0d95fa2326a3fac15a8270cb385af46,infinity,2025-03,3,QNAP QN-TR-002 2-BAY 3.5”,SYNOLOGY RS422+ RACK,,QNAP QN-TR-002 2-BAY 3.5”,,,,314,text_layer,,
4f3f8ce251354d415efe9e8c7f1b2720c0d95fa2326a3fac15a8270cb385af46,infinity,2025-03,3,D-LINK DWA-X582 D-LINK DWA-X582 AX,DLINK WIFI NETWORKING,,D-LINK DWA-X582 D-LINK DWA-X582 AX,,,,68,text_layer,,
4f3f8ce251354d415efe9e8c7f1b2720c0d95fa2326a3fac15a8270cb385af46,infinity,2025-03,3,LOGITECH M240 SILENT BLUETOOTH MOUSE,,,LOGITECH M240 SILENT BLUETOOTH MOUSE,,,,24,text_layer,,
4f3f8ce251354d415efe9e8c7f1b2720c0d95fa2326a3fac15a8270cb385af46,infinity,2025-03,3,ID-COOLING SPACE SL360 LCD AIO - White,ID-COOLING ZOOMFLOW 240XT ARGB AIO COOLER,,ID-COOLING SPACE SL360 LCD AIO - White,,,,150,text_layer,,
4f3f8ce251354d415efe9e8c7f1b2720c0d95fa2326a3fac15a8270cb385af46,infinity,2025-03,3,ID-COOLING TF12025 BLACK ARGB PWM FAN,ASK,,ID-COOLING TF12025 BLACK ARGB PWM FAN,,,,15,text_layer,,
4f3f8ce251354d415efe9e8c7f1b2720c0d95fa2326a3fac15a8270cb385af46,infinity,2025-03,3,QNAP QN-TR-004 4-BAY 3.5”,SYNOLOGY RS422+ RACK,,QNAP QN-TR-004 4-BAY 3.5”,,,,384,text_layer,,
4f3f8ce251354d415efe9e8c7f1b2720c0d95fa2326a3fac15a8270cb385af46,infinity,2025-03,3,D-LINK DWA-X582/E D-LINK DWA-X582,DLINK WIFI NETWORKING,,D-LINK DWA-X582/E D-LINK DWA-X582,,,,58,text_layer,,
4f3f8ce251354d415efe9e8c7f1b2720c0d95fa2326a3fac15a8270cb385af46,infinity,2025-03,3,LOGITECH M331 SILENT PLUS WIRELESS,,,LOGITECH M331 SILENT PLUS WIRELESS,,,,26,text_layer,,
4f3f8ce251354d415efe9e8c7f1b2720c0d95fa2326a3fac15a8270cb385af46,infinity,2025-03,3,ID-COOLING SPACE SL240 LCD AIO - White,ID-COOLING ZOOMFLOW 240XT ARGB AIO COOLER,,ID-COOLING SPACE SL240 LCD AIO - White,,,,128,text_layer,,
4f3f8ce251354d415efe9e8c7f1b2720c0d95fa2326a3fac15a8270cb385af46,infinity,2025-03,3,ID-COOLING TF12025 BLACK 12CM PWM FAN,ASK,,ID-COOLING TF12025 BLACK 12CM PWM FAN,,,,10,text_layer,,
4f3f8ce251354d415efe9e8c7f1b2720c0d95fa2326a3fac15a8270cb385af46,infinity,2025-03,3,D-LINK R15 D-LINK R15 AX1500 EAGLE,DLINK WIFI NETWORKING,,D-LINK R15 D-LINK R15 AX1500 EAGLE,,,,48,text_layer,,
4f3f8ce251354d415efe9e8c7f1b2720c0d95fa2326a3fac15a8270cb385af46,infinity,2025-03,3,LOGITECH M350 PEBBLE BLUETOOTH MOUS,,,LOGITECH M350 PEBBLE BLUETOOTH MOUS,,,,34,text_layer,,
4f3f8ce251354d415efe9e8c7f1b2720c0d95fa2326a3fac15a8270cb385af46,infinity,2025-03,3,ID-COOLING FX240 ARGB Black - 240mm AIO,ID-COOLING ZOOMFLOW 240XT ARGB AIO COOLER,,ID-COOLING FX240 ARGB Black - 240mm AIO,,,,62,text_layer,,
4f3f8ce251354d415efe9e8c7f1b2720c0d95fa2326a3fac15a8270cb385af46,infinity,2025-03,3,"ID-COOLING NO9225 XT SLIM PWM ARGB FAN, 92X15MM",ASK,,"ID-COOLING NO9225 XT SLIM PWM ARGB FAN, 92X15MM",,,,13,text_layer,,
4f3f8ce251354d415efe9e8c7f1b2720c0d95fa2326a3fac15a8270cb385af46,infinity,2025-03,3,TP WIFI CLOUD CAM PTZ 1080P 2MP TAPO C200,NAS STORAGE,,TP WIFI CLOUD CAM PTZ 1080P 2MP TAPO C200,,,,46,text_layer,,
4f3f8ce251354d415efe9e8c7f1b2720c0d95fa2326a3fac15a8270cb385af46,infinity,2025-03,3,D-LINK M15 (2P) D-LINK M15 AX1500,DLINK WIFI NETWORKING,,D-LINK M15 (2P) D-LINK M15 AX1500,,,,128,text_layer,,
4f3f8ce251354d415efe9e8c7f1b2720c0d95fa2326a3fac15a8270cb385af46,infinity,2025-03,3,LOGI SIGNATURE M650 WIRELESS MOUS,,,LOGI SIGNATURE M650 WIRELESS MOUS,,,,41,text_layer,,
4f3f8ce251354d415efe9e8c7f1b2720c0d95fa2326a3fac15a8270cb385af46,infinity,2025-03,3,ID-COOLING FX240 ARGB White - 240mm AIO,ID-COOLING ZOOMFLOW 240XT ARGB AIO COOLER,,ID-COOLING FX240 ARGB White - 240mm AIO,,,,62,text_layer,,
4f3f8ce251354d415efe9e8c7f1b2720c0d95fa2326a3fac15a8270cb385af46,infinity,2025-03,3,"ID-COOLING NO9215 XT SLIM PWM ARGB FAN, 92X15MM",ASK,,"ID-COOLING NO9215 XT SLIM PWM ARGB FAN, 92X15MM",,,,13,text_layer,,
4f3f8ce251354d415efe9e8c7f1b2720c0d95fa2326a3fac15a8270cb385af46,infinity,2025-03,3,TP HOME SEC WIFI 3MP CAM TAPO C210,NAS STORAGE,,TP HOME SEC WIFI 3MP CAM TAPO C210,,,,48,text_layer,,
4f3f8ce251354d415efe9e8c7f1b2720c0d95fa2326a3fac15a8270cb385af46,infinity,2025-03,3,D-LINK M15 (3P) D-LINK M15 AX1500,DLINK WIFI NETWORKING,,D-LINK M15 (3P) D-LINK M15 AX1500,,,,178,text_layer,,
4f3f8ce251354d415efe9e8c7f1b2720c0d95fa2326a3fac15a8270cb385af46,infinity,2025-03,3,LOGITECH H110 STEREO HEADSET,,,LOGITECH H110 STEREO HEADSET,,,,11,text_layer,,
4f3f8ce251354d415efe9e8c7f1b2720c0d95fa2326a3fac15a8270cb385af46,infinity,2025-03,3,GIGABYTE AORUS WATERFORCE 240,ID-COOLING ZOOMFLOW 240XT ARGB AIO COOLER,,GIGABYTE AORUS WATERFORCE 240,,,,188,text_layer,,
4f3f8ce251354d415efe9e8c7f1b2720c0d95fa2326a3fac15a8270cb385af46,infinity,2025-03,3,ID-COOLING NO9215 SLIM PWM 92X15MM FAN,ASK,,ID-COOLING NO9215 SLIM PWM 92X15MM FAN,,,,9,text_layer,,
4f3f8ce251354d415efe9e8c7f1b2720c0d95fa2326a3fac15a8270cb385af46,infinity,2025-03,3,TP PAN/TILT SECURITY 4MP CAM TAPO C225,SYNOLOGY RS422+ RACK,,TP PAN/TILT SECURITY 4MP CAM TAPO C225,,,,83,text_layer,,
4f3f8ce251354d415efe9e8c7f1b2720c0d95fa2326a3fac15a8270cb385af46,infinity,2025-03,3,D-LINK E15 D-LINK E15 AX1500 WIF,DLINK WIFI NETWORKING,,D-LINK E15 D-LINK E15 AX1500 WIF,,,,58,text_layer,,
4f3f8ce251354d415efe9e8c7f1b2720c0d95fa2326a3fac15a8270cb385af46,infinity,2025-03,3,LOGITECH H111 STEREO HEADSET,,,LOGITECH H111 STEREO HEADSET,,,,11,text_layer,,
4f3f8ce251354d415efe9e8c7f1b2720c0d95fa2326a3fac15a8270cb385af46,infinity,2025-03,3,GIGABYTE AORUS WATERFORCE X 240,ID-COOLING ZOOMFLOW 240XT ARGB AIO COOLER,,GIGABYTE AORUS WATERFORCE X 240,,,,264,text_layer,,
4f3f8ce251354d415efe9e8c7f1b2720c0d95fa2326a3fac15a8270cb385af46,infinity,2025-03,3,ID-COOLING NO12015 XT ARGB SNOW PWM SLIM FAN,ASK,,ID-COOLING NO12015 XT ARGB SNOW PWM SLIM FAN,,,,18,text_layer,,
4f3f8ce251354d415efe9e8c7f1b2720c0d95fa2326a3fac15a8270cb385af46,infinity,2025-03,3,TP 1080P FHD WIFI CAMERA 2MP TAPO C100,SYNOLOGY RS422+ RACK,,TP 1080P FHD WIFI CAMERA 2MP TAPO C100,,,,29,text_layer,,
4f3f8ce251354d415efe9e8c7f1b2720c0d95fa2326a3fac15a8270cb385af46,infinity,2025-03,3,D-LINK DWM-222 3G/4G LTE USB DONG,DLINK WIFI NETWORKING,,D-LINK DWM-222 3G/4G LTE USB DONG,,,,90,text_layer,,
4f3f8ce251354d415efe9e8c7f1b2720c0d95fa2326a3fac15a8270cb385af46,infinity,2025-03,3,LOGITECH H150 STEREO HEADSET SKY BL,,,LOGITECH H150 STEREO HEADSET SKY BL,,,,19,text_layer,,
4f3f8ce251354d415efe9e8c7f1b2720c0d95fa2326a3fac15a8270cb385af46,infinity,2025-03,3,GIGABYTE AORUS WATERFORCE X 360,ID-COOLING ZOOMFLOW 240XT ARGB AIO COOLER,,GIGABYTE AORUS WATERFORCE X 360,,,,318,text_layer,,
4f3f8ce251354d415efe9e8c7f1b2720c0d95fa2326a3fac15a8270cb385af46,infinity,2025-03,3,ID-COOLING NO 12015 XT SLIM PWN FAN,ASK,,ID-COOLING NO 12015 XT SLIM PWN FAN,,,,13,text_layer,,
4f3f8ce251354d415efe9e8c7f1b2720c0d95fa2326a3fac15a8270cb385af46,infinity,2025-03,3,TP HOME SEC 3MP WIFI CAM TAPO C110,SYNOLOGY RS422+ RACK,,TP HOME SEC 3MP WIFI CAM TAPO C110,,,,37,text_layer,,
4f3f8ce251354d415efe9e8c7f1b2720c0d95fa2326a3fac15a8270cb385af46,infinity,2025-03,3,D-LINK DWR-932C 4G LTE WIRELESS MO,DLINK WIFI NETWORKING,,D-LINK DWR-932C 4G LTE WIRELESS MO,,,,58,text_layer,,
4f3f8ce251354d415efe9e8c7f1b2720c0d95fa2326a3fac15a8270cb385af46,infinity,2025-03,3,LOGITECH H151 STEREO HEADSET BLACK,,,LOGITECH H151 STEREO HEADSET BLACK,,,,19,text_layer,,
4f3f8ce251354d415efe9e8c7f1b2720c0d95fa2326a3fac15a8270cb385af46,infinity,2025-03,3,ID-COOLING NO 12015 XT ARGB SLIM PWN FAN BLACK,ASK,,ID-COOLING NO 12015 XT ARGB SLIM PWN FAN BLACK,,,,18,text_layer,,
4f3f8ce251354d415efe9e8c7f1b2720c0d95fa2326a3fac15a8270cb385af46,infinity,2025-03,3,TP OUTDOOR SEC WI-FI CAM 3MP TAPO C310,NAS STORAGE,,TP OUTDOOR SEC WI-FI CAM 3MP TAPO C310,,,,69,text_layer,,
4f3f8ce251354d415efe9e8c7f1b2720c0d95fa2326a3fac15a8270cb385af46,infinity,2025-03,3,D-LINK DWR-M920 D-LINK DWR-M930,DLINK WIFI NETWORKING,,D-LINK DWR-M920 D-LINK DWR-M930,,,,95,text_layer,,
4f3f8ce251354d415efe9e8c7f1b2720c0d95fa2326a3fac15a8270cb385af46,infinity,2025-03,3,LOGITECH H340 USB STEREO HEADSET,,,LOGITECH H340 USB STEREO HEADSET,,,,34,text_layer,,
4f3f8ce251354d415efe9e8c7f1b2720c0d95fa2326a3fac15a8270cb385af46,infinity,2025-03,3,LIAN LI UNI FAN SL-INF 120 RGB 3PCS,ASK,,LIAN LI UNI FAN SL-INF 120 RGB 3PCS,,,,104,text_layer,,
4f3f8ce251354d415efe9e8c7f1b2720c0d95fa2326a3fac15a8270cb385af46,infinity,2025-03,3,TP OUTDOOR SEC WIFI CAM 4MP TAPO C320WS,SYNOLOGY RS422+ RACK,,TP OUTDOOR SEC WIFI CAM 4MP TAPO C320WS,,,,84,text_layer,,
4f3f8ce251354d415efe9e8c7f1b2720c0d95fa2326a3fac15a8270cb385af46,infinity,2025-03,3,D-LINK DWR-M953V2 D-LINK DWR-953V2,DLINK WIFI NETWORKING,,D-LINK DWR-M953V2 D-LINK DWR-953V2,,,,125,text_layer,,
4f3f8ce251354d415efe9e8c7f1b2720c0d95fa2326a3fac15a8270cb385af46,infinity,2025-03,3,LOGITECH H370 USB STEREO HEADSET,,,LOGITECH H370 USB STEREO HEADSET,,,,34,text_layer,,
4f3f8ce251354d415efe9e8c7f1b2720c0d95fa2326a3fac15a8270cb385af46,infinity,2025-03,3,CM MA624 STEALTH CPU COOLER (5Y),ID-COOLING ZOOMFLOW 240XT ARGB AIO COOLER,,CM MA624 STEALTH CPU COOLER (5Y),,,,148,text_layer,,
4f3f8ce251354d415efe9e8c7f1b2720c0d95fa2326a3fac15a8270cb385af46,infinity,2025-03,3,LIAN LI UNI FAN SL-INF 120 RGB 1PC PACK,ASK,,LIAN LI UNI FAN SL-INF 120 RGB 1PC PACK,,,,36,text_layer,,
4f3f8ce251354d415efe9e8c7f1b2720c0d95fa2326a3fac15a8270cb385af46,infinity,2025-03,3,TP SMART 2K CAM (2CAM PC) TAPO C420S2,SYNOLOGY RS422+ RACK,,TP SMART 2K CAM (2CAM PC) TAPO C420S2,,,,209,text_layer,,
4f3f8ce251354d415efe9e8c7f1b2720c0d95fa2326a3fac15a8270cb385af46,infinity,2025-03,3,D-LINK DSP-W118 D-LINK DSP-W118 SM,DLINK WIFI NETWORKING,,D-LINK DSP-W118 D-LINK DSP-W118 SM,,,,26,text_layer,,
4f3f8ce251354d415efe9e8c7f1b2720c0d95fa2326a3fac15a8270cb385af46,infinity,2025-03,3,LOGITECH H390 USB STEREO HEADSET,,,LOGITECH H390 USB STEREO HEADSET,,,,50,text_layer,,
4f3f8ce251354d415efe9e8c7f1b2720c0d95fa2326a3fac15a8270cb385af46,infinity,2025-03,3,CM MA612 STEALTH ARGB CPU COOLER (5Y),ID-COOLING ZOOMFLOW 240XT ARGB AIO COOLER,,CM MA612 STEALTH ARGB CPU COOLER (5Y),,,,117,text_layer,,
4f3f8ce251354d415efe9e8c7f1b2720c0d95fa2326a3fac15a8270cb385af46,infinity,2025-03,3,LIAN LI UNI FAN SL V2 120 RGB 3PCS,ASK,,LIAN LI UNI FAN SL V2 120 RGB 3PCS,,,,122,text_layer,,
4f3f8ce251354d415efe9e8c7f1b2720c0d95fa2326a3fac15a8270cb385af46,infinity,2025-03,3,TP SMART 2K CAM (1CAM PC) TAPO C420S1,SYNOLOGY RS422+ RACK,,TP SMART 2K CAM (1CAM PC) TAPO C420S1,,,,125,text_layer,,
4f3f8ce251354d415efe9e8c7f1b2720c0d95fa2326a3fac15a8270cb385af46,infinity,2025-03,3,D-LINK DCS-6101LH FHD COMPACT FHD,DLINK WIFI NETWORKING,,D-LINK DCS-6101LH FHD COMPACT FHD,,,,19,text_layer,,
4f3f8ce251354d415efe9e8c7f1b2720c0d95fa2326a3fac15a8270cb385af46,infinity,2025-03,3,LOGITECH H540 USB STEREO HEADSET,,,LOGITECH H540 USB STEREO HEADSET,,,,60,text_layer,,
4f3f8ce251354d415efe9e8c7f1b2720c0d95fa2326a3fac15a8270cb385af46,infinity,2025-03,3,CM MA612 STEALTH CPU COOLER (5Y),ID-COOLING ZOOMFLOW 240XT ARGB AIO COOLER,,CM MA612 STEALTH CPU COOLER (5Y),,,,101,text_layer,,
4f3f8ce251354d415efe9e8c7f1b2720c0d95fa2326a3fac15a8270cb385af46,infinity,2025-03,3,LIAN LI UNI FAN AL 120 3PCS PACK,ASK,,LIAN LI UNI FAN AL 120 3PCS PACK,,,,122,text_layer,,
4f3f8ce251354d415efe9e8c7f1b2720c0d95fa2326a3fac15a8270cb385af46,infinity,2025-03,3,TP SMART 1080P CAM (2CAM PC) TAPO C400S2,SYNOLOGY RS422+ RACK,,TP SMART 1080P CAM (2CAM PC) TAPO C400S2,,,,185,text_layer,,
4f3f8ce251354d415efe9e8c7f1b2720c0d95fa2326a3fac15a8270cb385af46,infinity,2025-03,3,D-LINK DCS-8300LHV2 FHD WI-FI CAME,DLINK WIFI NETWORKING,,D-LINK DCS-8300LHV2 FHD WI-FI CAME,,,,58,text_layer,,
4f3f8ce251354d415efe9e8c7f1b2720c0d95fa2326a3fac15a8270cb385af46,infinity,2025-03,3,LOGITECH H570e USB STEREO HEADSET,,,LOGITECH H570e USB STEREO HEADSET,,,,68,text_layer,,
4f3f8ce251354d415efe9e8c7f1b2720c0d95fa2326a3fac15a8270cb385af46,infinity,2025-03,3,CM HYPER 212 HALO WHITE CPU COOLER (2Y),ID-COOLING ZOOMFLOW 240XT ARGB AIO COOLER,,CM HYPER 212 HALO WHITE CPU COOLER (2Y),,,,77,text_layer,,
4f3f8ce251354d415efe9e8c7f1b2720c0d95fa2326a3fac15a8270cb385af46,infinity,2025-03,3,LIAN LI UNI FAN AL 120 1PC PACK,ASK,,LIAN LI UNI FAN AL 120 1PC PACK,,,,41,text_layer,,
4f3f8ce251354d415efe9e8c7f1b2720c0d95fa2326a3fac15a8270cb385af46,infinity,2025-03,3,TP OUTDOOR PAN/TILT WIFI CAM TAPO C500,SYNOLOGY RS422+ RACK,,TP OUTDOOR PAN/TILT WIFI CAM TAPO C500,,,,84,text_layer,,
4f3f8ce251354d415efe9e8c7f1b2720c0d95fa2326a3fac15a8270cb385af46,infinity,2025-03,3,D-LINK DCS-8350LH 2K QHD INDOOR WI,DLINK WIFI NETWORKING,,D-LINK DCS-8350LH 2K QHD INDOOR WI,,,,118,text_layer,,
4f3f8ce251354d415efe9e8c7f1b2720c0d95fa2326a3fac15a8270cb385af46,infinity,2025-03,3,LOGITECH H650e USB STEREO HEADSET,,,LOGITECH H650e USB STEREO HEADSET,,,,110,text_layer,,
4f3f8ce251354d415efe9e8c7f1b2720c0d95fa2326a3fac15a8270cb385af46,infinity,2025-03,3,CM HYPER 212 HALO BLACK CPU COOLER (2Y),ID-COOLING ZOOMFLOW 240XT ARGB AIO COOLER,,CM HYPER 212 HALO BLACK CPU COOLER (2Y),,,,77,text_layer,,
4f3f8ce251354d415efe9e8c7f1b2720c0d95fa2326a3fac15a8270cb385af46,infinity,2025-03,3,LIAN LI UNI FAN SL 140 2PCS PACK,ASK,,LIAN LI UNI FAN SL 140 2PCS PACK,,,,92,text_layer,,
4f3f8ce251354d415efe9e8c7f1b2720c0d95fa2326a3fac15a8270cb385af46,infinity,2025-03,3,TP HOME SECURITY WIFI CAM 2MP TC70,SYNOLOGY RS422+ RACK,,TP HOME SECURITY WIFI CAM 2MP TC70,,,,40,text_layer,,
4f3f8ce251354d415efe9e8c7f1b2720c0d95fa2326a3fac15a8270cb385af46,infinity,2025-03,3,D-LINK DCS-6500LH FHD PTZ WI-FI CA,DLINK WIFI NETWORKING,,D-LINK DCS-6500LH FHD PTZ WI-FI CA,,,,38,text_layer,,
4f3f8ce251354d415efe9e8c7f1b2720c0d95fa2326a3fac15a8270cb385af46,infinity,2025-03,3,CM HYPER 212 BLACK EDITION CPU COOLER (2Y),ID-COOLING ZOOMFLOW 240XT ARGB AIO COOLER,,CM HYPER 212 BLACK EDITION CPU COOLER (2Y),,,,49,text_layer,,
4f3f8ce251354d415efe9e8c7f1b2720c0d95fa2326a3fac15a8270cb385af46,infinity,2025-03,3,LIAN LI UNI FAN SL 140 1PC PACK,ASK,,LIAN LI UNI FAN SL 140 1PC PACK,,,,38,text_layer,,
4f3f8ce251354d415efe9e8c7f1b2720c0d95fa2326a3fac15a8270cb385af46,infinity,2025-03,3,TP HOME SECURITY WIFI CAM 2MP TC60,SYNOLOGY RS422+ RACK,,TP HOME SECURITY WIFI CAM 2MP TC60,,,,29,text_layer,,
4f3f8ce251354d415efe9e8c7f1b2720c0d95fa2326a3fac15a8270cb385af46,infinity,2025-03,3,D-LINK DCS-6501LH FHD PTZ WI-FI CA,DLINK WIFI NETWORKING,,D-LINK DCS-6501LH FHD PTZ WI-FI CA,,,,42,text_layer,,
4f3f8ce251354d415efe9e8c7f1b2720c0d95fa2326a3fac15a8270cb385af46,infinity,2025-03,3,ASUS RYUO III 360 ARGB WHITE AIO,,,ASUS RYUO III 360 ARGB WHITE AIO,,,,406,text_layer,,
4f3f8ce251354d415efe9e8c7f1b2720c0d95fa2326a3fac15a8270cb385af46,infinity,2025-03,3,CM HYPER 212 LED TURBO ARGB CPU COOLER (2Y),ID-COOLING ZOOMFLOW 240XT ARGB AIO COOLER,,CM HYPER 212 LED TURBO ARGB CPU COOLER (2Y),,,,59,text_layer,,
4f3f8ce251354d415efe9e8c7f1b2720c0d95fa2326a3fac15a8270cb385af46,infinity,2025-03,3,LIAN-LI UNI FAN TL L-CONNECT3 CONTROLLER,ASK,,LIAN-LI UNI FAN TL L-CONNECT3 CONTROLLER,,,,41,text_layer,,
4f3f8ce251354d415efe9e8c7f1b2720c0d95fa2326a3fac15a8270cb385af46,infinity,2025-03,3,D-LINK DCS-8302LH FHD OUTDOOR WI-F,DLINK WIFI NETWORKING,,D-LINK DCS-8302LH FHD OUTDOOR WI-F,,,,58,text_layer,,
4f3f8ce251354d415efe9e8c7f1b2720c0d95fa2326a3fac15a8270cb385af46,infinity,2025-03,3,ASUS RYUO III 240 ARGB WHITE AIO,,,ASUS RYUO III 240 ARGB WHITE AIO,,,,342,text_layer,,
4f3f8ce251354d415efe9e8c7f1b2720c0d95fa2326a3fac15a8270cb385af46,infinity,2025-03,3,CM HYPER 212 LED TURBO WHITE EDITION CPU COOLER5 8(2YL)IAN LI UNI FAN TL120-1PC PACK,ID-COOLING ZOOMFLOW 240XT ARGB AIO COOLER,,CM HYPER 212 LED TURBO WHITE EDITION CPU COOLER5 8(2YL)IAN LI UNI FAN TL120-1PC PACK,,,,45,text_layer,,
4f3f8ce251354d415efe9e8c7f1b2720c0d95fa2326a3fac15a8270cb385af46,infinity,2025-03,3,1053 D-LINK DCS-8630LH FHD OUTDOOR SPOT,POE SWITCH,,1053 D-LINK DCS-8630LH FHD OUTDOOR SPOT,,,,155,text_layer,,
4f3f8ce251354d415efe9e8c7f1b2720c0d95fa2326a3fac15a8270cb385af46,infinity,2025-03,3,ASUS RYUO III 360 ARGB AIO,,,ASUS RYUO III 360 ARGB AIO,,,,394,text_layer,,
4f3f8ce251354d415efe9e8c7f1b2720c0d95fa2326a3fac15a8270cb385af46,infinity,2025-03,3,CM HYPER 212 ARGB CPU COOLER (2Y),ID-COOLING ZOOMFLOW 240XT ARGB AIO COOLER,,CM HYPER 212 ARGB CPU COOLER (2Y),,,,45,text_layer,,
4f3f8ce251354d415efe9e8c7f1b2720c0d95fa2326a3fac15a8270cb385af46,infinity,2025-03,3,LIAN LI UNI FAN REVERSE TL120-1PC PACK,ASK,,LIAN LI UNI FAN REVERSE TL120-1PC PACK,,,,45,text_layer,,
4f3f8ce251354d415efe9e8c7f1b2720c0d95fa2326a3fac15a8270cb385af46,infinity,2025-03,3,TP-LINK TL-SG3210XHP-M2,TP-LINK TL-SX3206HPP,,TP-LINK TL-SG3210XHP-M2,,,,730,text_layer,,
4f3f8ce251354d415efe9e8c7f1b2720c0d95fa2326a3fac15a8270cb385af46,infinity,2025-03,3,D-LINK DCS-8635LH 2K QHD PAN & ZOO,DLINK WIFI NETWORKING,,D-LINK DCS-8635LH 2K QHD PAN & ZOO,,,,135,text_layer,,
4f3f8ce251354d415efe9e8c7f1b2720c0d95fa2326a3fac15a8270cb385af46,infinity,2025-03,3,ASUS RYUO III 240 ARGB AIO,,,ASUS RYUO III 240 ARGB AIO,,,,330,text_layer,,
4f3f8ce251354d415efe9e8c7f1b2720c0d95fa2326a3fac15a8270cb385af46,infinity,2025-03,3,CM A71C ARGB AM4 CPU COOLER (2Y),ID-COOLING ZOOMFLOW 240XT ARGB AIO COOLER,,CM A71C ARGB AM4 CPU COOLER (2Y),,,,33,text_layer,,
4f3f8ce251354d415efe9e8c7f1b2720c0d95fa2326a3fac15a8270cb385af46,infinity,2025-03,3,LIAN LI UNI FAN TL120-3,ASK,,LIAN LI UNI FAN TL120-3,,,,132,text_layer,,
4f3f8ce251354d415efe9e8c7f1b2720c0d95fa2326a3fac15a8270cb385af46,infinity,2025-03,3,1458 D-LINK DUB-1312 USB 3.0 TO GIGABIT,POE SWITCH,,1458 D-LINK DUB-1312 USB 3.0 TO GIGABIT,,,,20,text_layer,,
4f3f8ce251354d415efe9e8c7f1b2720c0d95fa2326a3fac15a8270cb385af46,infinity,2025-03,3,ASUS ROG STRIX LC II 360 RGB WHITE,,,ASUS ROG STRIX LC II 360 RGB WHITE,,,,350,text_layer,,
4f3f8ce251354d415efe9e8c7f1b2720c0d95fa2326a3fac15a8270cb385af46,infinity,2025-03,3,CRYORIG M9 Plus,ID-COOLING ZOOMFLOW 240XT ARGB AIO COOLER,,CRYORIG M9 Plus,,,,48,text_layer,,
4f3f8ce251354d415efe9e8c7f1b2720c0d95fa2326a3fac15a8270cb385af46,infinity,2025-03,3,LIAN LI UNI FAN REVERSE TL120-3 PACK,ASK,,LIAN LI UNI FAN REVERSE TL120-3 PACK,,,,132,text_layer,,
4f3f8ce251354d415efe9e8c7f1b2720c0d95fa2326a3fac15a8270cb385af46,infinity,2025-03,3,TP-LINK TL-SG3428XMP,TP-LINK TL-SG3452XP,,TP-LINK TL-SG3428XMP,,,,654,text_layer,,
4f3f8ce251354d415efe9e8c7f1b2720c0d95fa2326a3fac15a8270cb385af46,infinity,2025-03,3,D-LINK DUB-E130 USB-C TO GIGABIT E,DLINK WIFI NETWORKING,,D-LINK DUB-E130 USB-C TO GIGABIT E,,,,40,text_layer,,
4f3f8ce251354d415efe9e8c7f1b2720c0d95fa2326a3fac15a8270cb385af46,infinity,2025-03,3,CRYORIG C7,AIR CPU COOLER,,CRYORIG C7,,,,52,text_layer,,
4f3f8ce251354d415efe9e8c7f1b2720c0d95fa2326a3fac15a8270cb385af46,infinity,2025-03,3,LIAN LI TL140-1PC PACK,ASK,,LIAN LI TL140-1PC PACK,,,,48,text_layer,,
4f3f8ce251354d415efe9e8c7f1b2720c0d95fa2326a3fac15a8270cb385af46,infinity,2025-03,3,TP-LINK TL-SG3428MP,TP-LINK TL-SG3452XP,,TP-LINK TL-SG3428MP,,,,420,text_layer,,
4f3f8ce251354d415efe9e8c7f1b2720c0d95fa2326a3fac15a8270cb385af46,infinity,2025-03,3,D-LINK DUB-E250 USB-C TO 2.5G ETHE,DLINK WIFI NETWORKING,,D-LINK DUB-E250 USB-C TO 2.5G ETHE,,,,59,text_layer,,
4f3f8ce251354d415efe9e8c7f1b2720c0d95fa2326a3fac15a8270cb385af46,infinity,2025-03,3,ASUS ROG STRIX LC 240 RGB WHITE EDITION,,,ASUS ROG STRIX LC 240 RGB WHITE EDITION,,,,260,text_layer,,
4f3f8ce251354d415efe9e8c7f1b2720c0d95fa2326a3fac15a8270cb385af46,infinity,2025-03,3,CRYORIG C7 RGB,ID-COOLING ZOOMFLOW 240XT ARGB AIO COOLER,,CRYORIG C7 RGB,,,,58,text_layer,,
4f3f8ce251354d415efe9e8c7f1b2720c0d95fa2326a3fac15a8270cb385af46,infinity,2025-03,3,LIAN LI REVERSE TL 140MM-1PC PACK,ASK,,LIAN LI REVERSE TL 140MM-1PC PACK,,,,48,text_layer,,
4f3f8ce251354d415efe9e8c7f1b2720c0d95fa2326a3fac15a8270cb385af46,infinity,2025-03,3,TP-LINK TL-SG3452P,TP-LINK TL-SG3452XP,,TP-LINK TL-SG3452P,,,,870,text_layer,,
4f3f8ce251354d415efe9e8c7f1b2720c0d95fa2326a3fac15a8270cb385af46,infinity,2025-03,3,D-LINK DUB-V120 USB-C TO HDMI ADAP,DLINK WIFI NETWORKING,,D-LINK DUB-V120 USB-C TO HDMI ADAP,,,,35,text_layer,,
4f3f8ce251354d415efe9e8c7f1b2720c0d95fa2326a3fac15a8270cb385af46,infinity,2025-03,3,ASUS ROG STRIX LC II 360 ARGB AIO,,,ASUS ROG STRIX LC II 360 ARGB AIO,,,,294,text_layer,,
4f3f8ce251354d415efe9e8c7f1b2720c0d95fa2326a3fac15a8270cb385af46,infinity,2025-03,3,CRYORIG C7 Cu,ID-COOLING ZOOMFLOW 240XT ARGB AIO COOLER,,CRYORIG C7 Cu,,,,80,text_layer,,
4f3f8ce251354d415efe9e8c7f1b2720c0d95fa2326a3fac15a8270cb385af46,infinity,2025-03,3,LIAN LI UNI FAN TLLCD 120-3 WITH CONTROLLER,ASK,,LIAN LI UNI FAN TLLCD 120-3 WITH CONTROLLER,,,,208,text_layer,,
4f3f8ce251354d415efe9e8c7f1b2720c0d95fa2326a3fac15a8270cb385af46,infinity,2025-03,3,TP-LINK TL-SG2428P,TP-LINK TL-SG3452XP,,TP-LINK TL-SG2428P,,,,365,text_layer,,
4f3f8ce251354d415efe9e8c7f1b2720c0d95fa2326a3fac15a8270cb385af46,infinity,2025-03,3,D-LINK DUB-V210 USB-C TO HDMI / VG,DLINK WIFI NETWORKING,,D-LINK DUB-V210 USB-C TO HDMI / VG,,,,36,text_layer,,
4f3f8ce251354d415efe9e8c7f1b2720c0d95fa2326a3fac15a8270cb385af46,infinity,2025-03,3,ASUS ROG STRIX LC II 280 ARGB AIO,,,ASUS ROG STRIX LC II 280 ARGB AIO,,,,252,text_layer,,
4f3f8ce251354d415efe9e8c7f1b2720c0d95fa2326a3fac15a8270cb385af46,infinity,2025-03,3,CRYORIG H7,ID-COOLING ZOOMFLOW 240XT ARGB AIO COOLER,,CRYORIG H7,,,,53,text_layer,,
4f3f8ce251354d415efe9e8c7f1b2720c0d95fa2326a3fac15a8270cb385af46,infinity,2025-03,3,LIAN LI UNI FAN REVERSE TLLCD 120MM-3 WITH CONT2R0O8LLETRP -LINK TL-SL2428P,ASK,,LIAN LI UNI FAN REVERSE TLLCD 120MM-3 WITH CONT2R0O8LLETRP -LINK TL-SL2428P,,,,305,text_layer,,
4f3f8ce251354d415efe9e8c7f1b2720c0d95fa2326a3fac15a8270cb385af46,infinity,2025-03,3,D-LINK DUB-1341 4-PORT SUPERSPEED,DLINK WIFI NETWORKING,,D-LINK DUB-1341 4-PORT SUPERSPEED,,,,34,text_layer,,
4f3f8ce251354d415efe9e8c7f1b2720c0d95fa2326a3fac15a8270cb385af46,infinity,2025-03,3,ASUS ROG STRIX LC II 240 ARGB AIO,,,ASUS ROG STRIX LC II 240 ARGB AIO,,,,233,text_layer,,
4f3f8ce251354d415efe9e8c7f1b2720c0d95fa2326a3fac15a8270cb385af46,infinity,2025-03,3,CRYORIG H7 Plus,ID-COOLING ZOOMFLOW 240XT ARGB AIO COOLER,,CRYORIG H7 Plus,,,,72,text_layer,,
4f3f8ce251354d415efe9e8c7f1b2720c0d95fa2326a3fac15a8270cb385af46,infinity,2025-03,3,LIAN LI UNI FAN TLLCD 120-1 PACK,ASK,,LIAN LI UNI FAN TLLCD 120-1 PACK,,,,74,text_layer,,
4f3f8ce251354d415efe9e8c7f1b2720c0d95fa2326a3fac15a8270cb385af46,infinity,2025-03,3,TP-LINK TL-SG2210MP,TP-LINK TL-SG3452XP,,TP-LINK TL-SG2210MP,,,,240,text_layer,,
4f3f8ce251354d415efe9e8c7f1b2720c0d95fa2326a3fac15a8270cb385af46,infinity,2025-03,3,D-LINK DUB-M420 4-IN-1 USB-C HUB W,DLINK WIFI NETWORKING,,D-LINK DUB-M420 4-IN-1 USB-C HUB W,,,,48,text_layer,,
4f3f8ce251354d415efe9e8c7f1b2720c0d95fa2326a3fac15a8270cb385af46,infinity,2025-03,3,ASUS TUF GAMING LC 240 ARGB,,,ASUS TUF GAMING LC 240 ARGB,,,,110,text_layer,,
4f3f8ce251354d415efe9e8c7f1b2720c0d95fa2326a3fac15a8270cb385af46,infinity,2025-03,3,CRYORIG H7 Quad Lumi,ID-COOLING ZOOMFLOW 240XT ARGB AIO COOLER,,CRYORIG H7 Quad Lumi,,,,91,text_layer,,
4f3f8ce251354d415efe9e8c7f1b2720c0d95fa2326a3fac15a8270cb385af46,infinity,2025-03,3,LIAN LI UNI FAN TLLCD 140-1 PACK,ASK,,LIAN LI UNI FAN TLLCD 140-1 PACK,,,,79,text_layer,,
4f3f8ce251354d415efe9e8c7f1b2720c0d95fa2326a3fac15a8270cb385af46,infinity,2025-03,3,TP-LINK TL-SG2210P,TP-LINK TL-SG3452XP,,TP-LINK TL-SG2210P,,,,220,text_layer,,
4f3f8ce251354d415efe9e8c7f1b2720c0d95fa2326a3fac15a8270cb385af46,infinity,2025-03,3,D-LINK DUB-M520 5-IN-1 USB-C HUB W,DLINK WIFI NETWORKING,,D-LINK DUB-M520 5-IN-1 USB-C HUB W,,,,68,text_layer,,
4f3f8ce251354d415efe9e8c7f1b2720c0d95fa2326a3fac15a8270cb385af46,infinity,2025-03,3,ASUS ROG STRIX LC 360 RGB EDITION,,,ASUS ROG STRIX LC 360 RGB EDITION,,,,311,text_layer,,
4f3f8ce251354d415efe9e8c7f1b2720c0d95fa2326a3fac15a8270cb385af46,infinity,2025-03,3,CRYORIG R5,ID-COOLING ZOOMFLOW 240XT ARGB AIO COOLER,,CRYORIG R5,,,,107,text_layer,,
4f3f8ce251354d415efe9e8c7f1b2720c0d95fa2326a3fac15a8270cb385af46,infinity,2025-03,3,LIAN LI BORA DIGITAL 120 ARGB FAN SPACE GREY,ASK,,LIAN LI BORA DIGITAL 120 ARGB FAN SPACE GREY,,,,80,text_layer,,
4f3f8ce251354d415efe9e8c7f1b2720c0d95fa2326a3fac15a8270cb385af46,infinity,2025-03,3,TP-LINK TL-SG2016P,TP-LINK TL-SG3452XP,,TP-LINK TL-SG2016P,,,,250,text_layer,,
4f3f8ce251354d415efe9e8c7f1b2720c0d95fa2326a3fac15a8270cb385af46,infinity,2025-03,3,D-LINK DUB-M530 5-IN-1 USB-C HUB W,DLINK WIFI NETWORKING,,D-LINK DUB-M530 5-IN-1 USB-C HUB W,,,,48,text_layer,,
4f3f8ce251354d415efe9e8c7f1b2720c0d95fa2326a3fac15a8270cb385af46,infinity,2025-03,3,ASUS ROG RYUO 240 OLED AIO,,,ASUS ROG RYUO 240 OLED AIO,,,,289,text_layer,,
4f3f8ce251354d415efe9e8c7f1b2720c0d95fa2326a3fac15a8270cb385af46,infinity,2025-03,3,CRYORIG R1 Universal,ID-COOLING ZOOMFLOW 240XT ARGB AIO COOLER,,CRYORIG R1 Universal,,,,121,text_layer,,
4f3f8ce251354d415efe9e8c7f1b2720c0d95fa2326a3fac15a8270cb385af46,infinity,2025-03,3,"CORSAIR ML120 RGB ELITE, 120MM , SINGLE PACK",ASK,,"CORSAIR ML120 RGB ELITE, 120MM , SINGLE PACK",,,,46,text_layer,,
4f3f8ce251354d415efe9e8c7f1b2720c0d95fa2326a3fac15a8270cb385af46,infinity,2025-03,3,TP-LINK TL-SG2008P,TP-LINK TL-SG3452XP,,TP-LINK TL-SG2008P,,,,195,text_layer,,
4f3f8ce251354d415efe9e8c7f1b2720c0d95fa2326a3fac15a8270cb385af46,infinity,2025-03,3,D-LINK DBT-F122 D-LINK DBT-F122 US,DLINK WIFI NETWORKING,,D-LINK DBT-F122 D-LINK DBT-F122 US,,,,10,text_layer,,
4f3f8ce251354d415efe9e8c7f1b2720c0d95fa2326a3fac15a8270cb385af46,infinity,2025-03,3,CM MASTERLIQUID ML360 SUB-ZERO EVO,,,CM MASTERLIQUID ML360 SUB-ZERO EVO,,,,605,text_layer,,
4f3f8ce251354d415efe9e8c7f1b2720c0d95fa2326a3fac15a8270cb385af46,infinity,2025-03,3,THERMALRIGHT PEERLESS ASSASSIN 120 SE,ID-COOLING ZOOMFLOW 240XT ARGB AIO COOLER,,THERMALRIGHT PEERLESS ASSASSIN 120 SE,,,,44,text_layer,,
4f3f8ce251354d415efe9e8c7f1b2720c0d95fa2326a3fac15a8270cb385af46,infinity,2025-03,3,"CORSAIR ML120 RGB ELITE, 120MM, 3-PACK",ASK,,"CORSAIR ML120 RGB ELITE, 120MM, 3-PACK",,,,140,text_layer,,
4f3f8ce251354d415efe9e8c7f1b2720c0d95fa2326a3fac15a8270cb385af46,infinity,2025-03,3,TP-LINK TL-SG1218MPE,TP-LINK TL-SG3452XP,,TP-LINK TL-SG1218MPE,,,,378,text_layer,,
4f3f8ce251354d415efe9e8c7f1b2720c0d95fa2326a3fac15a8270cb385af46,infinity,2025-03,3,D-LINK DWR-X2102 WIFI 6 AX1800 5G,DLINK WIFI NETWORKING,,D-LINK DWR-X2102 WIFI 6 AX1800 5G,,,,488,text_layer,,
4f3f8ce251354d415efe9e8c7f1b2720c0d95fa2326a3fac15a8270cb385af46,infinity,2025-03,3,CM ML360 SUB-ZERO CPU COOLER,,,CM ML360 SUB-ZERO CPU COOLER,,,,492,text_layer,,
4f3f8ce251354d415efe9e8c7f1b2720c0d95fa2326a3fac15a8270cb385af46,infinity,2025-03,3,THERMALRIGHT PEERLESS ASSASSIN 120 SE ARGB,ID-COOLING ZOOMFLOW 240XT ARGB AIO COOLER,,THERMALRIGHT PEERLESS ASSASSIN 120 SE ARGB,,,,54,text_layer,,
4f3f8ce251354d415efe9e8c7f1b2720c0d95fa2326a3fac15a8270cb385af46,infinity,2025-03,3,TP-LINK TL-SL1218MP,NAS STORAGE,,TP-LINK TL-SL1218MP,,,,329,text_layer,,
4f3f8ce251354d415efe9e8c7f1b2720c0d95fa2326a3fac15a8270cb385af46,infinity,2025-03,3,D-LINK DWR-U2000 WIFI 5 5G NR MIF,DLINK WIFI NETWORKING,,D-LINK DWR-U2000 WIFI 5 5G NR MIF,,,,293,text_layer,,
4f3f8ce251354d415efe9e8c7f1b2720c0d95fa2326a3fac15a8270cb385af46,infinity,2025-03,3,CM MASTERLIQUID ML360P ARGB-SILVER,,,CM MASTERLIQUID ML360P ARGB-SILVER,,,,289,text_layer,,
4f3f8ce251354d415efe9e8c7f1b2720c0d95fa2326a3fac15a8270cb385af46,infinity,2025-03,3,"CORSAIR ML120 RGB ELITE, 120MM RGB FAN, 3-PACK- WHITE",ASK,,"CORSAIR ML120 RGB ELITE, 120MM RGB FAN, 3-PACK- WHITE",,,,140,text_layer,,
4f3f8ce251354d415efe9e8c7f1b2720c0d95fa2326a3fac15a8270cb385af46,infinity,2025-03,3,TP-LINK TL-SG1428PE,POE SWITCH,,TP-LINK TL-SG1428PE,,,,409,text_layer,,
4f3f8ce251354d415efe9e8c7f1b2720c0d95fa2326a3fac15a8270cb385af46,infinity,2025-03,3,DMS-106XT 6 PORT MULTI GIGABIT SWITCH,DLINK WIFI NETWORKING,,DMS-106XT 6 PORT MULTI GIGABIT SWITCH,,,,290,text_layer,,
4f3f8ce251354d415efe9e8c7f1b2720c0d95fa2326a3fac15a8270cb385af46,infinity,2025-03,3,CM MASTERLIQUID ML240P MIRAGE ARGB,,,CM MASTERLIQUID ML240P MIRAGE ARGB,,,,202,text_layer,,
4f3f8ce251354d415efe9e8c7f1b2720c0d95fa2326a3fac15a8270cb385af46,infinity,2025-03,3,CORSAIR ICUE SP120 RGB ELITE 120MM FAN,ASK,,CORSAIR ICUE SP120 RGB ELITE 120MM FAN,,,,30,text_layer,,
4f3f8ce251354d415efe9e8c7f1b2720c0d95fa2326a3fac15a8270cb385af46,infinity,2025-03,3,TP-LINK TL-SG1210MPE,TP-LINK TL-SG3452XP,,TP-LINK TL-SG1210MPE,,,,225,text_layer,,
4f3f8ce251354d415efe9e8c7f1b2720c0d95fa2326a3fac15a8270cb385af46,infinity,2025-03,3,DES-1016A 16-PORT FAST DESKTOP SWITCH,DLINK WIFI NETWORKING,,DES-1016A 16-PORT FAST DESKTOP SWITCH,,,,63,text_layer,,
4f3f8ce251354d415efe9e8c7f1b2720c0d95fa2326a3fac15a8270cb385af46,infinity,2025-03,3,CM MASTERLIQUID PL360 FLUX ARGB,,,CM MASTERLIQUID PL360 FLUX ARGB,,,,250,text_layer,,
4f3f8ce251354d415efe9e8c7f1b2720c0d95fa2326a3fac15a8270cb385af46,infinity,2025-03,3,THERMALRIGHT PEERLESS ASSASSIN 120,ID-COOLING ZOOMFLOW 240XT ARGB AIO COOLER,,THERMALRIGHT PEERLESS ASSASSIN 120,,,,64,text_layer,,
4f3f8ce251354d415efe9e8c7f1b2720c0d95fa2326a3fac15a8270cb385af46,infinity,2025-03,3,CORSAIR ICUE SP120 RGB ELITE 120MM FAN - TRIPLE PACK,ASK,,CORSAIR ICUE SP120 RGB ELITE 120MM FAN - TRIPLE PACK,,,,81,text_layer,,
4f3f8ce251354d415efe9e8c7f1b2720c0d95fa2326a3fac15a8270cb385af46,infinity,2025-03,3,TP-LINK TL-SG1016PE,POE SWITCH,,TP-LINK TL-SG1016PE,,,,238,text_layer,,
4f3f8ce251354d415efe9e8c7f1b2720c0d95fa2326a3fac15a8270cb385af46,infinity,2025-03,3,DES-1008PA 8 PORT SWITCH WITH 4 PORT POE,DLINK WIFI NETWORKING,,DES-1008PA 8 PORT SWITCH WITH 4 PORT POE,,,,85,text_layer,,
4f3f8ce251354d415efe9e8c7f1b2720c0d95fa2326a3fac15a8270cb385af46,infinity,2025-03,3,CM MASTERLIQUID ML360 ILLUSION ARGB,,,CM MASTERLIQUID ML360 ILLUSION ARGB,,,,186,text_layer,,
4f3f8ce251354d415efe9e8c7f1b2720c0d95fa2326a3fac15a8270cb385af46,infinity,2025-03,3,THERMALRIGHT LGA1700/AM5 SECURE FRAM,ID-COOLING ZOOMFLOW 240XT ARGB AIO COOLER,,THERMALRIGHT LGA1700/AM5 SECURE FRAM,,,,15,text_layer,,
4f3f8ce251354d415efe9e8c7f1b2720c0d95fa2326a3fac15a8270cb385af46,infinity,2025-03,3,CORSAIR ICUE SP120 RGB ELITE 120MM FAN - WHITE,ASK,,CORSAIR ICUE SP120 RGB ELITE 120MM FAN - WHITE,,,,30,text_layer,,
4f3f8ce251354d415efe9e8c7f1b2720c0d95fa2326a3fac15a8270cb385af46,infinity,2025-03,3,TP-LINK TL-SG1218MP,NAS STORAGE,,TP-LINK TL-SG1218MP,,,,265,text_layer,,
4f3f8ce251354d415efe9e8c7f1b2720c0d95fa2326a3fac15a8270cb385af46,infinity,2025-03,3,DES-1005C 5-PORT 10/100MBPS UNMA,DLINK WIFI NETWORKING,,DES-1005C 5-PORT 10/100MBPS UNMA,,,,23,text_layer,,
4f3f8ce251354d415efe9e8c7f1b2720c0d95fa2326a3fac15a8270cb385af46,infinity,2025-03,3,CM MASTERLIQUID ML240 ILLUSION ARGB,,,CM MASTERLIQUID ML240 ILLUSION ARGB,,,,146,text_layer,,
4f3f8ce251354d415efe9e8c7f1b2720c0d95fa2326a3fac15a8270cb385af46,infinity,2025-03,3,THERMALRIGHT ASSASSIN SPIRIT 120 V2,ID-COOLING ZOOMFLOW 240XT ARGB AIO COOLER,,THERMALRIGHT ASSASSIN SPIRIT 120 V2,,,,21,text_layer,,
4f3f8ce251354d415efe9e8c7f1b2720c0d95fa2326a3fac15a8270cb385af46,infinity,2025-03,3,TP-LINK TL-SG1210MP,POE SWITCH,,TP-LINK TL-SG1210MP,,,,158,text_layer,,
4f3f8ce251354d415efe9e8c7f1b2720c0d95fa2326a3fac15a8270cb385af46,infinity,2025-03,3,DES-1008C 8-PORT 10/100MBPS UNMA,DLINK WIFI NETWORKING,,DES-1008C 8-PORT 10/100MBPS UNMA,,,,25,text_layer,,
4f3f8ce251354d415efe9e8c7f1b2720c0d95fa2326a3fac15a8270cb385af46,infinity,2025-03,3,THERMALRIGHT FROST SPIRIT 140 V3 - WHITE,ID-COOLING ZOOMFLOW 240XT ARGB AIO COOLER,,THERMALRIGHT FROST SPIRIT 140 V3 - WHITE,,,,74,text_layer,,
4f3f8ce251354d415efe9e8c7f1b2720c0d95fa2326a3fac15a8270cb385af46,infinity,2025-03,3,TP-LINK TL-SG1210P,POE SWITCH,,TP-LINK TL-SG1210P,,,,115,text_layer,,
4f3f8ce251354d415efe9e8c7f1b2720c0d95fa2326a3fac15a8270cb385af46,infinity,2025-03,3,DES-1016D 16-PORT 10/100MBPS UNMA,DLINK WIFI NETWORKING,,DES-1016D 16-PORT 10/100MBPS UNMA,,,,64,text_layer,,
4f3f8ce251354d415efe9e8c7f1b2720c0d95fa2326a3fac15a8270cb385af46,infinity,2025-03,3,CM MASTERLIQUID 360L CORE ARGB -WHITE,CM MASTERLIQUID ML240 ILLUSION ARGB whit1e54,,CM MASTERLIQUID 360L CORE ARGB -WHITE,,,,138,text_layer,,
4f3f8ce251354d415efe9e8c7f1b2720c0d95fa2326a3fac15a8270cb385af46,infinity,2025-03,3,THERMALRIGHT FROST SPIRIT 140,ID-COOLING ZOOMFLOW 240XT ARGB AIO COOLER,,THERMALRIGHT FROST SPIRIT 140,,,,62,text_layer,,
4f3f8ce251354d415efe9e8c7f1b2720c0d95fa2326a3fac15a8270cb385af46,infinity,2025-03,3,TP-LINK TL-SL1226P,POE SWITCH,,TP-LINK TL-SL1226P,,,,225,text_layer,,
4f3f8ce251354d415efe9e8c7f1b2720c0d95fa2326a3fac15a8270cb385af46,infinity,2025-03,3,DES-1024D 24-PORT 10/100MBPS UNMA,DLINK WIFI NETWORKING,,DES-1024D 24-PORT 10/100MBPS UNMA,,,,84,text_layer,,
4f3f8ce251354d415efe9e8c7f1b2720c0d95fa2326a3fac15a8270cb385af46,infinity,2025-03,3,CM MASTERLIQUID 240L CORE ARGB,CM MASTERLIQUID ML240 ILLUSION ARGB whit1e54,,CM MASTERLIQUID 240L CORE ARGB,,,,114,text_layer,,
4f3f8ce251354d415efe9e8c7f1b2720c0d95fa2326a3fac15a8270cb385af46,infinity,2025-03,3,THERMALRIGHT PHANTOM SPIRIT 120,ID-COOLING ZOOMFLOW 240XT ARGB AIO COOLER,,THERMALRIGHT PHANTOM SPIRIT 120,,,,57,text_layer,,
4f3f8ce251354d415efe9e8c7f1b2720c0d95fa2326a3fac15a8270cb385af46,infinity,2025-03,3,TP-LINK TL-SL1218P,POE SWITCH,,TP-LINK TL-SL1218P,,,,182,text_layer,,
4f3f8ce251354d415efe9e8c7f1b2720c0d95fa2326a3fac15a8270cb385af46,infinity,2025-03,3,DGS-105 5-PORT GIGABIT SWITCH DGS-105GL,DLINK WIFI NETWORKING,,DGS-105 5-PORT GIGABIT SWITCH DGS-105GL,,,,30,text_layer,,
4f3f8ce251354d415efe9e8c7f1b2720c0d95fa2326a3fac15a8270cb385af46,infinity,2025-03,3,CM MASTERLIQUID ML360L V2 ARGB - WHITE,CM MASTERLIQUID ML240 ILLUSION ARGB whit1e54,,CM MASTERLIQUID ML360L V2 ARGB - WHITE,,,,138,text_layer,,
4f3f8ce251354d415efe9e8c7f1b2720c0d95fa2326a3fac15a8270cb385af46,infinity,2025-03,3,TP-LINK TL-SL1311MP,POE SWITCH,,TP-LINK TL-SL1311MP,,,,198,text_layer,,
4f3f8ce251354d415efe9e8c7f1b2720c0d95fa2326a3fac15a8270cb385af46,infinity,2025-03,3,DGS-108 8-PORT GIGABIT SWITCH DGS-108GL,DLINK WIFI NETWORKING,,DGS-108 8-PORT GIGABIT SWITCH DGS-108GL,,,,35,text_layer,,
4f3f8ce251354d415efe9e8c7f1b2720c0d95fa2326a3fac15a8270cb385af46,infinity,2025-03,3,CM MASTERLIQUID ML360L V2 ARGB,CM MASTERLIQUID ML240 ILLUSION ARGB whit1e54,,CM MASTERLIQUID ML360L V2 ARGB,,,,130,text_layer,,
4f3f8ce251354d415efe9e8c7f1b2720c0d95fa2326a3fac15a8270cb385af46,infinity,2025-03,3,THERMALRIGHT PHANTOM SPIRIT 120 SE,ID-COOLING ZOOMFLOW 240XT ARGB AIO COOLER,,THERMALRIGHT PHANTOM SPIRIT 120 SE,,,,48,text_layer,,
4f3f8ce251354d415efe9e8c7f1b2720c0d95fa2326a3fac15a8270cb385af46,infinity,2025-03,3,"CORSAIR QL WHITE QL120 RGB, 120MM RGB",ASK,,"CORSAIR QL WHITE QL120 RGB, 120MM RGB",,,,47,text_layer,,
4f3f8ce251354d415efe9e8c7f1b2720c0d95fa2326a3fac15a8270cb385af46,infinity,2025-03,3,TP-LINK TL-SG108PE,TP-LINK TL-SG3452XP,,TP-LINK TL-SG108PE,,,,85,text_layer,,
4f3f8ce251354d415efe9e8c7f1b2720c0d95fa2326a3fac15a8270cb385af46,infinity,2025-03,3,DGS-1005A 5-PORT GIGABIT SWITCH,DLINK WIFI NETWORKING,,DGS-1005A 5-PORT GIGABIT SWITCH,,,,26,text_layer,,
4f3f8ce251354d415efe9e8c7f1b2720c0d95fa2326a3fac15a8270cb385af46,infinity,2025-03,3,CM MASTERLIQUID ML240L V2 ARGB,CM MASTERLIQUID ML240 ILLUSION ARGB whit1e54,,CM MASTERLIQUID ML240L V2 ARGB,,,,114,text_layer,,
4f3f8ce251354d415efe9e8c7f1b2720c0d95fa2326a3fac15a8270cb385af46,infinity,2025-03,3,THERMALRIGHT AXP-90 X47,ID-COOLING ZOOMFLOW 240XT ARGB AIO COOLER,,THERMALRIGHT AXP-90 X47,,,,35,text_layer,,
4f3f8ce251354d415efe9e8c7f1b2720c0d95fa2326a3fac15a8270cb385af46,infinity,2025-03,3,"CORSAIR QL WHITE QL120 RGB, 120MM 3PACK",ASK,,"CORSAIR QL WHITE QL120 RGB, 120MM 3PACK",,,,140,text_layer,,
4f3f8ce251354d415efe9e8c7f1b2720c0d95fa2326a3fac15a8270cb385af46,infinity,2025-03,3,TP-LINK TL-SG1008MP,TP-LINK TL-SG3452XP,,TP-LINK TL-SG1008MP,,,,135,text_layer,,
4f3f8ce251354d415efe9e8c7f1b2720c0d95fa2326a3fac15a8270cb385af46,infinity,2025-03,3,DGS-1008A/C 8-PORT GIGABIT SWITCH,DLINK WIFI NETWORKING,,DGS-1008A/C 8-PORT GIGABIT SWITCH,,,,29,text_layer,,
4f3f8ce251354d415efe9e8c7f1b2720c0d95fa2326a3fac15a8270cb385af46,infinity,2025-03,3,LIAN LI GALAHAD II LCD AIO 280,CM MASTERLIQUID ML240 ILLUSION ARGB whit1e54,,LIAN LI GALAHAD II LCD AIO 280,,,,280,text_layer,,
4f3f8ce251354d415efe9e8c7f1b2720c0d95fa2326a3fac15a8270cb385af46,infinity,2025-03,3,THERMALRIGHT AXP-90 X36,ID-COOLING ZOOMFLOW 240XT ARGB AIO COOLER,,THERMALRIGHT AXP-90 X36,,,,34,text_layer,,
4f3f8ce251354d415efe9e8c7f1b2720c0d95fa2326a3fac15a8270cb385af46,infinity,2025-03,3,CORSAIR QL140 WHITE 2PACK,ASK,,CORSAIR QL140 WHITE 2PACK,,,,54,text_layer,,
4f3f8ce251354d415efe9e8c7f1b2720c0d95fa2326a3fac15a8270cb385af46,infinity,2025-03,3,TP-LINK TL-SG1008P,TP-LINK TL-SG3452XP,,TP-LINK TL-SG1008P,,,,78,text_layer,,
4f3f8ce251354d415efe9e8c7f1b2720c0d95fa2326a3fac15a8270cb385af46,infinity,2025-03,3,DGS-1008P 8-PORT UTP POE 10/100/1,DLINK WIFI NETWORKING,,DGS-1008P 8-PORT UTP POE 10/100/1,,,,111,text_layer,,
4f3f8ce251354d415efe9e8c7f1b2720c0d95fa2326a3fac15a8270cb385af46,infinity,2025-03,3,LIAN LI GALAHAD II LCD AIO 360,CM MASTERLIQUID ML240 ILLUSION ARGB whit1e54,,LIAN LI GALAHAD II LCD AIO 360,,,,300,text_layer,,
4f3f8ce251354d415efe9e8c7f1b2720c0d95fa2326a3fac15a8270cb385af46,infinity,2025-03,3,THERMALRIGHT AXP-90 X53,ID-COOLING ZOOMFLOW 240XT ARGB AIO COOLER,,THERMALRIGHT AXP-90 X53,,,,43,text_layer,,
4f3f8ce251354d415efe9e8c7f1b2720c0d95fa2326a3fac15a8270cb385af46,infinity,2025-03,3,CORSAIR QL140MM BLACK 2FANS,ASK,,CORSAIR QL140MM BLACK 2FANS,,,,118,text_layer,,
4f3f8ce251354d415efe9e8c7f1b2720c0d95fa2326a3fac15a8270cb385af46,infinity,2025-03,3,TP-LINK TL-SG105PE,TP-LINK TL-SG3452XP,,TP-LINK TL-SG105PE,,,,70,text_layer,,
4f3f8ce251354d415efe9e8c7f1b2720c0d95fa2326a3fac15a8270cb385af46,infinity,2025-03,3,DGS-1016S 16-PORT / GIGABIT DGS-1016D,DLINK WIFI NETWORKING,,DGS-1016S 16-PORT / GIGABIT DGS-1016D,,,,140,text_layer,,
4f3f8ce251354d415efe9e8c7f1b2720c0d95fa2326a3fac15a8270cb385af46,infinity,2025-03,3,LIAN LI GALAHAD II LCD AIO 360 SL INF,CM MASTERLIQUID ML240 ILLUSION ARGB whit1e54,,LIAN LI GALAHAD II LCD AIO 360 SL INF,,,,354,text_layer,,
4f3f8ce251354d415efe9e8c7f1b2720c0d95fa2326a3fac15a8270cb385af46,infinity,2025-03,3,THERMALRIGHT AXP-120 X67,ID-COOLING ZOOMFLOW 240XT ARGB AIO COOLER,,THERMALRIGHT AXP-120 X67,,,,53,text_layer,,
4f3f8ce251354d415efe9e8c7f1b2720c0d95fa2326a3fac15a8270cb385af46,infinity,2025-03,3,CORSAIR LL120 RGB 120MM DUAL SINGLE PACK,ASK,,CORSAIR LL120 RGB 120MM DUAL SINGLE PACK,,,,46,text_layer,,
4f3f8ce251354d415efe9e8c7f1b2720c0d95fa2326a3fac15a8270cb385af46,infinity,2025-03,3,TP-LINK TL-SG1005P,TP-LINK TL-SG3452XP,,TP-LINK TL-SG1005P,,,,62,text_layer,,
4f3f8ce251354d415efe9e8c7f1b2720c0d95fa2326a3fac15a8270cb385af46,infinity,2025-03,3,DGS-1024C 24-PORT GIGABIT DGS-1024D,DLINK WIFI NETWORKING,,DGS-1024C 24-PORT GIGABIT DGS-1024D,,,,190,text_layer,,
4f3f8ce251354d415efe9e8c7f1b2720c0d95fa2326a3fac15a8270cb385af46,infinity,2025-03,3,LIAN LI GALAHAD II TRINITY AIO 240,CM MASTERLIQUID ML240 ILLUSION ARGB whit1e54,,LIAN LI GALAHAD II TRINITY AIO 240,,,,159,text_layer,,
4f3f8ce251354d415efe9e8c7f1b2720c0d95fa2326a3fac15a8270cb385af46,infinity,2025-03,3,THERMALRIGHT ASSASSIN X 120 REFINED SE V2,ID-COOLING ZOOMFLOW 240XT ARGB AIO COOLER,,THERMALRIGHT ASSASSIN X 120 REFINED SE V2,,,,19,text_layer,,
4f3f8ce251354d415efe9e8c7f1b2720c0d95fa2326a3fac15a8270cb385af46,infinity,2025-03,3,CORSAIR LL120 RGB 120MM RGB LED PWM 3 FAN,ASK,,CORSAIR LL120 RGB 120MM RGB LED PWM 3 FAN,,,,145,text_layer,,
4f3f8ce251354d415efe9e8c7f1b2720c0d95fa2326a3fac15a8270cb385af46,infinity,2025-03,3,TP-LINK TL-SG1005LP,TP-LINK TL-SG3452XP,,TP-LINK TL-SG1005LP,,,,62,text_layer,,
4f3f8ce251354d415efe9e8c7f1b2720c0d95fa2326a3fac15a8270cb385af46,infinity,2025-03,3,D-LINK DES-F1005P-E 250M 4-PORT,DLINK WIFI NETWORKING,,D-LINK DES-F1005P-E 250M 4-PORT,,,,58,text_layer,,
4f3f8ce251354d415efe9e8c7f1b2720c0d95fa2326a3fac15a8270cb385af46,infinity,2025-03,3,LIAN LI GALAHAD II TRINITY AIO 240 SL-INF,CM MASTERLIQUID ML240 ILLUSION ARGB whit1e54,,LIAN LI GALAHAD II TRINITY AIO 240 SL-INF,,,,208,text_layer,,
4f3f8ce251354d415efe9e8c7f1b2720c0d95fa2326a3fac15a8270cb385af46,infinity,2025-03,3,THERMALRIGHT ASSASSIN X 120 REFINED SE ARGB - WH2I7TECORSAIR LL120 RGB 120MM DUAL LIGHT,AIR CPU COOLER,,THERMALRIGHT ASSASSIN X 120 REFINED SE ARGB - WH2I7TECORSAIR LL120 RGB 120MM DUAL LIGHT,,,,46,text_layer,,
4f3f8ce251354d415efe9e8c7f1b2720c0d95fa2326a3fac15a8270cb385af46,infinity,2025-03,3,TP-LINK TL-SF1006P,TP-LINK TL-SG3452XP,,TP-LINK TL-SF1006P,,,,58,text_layer,,
4f3f8ce251354d415efe9e8c7f1b2720c0d95fa2326a3fac15a8270cb385af46,infinity,2025-03,3,D-LINK DGS-F1005P-E 250M 4-PORT GI,DLINK WIFI NETWORKING,,D-LINK DGS-F1005P-E 250M 4-PORT GI,,,,74,text_layer,,
4f3f8ce251354d415efe9e8c7f1b2720c0d95fa2326a3fac15a8270cb385af46,infinity,2025-03,3,LIAN LI GALAHAD II TRINITY AIO 360,CM MASTERLIQUID ML240 ILLUSION ARGB whit1e54,,LIAN LI GALAHAD II TRINITY AIO 360,,,,192,text_layer,,
4f3f8ce251354d415efe9e8c7f1b2720c0d95fa2326a3fac15a8270cb385af46,infinity,2025-03,3,THERMALRIGHT ASSASSIN X 120 REFINED SE ARGB - BLA2C7K CORSAIR LL120 RGB 120MM DUAL LIGHT LOOP WHITE 1R4G5B TP-LINK TL-SF1009P,ID-COOLING ZOOMFLOW 240XT ARGB AIO COOLER,,THERMALRIGHT ASSASSIN X 120 REFINED SE ARGB - BLA2C7K CORSAIR LL120 RGB 120MM DUAL LIGHT LOOP WHITE 1R4G5B TP-LINK TL-SF1009P,,,,69,text_layer,,
4f3f8ce251354d415efe9e8c7f1b2720c0d95fa2326a3fac15a8270cb385af46,infinity,2025-03,3,D-LINK DGS-F1018P-E 250M 16-PORT G,DLINK WIFI NETWORKING,,D-LINK DGS-F1018P-E 250M 16-PORT G,,,,322,text_layer,,
4f3f8ce251354d415efe9e8c7f1b2720c0d95fa2326a3fac15a8270cb385af46,infinity,2025-03,3,LIAN LI GALAHAD II TRINITY AIO 360 SL-INF,CM MASTERLIQUID ML240 ILLUSION ARGB whit1e54,,LIAN LI GALAHAD II TRINITY AIO 360 SL-INF,,,,244,text_layer,,
4f3f8ce251354d415efe9e8c7f1b2720c0d95fa2326a3fac15a8270cb385af46,infinity,2025-03,3,ARCTIC FREEZER 34,AIR CPU COOLER,,ARCTIC FREEZER 34,,,,45,text_layer,,
4f3f8ce251354d415efe9e8c7f1b2720c0d95fa2326a3fac15a8270cb385af46,infinity,2025-03,3,CORSAIR LL140 RGB 140MM DUAL LIGHT,ASK,,CORSAIR LL140 RGB 140MM DUAL LIGHT,,,,51,text_layer,,
4f3f8ce251354d415efe9e8c7f1b2720c0d95fa2326a3fac15a8270cb385af46,infinity,2025-03,3,TP-LINK TL-SF1008P,TP-LINK TL-SG3452XP,,TP-LINK TL-SF1008P,,,,65,text_layer,,
4f3f8ce251354d415efe9e8c7f1b2720c0d95fa2326a3fac15a8270cb385af46,infinity,2025-03,3,D-LINK DGS-F1026P-E 250M 24-PORT G,DLINK WIFI NETWORKING,,D-LINK DGS-F1026P-E 250M 24-PORT G,,,,395,text_layer,,
4f3f8ce251354d415efe9e8c7f1b2720c0d95fa2326a3fac15a8270cb385af46,infinity,2025-03,3,ARCTIC FREEZER A35 (BASE MODEL),AIR CPU COOLER,,ARCTIC FREEZER A35 (BASE MODEL),,,,39,text_layer,,
4f3f8ce251354d415efe9e8c7f1b2720c0d95fa2326a3fac15a8270cb385af46,infinity,2025-03,3,CORSAIR LL140 RGB 140MM — 2 FAN,ASK,,CORSAIR LL140 RGB 140MM — 2 FAN,,,,110,text_layer,,
4f3f8ce251354d415efe9e8c7f1b2720c0d95fa2326a3fac15a8270cb385af46,infinity,2025-03,3,TP-LINK TL-SF1005P,TP-LINK TL-SG3452XP,,TP-LINK TL-SF1005P,,,,55,text_layer,,
4f3f8ce251354d415efe9e8c7f1b2720c0d95fa2326a3fac15a8270cb385af46,infinity,2025-03,3,D-LINK DGS-F1100-10PS-E 250M 8-POR,DLINK WIFI NETWORKING,,D-LINK DGS-F1100-10PS-E 250M 8-POR,,,,218,text_layer,,
4f3f8ce251354d415efe9e8c7f1b2720c0d95fa2326a3fac15a8270cb385af46,infinity,2025-03,3,CORSAIR H100I ELITE CAPELLI XT 240MM (black2/w16hitAeR)CTIC FREEZER A35 ARGB (AM4/AM5),CM MASTERLIQUID ML240 ILLUSION ARGB whit1e54,,CORSAIR H100I ELITE CAPELLI XT 240MM (black2/w16hitAeR)CTIC FREEZER A35 ARGB (AM4/AM5),,,,60,text_layer,,
4f3f8ce251354d415efe9e8c7f1b2720c0d95fa2326a3fac15a8270cb385af46,infinity,2025-03,3,TP-LINK TL-SF1005LP,TP-LINK TL-SG3452XP,,TP-LINK TL-SF1005LP,,,,55,text_layer,,
4f3f8ce251354d415efe9e8c7f1b2720c0d95fa2326a3fac15a8270cb385af46,infinity,2025-03,3,D-LINK DGS-F1210-26PS-E 250M 24-PO,DLINK WIFI NETWORKING,,D-LINK DGS-F1210-26PS-E 250M 24-PO,,,,555,text_layer,,
4f3f8ce251354d415efe9e8c7f1b2720c0d95fa2326a3fac15a8270cb385af46,infinity,2025-03,3,CORSAIR ICUE H115I ELITE CAPELLIX 280MM,CM MASTERLIQUID ML240 ILLUSION ARGB whit1e54,,CORSAIR ICUE H115I ELITE CAPELLIX 280MM,,,,229,text_layer,,
4f3f8ce251354d415efe9e8c7f1b2720c0d95fa2326a3fac15a8270cb385af46,infinity,2025-03,3,ARCTIC FREEZER I35 (BASE MODEL),ID-COOLING ZOOMFLOW 240XT ARGB AIO COOLER,,ARCTIC FREEZER I35 (BASE MODEL),,,,39,text_layer,,
4f3f8ce251354d415efe9e8c7f1b2720c0d95fa2326a3fac15a8270cb385af46,infinity,2025-03,3,MERCUSYS HALO H80X(3-PACK) AX3000,ASK,,MERCUSYS HALO H80X(3-PACK) AX3000,,,,220,text_layer,,
4f3f8ce251354d415efe9e8c7f1b2720c0d95fa2326a3fac15a8270cb385af46,infinity,2025-03,3,TP-LINK TL-SF1008LP,TP-LINK TL-SG3452XP,,TP-LINK TL-SF1008LP,,,,65,text_layer,,
4f3f8ce251354d415efe9e8c7f1b2720c0d95fa2326a3fac15a8270cb385af46,infinity,2025-03,3,D-LINK DGS-1100-05V2 5-PORT GIGAB,DLINK WIFI NETWORKING,,D-LINK DGS-1100-05V2 5-PORT GIGAB,,,,40,text_layer,,
4f3f8ce251354d415efe9e8c7f1b2720c0d95fa2326a3fac15a8270cb385af46,infinity,2025-03,3,ARCTIC FREEZER I35 ARGB (LGA1700/1200),AIR CPU COOLER,,ARCTIC FREEZER I35 ARGB (LGA1700/1200),,,,57,text_layer,,
4f3f8ce251354d415efe9e8c7f1b2720c0d95fa2326a3fac15a8270cb385af46,infinity,2025-03,3,MERCUSYS HALO H80X(2-PACK) AX3000,ASK,,MERCUSYS HALO H80X(2-PACK) AX3000,,,,157,text_layer,,
4f3f8ce251354d415efe9e8c7f1b2720c0d95fa2326a3fac15a8270cb385af46,infinity,2025-03,3,D-LINK DGS-1100-08PV2 8-PORT UTP,DLINK WIFI NETWORKING,,D-LINK DGS-1100-08PV2 8-PORT UTP,,,,125,text_layer,,
4f3f8ce251354d415efe9e8c7f1b2720c0d95fa2326a3fac15a8270cb385af46,infinity,2025-03,3,CORSAIR H55 RGB 120MM LIQUID,CM MASTERLIQUID ML240 ILLUSION ARGB whit1e54,,CORSAIR H55 RGB 120MM LIQUID,,,,85,text_layer,,
4f3f8ce251354d415efe9e8c7f1b2720c0d95fa2326a3fac15a8270cb385af46,infinity,2025-03,3,ARCTIC FREEZER 36 (Black),ID-COOLING ZOOMFLOW 240XT ARGB AIO COOLER,,ARCTIC FREEZER 36 (Black),,,,44,text_layer,,
4f3f8ce251354d415efe9e8c7f1b2720c0d95fa2326a3fac15a8270cb385af46,infinity,2025-03,3,MERCUSYS HALO H70X(3-PACK) AX1800,ASK,,MERCUSYS HALO H70X(3-PACK) AX1800,,,,190,text_layer,,
4f3f8ce251354d415efe9e8c7f1b2720c0d95fa2326a3fac15a8270cb385af46,infinity,2025-03,3,LOGITECH HD WEBCAM C270,TP-LINK TL-SG3452XP,,LOGITECH HD WEBCAM C270,,,,36,text_layer,,
4f3f8ce251354d415efe9e8c7f1b2720c0d95fa2326a3fac15a8270cb385af46,infinity,2025-03,3,D-LINK DGS-1100-08V2 8 10/100/100,DLINK WIFI NETWORKING,,D-LINK DGS-1100-08V2 8 10/100/100,,,,60,text_layer,,
4f3f8ce251354d415efe9e8c7f1b2720c0d95fa2326a3fac15a8270cb385af46,infinity,2025-03,3,CORSAIR H100 RGB 240MM LIQUID,CM MASTERLIQUID ML240 ILLUSION ARGB whit1e54,,CORSAIR H100 RGB 240MM LIQUID,,,,124,text_layer,,
4f3f8ce251354d415efe9e8c7f1b2720c0d95fa2326a3fac15a8270cb385af46,infinity,2025-03,3,ARCTIC FREEZER 36 A-RGB (Black),ID-COOLING ZOOMFLOW 240XT ARGB AIO COOLER,,ARCTIC FREEZER 36 A-RGB (Black),,,,47,text_layer,,
4f3f8ce251354d415efe9e8c7f1b2720c0d95fa2326a3fac15a8270cb385af46,infinity,2025-03,3,MERCUSYS HALO H70X(2-PACK) AX1800,ASK,,MERCUSYS HALO H70X(2-PACK) AX1800,,,,125,text_layer,,
4f3f8ce251354d415efe9e8c7f1b2720c0d95fa2326a3fac15a8270cb385af46,infinity,2025-03,3,LOGITECH HD WEBCAM C310,TP-LINK TL-SG3452XP,,LOGITECH HD WEBCAM C310,,,,42,text_layer,,
4f3f8ce251354d415efe9e8c7f1b2720c0d95fa2326a3fac15a8270cb385af46,infinity,2025-03,3,D-LINK DGS-1100-10MPV2 DGS-1100-1,DLINK WIFI NETWORKING,,D-LINK DGS-1100-10MPV2 DGS-1100-1,,,,264,text_layer,,
4f3f8ce251354d415efe9e8c7f1b2720c0d95fa2326a3fac15a8270cb385af46,infinity,2025-03,3,CORSAIR H150 RGB 360MM LIQUID,CM MASTERLIQUID ML240 ILLUSION ARGB whit1e54,,CORSAIR H150 RGB 360MM LIQUID,,,,158,text_layer,,
4f3f8ce251354d415efe9e8c7f1b2720c0d95fa2326a3fac15a8270cb385af46,infinity,2025-03,3,BE QUIET! DARK ROCK PRO 4 TR4,ID-COOLING ZOOMFLOW 240XT ARGB AIO COOLER,,BE QUIET! DARK ROCK PRO 4 TR4,,,,83,text_layer,,
4f3f8ce251354d415efe9e8c7f1b2720c0d95fa2326a3fac15a8270cb385af46,infinity,2025-03,3,MERCUSYS HALO H50G(3-PACK) AC1900,ASK,,MERCUSYS HALO H50G(3-PACK) AC1900,,,,157,text_layer,,
4f3f8ce251354d415efe9e8c7f1b2720c0d95fa2326a3fac15a8270cb385af46,infinity,2025-03,3,LOGITECH HD WEBCAM C505,TP-LINK TL-SG3452XP,,LOGITECH HD WEBCAM C505,,,,60,text_layer,,
4f3f8ce251354d415efe9e8c7f1b2720c0d95fa2326a3fac15a8270cb385af46,infinity,2025-03,3,D-LINK DGS-1100-16V2 16-PORT UTP,DLINK WIFI NETWORKING,,D-LINK DGS-1100-16V2 16-PORT UTP,,,,160,text_layer,,
4f3f8ce251354d415efe9e8c7f1b2720c0d95fa2326a3fac15a8270cb385af46,infinity,2025-03,3,BE QUIET! DARK ROCK PRO 4 (LGA1700/AM5),AIR CPU COOLER,,BE QUIET! DARK ROCK PRO 4 (LGA1700/AM5),,,,83,text_layer,,
4f3f8ce251354d415efe9e8c7f1b2720c0d95fa2326a3fac15a8270cb385af46,infinity,2025-03,3,MERCUSYS HALO H50G(2-PACK) AC1900,ASK,,MERCUSYS HALO H50G(2-PACK) AC1900,,,,110,text_layer,,
4f3f8ce251354d415efe9e8c7f1b2720c0d95fa2326a3fac15a8270cb385af46,infinity,2025-03,3,LOGITECH PRO STREAM WEBCAM C922,TP-LINK TL-SG3452XP,,LOGITECH PRO STREAM WEBCAM C922,,,,165,text_layer,,
4f3f8ce251354d415efe9e8c7f1b2720c0d95fa2326a3fac15a8270cb385af46,infinity,2025-03,3,D-LINK DGS-1100-24PV2 12-PORT UTP,DLINK WIFI NETWORKING,,D-LINK DGS-1100-24PV2 12-PORT UTP,,,,418,text_layer,,
4f3f8ce251354d415efe9e8c7f1b2720c0d95fa2326a3fac15a8270cb385af46,infinity,2025-03,3,DEEPCOOL AG500 WHITE/BLACK,AIR CPU COOLER,,DEEPCOOL AG500 WHITE/BLACK,,,,48,text_layer,,
4f3f8ce251354d415efe9e8c7f1b2720c0d95fa2326a3fac15a8270cb385af46,infinity,2025-03,3,MERCUSYS HALO S12(2-PACK) AC1200 WH,ASK,,MERCUSYS HALO S12(2-PACK) AC1200 WH,,,,80,text_layer,,
4f3f8ce251354d415efe9e8c7f1b2720c0d95fa2326a3fac15a8270cb385af46,infinity,2025-03,3,D-LINK DGS-1210-10 8-PORT GIGABIT,DLINK WIFI NETWORKING,,D-LINK DGS-1210-10 8-PORT GIGABIT,,,,168,text_layer,,
4f3f8ce251354d415efe9e8c7f1b2720c0d95fa2326a3fac15a8270cb385af46,infinity,2025-03,3,DEEPCOOL AK400 WHITE COOLER,ID-COOLING ZOOMFLOW 240XT ARGB AIO COOLER,,DEEPCOOL AK400 WHITE COOLER,,,,48,text_layer,,
4f3f8ce251354d415efe9e8c7f1b2720c0d95fa2326a3fac15a8270cb385af46,infinity,2025-03,3,MERCUSYS MR90X AX6000 DUAL-BAND,ASK,,MERCUSYS MR90X AX6000 DUAL-BAND,,,,134,text_layer,,
4f3f8ce251354d415efe9e8c7f1b2720c0d95fa2326a3fac15a8270cb385af46,infinity,2025-03,3,D-LINK DGS-1210-10MP 8-PORTS 10/1,DLINK WIFI NETWORKING,,D-LINK DGS-1210-10MP 8-PORTS 10/1,,,,355,text_layer,,
4f3f8ce251354d415efe9e8c7f1b2720c0d95fa2326a3fac15a8270cb385af46,infinity,2025-03,3,NZXT KRAKEN Z63 (LGA1700/AM5),NZXT KRAKEN X53 RGB (LGA1700/AM5),,NZXT KRAKEN Z63 (LGA1700/AM5),,,,281,text_layer,,
4f3f8ce251354d415efe9e8c7f1b2720c0d95fa2326a3fac15a8270cb385af46,infinity,2025-03,3,DEEPCOOL AK400,ID-COOLING ZOOMFLOW 240XT ARGB AIO COOLER,,DEEPCOOL AK400,,,,48,text_layer,,
4f3f8ce251354d415efe9e8c7f1b2720c0d95fa2326a3fac15a8270cb385af46,infinity,2025-03,3,MERCUSYS MR80X AX3000 DUAL-BAND,ASK,,MERCUSYS MR80X AX3000 DUAL-BAND,,,,192,text_layer,,
4f3f8ce251354d415efe9e8c7f1b2720c0d95fa2326a3fac15a8270cb385af46,infinity,2025-03,3,LOGITECH BRIO 300 FHD WEBCAM (ROSE),LOGITECH BRIO 300 FHD WEBCAM (GRAPHIT9E8),,LOGITECH BRIO 300 FHD WEBCAM (ROSE),,,,98,text_layer,,
4f3f8ce251354d415efe9e8c7f1b2720c0d95fa2326a3fac15a8270cb385af46,infinity,2025-03,3,D-LINK DGS-1210-10P 8-PORT UTP 80,DLINK WIFI NETWORKING,,D-LINK DGS-1210-10P 8-PORT UTP 80,,,,260,text_layer,,
4f3f8ce251354d415efe9e8c7f1b2720c0d95fa2326a3fac15a8270cb385af46,infinity,2025-03,3,"NZXT KRAKEN 240 (LCD, BLACK)",NZXT KRAKEN X53 RGB (LGA1700/AM5),,"NZXT KRAKEN 240 (LCD, BLACK)",,,,189,text_layer,,
4f3f8ce251354d415efe9e8c7f1b2720c0d95fa2326a3fac15a8270cb385af46,infinity,2025-03,3,DEEPCOOL AK400 DIGITAL WHITE,ID-COOLING ZOOMFLOW 240XT ARGB AIO COOLER,,DEEPCOOL AK400 DIGITAL WHITE,,,,54,text_layer,,
4f3f8ce251354d415efe9e8c7f1b2720c0d95fa2326a3fac15a8270cb385af46,infinity,2025-03,3,MERCUSYS MR70X AX1800 DUAL-BAND,ASK,,MERCUSYS MR70X AX1800 DUAL-BAND,,,,68,text_layer,,
4f3f8ce251354d415efe9e8c7f1b2720c0d95fa2326a3fac15a8270cb385af46,infinity,2025-03,3,D-LINK DGS-1210-20 16-PORT UTP 10,DLINK WIFI NETWORKING,,D-LINK DGS-1210-20 16-PORT UTP 10,,,,225,text_layer,,
4f3f8ce251354d415efe9e8c7f1b2720c0d95fa2326a3fac15a8270cb385af46,infinity,2025-03,3,"NZXT KRAKEN 240 RGB (LCD, BLACK)",NZXT KRAKEN X53 RGB (LGA1700/AM5),,"NZXT KRAKEN 240 RGB (LCD, BLACK)",,,,216,text_layer,,
4f3f8ce251354d415efe9e8c7f1b2720c0d95fa2326a3fac15a8270cb385af46,infinity,2025-03,3,DEEPCOOL AK400 DIGITAL,ID-COOLING ZOOMFLOW 240XT ARGB AIO COOLER,,DEEPCOOL AK400 DIGITAL,,,,54,text_layer,,
4f3f8ce251354d415efe9e8c7f1b2720c0d95fa2326a3fac15a8270cb385af46,infinity,2025-03,3,MERCUSYS MR50G AC1900 DUAL-BAND,ASK,,MERCUSYS MR50G AC1900 DUAL-BAND,,,,55,text_layer,,
4f3f8ce251354d415efe9e8c7f1b2720c0d95fa2326a3fac15a8270cb385af46,infinity,2025-03,3,D-LINK DGS-1210-26 24-PORT UTP 10,DLINK WIFI NETWORKING,,D-LINK DGS-1210-26 24-PORT UTP 10,,,,298,text_layer,,
4f3f8ce251354d415efe9e8c7f1b2720c0d95fa2326a3fac15a8270cb385af46,infinity,2025-03,3,"NZXT KRAKEN 240 RGB (LCD, WHITE)",NZXT KRAKEN X53 RGB (LGA1700/AM5),,"NZXT KRAKEN 240 RGB (LCD, WHITE)",,,,216,text_layer,,
4f3f8ce251354d415efe9e8c7f1b2720c0d95fa2326a3fac15a8270cb385af46,infinity,2025-03,3,DEEPCOOL AK400 PINK LIMITED EDITION,ID-COOLING ZOOMFLOW 240XT ARGB AIO COOLER,,DEEPCOOL AK400 PINK LIMITED EDITION,,,,39,text_layer,,
4f3f8ce251354d415efe9e8c7f1b2720c0d95fa2326a3fac15a8270cb385af46,infinity,2025-03,3,MERCUSYS MR30G AC1200 DUAL-BAND,ASK,,MERCUSYS MR30G AC1200 DUAL-BAND,,,,47,text_layer,,
4f3f8ce251354d415efe9e8c7f1b2720c0d95fa2326a3fac15a8270cb385af46,infinity,2025-03,3,LOGITECH BRIO 500 FHD WEBCAM (ROSE),LOGITECH BRIO 500 FHD WEBCAM (WHITE)195,,LOGITECH BRIO 500 FHD WEBCAM (ROSE),,,,195,text_layer,,
4f3f8ce251354d415efe9e8c7f1b2720c0d95fa2326a3fac15a8270cb385af46,infinity,2025-03,3,D-LINK DGS-1210-28 28-PORT GIGABI,DLINK WIFI NETWORKING,,D-LINK DGS-1210-28 28-PORT GIGABI,,,,308,text_layer,,
4f3f8ce251354d415efe9e8c7f1b2720c0d95fa2326a3fac15a8270cb385af46,infinity,2025-03,3,"NZXT KRAKEN 280 (LCD, BLACK)",NZXT KRAKEN X53 RGB (LGA1700/AM5),,"NZXT KRAKEN 280 (LCD, BLACK)",,,,184,text_layer,,
4f3f8ce251354d415efe9e8c7f1b2720c0d95fa2326a3fac15a8270cb385af46,infinity,2025-03,3,DEEPCOOL AK500 DIGITAL,ID-COOLING ZOOMFLOW 240XT ARGB AIO COOLER,,DEEPCOOL AK500 DIGITAL,,,,92,text_layer,,
4f3f8ce251354d415efe9e8c7f1b2720c0d95fa2326a3fac15a8270cb385af46,infinity,2025-03,3,MERCUSYS AC12G AC1200 DUAL-BAND,ASK,,MERCUSYS AC12G AC1200 DUAL-BAND,,,,47,text_layer,,
4f3f8ce251354d415efe9e8c7f1b2720c0d95fa2326a3fac15a8270cb385af46,infinity,2025-03,3,LOGITECH BRIO 4K PRO WEBCAM,LOGITECH BRIO 500 FHD WEBCAM (WHITE)195,,LOGITECH BRIO 4K PRO WEBCAM,,,,265,text_layer,,
4f3f8ce251354d415efe9e8c7f1b2720c0d95fa2326a3fac15a8270cb385af46,infinity,2025-03,3,D-LINK DGS-1210-28P DGS-1210-28P,DLINK WIFI NETWORKING,,D-LINK DGS-1210-28P DGS-1210-28P,,,,605,text_layer,,
4f3f8ce251354d415efe9e8c7f1b2720c0d95fa2326a3fac15a8270cb385af46,infinity,2025-03,3,"NZXT KRAKEN 280 RGB (LCD, BLACK)",NZXT KRAKEN X53 RGB (LGA1700/AM5),,"NZXT KRAKEN 280 RGB (LCD, BLACK)",,,,243,text_layer,,
4f3f8ce251354d415efe9e8c7f1b2720c0d95fa2326a3fac15a8270cb385af46,infinity,2025-03,3,DEEPCOOL AK620 ZERO DARK EDITION,ID-COOLING ZOOMFLOW 240XT ARGB AIO COOLER,,DEEPCOOL AK620 ZERO DARK EDITION,,,,99,text_layer,,
4f3f8ce251354d415efe9e8c7f1b2720c0d95fa2326a3fac15a8270cb385af46,infinity,2025-03,3,MERCUSYS AC10 AC1200 DUAL-BAND,ASK,,MERCUSYS AC10 AC1200 DUAL-BAND,,,,32,text_layer,,
4f3f8ce251354d415efe9e8c7f1b2720c0d95fa2326a3fac15a8270cb385af46,infinity,2025-03,3,D-LINK DGS-1210-52 48-PORT UTP 10,DLINK WIFI NETWORKING,,D-LINK DGS-1210-52 48-PORT UTP 10,,,,838,text_layer,,
4f3f8ce251354d415efe9e8c7f1b2720c0d95fa2326a3fac15a8270cb385af46,infinity,2025-03,3,"NZXT KRAKEN 280 RGB (LCD, WHITE)",NZXT KRAKEN X53 RGB (LGA1700/AM5),,"NZXT KRAKEN 280 RGB (LCD, WHITE)",,,,243,text_layer,,
4f3f8ce251354d415efe9e8c7f1b2720c0d95fa2326a3fac15a8270cb385af46,infinity,2025-03,3,DEEPCOOL AK620 WHITE,ID-COOLING ZOOMFLOW 240XT ARGB AIO COOLER,,DEEPCOOL AK620 WHITE,,,,103,text_layer,,
4f3f8ce251354d415efe9e8c7f1b2720c0d95fa2326a3fac15a8270cb385af46,infinity,2025-03,3,MERCUSYS MW306R N300 MULTI-MODE,ASK,,MERCUSYS MW306R N300 MULTI-MODE,,,,20,text_layer,,
4f3f8ce251354d415efe9e8c7f1b2720c0d95fa2326a3fac15a8270cb385af46,infinity,2025-03,3,D-LINK NUCLIAS CONNECT DAP-X2810,DLINK WIFI NETWORKING,,D-LINK NUCLIAS CONNECT DAP-X2810,,,,255,text_layer,,
4f3f8ce251354d415efe9e8c7f1b2720c0d95fa2326a3fac15a8270cb385af46,infinity,2025-03,3,"NZXT KRAKEN 360 (LCD, BLACK)",NZXT KRAKEN X53 RGB (LGA1700/AM5),,"NZXT KRAKEN 360 (LCD, BLACK)",,,,243,text_layer,,
4f3f8ce251354d415efe9e8c7f1b2720c0d95fa2326a3fac15a8270cb385af46,infinity,2025-03,3,DEEPCOOL AK620 DIGITAL WHITE,ID-COOLING ZOOMFLOW 240XT ARGB AIO COOLER,,DEEPCOOL AK620 DIGITAL WHITE,,,,102,text_layer,,
4f3f8ce251354d415efe9e8c7f1b2720c0d95fa2326a3fac15a8270cb385af46,infinity,2025-03,3,MERCUSYS ME70X AX1800 WI-FI RANGE,ASK,,MERCUSYS ME70X AX1800 WI-FI RANGE,,,,68,text_layer,,
4f3f8ce251354d415efe9e8c7f1b2720c0d95fa2326a3fac15a8270cb385af46,infinity,2025-03,3,DAP-2682 AC2300 WAVE 2 DUAL BAND,DLINK WIFI NETWORKING,,DAP-2682 AC2300 WAVE 2 DUAL BAND,,,,165,text_layer,,
4f3f8ce251354d415efe9e8c7f1b2720c0d95fa2326a3fac15a8270cb385af46,infinity,2025-03,3,"NZXT KRAKEN 360 RGB (LCD, BLACK)",NZXT KRAKEN X53 RGB (LGA1700/AM5),,"NZXT KRAKEN 360 RGB (LCD, BLACK)",,,,283,text_layer,,
4f3f8ce251354d415efe9e8c7f1b2720c0d95fa2326a3fac15a8270cb385af46,infinity,2025-03,3,DEEPCOOL AK620 ZERO DARK ZORIA,ID-COOLING ZOOMFLOW 240XT ARGB AIO COOLER,,DEEPCOOL AK620 ZERO DARK ZORIA,,,,99,text_layer,,
4f3f8ce251354d415efe9e8c7f1b2720c0d95fa2326a3fac15a8270cb385af46,infinity,2025-03,3,MERCUSYS ME50G AC1900 WI-FI RANGE,ASK,,MERCUSYS ME50G AC1900 WI-FI RANGE,,,,44,text_layer,,
4f3f8ce251354d415efe9e8c7f1b2720c0d95fa2326a3fac15a8270cb385af46,infinity,2025-03,3,RAZER KIYO CAMERA W/ILLUMINATION,LOGITECH STREAMING WEBCAM GRAPHITE165,,RAZER KIYO CAMERA W/ILLUMINATION,,,,150,text_layer,,
4f3f8ce251354d415efe9e8c7f1b2720c0d95fa2326a3fac15a8270cb385af46,infinity,2025-03,3,DAP-X1810F AX1800 WIRELESS ACCESSPOINT,DLINK WIFI NETWORKING,,DAP-X1810F AX1800 WIRELESS ACCESSPOINT,,,,103,text_layer,,
4f3f8ce251354d415efe9e8c7f1b2720c0d95fa2326a3fac15a8270cb385af46,infinity,2025-03,3,"NZXT KRAKEN ELITE 240 RGB (LCD, BLACK)",NZXT KRAKEN X53 RGB (LGA1700/AM5),,"NZXT KRAKEN ELITE 240 RGB (LCD, BLACK)",,,,322,text_layer,,
4f3f8ce251354d415efe9e8c7f1b2720c0d95fa2326a3fac15a8270cb385af46,infinity,2025-03,3,DEEPCOOL CPU COOLER GAMMAXX GT RGB BLACK,ID-COOLING ZOOMFLOW 240XT ARGB AIO COOLER,,DEEPCOOL CPU COOLER GAMMAXX GT RGB BLACK,,,,40,text_layer,,
4f3f8ce251354d415efe9e8c7f1b2720c0d95fa2326a3fac15a8270cb385af46,infinity,2025-03,3,MERCUSYS ME30 AC1200 WI-FI RANGE EX,ASK,,MERCUSYS ME30 AC1200 WI-FI RANGE EX,,,,27,text_layer,,
4f3f8ce251354d415efe9e8c7f1b2720c0d95fa2326a3fac15a8270cb385af46,infinity,2025-03,3,DNH-100 NUCLIAS CONNECT HUB 100AP,DLINK WIFI NETWORKING,,DNH-100 NUCLIAS CONNECT HUB 100AP,,,,232,text_layer,,
4f3f8ce251354d415efe9e8c7f1b2720c0d95fa2326a3fac15a8270cb385af46,infinity,2025-03,3,"NZXT KRAKEN ELITE 280 RGB (LCD, BLACK)",NZXT KRAKEN X53 RGB (LGA1700/AM5),,"NZXT KRAKEN ELITE 280 RGB (LCD, BLACK)",,,,279,text_layer,,
4f3f8ce251354d415efe9e8c7f1b2720c0d95fa2326a3fac15a8270cb385af46,infinity,2025-03,3,ID-COOLING SE 226 XT BLACK (LGA 1700 COMPATIBLE),ID-COOLING ZOOMFLOW 240XT ARGB AIO COOLER,,ID-COOLING SE 226 XT BLACK (LGA 1700 COMPATIBLE),,,,39,text_layer,,
4f3f8ce251354d415efe9e8c7f1b2720c0d95fa2326a3fac15a8270cb385af46,infinity,2025-03,3,ASUS WEBCAM C3 FHD,RAZER KIYO PRO USB HIGH-PERFORMANCE75,,ASUS WEBCAM C3 FHD,,,,48,text_layer,,
4f3f8ce251354d415efe9e8c7f1b2720c0d95fa2326a3fac15a8270cb385af46,infinity,2025-03,3,DWL-2600AP 300MBPS UNIFIED POE AC,DLINK WIFI NETWORKING,,DWL-2600AP 300MBPS UNIFIED POE AC,,,,98,text_layer,,
4f3f8ce251354d415efe9e8c7f1b2720c0d95fa2326a3fac15a8270cb385af46,infinity,2025-03,3,"NZXT KRAKEN ELITE 280 RGB (LCD, WHITE)",NZXT KRAKEN X53 RGB (LGA1700/AM5),,"NZXT KRAKEN ELITE 280 RGB (LCD, WHITE)",,,,279,text_layer,,
4f3f8ce251354d415efe9e8c7f1b2720c0d95fa2326a3fac15a8270cb385af46,infinity,2025-03,3,ID-COOLING SE 226 XT ARGB SNOW (LGA1700/AM5),ID-COOLING ZOOMFLOW 240XT ARGB AIO COOLER,,ID-COOLING SE 226 XT ARGB SNOW (LGA1700/AM5),,,,38,text_layer,,
4f3f8ce251354d415efe9e8c7f1b2720c0d95fa2326a3fac15a8270cb385af46,infinity,2025-03,3,ASUS PCE-AC58BT AC2100 PCIE,ASK,,ASUS PCE-AC58BT AC2100 PCIE,,,,40,text_layer,,
4f3f8ce251354d415efe9e8c7f1b2720c0d95fa2326a3fac15a8270cb385af46,infinity,2025-03,3,ASUS ROG EYE 1080P WEBCAM,RAZER KIYO PRO USB HIGH-PERFORMANCE75,,ASUS ROG EYE 1080P WEBCAM,,,,125,text_layer,,
4f3f8ce251354d415efe9e8c7f1b2720c0d95fa2326a3fac15a8270cb385af46,infinity,2025-03,3,DHD-131 WIRELESS DISPLAY ADAPTOR WIDI,DLINK WIFI NETWORKING,,DHD-131 WIRELESS DISPLAY ADAPTOR WIDI,,,,28,text_layer,,
4f3f8ce251354d415efe9e8c7f1b2720c0d95fa2326a3fac15a8270cb385af46,infinity,2025-03,3,NZXT KRAKEN ELITE RGB 360 ( BLACK) 2023,NZXT KRAKEN X53 RGB (LGA1700/AM5),,NZXT KRAKEN ELITE RGB 360 ( BLACK) 2023,,,,306,text_layer,,
4f3f8ce251354d415efe9e8c7f1b2720c0d95fa2326a3fac15a8270cb385af46,infinity,2025-03,3,ID-COOLING SE 226 XT ARGB (LGA 1700 COMPATIBLE),ID-COOLING ZOOMFLOW 240XT ARGB AIO COOLER,,ID-COOLING SE 226 XT ARGB (LGA 1700 COMPATIBLE),,,,62,text_layer,,
4f3f8ce251354d415efe9e8c7f1b2720c0d95fa2326a3fac15a8270cb385af46,infinity,2025-03,3,ASUS PCE-AX3000 PCI-E WIFI WITH BLUETOOTH,ASUS NETWORKING,,ASUS PCE-AX3000 PCI-E WIFI WITH BLUETOOTH,,,,88,text_layer,,
4f3f8ce251354d415efe9e8c7f1b2720c0d95fa2326a3fac15a8270cb385af46,infinity,2025-03,3,ASUS ROG EYES 1080P 60FPS AI-NOISE,NAS STORAGE,,ASUS ROG EYES 1080P 60FPS AI-NOISE,,,,98,text_layer,,
4f3f8ce251354d415efe9e8c7f1b2720c0d95fa2326a3fac15a8270cb385af46,infinity,2025-03,3,DLINK DPE-301GS GIGABIT SPLITTER,DLINK WIFI NETWORKING,,DLINK DPE-301GS GIGABIT SPLITTER,,,,24,text_layer,,
4f3f8ce251354d415efe9e8c7f1b2720c0d95fa2326a3fac15a8270cb385af46,infinity,2025-03,3,"NZXT KRAKEN 360 RGB (LCD, WHITE) 2023",NZXT KRAKEN X53 RGB (LGA1700/AM5),,"NZXT KRAKEN 360 RGB (LCD, WHITE) 2023",,,,306,text_layer,,
4f3f8ce251354d415efe9e8c7f1b2720c0d95fa2326a3fac15a8270cb385af46,infinity,2025-03,3,ID-COOLING SE 214 XT ARGB WHITE (LGA 1700 COMPATIBLE),ID-COOLING ZOOMFLOW 240XT ARGB AIO COOLER,,ID-COOLING SE 214 XT ARGB WHITE (LGA 1700 COMPATIBLE),,,,23,text_layer,,
4f3f8ce251354d415efe9e8c7f1b2720c0d95fa2326a3fac15a8270cb385af46,infinity,2025-03,3,ASUS PCE-AX58BT AX3000 DUAL BAND PCI-E WI,ASUS NETWORKING,,ASUS PCE-AX58BT AX3000 DUAL BAND PCI-E WI,,,,132,text_layer,,
4f3f8ce251354d415efe9e8c7f1b2720c0d95fa2326a3fac15a8270cb385af46,infinity,2025-03,3,DLINK DPE-301GI/E 1-PORT GIGABIT 80,DLINK WIFI NETWORKING,,DLINK DPE-301GI/E 1-PORT GIGABIT 80,,,,58,text_layer,,
4f3f8ce251354d415efe9e8c7f1b2720c0d95fa2326a3fac15a8270cb385af46,infinity,2025-03,3,ID-COOLING SE 214 XT ARGB BLACK (LGA 1700 COMPATIBLE),AIR CPU COOLER,,ID-COOLING SE 214 XT ARGB BLACK (LGA 1700 COMPATIBLE),,,,23,text_layer,,
4f3f8ce251354d415efe9e8c7f1b2720c0d95fa2326a3fac15a8270cb385af46,infinity,2025-03,3,ASUS USB-AX56 AX1800 USB WIFI,ASUS NETWORKING,,ASUS USB-AX56 AX1800 USB WIFI,,,,256,text_layer,,
4f3f8ce251354d415efe9e8c7f1b2720c0d95fa2326a3fac15a8270cb385af46,infinity,2025-03,3,TP-LINK M7650,RAZER KIYO PRO USB HIGH-PERFORMANCE75,,TP-LINK M7650,,,,213,text_layer,,
4f3f8ce251354d415efe9e8c7f1b2720c0d95fa2326a3fac15a8270cb385af46,infinity,2025-03,3,DLINK DSR-250N 8-PORT GIGABIT LAN,DLINK WIFI NETWORKING,,DLINK DSR-250N 8-PORT GIGABIT LAN,,,,350,text_layer,,
4f3f8ce251354d415efe9e8c7f1b2720c0d95fa2326a3fac15a8270cb385af46,infinity,2025-03,3,NZXT KRAKEN ELITE 360 RGB ( WHITE) 2025,NZXT KRAKEN X53 RGB (LGA1700/AM5),,NZXT KRAKEN ELITE 360 RGB ( WHITE) 2025,,,,385,text_layer,,
4f3f8ce251354d415efe9e8c7f1b2720c0d95fa2326a3fac15a8270cb385af46,infinity,2025-03,3,ID-COOLING SE 207 XT SLIM 220W (AM5/LGA1700),ID-COOLING ZOOMFLOW 240XT ARGB AIO COOLER,,ID-COOLING SE 207 XT SLIM 220W (AM5/LGA1700),,,,54,text_layer,,
4f3f8ce251354d415efe9e8c7f1b2720c0d95fa2326a3fac15a8270cb385af46,infinity,2025-03,3,ASUS RT-AC2600 DUAL BAND,ASK,,ASUS RT-AC2600 DUAL BAND,,,,295,text_layer,,
4f3f8ce251354d415efe9e8c7f1b2720c0d95fa2326a3fac15a8270cb385af46,infinity,2025-03,3,TP-LINK M7450,RAZER KIYO PRO USB HIGH-PERFORMANCE75,,TP-LINK M7450,,,,191,text_layer,,
4f3f8ce251354d415efe9e8c7f1b2720c0d95fa2326a3fac15a8270cb385af46,infinity,2025-03,3,DLINK DMC-300SC/E 10/100BASE-TX (UT,DLINK WIFI NETWORKING,,DLINK DMC-300SC/E 10/100BASE-TX (UT,,,,116,text_layer,,
4f3f8ce251354d415efe9e8c7f1b2720c0d95fa2326a3fac15a8270cb385af46,infinity,2025-03,3,NZXT KRAKEN ELITE 360 RGB (BLACK) 2025,NZXT KRAKEN X53 RGB (LGA1700/AM5),,NZXT KRAKEN ELITE 360 RGB (BLACK) 2025,,,,385,text_layer,,
4f3f8ce251354d415efe9e8c7f1b2720c0d95fa2326a3fac15a8270cb385af46,infinity,2025-03,3,ASUS CT8-ZENWIFI(BLACK 2-PK) AC3000,ASUS NETWORKING,,ASUS CT8-ZENWIFI(BLACK 2-PK) AC3000,,,,470,text_layer,,
4f3f8ce251354d415efe9e8c7f1b2720c0d95fa2326a3fac15a8270cb385af46,infinity,2025-03,3,TP-LINK M7350,NAS STORAGE,,TP-LINK M7350,,,,101,text_layer,,
4f3f8ce251354d415efe9e8c7f1b2720c0d95fa2326a3fac15a8270cb385af46,infinity,2025-03,3,D-LINK WIRELESS POWERLINE DHP-W310AV,DLINK WIFI NETWORKING,,D-LINK WIRELESS POWERLINE DHP-W310AV,,,,54,text_layer,,
4f3f8ce251354d415efe9e8c7f1b2720c0d95fa2326a3fac15a8270cb385af46,infinity,2025-03,3,DARKFLASH DC360 ARGB AIO 360 BLACK,NZXT KRAKEN X53 RGB (LGA1700/AM5),,DARKFLASH DC360 ARGB AIO 360 BLACK,,,,87,text_layer,,
4f3f8ce251354d415efe9e8c7f1b2720c0d95fa2326a3fac15a8270cb385af46,infinity,2025-03,3,ASUS BRT-AC828 AC2600 DUAL-WAN VPN,ASUS NETWORKING,,ASUS BRT-AC828 AC2600 DUAL-WAN VPN,,,,147,text_layer,,
4f3f8ce251354d415efe9e8c7f1b2720c0d95fa2326a3fac15a8270cb385af46,infinity,2025-03,3,TP-LINK M7200,NAS STORAGE,,TP-LINK M7200,,,,62,text_layer,,
4f3f8ce251354d415efe9e8c7f1b2720c0d95fa2326a3fac15a8270cb385af46,infinity,2025-03,3,DARKFLASH DC240 ARGB AIO 240 BLACK (AM5/L6G9A1700) ID-COOLING IS-50X AIR COOLER (LGA 1700 COMPATIBLE),NZXT KRAKEN X53 RGB (LGA1700/AM5),,DARKFLASH DC240 ARGB AIO 240 BLACK (AM5/L6G9A1700) ID-COOLING IS-50X AIR COOLER (LGA 1700 COMPATIBLE),,,,34,text_layer,,
4f3f8ce251354d415efe9e8c7f1b2720c0d95fa2326a3fac15a8270cb385af46,infinity,2025-03,3,ASUS BLUECAVE DUAL BAND ROUTER,ASUS NETWORKING,,ASUS BLUECAVE DUAL BAND ROUTER,,,,172,text_layer,,
4f3f8ce251354d415efe9e8c7f1b2720c0d95fa2326a3fac15a8270cb385af46,infinity,2025-03,3,TP-LINK ARCHER MR600,RAZER KIYO PRO USB HIGH-PERFORMANCE75,,TP-LINK ARCHER MR600,,,,173,text_layer,,
4f3f8ce251354d415efe9e8c7f1b2720c0d95fa2326a3fac15a8270cb385af46,infinity,2025-03,3,DHP-W312AV WIRELESS AC600 EXTENDER,DHP-309AV AV500 POWERLINE ADAPTER STARTE4R8,,DHP-W312AV WIRELESS AC600 EXTENDER,,,,68,text_layer,,
4f3f8ce251354d415efe9e8c7f1b2720c0d95fa2326a3fac15a8270cb385af46,infinity,2025-03,3,ID-COOLING IS-47K AIR COOLER (LGA 1700 COMPATIBLE),AIR CPU COOLER,,ID-COOLING IS-47K AIR COOLER (LGA 1700 COMPATIBLE),,,,49,text_layer,,
4f3f8ce251354d415efe9e8c7f1b2720c0d95fa2326a3fac15a8270cb385af46,infinity,2025-03,3,ASUS RT-AX56U AX1800 DUAL BAND WIFI 6,ASUS NETWORKING,,ASUS RT-AX56U AX1800 DUAL BAND WIFI 6,,,,220,text_layer,,
4f3f8ce251354d415efe9e8c7f1b2720c0d95fa2326a3fac15a8270cb385af46,infinity,2025-03,3,TP-LINK ARCHER MR400,NAS STORAGE,,TP-LINK ARCHER MR400,,,,146,text_layer,,
4f3f8ce251354d415efe9e8c7f1b2720c0d95fa2326a3fac15a8270cb385af46,infinity,2025-03,3,DLINK DUB-H7 7PORT USB2.0 HUB,DHP-309AV AV500 POWERLINE ADAPTER STARTE4R8,,DLINK DUB-H7 7PORT USB2.0 HUB,,,,68,text_layer,,
4f3f8ce251354d415efe9e8c7f1b2720c0d95fa2326a3fac15a8270cb385af46,infinity,2025-03,3,ID-COOLING IS-40X V2 (LGA 1700 COMPATIBLE),AIR CPU COOLER,,ID-COOLING IS-40X V2 (LGA 1700 COMPATIBLE),,,,27,text_layer,,
4f3f8ce251354d415efe9e8c7f1b2720c0d95fa2326a3fac15a8270cb385af46,infinity,2025-03,3,ASUS RT-AX58U AX3000 DUAL BAND WIFI 6,ASK,,ASUS RT-AX58U AX3000 DUAL BAND WIFI 6,,,,325,text_layer,,
4f3f8ce251354d415efe9e8c7f1b2720c0d95fa2326a3fac15a8270cb385af46,infinity,2025-03,3,TP-LINK TL-MR100,RAZER KIYO PRO USB HIGH-PERFORMANCE75,,TP-LINK TL-MR100,,,,94,text_layer,,
4f3f8ce251354d415efe9e8c7f1b2720c0d95fa2326a3fac15a8270cb385af46,infinity,2025-03,3,D-LINK DCS-1130L WIRELESS N NETWORK CAM,DHP-309AV AV500 POWERLINE ADAPTER STARTE4R8,,D-LINK DCS-1130L WIRELESS N NETWORK CAM,,,,48,text_layer,,
4f3f8ce251354d415efe9e8c7f1b2720c0d95fa2326a3fac15a8270cb385af46,infinity,2025-03,3,ARCTIC LIQUID FREEZER III-240 (BLACK),NZXT KRAKEN X53 RGB (LGA1700/AM5),,ARCTIC LIQUID FREEZER III-240 (BLACK),,,,112,text_layer,,
4f3f8ce251354d415efe9e8c7f1b2720c0d95fa2326a3fac15a8270cb385af46,infinity,2025-03,3,ID COOLING SE 224 XTS ARGB WHITE 220W (AM5/LGA1700),ID-COOLING ZOOMFLOW 240XT ARGB AIO COOLER,,ID COOLING SE 224 XTS ARGB WHITE 220W (AM5/LGA1700),,,,38,text_layer,,
4f3f8ce251354d415efe9e8c7f1b2720c0d95fa2326a3fac15a8270cb385af46,infinity,2025-03,3,ASUS RT-AX82U AX5400 DUAL BAND WIFI 6,ASUS NETWORKING,,ASUS RT-AX82U AX5400 DUAL BAND WIFI 6,,,,225,text_layer,,
4f3f8ce251354d415efe9e8c7f1b2720c0d95fa2326a3fac15a8270cb385af46,infinity,2025-03,3,TP-LINK TL-MR6400,NAS STORAGE,,TP-LINK TL-MR6400,,,,118,text_layer,,
4f3f8ce251354d415efe9e8c7f1b2720c0d95fa2326a3fac15a8270cb385af46,infinity,2025-03,3,ARCTIC LIQUID FREEZER III-360 (BLACK),NZXT KRAKEN X53 RGB (LGA1700/AM5),,ARCTIC LIQUID FREEZER III-360 (BLACK),,,,140,text_layer,,
4f3f8ce251354d415efe9e8c7f1b2720c0d95fa2326a3fac15a8270cb385af46,infinity,2025-03,3,ID COOLING SE 224 XTS ARGB 220W (AM5/LGA1700),ID-COOLING ZOOMFLOW 240XT ARGB AIO COOLER,,ID COOLING SE 224 XTS ARGB 220W (AM5/LGA1700),,,,38,text_layer,,
4f3f8ce251354d415efe9e8c7f1b2720c0d95fa2326a3fac15a8270cb385af46,infinity,2025-03,3,ASUS TUF-AX4200 DUAL BAND WIFI 6,ASK,,ASUS TUF-AX4200 DUAL BAND WIFI 6,,,,325,text_layer,,
4f3f8ce251354d415efe9e8c7f1b2720c0d95fa2326a3fac15a8270cb385af46,infinity,2025-03,3,TP-LINK ARCHER MR200,RAZER KIYO PRO USB HIGH-PERFORMANCE75,,TP-LINK ARCHER MR200,,,,129,text_layer,,
4f3f8ce251354d415efe9e8c7f1b2720c0d95fa2326a3fac15a8270cb385af46,infinity,2025-03,3,DECO X95(1-PACK),DHP-309AV AV500 POWERLINE ADAPTER STARTE4R8,,DECO X95(1-PACK),,,,313,text_layer,,
4f3f8ce251354d415efe9e8c7f1b2720c0d95fa2326a3fac15a8270cb385af46,infinity,2025-03,3,ARCTIC LIQUID FREEZER III-420 (BLACK),NZXT KRAKEN X53 RGB (LGA1700/AM5),,ARCTIC LIQUID FREEZER III-420 (BLACK),,,,150,text_layer,,
4f3f8ce251354d415efe9e8c7f1b2720c0d95fa2326a3fac15a8270cb385af46,infinity,2025-03,3,ID COOLING SE 207 XT SLIM SNOW (AM5/LGA1700),ID-COOLING ZOOMFLOW 240XT ARGB AIO COOLER,,ID COOLING SE 207 XT SLIM SNOW (AM5/LGA1700),,,,54,text_layer,,
4f3f8ce251354d415efe9e8c7f1b2720c0d95fa2326a3fac15a8270cb385af46,infinity,2025-03,3,ASUS TUF-AX5400 DUAL BAND WIFI 6,ASK,,ASUS TUF-AX5400 DUAL BAND WIFI 6,,,,338,text_layer,,
4f3f8ce251354d415efe9e8c7f1b2720c0d95fa2326a3fac15a8270cb385af46,infinity,2025-03,3,DECO X95(2-PACK),DHP-309AV AV500 POWERLINE ADAPTER STARTE4R8,,DECO X95(2-PACK),,,,582,text_layer,,
4f3f8ce251354d415efe9e8c7f1b2720c0d95fa2326a3fac15a8270cb385af46,infinity,2025-03,3,ARCTIC LIQUID FREEZER III-240 ARGB (BLACK),NZXT KRAKEN X53 RGB (LGA1700/AM5),,ARCTIC LIQUID FREEZER III-240 ARGB (BLACK),,,,131,text_layer,,
4f3f8ce251354d415efe9e8c7f1b2720c0d95fa2326a3fac15a8270cb385af46,infinity,2025-03,3,ID COOLING SE 206 XT BLACK,AIR CPU COOLER,,ID COOLING SE 206 XT BLACK,,,,54,text_layer,,
4f3f8ce251354d415efe9e8c7f1b2720c0d95fa2326a3fac15a8270cb385af46,infinity,2025-03,3,ASUS TUF-AX6000 DUAL BAND WIFI 6,ASK,,ASUS TUF-AX6000 DUAL BAND WIFI 6,,,,193,text_layer,,
4f3f8ce251354d415efe9e8c7f1b2720c0d95fa2326a3fac15a8270cb385af46,infinity,2025-03,3,TP AV1300 GIGA TL-WPA8631P KIT,RAZER KIYO PRO USB HIGH-PERFORMANCE75,,TP AV1300 GIGA TL-WPA8631P KIT,,,,124,text_layer,,
4f3f8ce251354d415efe9e8c7f1b2720c0d95fa2326a3fac15a8270cb385af46,infinity,2025-03,3,DECO X90(1-PACK),DHP-309AV AV500 POWERLINE ADAPTER STARTE4R8,,DECO X90(1-PACK),,,,284,text_layer,,
4f3f8ce251354d415efe9e8c7f1b2720c0d95fa2326a3fac15a8270cb385af46,infinity,2025-03,3,ARCTIC LIQUID FREEZER III-360 ARGB (BLACK),NZXT KRAKEN X53 RGB (LGA1700/AM5),,ARCTIC LIQUID FREEZER III-360 ARGB (BLACK),,,,150,text_layer,,
4f3f8ce251354d415efe9e8c7f1b2720c0d95fa2326a3fac15a8270cb385af46,infinity,2025-03,3,ID COOLING IS-55 BLACK,AIR CPU COOLER,,ID COOLING IS-55 BLACK,,,,38,text_layer,,
4f3f8ce251354d415efe9e8c7f1b2720c0d95fa2326a3fac15a8270cb385af46,infinity,2025-03,3,ASUS RT-AX57 AX3000 ROUTER,ASK,,ASUS RT-AX57 AX3000 ROUTER,,,,635,text_layer,,
4f3f8ce251354d415efe9e8c7f1b2720c0d95fa2326a3fac15a8270cb385af46,infinity,2025-03,3,TP-LINK AV1300 TL-WPA8631P,RAZER KIYO PRO USB HIGH-PERFORMANCE75,,TP-LINK AV1300 TL-WPA8631P,,,,87,text_layer,,
4f3f8ce251354d415efe9e8c7f1b2720c0d95fa2326a3fac15a8270cb385af46,infinity,2025-03,3,DECO X90(2-PACK),DHP-309AV AV500 POWERLINE ADAPTER STARTE4R8,,DECO X90(2-PACK),,,,550,text_layer,,
4f3f8ce251354d415efe9e8c7f1b2720c0d95fa2326a3fac15a8270cb385af46,infinity,2025-03,3,ARCTIC LIQUID FREEZER III-420 ARGB (BLACK),NZXT KRAKEN X53 RGB (LGA1700/AM5),,ARCTIC LIQUID FREEZER III-420 ARGB (BLACK),,,,159,text_layer,,
4f3f8ce251354d415efe9e8c7f1b2720c0d95fa2326a3fac15a8270cb385af46,infinity,2025-03,3,ID COOLING IS-55 WHITE,AIR CPU COOLER,,ID COOLING IS-55 WHITE,,,,38,text_layer,,
4f3f8ce251354d415efe9e8c7f1b2720c0d95fa2326a3fac15a8270cb385af46,infinity,2025-03,3,ASUS GT-AX11000 2.5G TRIBAND ROUTER,ASK,,ASUS GT-AX11000 2.5G TRIBAND ROUTER,,,,695,text_layer,,
4f3f8ce251354d415efe9e8c7f1b2720c0d95fa2326a3fac15a8270cb385af46,infinity,2025-03,3,TP AV1300 TL-WPA8630P KIT,RAZER KIYO PRO USB HIGH-PERFORMANCE75,,TP AV1300 TL-WPA8630P KIT,,,,104,text_layer,,
4f3f8ce251354d415efe9e8c7f1b2720c0d95fa2326a3fac15a8270cb385af46,infinity,2025-03,3,DECO X80-5G(1-PACK),DHP-309AV AV500 POWERLINE ADAPTER STARTE4R8,,DECO X80-5G(1-PACK),,,,824,text_layer,,
4f3f8ce251354d415efe9e8c7f1b2720c0d95fa2326a3fac15a8270cb385af46,infinity,2025-03,3,ARCTIC LIQUID FREEZER III-240 ARGB (WHITE),NZXT KRAKEN X53 RGB (LGA1700/AM5),,ARCTIC LIQUID FREEZER III-240 ARGB (WHITE),,,,136,text_layer,,
4f3f8ce251354d415efe9e8c7f1b2720c0d95fa2326a3fac15a8270cb385af46,infinity,2025-03,3,ID COOLING IS-55 ARGB BLACK,AIR CPU COOLER,,ID COOLING IS-55 ARGB BLACK,,,,49,text_layer,,
4f3f8ce251354d415efe9e8c7f1b2720c0d95fa2326a3fac15a8270cb385af46,infinity,2025-03,3,ASUS GT-AX11000 PRO 2.5G TRIBAND ROUTER,ASK,,ASUS GT-AX11000 PRO 2.5G TRIBAND ROUTER,,,,365,text_layer,,
4f3f8ce251354d415efe9e8c7f1b2720c0d95fa2326a3fac15a8270cb385af46,infinity,2025-03,3,TP AV1300 3-PORT TL-WPA8630P,RAZER KIYO PRO USB HIGH-PERFORMANCE75,,TP AV1300 3-PORT TL-WPA8630P,,,,79,text_layer,,
4f3f8ce251354d415efe9e8c7f1b2720c0d95fa2326a3fac15a8270cb385af46,infinity,2025-03,3,DECO X75(1-PACK),DHP-309AV AV500 POWERLINE ADAPTER STARTE4R8,,DECO X75(1-PACK),,,,225,text_layer,,
4f3f8ce251354d415efe9e8c7f1b2720c0d95fa2326a3fac15a8270cb385af46,infinity,2025-03,3,ARCTIC LIQUID FREEZER III-360 ARGB (WHITE),NZXT KRAKEN X53 RGB (LGA1700/AM5),,ARCTIC LIQUID FREEZER III-360 ARGB (WHITE),,,,165,text_layer,,
4f3f8ce251354d415efe9e8c7f1b2720c0d95fa2326a3fac15a8270cb385af46,infinity,2025-03,3,ID COOLING IS-55 ARGB WHITE,AIR CPU COOLER,,ID COOLING IS-55 ARGB WHITE,,,,39,text_layer,,
4f3f8ce251354d415efe9e8c7f1b2720c0d95fa2326a3fac15a8270cb385af46,infinity,2025-03,3,ASUS RT-AX92U (1-PK) AX6100 WIFI6,ASK,,ASUS RT-AX92U (1-PK) AX6100 WIFI6,,,,640,text_layer,,
4f3f8ce251354d415efe9e8c7f1b2720c0d95fa2326a3fac15a8270cb385af46,infinity,2025-03,3,TP AV1000 AC750 TL-WPA7510 KIT,RAZER KIYO PRO USB HIGH-PERFORMANCE75,,TP AV1000 AC750 TL-WPA7510 KIT,,,,62,text_layer,,
4f3f8ce251354d415efe9e8c7f1b2720c0d95fa2326a3fac15a8270cb385af46,infinity,2025-03,3,DECO X75(2-PACK),DHP-309AV AV500 POWERLINE ADAPTER STARTE4R8,,DECO X75(2-PACK),,,,420,text_layer,,
4f3f8ce251354d415efe9e8c7f1b2720c0d95fa2326a3fac15a8270cb385af46,infinity,2025-03,3,ARCTIC LIQUID FREEZER III-420 ARGB (WHITE),NZXT KRAKEN X53 RGB (LGA1700/AM5),,ARCTIC LIQUID FREEZER III-420 ARGB (WHITE),,,,208,text_layer,,
4f3f8ce251354d415efe9e8c7f1b2720c0d95fa2326a3fac15a8270cb385af46,infinity,2025-03,3,ID-COOLING SE-914-XT BASIC V2,AIR CPU COOLER,,ID-COOLING SE-914-XT BASIC V2,,,,27,text_layer,,
4f3f8ce251354d415efe9e8c7f1b2720c0d95fa2326a3fac15a8270cb385af46,infinity,2025-03,3,ASUS RT-AX92U (2-PK) AX6100 WIFI6,ASK,,ASUS RT-AX92U (2-PK) AX6100 WIFI6,,,,640,text_layer,,
4f3f8ce251354d415efe9e8c7f1b2720c0d95fa2326a3fac15a8270cb385af46,infinity,2025-03,3,TP AV1000 TL-WPA7517 KIT,RAZER KIYO PRO USB HIGH-PERFORMANCE75,,TP AV1000 TL-WPA7517 KIT,,,,86,text_layer,,
4f3f8ce251354d415efe9e8c7f1b2720c0d95fa2326a3fac15a8270cb385af46,infinity,2025-03,3,DECO X75(3-PACK),DHP-309AV AV500 POWERLINE ADAPTER STARTE4R8,,DECO X75(3-PACK),,,,590,text_layer,,
4f3f8ce251354d415efe9e8c7f1b2720c0d95fa2326a3fac15a8270cb385af46,infinity,2025-03,3,TECWARE ECLIPSE 240 ARGB LCD AIO - BLACK,NZXT KRAKEN X53 RGB (LGA1700/AM5),,TECWARE ECLIPSE 240 ARGB LCD AIO - BLACK,,,,148,text_layer,,
4f3f8ce251354d415efe9e8c7f1b2720c0d95fa2326a3fac15a8270cb385af46,infinity,2025-03,3,ID COOLING SE 914 XT ARGB V2 AIR COOLER,AIR CPU COOLER,,ID COOLING SE 914 XT ARGB V2 AIR COOLER,,,,36,text_layer,,
4f3f8ce251354d415efe9e8c7f1b2720c0d95fa2326a3fac15a8270cb385af46,infinity,2025-03,3,ASUS GT-AX6000 WIFI6 ROUTER,ASK,,ASUS GT-AX6000 WIFI6 ROUTER,,,,302,text_layer,,
4f3f8ce251354d415efe9e8c7f1b2720c0d95fa2326a3fac15a8270cb385af46,infinity,2025-03,3,TP AV600 300MBPS TL-WPA4220KIT,RAZER KIYO PRO USB HIGH-PERFORMANCE75,,TP AV600 300MBPS TL-WPA4220KIT,,,,70,text_layer,,
4f3f8ce251354d415efe9e8c7f1b2720c0d95fa2326a3fac15a8270cb385af46,infinity,2025-03,3,DECO X68(3-PACK),DHP-309AV AV500 POWERLINE ADAPTER STARTE4R8,,DECO X68(3-PACK),,,,495,text_layer,,
4f3f8ce251354d415efe9e8c7f1b2720c0d95fa2326a3fac15a8270cb385af46,infinity,2025-03,3,TECWARE ECLIPSE 240 ARGB LCD AIO - WHITE,NZXT KRAKEN X53 RGB (LGA1700/AM5),,TECWARE ECLIPSE 240 ARGB LCD AIO - WHITE,,,,148,text_layer,,
4f3f8ce251354d415efe9e8c7f1b2720c0d95fa2326a3fac15a8270cb385af46,infinity,2025-03,3,NZXT T120 - BLACK/WHITE,AIR CPU COOLER,,NZXT T120 - BLACK/WHITE,,,,38,text_layer,,
4f3f8ce251354d415efe9e8c7f1b2720c0d95fa2326a3fac15a8270cb385af46,infinity,2025-03,3,ASUS XD4 (BLACK-2-PK) AX1800,ASK,,ASUS XD4 (BLACK-2-PK) AX1800,,,,263,text_layer,,
4f3f8ce251354d415efe9e8c7f1b2720c0d95fa2326a3fac15a8270cb385af46,infinity,2025-03,3,TP AV600 RANGE EXT TL-WPA4220,RAZER KIYO PRO USB HIGH-PERFORMANCE75,,TP AV600 RANGE EXT TL-WPA4220,,,,57,text_layer,,
4f3f8ce251354d415efe9e8c7f1b2720c0d95fa2326a3fac15a8270cb385af46,infinity,2025-03,3,DECO X68(2PACK),DHP-309AV AV500 POWERLINE ADAPTER STARTE4R8,,DECO X68(2PACK),,,,346,text_layer,,
4f3f8ce251354d415efe9e8c7f1b2720c0d95fa2326a3fac15a8270cb385af46,infinity,2025-03,3,TECWARE ECLIPSE 360 ARGB LCD AIO - BLACK,NZXT KRAKEN X53 RGB (LGA1700/AM5),,TECWARE ECLIPSE 360 ARGB LCD AIO - BLACK,,,,188,text_layer,,
4f3f8ce251354d415efe9e8c7f1b2720c0d95fa2326a3fac15a8270cb385af46,infinity,2025-03,3,NZXT T120 RGB - BLACK/WHITE,AIR CPU COOLER,,NZXT T120 RGB - BLACK/WHITE,,,,44,text_layer,,
4f3f8ce251354d415efe9e8c7f1b2720c0d95fa2326a3fac15a8270cb385af46,infinity,2025-03,3,ASUS XD6 (WHITE-1-PK) AX5400 MINI DUAL,ASK,,ASUS XD6 (WHITE-1-PK) AX5400 MINI DUAL,,,,483,text_layer,,
4f3f8ce251354d415efe9e8c7f1b2720c0d95fa2326a3fac15a8270cb385af46,infinity,2025-03,3,TP AV2000 PASS TH TL-PA9020P KIT,RAZER KIYO PRO USB HIGH-PERFORMANCE75,,TP AV2000 PASS TH TL-PA9020P KIT,,,,96,text_layer,,
4f3f8ce251354d415efe9e8c7f1b2720c0d95fa2326a3fac15a8270cb385af46,infinity,2025-03,3,DECO X60(3-PACK),DHP-309AV AV500 POWERLINE ADAPTER STARTE4R8,,DECO X60(3-PACK),,,,504,text_layer,,
4f3f8ce251354d415efe9e8c7f1b2720c0d95fa2326a3fac15a8270cb385af46,infinity,2025-03,3,TECWARE ECLIPSE 360 ARGB LCD AIO - WHITE,NZXT KRAKEN X53 RGB (LGA1700/AM5),,TECWARE ECLIPSE 360 ARGB LCD AIO - WHITE,,,,188,text_layer,,
4f3f8ce251354d415efe9e8c7f1b2720c0d95fa2326a3fac15a8270cb385af46,infinity,2025-03,3,SCYTHE NINJA 5,AIR CPU COOLER,,SCYTHE NINJA 5,,,,68,text_layer,,
4f3f8ce251354d415efe9e8c7f1b2720c0d95fa2326a3fac15a8270cb385af46,infinity,2025-03,3,ASUS XD6 (WHITE-2-PK) AX5400 MINI DUAL,ASK,,ASUS XD6 (WHITE-2-PK) AX5400 MINI DUAL,,,,392,text_layer,,
4f3f8ce251354d415efe9e8c7f1b2720c0d95fa2326a3fac15a8270cb385af46,infinity,2025-03,3,TP AV1000 STARTER TL-PA7017P KIT,RAZER KIYO PRO USB HIGH-PERFORMANCE75,,TP AV1000 STARTER TL-PA7017P KIT,,,,64,text_layer,,
4f3f8ce251354d415efe9e8c7f1b2720c0d95fa2326a3fac15a8270cb385af46,infinity,2025-03,3,DECO X60(2-PACK),DHP-309AV AV500 POWERLINE ADAPTER STARTE4R8,,DECO X60(2-PACK),,,,365,text_layer,,
4f3f8ce251354d415efe9e8c7f1b2720c0d95fa2326a3fac15a8270cb385af46,infinity,2025-03,3,TECWARE MIRAGE 120 BLACK ARGB,NZXT KRAKEN X53 RGB (LGA1700/AM5),,TECWARE MIRAGE 120 BLACK ARGB,,,,48,text_layer,,
4f3f8ce251354d415efe9e8c7f1b2720c0d95fa2326a3fac15a8270cb385af46,infinity,2025-03,3,SCYTHE MUGEN 6,ID-COOLING ZOOMFLOW 240XT ARGB AIO COOLER,,SCYTHE MUGEN 6,,,,55,text_layer,,
4f3f8ce251354d415efe9e8c7f1b2720c0d95fa2326a3fac15a8270cb385af46,infinity,2025-03,3,ASUS XT8-ZENWIFI (BLACK 1-PK) AX6600,ASK,,ASUS XT8-ZENWIFI (BLACK 1-PK) AX6600,,,,684,text_layer,,
4f3f8ce251354d415efe9e8c7f1b2720c0d95fa2326a3fac15a8270cb385af46,infinity,2025-03,3,TP-LINK AV1000 TL-PA7017 KIT,RAZER KIYO PRO USB HIGH-PERFORMANCE75,,TP-LINK AV1000 TL-PA7017 KIT,,,,62,text_layer,,
4f3f8ce251354d415efe9e8c7f1b2720c0d95fa2326a3fac15a8270cb385af46,infinity,2025-03,3,DECO X60(1-PACK),DHP-309AV AV500 POWERLINE ADAPTER STARTE4R8,,DECO X60(1-PACK),,,,200,text_layer,,
4f3f8ce251354d415efe9e8c7f1b2720c0d95fa2326a3fac15a8270cb385af46,infinity,2025-03,3,TECWARE MIRAGE 120 WHITE ARGB,NZXT KRAKEN X53 RGB (LGA1700/AM5),,TECWARE MIRAGE 120 WHITE ARGB,,,,48,text_layer,,
4f3f8ce251354d415efe9e8c7f1b2720c0d95fa2326a3fac15a8270cb385af46,infinity,2025-03,3,ASUS XT8-ZENWIFI (BLACK 2-PK) AX6600,ASK,,ASUS XT8-ZENWIFI (BLACK 2-PK) AX6600,,,,684,text_layer,,
4f3f8ce251354d415efe9e8c7f1b2720c0d95fa2326a3fac15a8270cb385af46,infinity,2025-03,3,TP AV600 PASS THRU TL-PA4010PKIT,RAZER KIYO PRO USB HIGH-PERFORMANCE75,,TP AV600 PASS THRU TL-PA4010PKIT,,,,53,text_layer,,
4f3f8ce251354d415efe9e8c7f1b2720c0d95fa2326a3fac15a8270cb385af46,infinity,2025-03,3,DECO X50(3-PACK),DHP-309AV AV500 POWERLINE ADAPTER STARTE4R8,,DECO X50(3-PACK),,,,374,text_layer,,
4f3f8ce251354d415efe9e8c7f1b2720c0d95fa2326a3fac15a8270cb385af46,infinity,2025-03,3,TECWARE MIRAGE 240 BLACK ARGB,NZXT KRAKEN X53 RGB (LGA1700/AM5),,TECWARE MIRAGE 240 BLACK ARGB,,,,81,text_layer,,
4f3f8ce251354d415efe9e8c7f1b2720c0d95fa2326a3fac15a8270cb385af46,infinity,2025-03,3,TP-LIINK AX3000 WIFI RE705X,ID-COOLING ZOOMFLOW 240XT ARGB AIO COOLER,,TP-LIINK AX3000 WIFI RE705X,,,,108,text_layer,,
4f3f8ce251354d415efe9e8c7f1b2720c0d95fa2326a3fac15a8270cb385af46,infinity,2025-03,3,ASUS XT12(1-PK) ZENWIFI AX11000 TRI-BAND,ASK,,ASUS XT12(1-PK) ZENWIFI AX11000 TRI-BAND,,,,1188,text_layer,,
4f3f8ce251354d415efe9e8c7f1b2720c0d95fa2326a3fac15a8270cb385af46,infinity,2025-03,3,TP-LINK AV600 TL-PA4010KIT,RAZER KIYO PRO USB HIGH-PERFORMANCE75,,TP-LINK AV600 TL-PA4010KIT,,,,49,text_layer,,
4f3f8ce251354d415efe9e8c7f1b2720c0d95fa2326a3fac15a8270cb385af46,infinity,2025-03,3,DECO X50(2-PACK),DHP-309AV AV500 POWERLINE ADAPTER STARTE4R8,,DECO X50(2-PACK),,,,285,text_layer,,
4f3f8ce251354d415efe9e8c7f1b2720c0d95fa2326a3fac15a8270cb385af46,infinity,2025-03,3,TP-LIINK AX1800 WIFI RE605X,ID-COOLING ZOOMFLOW 240XT ARGB AIO COOLER,,TP-LIINK AX1800 WIFI RE605X,,,,92,text_layer,,
4f3f8ce251354d415efe9e8c7f1b2720c0d95fa2326a3fac15a8270cb385af46,infinity,2025-03,3,ASUS XT12(2-PK) ZENWIFI AX11000 TRI-BAND,ASK,,ASUS XT12(2-PK) ZENWIFI AX11000 TRI-BAND,,,,945,text_layer,,
4f3f8ce251354d415efe9e8c7f1b2720c0d95fa2326a3fac15a8270cb385af46,infinity,2025-03,3,DECO X50(1-PACK),DHP-309AV AV500 POWERLINE ADAPTER STARTE4R8,,DECO X50(1-PACK),,,,159,text_layer,,
4f3f8ce251354d415efe9e8c7f1b2720c0d95fa2326a3fac15a8270cb385af46,infinity,2025-03,3,TECWARE MIRAGE 360 BLACK ARGB,TECWARE MIRAGE 240 WHITE ARGB,,TECWARE MIRAGE 360 BLACK ARGB,,,,85,text_layer,,
4f3f8ce251354d415efe9e8c7f1b2720c0d95fa2326a3fac15a8270cb385af46,infinity,2025-03,3,TP-LIINK AX1500 WIFI RE505X,ID-COOLING ZOOMFLOW 240XT ARGB AIO COOLER,,TP-LIINK AX1500 WIFI RE505X,,,,79,text_layer,,
4f3f8ce251354d415efe9e8c7f1b2720c0d95fa2326a3fac15a8270cb385af46,infinity,2025-03,3,ASUS GT6 ROG MESH ROUTER AX11000,ASK,,ASUS GT6 ROG MESH ROUTER AX11000,,,,290,text_layer,,
4f3f8ce251354d415efe9e8c7f1b2720c0d95fa2326a3fac15a8270cb385af46,infinity,2025-03,3,CANON LIDE 300 FLATBED SCANNER,RAZER KIYO PRO USB HIGH-PERFORMANCE75,,CANON LIDE 300 FLATBED SCANNER,,,,145,text_layer,,
4f3f8ce251354d415efe9e8c7f1b2720c0d95fa2326a3fac15a8270cb385af46,infinity,2025-03,3,DECO X50-4G(1-PACK),DHP-309AV AV500 POWERLINE ADAPTER STARTE4R8,,DECO X50-4G(1-PACK),,,,260,text_layer,,
4f3f8ce251354d415efe9e8c7f1b2720c0d95fa2326a3fac15a8270cb385af46,infinity,2025-03,3,TECWARE MIRAGE 360 WHITE ARGB,TECWARE MIRAGE 240 WHITE ARGB,,TECWARE MIRAGE 360 WHITE ARGB,,,,85,text_layer,,
4f3f8ce251354d415efe9e8c7f1b2720c0d95fa2326a3fac15a8270cb385af46,infinity,2025-03,3,TP AC2600 WALL PLUG WIFI RE650,ID-COOLING ZOOMFLOW 240XT ARGB AIO COOLER,,TP AC2600 WALL PLUG WIFI RE650,,,,82,text_layer,,
4f3f8ce251354d415efe9e8c7f1b2720c0d95fa2326a3fac15a8270cb385af46,infinity,2025-03,3,ASUS 4G-AX56 AX1800 DUAL-BAND LTE WI-F,ASK,,ASUS 4G-AX56 AX1800 DUAL-BAND LTE WI-F,,,,68,text_layer,,
4f3f8ce251354d415efe9e8c7f1b2720c0d95fa2326a3fac15a8270cb385af46,infinity,2025-03,3,CANON LIDE 400 FLAT BED SCANNER,RAZER KIYO PRO USB HIGH-PERFORMANCE75,,CANON LIDE 400 FLAT BED SCANNER,,,,185,text_layer,,
4f3f8ce251354d415efe9e8c7f1b2720c0d95fa2326a3fac15a8270cb385af46,infinity,2025-03,3,DECO PX50(3-PACK),DHP-309AV AV500 POWERLINE ADAPTER STARTE4R8,,DECO PX50(3-PACK),,,,421,text_layer,,
4f3f8ce251354d415efe9e8c7f1b2720c0d95fa2326a3fac15a8270cb385af46,infinity,2025-03,3,BE QUIET! SILENT LOOP 2 240 ARGB,TECWARE MIRAGE 240 WHITE ARGB,,BE QUIET! SILENT LOOP 2 240 ARGB,,,,183,text_layer,,
4f3f8ce251354d415efe9e8c7f1b2720c0d95fa2326a3fac15a8270cb385af46,infinity,2025-03,3,TP AC1900 WALL PLUG WIFI RE550,ID-COOLING ZOOMFLOW 240XT ARGB AIO COOLER,,TP AC1900 WALL PLUG WIFI RE550,,,,82,text_layer,,
4f3f8ce251354d415efe9e8c7f1b2720c0d95fa2326a3fac15a8270cb385af46,infinity,2025-03,3,ASUS USB-AX55 NANO WIFI 6 USB ADAP,ASK,,ASUS USB-AX55 NANO WIFI 6 USB ADAP,,,,141,text_layer,,
4f3f8ce251354d415efe9e8c7f1b2720c0d95fa2326a3fac15a8270cb385af46,infinity,2025-03,3,DECO PX50(2-PACK),DHP-309AV AV500 POWERLINE ADAPTER STARTE4R8,,DECO PX50(2-PACK),,,,310,text_layer,,
4f3f8ce251354d415efe9e8c7f1b2720c0d95fa2326a3fac15a8270cb385af46,infinity,2025-03,3,BE QUIET! SILENT LOOP 2 280 ARGB,TECWARE MIRAGE 240 WHITE ARGB,,BE QUIET! SILENT LOOP 2 280 ARGB,,,,196,text_layer,,
4f3f8ce251354d415efe9e8c7f1b2720c0d95fa2326a3fac15a8270cb385af46,infinity,2025-03,3,TP AC1750 WALL PLUG WIFI RE450,ID-COOLING ZOOMFLOW 240XT ARGB AIO COOLER,,TP AC1750 WALL PLUG WIFI RE450,,,,65,text_layer,,
4f3f8ce251354d415efe9e8c7f1b2720c0d95fa2326a3fac15a8270cb385af46,infinity,2025-03,3,ASUS XG-C100C RJ-45 FOR 1 X 10GBPS MBPS,ASK,,ASUS XG-C100C RJ-45 FOR 1 X 10GBPS MBPS,,,,227,text_layer,,
4f3f8ce251354d415efe9e8c7f1b2720c0d95fa2326a3fac15a8270cb385af46,infinity,2025-03,3,FUJITSU IX1600 BLACK ADF SCANNER,EPSON PERFECTION V90 II FLATBED SCANNER,,FUJITSU IX1600 BLACK ADF SCANNER,,,,795,text_layer,,
4f3f8ce251354d415efe9e8c7f1b2720c0d95fa2326a3fac15a8270cb385af46,infinity,2025-03,3,DECO X50-POE(3-PACK),DHP-309AV AV500 POWERLINE ADAPTER STARTE4R8,,DECO X50-POE(3-PACK),,,,404,text_layer,,
4f3f8ce251354d415efe9e8c7f1b2720c0d95fa2326a3fac15a8270cb385af46,infinity,2025-03,3,BE QUIET! SILENT LOOP 2 360 ARGB,TECWARE MIRAGE 240 WHITE ARGB,,BE QUIET! SILENT LOOP 2 360 ARGB,,,,222,text_layer,,
4f3f8ce251354d415efe9e8c7f1b2720c0d95fa2326a3fac15a8270cb385af46,infinity,2025-03,3,TP AC1200 WALL PLUG RE305,ID-COOLING ZOOMFLOW 240XT ARGB AIO COOLER,,TP AC1200 WALL PLUG RE305,,,,53,text_layer,,
4f3f8ce251354d415efe9e8c7f1b2720c0d95fa2326a3fac15a8270cb385af46,infinity,2025-03,3,ASUS ASW205T 5 PORT 2.5GBE SWITCH,ASK,,ASUS ASW205T 5 PORT 2.5GBE SWITCH,,,,304,text_layer,,
4f3f8ce251354d415efe9e8c7f1b2720c0d95fa2326a3fac15a8270cb385af46,infinity,2025-03,3,FUJITSU IX1300 BLACK ADF SCANNER,EPSON PERFECTION V90 II FLATBED SCANNER,,FUJITSU IX1300 BLACK ADF SCANNER,,,,545,text_layer,,
4f3f8ce251354d415efe9e8c7f1b2720c0d95fa2326a3fac15a8270cb385af46,infinity,2025-03,3,DECO X50-OUTDOOR(1-PACK),DHP-309AV AV500 POWERLINE ADAPTER STARTE4R8,,DECO X50-OUTDOOR(1-PACK),,,,172,text_layer,,
4f3f8ce251354d415efe9e8c7f1b2720c0d95fa2326a3fac15a8270cb385af46,infinity,2025-03,3,BE QUIET! PURE LOOP 360,TECWARE MIRAGE 240 WHITE ARGB,,BE QUIET! PURE LOOP 360,,,,170,text_layer,,
4f3f8ce251354d415efe9e8c7f1b2720c0d95fa2326a3fac15a8270cb385af46,infinity,2025-03,3,TP-LINK AC1200 WI-FI RE330,ID-COOLING ZOOMFLOW 240XT ARGB AIO COOLER,,TP-LINK AC1200 WI-FI RE330,,,,45,text_layer,,
4f3f8ce251354d415efe9e8c7f1b2720c0d95fa2326a3fac15a8270cb385af46,infinity,2025-03,3,ASUS XG-U2008 ASUS 10 PORT UNMANAGED S,ASK,,ASUS XG-U2008 ASUS 10 PORT UNMANAGED S,,,,125,text_layer,,
4f3f8ce251354d415efe9e8c7f1b2720c0d95fa2326a3fac15a8270cb385af46,infinity,2025-03,3,MOTOROLA ZEBRA LS2208 SCANNER,EPSON PERFECTION V90 II FLATBED SCANNER,,MOTOROLA ZEBRA LS2208 SCANNER,,,,140,text_layer,,
4f3f8ce251354d415efe9e8c7f1b2720c0d95fa2326a3fac15a8270cb385af46,infinity,2025-03,3,DECO X20(3-PACK),DHP-309AV AV500 POWERLINE ADAPTER STARTE4R8,,DECO X20(3-PACK),,,,291,text_layer,,
4f3f8ce251354d415efe9e8c7f1b2720c0d95fa2326a3fac15a8270cb385af46,infinity,2025-03,3,BE QUIET! PURE LOOP 2 FX 360,TECWARE MIRAGE 240 WHITE ARGB,,BE QUIET! PURE LOOP 2 FX 360,,,,177,text_layer,,
4f3f8ce251354d415efe9e8c7f1b2720c0d95fa2326a3fac15a8270cb385af46,infinity,2025-03,3,TP-LINK AC1200 MESH WIFI RE300,ID-COOLING ZOOMFLOW 240XT ARGB AIO COOLER,,TP-LINK AC1200 MESH WIFI RE300,,,,45,text_layer,,
4f3f8ce251354d415efe9e8c7f1b2720c0d95fa2326a3fac15a8270cb385af46,infinity,2025-03,3,MOTOROLA ZEBRA DS2208 SCANNER,EPSON PERFECTION V90 II FLATBED SCANNER,,MOTOROLA ZEBRA DS2208 SCANNER,,,,150,text_layer,,
4f3f8ce251354d415efe9e8c7f1b2720c0d95fa2326a3fac15a8270cb385af46,infinity,2025-03,3,DECO X20(1-PACK),DHP-309AV AV500 POWERLINE ADAPTER STARTE4R8,,DECO X20(1-PACK),,,,132,text_layer,,
4f3f8ce251354d415efe9e8c7f1b2720c0d95fa2326a3fac15a8270cb385af46,infinity,2025-03,3,BE QUIET! PURE LOOP 2 FX 280MM,TECWARE MIRAGE 240 WHITE ARGB,,BE QUIET! PURE LOOP 2 FX 280MM,,,,158,text_layer,,
4f3f8ce251354d415efe9e8c7f1b2720c0d95fa2326a3fac15a8270cb385af46,infinity,2025-03,3,TP 3000MBPS WIFI TL-WA860RE,ID-COOLING ZOOMFLOW 240XT ARGB AIO COOLER,,TP 3000MBPS WIFI TL-WA860RE,,,,30,text_layer,,
4f3f8ce251354d415efe9e8c7f1b2720c0d95fa2326a3fac15a8270cb385af46,infinity,2025-03,3,BROTHER DRUM DR-2255 DRUM UNIT,EPSON PERFECTION V90 II FLATBED SCANNER,,BROTHER DRUM DR-2255 DRUM UNIT,,,,98,text_layer,,
4f3f8ce251354d415efe9e8c7f1b2720c0d95fa2326a3fac15a8270cb385af46,infinity,2025-03,3,DECO X20-4G(1-PACK),DHP-309AV AV500 POWERLINE ADAPTER STARTE4R8,,DECO X20-4G(1-PACK),,,,226,text_layer,,
4f3f8ce251354d415efe9e8c7f1b2720c0d95fa2326a3fac15a8270cb385af46,infinity,2025-03,3,BE QUIET! PURE LOOP 2 FX 240,TECWARE MIRAGE 240 WHITE ARGB,,BE QUIET! PURE LOOP 2 FX 240,,,,141,text_layer,,
4f3f8ce251354d415efe9e8c7f1b2720c0d95fa2326a3fac15a8270cb385af46,infinity,2025-03,3,BROTHER HL-1110 MONO LASER PRINTER,EPSON PERFECTION V90 II FLATBED SCANNER,,BROTHER HL-1110 MONO LASER PRINTER,,,,96,text_layer,,
4f3f8ce251354d415efe9e8c7f1b2720c0d95fa2326a3fac15a8270cb385af46,infinity,2025-03,3,DECO VOICE X20(2-PACK),DHP-309AV AV500 POWERLINE ADAPTER STARTE4R8,,DECO VOICE X20(2-PACK),,,,284,text_layer,,
